rayon,week_start,week_end,building_type,damaged_buildings
Bohodukhivskyi,2026-07-27,2026-08-02,"Education facility (school, etc.)",1
Bohodukhivskyi,2026-07-27,2026-08-02,Electricity supply system,2
Bohodukhivskyi,2026-07-27,2026-08-02,Energy Infrastructure (unknown type),1
Bohodukhivskyi,2026-07-27,2026-08-02,Industrial/Business/Enterprise facilities,3
Bohodukhivskyi,2026-07-27,2026-08-02,Other,2
Bohodukhivskyi,2026-07-27,2026-08-02,Total,9
Chuhuivskyi,2026-07-27,2026-08-02,Electricity supply system,1
Chuhuivskyi,2026-07-27,2026-08-02,Fuel depot,1
Chuhuivskyi,2026-07-27,2026-08-02,Other,1
Chuhuivskyi,2026-07-27,2026-08-02,Total,3
Dniprovskyi,2026-07-27,2026-08-02,"Education facility (school, etc.)",1
Dniprovskyi,2026-07-27,2026-08-02,Government facilities,2
Dniprovskyi,2026-07-27,2026-08-02,Industrial/Business/Enterprise facilities,2
Dniprovskyi,2026-07-27,2026-08-02,Total,5
Ivano-Frankivskyi,2026-07-27,2026-08-02,Industrial/Business/Enterprise facilities,1
Ivano-Frankivskyi,2026-07-27,2026-08-02,Total,1
Iziumskyi,2026-07-27,2026-08-02,"Education facility (school, etc.)",1
Iziumskyi,2026-07-27,2026-08-02,Government facilities,3
Iziumskyi,2026-07-27,2026-08-02,"Health facility (hospital, health clinic)",1
Iziumskyi,2026-07-27,2026-08-02,Industrial/Business/Enterprise facilities,1
Iziumskyi,2026-07-27,2026-08-02,Total,6
Kharkivskyi,2026-07-27,2026-08-02,Electricity supply system,3
Kharkivskyi,2026-07-27,2026-08-02,Fuel depot,1
Kharkivskyi,2026-07-27,2026-08-02,Gas supply system,1
Kharkivskyi,2026-07-27,2026-08-02,Industrial/Business/Enterprise facilities,6
Kharkivskyi,2026-07-27,2026-08-02,Other,1
Kharkivskyi,2026-07-27,2026-08-02,Total,14
Kharkivskyi,2026-07-27,2026-08-02,Warehouse,2
Khersonskyi,2026-07-27,2026-08-02,"Cultural facilities (museum, theater etc.)",1
Khersonskyi,2026-07-27,2026-08-02,"Education facility (school, etc.)",1
Khersonskyi,2026-07-27,2026-08-02,Electricity supply system,1
Khersonskyi,2026-07-27,2026-08-02,Fuel depot,1
Khersonskyi,2026-07-27,2026-08-02,Gas supply system,2
Khersonskyi,2026-07-27,2026-08-02,Government facilities,3
Khersonskyi,2026-07-27,2026-08-02,"Health facility (hospital, health clinic)",2
Khersonskyi,2026-07-27,2026-08-02,Industrial/Business/Enterprise facilities,7
Khersonskyi,2026-07-27,2026-08-02,Other,1
Khersonskyi,2026-07-27,2026-08-02,Telecommunications,2
Khersonskyi,2026-07-27,2026-08-02,Total,21
Korostenskyi,2026-07-27,2026-08-02,Agricultural facilities,1
Korostenskyi,2026-07-27,2026-08-02,"Education facility (school, etc.)",2
Korostenskyi,2026-07-27,2026-08-02,Industrial/Business/Enterprise facilities,1
Korostenskyi,2026-07-27,2026-08-02,Total,4
Kramatorskyi,2026-07-27,2026-08-02,"Education facility (school, etc.)",4
Kramatorskyi,2026-07-27,2026-08-02,Fuel depot,1
Kramatorskyi,2026-07-27,2026-08-02,Government facilities,1
Kramatorskyi,2026-07-27,2026-08-02,Industrial/Business/Enterprise facilities,10
Kramatorskyi,2026-07-27,2026-08-02,Total,19
Kramatorskyi,2026-07-27,2026-08-02,Warehouse,3
Kryvorizkyi,2026-07-27,2026-08-02,Government facilities,1
Kryvorizkyi,2026-07-27,2026-08-02,Total,1
Kupianskyi,2026-07-27,2026-08-02,Industrial/Business/Enterprise facilities,1
Kupianskyi,2026-07-27,2026-08-02,Total,1
Kyiv,2026-07-27,2026-08-02,Industrial/Business/Enterprise facilities,2
Kyiv,2026-07-27,2026-08-02,Other,2
Kyiv,2026-07-27,2026-08-02,Total,5
Kyiv,2026-07-27,2026-08-02,Warehouse,1
Lozivskyi,2026-07-27,2026-08-02,Other,1
Lozivskyi,2026-07-27,2026-08-02,Total,2
Lozivskyi,2026-07-27,2026-08-02,Warehouse,1
Lubenskyi,2026-07-27,2026-08-02,Other,1
Lubenskyi,2026-07-27,2026-08-02,Road / Highway,1
Lubenskyi,2026-07-27,2026-08-02,Total,2
Lvivskyi,2026-07-27,2026-08-02,"Education facility (school, etc.)",4
Lvivskyi,2026-07-27,2026-08-02,Total,4
Myrhorodskyi,2026-07-27,2026-08-02,Industrial/Business/Enterprise facilities,1
Myrhorodskyi,2026-07-27,2026-08-02,Total,1
Nikopolskyi,2026-07-27,2026-08-02,"Health facility (hospital, health clinic)",1
Nikopolskyi,2026-07-27,2026-08-02,Industrial/Business/Enterprise facilities,4
Nikopolskyi,2026-07-27,2026-08-02,Total,5
Odeskyi,2026-07-27,2026-08-02,"Education facility (school, etc.)",1
Odeskyi,2026-07-27,2026-08-02,"Health facility (hospital, health clinic)",1
Odeskyi,2026-07-27,2026-08-02,Total,2
Oleksandriiskyi,2026-07-27,2026-08-02,"Education facility (school, etc.)",1
Oleksandriiskyi,2026-07-27,2026-08-02,Total,1
Pavlohradskyi,2026-07-27,2026-08-02,Agricultural facilities,1
Pavlohradskyi,2026-07-27,2026-08-02,Industrial/Business/Enterprise facilities,1
Pavlohradskyi,2026-07-27,2026-08-02,Total,2
Poltavskyi,2026-07-27,2026-08-02,Industrial/Business/Enterprise facilities,2
Poltavskyi,2026-07-27,2026-08-02,Total,3
Poltavskyi,2026-07-27,2026-08-02,Warehouse,1
Sumskyi,2026-07-27,2026-08-02,Total,1
Sumskyi,2026-07-27,2026-08-02,Warehouse,1
Zaporizkyi,2026-07-27,2026-08-02,Fuel depot,2
Zaporizkyi,2026-07-27,2026-08-02,Industrial/Business/Enterprise facilities,4
Zaporizkyi,2026-07-27,2026-08-02,Other,2
Zaporizkyi,2026-07-27,2026-08-02,Total,8
Berdianskyi,2026-07-20,2026-07-26,Power plant,1
Berdianskyi,2026-07-20,2026-07-26,Total,1
Bohodukhivskyi,2026-07-20,2026-07-26,Agricultural facilities,1
Bohodukhivskyi,2026-07-20,2026-07-26,"Cultural facilities (museum, theater etc.)",2
Bohodukhivskyi,2026-07-20,2026-07-26,"Education facility (school, etc.)",1
Bohodukhivskyi,2026-07-20,2026-07-26,Electricity supply system,2
Bohodukhivskyi,2026-07-20,2026-07-26,Fuel depot,5
Bohodukhivskyi,2026-07-20,2026-07-26,Government facilities,3
Bohodukhivskyi,2026-07-20,2026-07-26,"Health facility (hospital, health clinic)",2
Bohodukhivskyi,2026-07-20,2026-07-26,Industrial/Business/Enterprise facilities,3
Bohodukhivskyi,2026-07-20,2026-07-26,Total,22
Bohodukhivskyi,2026-07-20,2026-07-26,Warehouse,3
Chernihivskyi,2026-07-20,2026-07-26,Industrial/Business/Enterprise facilities,2
Chernihivskyi,2026-07-20,2026-07-26,Total,2
Chuhuivskyi,2026-07-20,2026-07-26,"Health facility (hospital, health clinic)",1
Chuhuivskyi,2026-07-20,2026-07-26,Total,2
Chuhuivskyi,2026-07-20,2026-07-26,Warehouse,1
Donetskyi,2026-07-20,2026-07-26,Bridge,1
Donetskyi,2026-07-20,2026-07-26,Total,1
Iziumskyi,2026-07-20,2026-07-26,"Cultural facilities (museum, theater etc.)",1
Iziumskyi,2026-07-20,2026-07-26,"Education facility (school, etc.)",1
Iziumskyi,2026-07-20,2026-07-26,Electricity supply system,2
Iziumskyi,2026-07-20,2026-07-26,Fuel depot,1
Iziumskyi,2026-07-20,2026-07-26,Government facilities,1
Iziumskyi,2026-07-20,2026-07-26,Industrial/Business/Enterprise facilities,3
Iziumskyi,2026-07-20,2026-07-26,Railway,3
Iziumskyi,2026-07-20,2026-07-26,Total,16
Iziumskyi,2026-07-20,2026-07-26,Warehouse,4
Kharkivskyi,2026-07-20,2026-07-26,Electricity supply system,3
Kharkivskyi,2026-07-20,2026-07-26,Energy Infrastructure (unknown type),1
Kharkivskyi,2026-07-20,2026-07-26,Fuel depot,4
Kharkivskyi,2026-07-20,2026-07-26,Industrial/Business/Enterprise facilities,2
Kharkivskyi,2026-07-20,2026-07-26,Railway,1
Kharkivskyi,2026-07-20,2026-07-26,Total,18
Kharkivskyi,2026-07-20,2026-07-26,Warehouse,7
Khersonskyi,2026-07-20,2026-07-26,"Education facility (school, etc.)",5
Khersonskyi,2026-07-20,2026-07-26,Fuel depot,4
Khersonskyi,2026-07-20,2026-07-26,Gas supply system,2
Khersonskyi,2026-07-20,2026-07-26,Government facilities,3
Khersonskyi,2026-07-20,2026-07-26,"Health facility (hospital, health clinic)",5
Khersonskyi,2026-07-20,2026-07-26,Industrial/Business/Enterprise facilities,6
Khersonskyi,2026-07-20,2026-07-26,Other,1
Khersonskyi,2026-07-20,2026-07-26,Religious facilities,1
Khersonskyi,2026-07-20,2026-07-26,Telecommunications,1
Khersonskyi,2026-07-20,2026-07-26,Total,29
Khersonskyi,2026-07-20,2026-07-26,Warehouse,1
Kramatorskyi,2026-07-20,2026-07-26,Government facilities,3
Kramatorskyi,2026-07-20,2026-07-26,"Health facility (hospital, health clinic)",4
Kramatorskyi,2026-07-20,2026-07-26,Industrial/Business/Enterprise facilities,7
Kramatorskyi,2026-07-20,2026-07-26,Total,14
Kyiv,2026-07-20,2026-07-26,Industrial/Business/Enterprise facilities,1
Kyiv,2026-07-20,2026-07-26,Total,1
Lozivskyi,2026-07-20,2026-07-26,Other,1
Lozivskyi,2026-07-20,2026-07-26,Railway,1
Lozivskyi,2026-07-20,2026-07-26,Total,2
Mykolaivskyi,2026-07-20,2026-07-26,Harbor,3
Mykolaivskyi,2026-07-20,2026-07-26,Total,3
Nikopolskyi,2026-07-20,2026-07-26,"Education facility (school, etc.)",1
Nikopolskyi,2026-07-20,2026-07-26,Industrial/Business/Enterprise facilities,2
Nikopolskyi,2026-07-20,2026-07-26,Total,3
Odeskyi,2026-07-20,2026-07-26,Gas supply system,2
Odeskyi,2026-07-20,2026-07-26,Industrial/Business/Enterprise facilities,3
Odeskyi,2026-07-20,2026-07-26,Other,1
Odeskyi,2026-07-20,2026-07-26,Total,6
Okhtyrskyi,2026-07-20,2026-07-26,Industrial/Business/Enterprise facilities,1
Okhtyrskyi,2026-07-20,2026-07-26,Total,1
Poltavskyi,2026-07-20,2026-07-26,Fuel depot,4
Poltavskyi,2026-07-20,2026-07-26,Government facilities,1
Poltavskyi,2026-07-20,2026-07-26,Total,5
Shostkynskyi,2026-07-20,2026-07-26,Fuel depot,1
Shostkynskyi,2026-07-20,2026-07-26,Government facilities,1
Shostkynskyi,2026-07-20,2026-07-26,"Health facility (hospital, health clinic)",1
Shostkynskyi,2026-07-20,2026-07-26,Total,3
Sumskyi,2026-07-20,2026-07-26,"Cultural facilities (museum, theater etc.)",1
Sumskyi,2026-07-20,2026-07-26,Electricity supply system,1
Sumskyi,2026-07-20,2026-07-26,Fuel depot,1
Sumskyi,2026-07-20,2026-07-26,"Health facility (hospital, health clinic)",1
Sumskyi,2026-07-20,2026-07-26,Heating and water facility,1
Sumskyi,2026-07-20,2026-07-26,Industrial/Business/Enterprise facilities,3
Sumskyi,2026-07-20,2026-07-26,Total,9
Sumskyi,2026-07-20,2026-07-26,Warehouse,1
Yaltynskyi,2026-07-20,2026-07-26,Electricity supply system,1
Yaltynskyi,2026-07-20,2026-07-26,Total,1
Yevpatoriiskyi,2026-07-20,2026-07-26,Oil depot,1
Yevpatoriiskyi,2026-07-20,2026-07-26,Total,1
Zaporizkyi,2026-07-20,2026-07-26,"Education facility (school, etc.)",1
Zaporizkyi,2026-07-20,2026-07-26,"Health facility (hospital, health clinic)",1
Zaporizkyi,2026-07-20,2026-07-26,Other,1
Zaporizkyi,2026-07-20,2026-07-26,Railway,2
Zaporizkyi,2026-07-20,2026-07-26,Total,6
Zaporizkyi,2026-07-20,2026-07-26,Warehouse,1
Zhytomyrskyi,2026-07-20,2026-07-26,Fuel depot,1
Zhytomyrskyi,2026-07-20,2026-07-26,Other,1
Zhytomyrskyi,2026-07-20,2026-07-26,Total,2
Bashtanskyi,2026-07-13,2026-07-19,Total,1
Bashtanskyi,2026-07-13,2026-07-19,Warehouse,1
Bohodukhivskyi,2026-07-13,2026-07-19,Electricity supply system,2
Bohodukhivskyi,2026-07-13,2026-07-19,Government facilities,3
Bohodukhivskyi,2026-07-13,2026-07-19,Total,5
Chernihivskyi,2026-07-13,2026-07-19,Industrial/Business/Enterprise facilities,1
Chernihivskyi,2026-07-13,2026-07-19,Total,1
Chuhuivskyi,2026-07-13,2026-07-19,Agricultural facilities,1
Chuhuivskyi,2026-07-13,2026-07-19,Total,2
Chuhuivskyi,2026-07-13,2026-07-19,Warehouse,1
Dniprovskyi,2026-07-13,2026-07-19,Total,2
Dniprovskyi,2026-07-13,2026-07-19,Warehouse,2
Iziumskyi,2026-07-13,2026-07-19,"Cultural facilities (museum, theater etc.)",1
Iziumskyi,2026-07-13,2026-07-19,Electricity supply system,1
Iziumskyi,2026-07-13,2026-07-19,Gas supply system,1
Iziumskyi,2026-07-13,2026-07-19,Government facilities,2
Iziumskyi,2026-07-13,2026-07-19,Industrial/Business/Enterprise facilities,1
Iziumskyi,2026-07-13,2026-07-19,Total,8
Iziumskyi,2026-07-13,2026-07-19,Warehouse,1
Iziumskyi,2026-07-13,2026-07-19,Water supply system,1
Kamianskyi,2026-07-13,2026-07-19,Agricultural facilities,2
Kamianskyi,2026-07-13,2026-07-19,Industrial/Business/Enterprise facilities,1
Kamianskyi,2026-07-13,2026-07-19,Total,3
Kharkivskyi,2026-07-13,2026-07-19,"Cultural facilities (museum, theater etc.)",2
Kharkivskyi,2026-07-13,2026-07-19,"Education facility (school, etc.)",1
Kharkivskyi,2026-07-13,2026-07-19,Electricity supply system,4
Kharkivskyi,2026-07-13,2026-07-19,Fuel depot,1
Kharkivskyi,2026-07-13,2026-07-19,Government facilities,2
Kharkivskyi,2026-07-13,2026-07-19,Industrial/Business/Enterprise facilities,3
Kharkivskyi,2026-07-13,2026-07-19,Other,2
Kharkivskyi,2026-07-13,2026-07-19,Road / Highway,1
Kharkivskyi,2026-07-13,2026-07-19,Total,19
Kharkivskyi,2026-07-13,2026-07-19,Warehouse,2
Kharkivskyi,2026-07-13,2026-07-19,Water supply system,1
Khersonskyi,2026-07-13,2026-07-19,"Education facility (school, etc.)",2
Khersonskyi,2026-07-13,2026-07-19,Gas supply system,1
Khersonskyi,2026-07-13,2026-07-19,Government facilities,1
Khersonskyi,2026-07-13,2026-07-19,"Health facility (hospital, health clinic)",1
Khersonskyi,2026-07-13,2026-07-19,Heating and water facility,1
Khersonskyi,2026-07-13,2026-07-19,Industrial/Business/Enterprise facilities,4
Khersonskyi,2026-07-13,2026-07-19,Other,1
Khersonskyi,2026-07-13,2026-07-19,Telecommunications,2
Khersonskyi,2026-07-13,2026-07-19,Total,14
Khersonskyi,2026-07-13,2026-07-19,Warehouse,1
Koriukivskyi,2026-07-13,2026-07-19,Energy Infrastructure (unknown type),1
Koriukivskyi,2026-07-13,2026-07-19,Total,1
Korostenskyi,2026-07-13,2026-07-19,Fuel depot,1
Korostenskyi,2026-07-13,2026-07-19,Total,1
Kramatorskyi,2026-07-13,2026-07-19,"Education facility (school, etc.)",1
Kramatorskyi,2026-07-13,2026-07-19,Gas supply system,1
Kramatorskyi,2026-07-13,2026-07-19,Government facilities,2
Kramatorskyi,2026-07-13,2026-07-19,Industrial/Business/Enterprise facilities,8
Kramatorskyi,2026-07-13,2026-07-19,Other,3
Kramatorskyi,2026-07-13,2026-07-19,Total,15
Krasnohradskyi,2026-07-13,2026-07-19,Total,1
Krasnohradskyi,2026-07-13,2026-07-19,Warehouse,1
Kryvorizkyi,2026-07-13,2026-07-19,Industrial/Business/Enterprise facilities,2
Kryvorizkyi,2026-07-13,2026-07-19,Total,2
Kupianskyi,2026-07-13,2026-07-19,Fuel depot,1
Kupianskyi,2026-07-13,2026-07-19,Industrial/Business/Enterprise facilities,2
Kupianskyi,2026-07-13,2026-07-19,Total,3
Kyiv,2026-07-13,2026-07-19,"Education facility (school, etc.)",1
Kyiv,2026-07-13,2026-07-19,Industrial/Business/Enterprise facilities,1
Kyiv,2026-07-13,2026-07-19,Total,3
Kyiv,2026-07-13,2026-07-19,Warehouse,1
Lozivskyi,2026-07-13,2026-07-19,Agricultural facilities,1
Lozivskyi,2026-07-13,2026-07-19,Total,1
Mykolaivskyi,2026-07-13,2026-07-19,Gas supply system,1
Mykolaivskyi,2026-07-13,2026-07-19,"Health facility (hospital, health clinic)",1
Mykolaivskyi,2026-07-13,2026-07-19,Total,2
Myrhorodskyi,2026-07-13,2026-07-19,Industrial/Business/Enterprise facilities,1
Myrhorodskyi,2026-07-13,2026-07-19,Total,1
Nikopolskyi,2026-07-13,2026-07-19,Agricultural facilities,2
Nikopolskyi,2026-07-13,2026-07-19,"Education facility (school, etc.)",2
Nikopolskyi,2026-07-13,2026-07-19,Electricity supply system,1
Nikopolskyi,2026-07-13,2026-07-19,Industrial/Business/Enterprise facilities,6
Nikopolskyi,2026-07-13,2026-07-19,Total,11
Novhorod-Siverskyi,2026-07-13,2026-07-19,Fuel depot,1
Novhorod-Siverskyi,2026-07-13,2026-07-19,Government facilities,1
Novhorod-Siverskyi,2026-07-13,2026-07-19,Total,2
Odeskyi,2026-07-13,2026-07-19,"Education facility (school, etc.)",2
Odeskyi,2026-07-13,2026-07-19,Fuel depot,1
Odeskyi,2026-07-13,2026-07-19,Harbor,1
Odeskyi,2026-07-13,2026-07-19,Industrial/Business/Enterprise facilities,2
Odeskyi,2026-07-13,2026-07-19,Other,1
Odeskyi,2026-07-13,2026-07-19,Religious facilities,1
Odeskyi,2026-07-13,2026-07-19,Total,9
Odeskyi,2026-07-13,2026-07-19,Warehouse,1
Sevastopol,2026-07-13,2026-07-19,Power plant,1
Sevastopol,2026-07-13,2026-07-19,Total,1
Sumskyi,2026-07-13,2026-07-19,"Education facility (school, etc.)",2
Sumskyi,2026-07-13,2026-07-19,Government facilities,2
Sumskyi,2026-07-13,2026-07-19,Industrial/Business/Enterprise facilities,5
Sumskyi,2026-07-13,2026-07-19,Total,10
Sumskyi,2026-07-13,2026-07-19,Water supply system,1
Synelnykivskyi,2026-07-13,2026-07-19,"Education facility (school, etc.)",1
Synelnykivskyi,2026-07-13,2026-07-19,Fuel depot,1
Synelnykivskyi,2026-07-13,2026-07-19,Government facilities,1
Synelnykivskyi,2026-07-13,2026-07-19,Industrial/Business/Enterprise facilities,1
Synelnykivskyi,2026-07-13,2026-07-19,Other,1
Synelnykivskyi,2026-07-13,2026-07-19,Total,5
Umanskyi,2026-07-13,2026-07-19,Agricultural facilities,1
Umanskyi,2026-07-13,2026-07-19,Total,1
Zaporizkyi,2026-07-13,2026-07-19,"Health facility (hospital, health clinic)",1
Zaporizkyi,2026-07-13,2026-07-19,Total,1
Bohodukhivskyi,2026-07-06,2026-07-12,Electricity supply system,2
Bohodukhivskyi,2026-07-06,2026-07-12,Government facilities,1
Bohodukhivskyi,2026-07-06,2026-07-12,"Health facility (hospital, health clinic)",1
Bohodukhivskyi,2026-07-06,2026-07-12,Industrial/Business/Enterprise facilities,3
Bohodukhivskyi,2026-07-06,2026-07-12,Total,7
Buchanskyi,2026-07-06,2026-07-12,Industrial/Business/Enterprise facilities,1
Buchanskyi,2026-07-06,2026-07-12,Total,1
Dniprovskyi,2026-07-06,2026-07-12,Agricultural facilities,1
Dniprovskyi,2026-07-06,2026-07-12,Fuel depot,1
Dniprovskyi,2026-07-06,2026-07-12,Industrial/Business/Enterprise facilities,4
Dniprovskyi,2026-07-06,2026-07-12,Total,6
Iziumskyi,2026-07-06,2026-07-12,Government facilities,1
Iziumskyi,2026-07-06,2026-07-12,Total,1
Izmailskyi,2026-07-06,2026-07-12,Energy Infrastructure (unknown type),1
Izmailskyi,2026-07-06,2026-07-12,Fuel depot,3
Izmailskyi,2026-07-06,2026-07-12,Harbor,1
Izmailskyi,2026-07-06,2026-07-12,Industrial/Business/Enterprise facilities,1
Izmailskyi,2026-07-06,2026-07-12,Total,6
Kamianskyi,2026-07-06,2026-07-12,Agricultural facilities,2
Kamianskyi,2026-07-06,2026-07-12,Fuel depot,1
Kamianskyi,2026-07-06,2026-07-12,Gas supply system,1
Kamianskyi,2026-07-06,2026-07-12,Total,4
Kerchynskyi,2026-07-06,2026-07-12,Oil depot,1
Kerchynskyi,2026-07-06,2026-07-12,Total,1
Kharkivskyi,2026-07-06,2026-07-12,"Education facility (school, etc.)",1
Kharkivskyi,2026-07-06,2026-07-12,Electricity supply system,1
Kharkivskyi,2026-07-06,2026-07-12,Fuel depot,4
Kharkivskyi,2026-07-06,2026-07-12,Gas supply system,1
Kharkivskyi,2026-07-06,2026-07-12,"Health facility (hospital, health clinic)",2
Kharkivskyi,2026-07-06,2026-07-12,Industrial/Business/Enterprise facilities,9
Kharkivskyi,2026-07-06,2026-07-12,Total,18
Khersonskyi,2026-07-06,2026-07-12,"Cultural facilities (museum, theater etc.)",3
Khersonskyi,2026-07-06,2026-07-12,"Education facility (school, etc.)",1
Khersonskyi,2026-07-06,2026-07-12,Electricity supply system,1
Khersonskyi,2026-07-06,2026-07-12,Industrial/Business/Enterprise facilities,1
Khersonskyi,2026-07-06,2026-07-12,Total,6
Konotopskyi,2026-07-06,2026-07-12,Government facilities,1
Konotopskyi,2026-07-06,2026-07-12,Total,1
Koriukivskyi,2026-07-06,2026-07-12,Fuel depot,1
Koriukivskyi,2026-07-06,2026-07-12,Total,2
Koriukivskyi,2026-07-06,2026-07-12,Water supply system,1
Kramatorskyi,2026-07-06,2026-07-12,"Education facility (school, etc.)",1
Kramatorskyi,2026-07-06,2026-07-12,Fuel depot,2
Kramatorskyi,2026-07-06,2026-07-12,Government facilities,3
Kramatorskyi,2026-07-06,2026-07-12,Industrial/Business/Enterprise facilities,3
Kramatorskyi,2026-07-06,2026-07-12,Total,9
Kryvorizkyi,2026-07-06,2026-07-12,Agricultural facilities,1
Kryvorizkyi,2026-07-06,2026-07-12,Fuel depot,1
Kryvorizkyi,2026-07-06,2026-07-12,Industrial/Business/Enterprise facilities,3
Kryvorizkyi,2026-07-06,2026-07-12,Total,5
Kupianskyi,2026-07-06,2026-07-12,Agricultural facilities,1
Kupianskyi,2026-07-06,2026-07-12,Electricity supply system,1
Kupianskyi,2026-07-06,2026-07-12,Fuel depot,2
Kupianskyi,2026-07-06,2026-07-12,Industrial/Business/Enterprise facilities,1
Kupianskyi,2026-07-06,2026-07-12,Total,5
Kyiv,2026-07-06,2026-07-12,"Education facility (school, etc.)",3
Kyiv,2026-07-06,2026-07-12,Gas supply system,1
Kyiv,2026-07-06,2026-07-12,Government facilities,1
Kyiv,2026-07-06,2026-07-12,"Health facility (hospital, health clinic)",1
Kyiv,2026-07-06,2026-07-12,Industrial/Business/Enterprise facilities,6
Kyiv,2026-07-06,2026-07-12,Other,1
Kyiv,2026-07-06,2026-07-12,Road / Highway,1
Kyiv,2026-07-06,2026-07-12,Telecommunications,1
Kyiv,2026-07-06,2026-07-12,Total,22
Kyiv,2026-07-06,2026-07-12,Warehouse,7
Mykolaivskyi,2026-07-06,2026-07-12,"Education facility (school, etc.)",1
Mykolaivskyi,2026-07-06,2026-07-12,Electricity supply system,1
Mykolaivskyi,2026-07-06,2026-07-12,Total,2
Nikopolskyi,2026-07-06,2026-07-12,Agricultural facilities,1
Nikopolskyi,2026-07-06,2026-07-12,"Education facility (school, etc.)",4
Nikopolskyi,2026-07-06,2026-07-12,Electricity supply system,1
Nikopolskyi,2026-07-06,2026-07-12,Fuel depot,1
Nikopolskyi,2026-07-06,2026-07-12,Government facilities,4
Nikopolskyi,2026-07-06,2026-07-12,"Health facility (hospital, health clinic)",1
Nikopolskyi,2026-07-06,2026-07-12,Industrial/Business/Enterprise facilities,3
Nikopolskyi,2026-07-06,2026-07-12,Other,1
Nikopolskyi,2026-07-06,2026-07-12,Total,16
Novhorod-Siverskyi,2026-07-06,2026-07-12,Industrial/Business/Enterprise facilities,1
Novhorod-Siverskyi,2026-07-06,2026-07-12,Total,2
Novhorod-Siverskyi,2026-07-06,2026-07-12,Warehouse,1
Novomoskovskyi,2026-07-06,2026-07-12,Fuel depot,1
Novomoskovskyi,2026-07-06,2026-07-12,Total,1
Odeskyi,2026-07-06,2026-07-12,"Education facility (school, etc.)",1
Odeskyi,2026-07-06,2026-07-12,Fuel depot,1
Odeskyi,2026-07-06,2026-07-12,Gas supply system,1
Odeskyi,2026-07-06,2026-07-12,Industrial/Business/Enterprise facilities,2
Odeskyi,2026-07-06,2026-07-12,Total,5
Pavlohradskyi,2026-07-06,2026-07-12,Agricultural facilities,1
Pavlohradskyi,2026-07-06,2026-07-12,Fuel depot,1
Pavlohradskyi,2026-07-06,2026-07-12,Total,2
Poltavskyi,2026-07-06,2026-07-12,Fuel depot,1
Poltavskyi,2026-07-06,2026-07-12,Railway,1
Poltavskyi,2026-07-06,2026-07-12,Total,2
Simferopolskyi,2026-07-06,2026-07-12,Electricity supply system,1
Simferopolskyi,2026-07-06,2026-07-12,Total,1
Sumskyi,2026-07-06,2026-07-12,Fuel depot,2
Sumskyi,2026-07-06,2026-07-12,Industrial/Business/Enterprise facilities,2
Sumskyi,2026-07-06,2026-07-12,Total,4
Synelnykivskyi,2026-07-06,2026-07-12,Agricultural facilities,1
Synelnykivskyi,2026-07-06,2026-07-12,Total,1
Yevpatoriiskyi,2026-07-06,2026-07-12,Electricity supply system,5
Yevpatoriiskyi,2026-07-06,2026-07-12,Total,5
Zaporizkyi,2026-07-06,2026-07-12,"Cultural facilities (museum, theater etc.)",1
Zaporizkyi,2026-07-06,2026-07-12,Electricity supply system,2
Zaporizkyi,2026-07-06,2026-07-12,Fuel depot,2
Zaporizkyi,2026-07-06,2026-07-12,Government facilities,1
Zaporizkyi,2026-07-06,2026-07-12,Industrial/Business/Enterprise facilities,2
Zaporizkyi,2026-07-06,2026-07-12,Total,9
Zaporizkyi,2026-07-06,2026-07-12,Warehouse,1
Bakhchysaraiskyi,2026-06-29,2026-07-05,Electricity supply system,1
Bakhchysaraiskyi,2026-06-29,2026-07-05,Total,1
Bashtanskyi,2026-06-29,2026-07-05,Agricultural facilities,1
Bashtanskyi,2026-06-29,2026-07-05,Total,1
Bilohirskyi,2026-06-29,2026-07-05,Electricity supply system,1
Bilohirskyi,2026-06-29,2026-07-05,Total,1
Bohodukhivskyi,2026-06-29,2026-07-05,Energy Infrastructure (unknown type),1
Bohodukhivskyi,2026-06-29,2026-07-05,Fuel depot,2
Bohodukhivskyi,2026-06-29,2026-07-05,Industrial/Business/Enterprise facilities,4
Bohodukhivskyi,2026-06-29,2026-07-05,Total,7
Boryspilskyi,2026-06-29,2026-07-05,Industrial/Business/Enterprise facilities,1
Boryspilskyi,2026-06-29,2026-07-05,Total,1
Brovarskyi,2026-06-29,2026-07-05,"Education facility (school, etc.)",1
Brovarskyi,2026-06-29,2026-07-05,Total,1
Buchanskyi,2026-06-29,2026-07-05,Total,1
Buchanskyi,2026-06-29,2026-07-05,Warehouse,1
Cherkaskyi,2026-06-29,2026-07-05,Industrial/Business/Enterprise facilities,1
Cherkaskyi,2026-06-29,2026-07-05,Total,1
Chernihivskyi,2026-06-29,2026-07-05,Government facilities,1
Chernihivskyi,2026-06-29,2026-07-05,Total,1
Dniprovskyi,2026-06-29,2026-07-05,Agricultural facilities,1
Dniprovskyi,2026-06-29,2026-07-05,"Cultural facilities (museum, theater etc.)",1
Dniprovskyi,2026-06-29,2026-07-05,"Education facility (school, etc.)",1
Dniprovskyi,2026-06-29,2026-07-05,Fuel depot,5
Dniprovskyi,2026-06-29,2026-07-05,Industrial/Business/Enterprise facilities,3
Dniprovskyi,2026-06-29,2026-07-05,Total,11
Dzhankoiskyi,2026-06-29,2026-07-05,Electricity supply system,2
Dzhankoiskyi,2026-06-29,2026-07-05,Total,2
Feodosiiskyi,2026-06-29,2026-07-05,Bridge,1
Feodosiiskyi,2026-06-29,2026-07-05,Electricity supply system,2
Feodosiiskyi,2026-06-29,2026-07-05,Total,3
Iziumskyi,2026-06-29,2026-07-05,Fuel depot,1
Iziumskyi,2026-06-29,2026-07-05,Total,1
Kamianskyi,2026-06-29,2026-07-05,Agricultural facilities,1
Kamianskyi,2026-06-29,2026-07-05,Government facilities,1
Kamianskyi,2026-06-29,2026-07-05,Total,2
Kerchynskyi,2026-06-29,2026-07-05,Airport,1
Kerchynskyi,2026-06-29,2026-07-05,Total,1
Kharkivskyi,2026-06-29,2026-07-05,Electricity supply system,2
Kharkivskyi,2026-06-29,2026-07-05,Fuel depot,1
Kharkivskyi,2026-06-29,2026-07-05,Government facilities,1
Kharkivskyi,2026-06-29,2026-07-05,Industrial/Business/Enterprise facilities,2
Kharkivskyi,2026-06-29,2026-07-05,Total,6
Khersonskyi,2026-06-29,2026-07-05,Government facilities,1
Khersonskyi,2026-06-29,2026-07-05,"Health facility (hospital, health clinic)",1
Khersonskyi,2026-06-29,2026-07-05,Total,3
Khersonskyi,2026-06-29,2026-07-05,Warehouse,1
Kramatorskyi,2026-06-29,2026-07-05,"Cultural facilities (museum, theater etc.)",1
Kramatorskyi,2026-06-29,2026-07-05,Government facilities,2
Kramatorskyi,2026-06-29,2026-07-05,Industrial/Business/Enterprise facilities,1
Kramatorskyi,2026-06-29,2026-07-05,Other,1
Kramatorskyi,2026-06-29,2026-07-05,Road / Highway,1
Kramatorskyi,2026-06-29,2026-07-05,Total,6
Krasnohvardiiskyi,2026-06-29,2026-07-05,Electricity supply system,1
Krasnohvardiiskyi,2026-06-29,2026-07-05,Total,1
Krasnoperekopskyi,2026-06-29,2026-07-05,Electricity supply system,1
Krasnoperekopskyi,2026-06-29,2026-07-05,Total,1
Kryvorizkyi,2026-06-29,2026-07-05,Fuel depot,2
Kryvorizkyi,2026-06-29,2026-07-05,Total,2
Kyiv,2026-06-29,2026-07-05,"Cultural facilities (museum, theater etc.)",2
Kyiv,2026-06-29,2026-07-05,Electricity supply system,1
Kyiv,2026-06-29,2026-07-05,Energy Infrastructure (unknown type),1
Kyiv,2026-06-29,2026-07-05,"Health facility (hospital, health clinic)",3
Kyiv,2026-06-29,2026-07-05,Industrial/Business/Enterprise facilities,3
Kyiv,2026-06-29,2026-07-05,Oil depot,1
Kyiv,2026-06-29,2026-07-05,Other,1
Kyiv,2026-06-29,2026-07-05,Total,16
Kyiv,2026-06-29,2026-07-05,Warehouse,4
Lubenskyi,2026-06-29,2026-07-05,Fuel depot,1
Lubenskyi,2026-06-29,2026-07-05,Total,1
Mykolaivskyi,2026-06-29,2026-07-05,Agricultural facilities,1
Mykolaivskyi,2026-06-29,2026-07-05,Fuel depot,1
Mykolaivskyi,2026-06-29,2026-07-05,Total,3
Mykolaivskyi,2026-06-29,2026-07-05,Warehouse,1
Nikopolskyi,2026-06-29,2026-07-05,"Education facility (school, etc.)",2
Nikopolskyi,2026-06-29,2026-07-05,Fuel depot,3
Nikopolskyi,2026-06-29,2026-07-05,Government facilities,3
Nikopolskyi,2026-06-29,2026-07-05,Industrial/Business/Enterprise facilities,6
Nikopolskyi,2026-06-29,2026-07-05,Total,14
Novhorod-Siverskyi,2026-06-29,2026-07-05,"Cultural facilities (museum, theater etc.)",1
Novhorod-Siverskyi,2026-06-29,2026-07-05,Electricity supply system,1
Novhorod-Siverskyi,2026-06-29,2026-07-05,"Health facility (hospital, health clinic)",1
Novhorod-Siverskyi,2026-06-29,2026-07-05,Telecommunications,1
Novhorod-Siverskyi,2026-06-29,2026-07-05,Total,4
Novomoskovskyi,2026-06-29,2026-07-05,Agricultural facilities,1
Novomoskovskyi,2026-06-29,2026-07-05,Total,1
Pavlohradskyi,2026-06-29,2026-07-05,Industrial/Business/Enterprise facilities,1
Pavlohradskyi,2026-06-29,2026-07-05,Total,1
Poltavskyi,2026-06-29,2026-07-05,"Education facility (school, etc.)",2
Poltavskyi,2026-06-29,2026-07-05,Fuel depot,1
Poltavskyi,2026-06-29,2026-07-05,Gas supply system,1
Poltavskyi,2026-06-29,2026-07-05,Total,5
Poltavskyi,2026-06-29,2026-07-05,Warehouse,1
Romenskyi,2026-06-29,2026-07-05,Fuel depot,1
Romenskyi,2026-06-29,2026-07-05,Total,1
Shostkynskyi,2026-06-29,2026-07-05,Government facilities,1
Shostkynskyi,2026-06-29,2026-07-05,Total,1
Simferopolskyi,2026-06-29,2026-07-05,Electricity supply system,2
Simferopolskyi,2026-06-29,2026-07-05,Total,2
Sumskyi,2026-06-29,2026-07-05,Fuel depot,3
Sumskyi,2026-06-29,2026-07-05,Industrial/Business/Enterprise facilities,1
Sumskyi,2026-06-29,2026-07-05,Road / Highway,1
Sumskyi,2026-06-29,2026-07-05,Total,5
Synelnykivskyi,2026-06-29,2026-07-05,Agricultural facilities,1
Synelnykivskyi,2026-06-29,2026-07-05,"Cultural facilities (museum, theater etc.)",1
Synelnykivskyi,2026-06-29,2026-07-05,"Education facility (school, etc.)",1
Synelnykivskyi,2026-06-29,2026-07-05,Fuel depot,1
Synelnykivskyi,2026-06-29,2026-07-05,Government facilities,1
Synelnykivskyi,2026-06-29,2026-07-05,Industrial/Business/Enterprise facilities,4
Synelnykivskyi,2026-06-29,2026-07-05,Other,1
Synelnykivskyi,2026-06-29,2026-07-05,Total,10
Voznesenskyi,2026-06-29,2026-07-05,Telecommunications,1
Voznesenskyi,2026-06-29,2026-07-05,Total,1
Yevpatoriiskyi,2026-06-29,2026-07-05,Electricity supply system,7
Yevpatoriiskyi,2026-06-29,2026-07-05,Gas supply system,1
Yevpatoriiskyi,2026-06-29,2026-07-05,Total,8
Zaporizkyi,2026-06-29,2026-07-05,Agricultural facilities,1
Zaporizkyi,2026-06-29,2026-07-05,"Cultural facilities (museum, theater etc.)",2
Zaporizkyi,2026-06-29,2026-07-05,"Education facility (school, etc.)",3
Zaporizkyi,2026-06-29,2026-07-05,Gas supply system,2
Zaporizkyi,2026-06-29,2026-07-05,Industrial/Business/Enterprise facilities,9
Zaporizkyi,2026-06-29,2026-07-05,Other,2
Zaporizkyi,2026-06-29,2026-07-05,Road / Highway,1
Zaporizkyi,2026-06-29,2026-07-05,Total,22
Zaporizkyi,2026-06-29,2026-07-05,Warehouse,2
Chernihivskyi,2026-06-22,2026-06-28,"Education facility (school, etc.)",1
Chernihivskyi,2026-06-22,2026-06-28,Total,1
Dniprovskyi,2026-06-22,2026-06-28,Fuel depot,1
Dniprovskyi,2026-06-22,2026-06-28,Total,1
Feodosiiskyi,2026-06-22,2026-06-28,Electricity supply system,1
Feodosiiskyi,2026-06-22,2026-06-28,Total,1
Iziumskyi,2026-06-22,2026-06-28,Industrial/Business/Enterprise facilities,1
Iziumskyi,2026-06-22,2026-06-28,Total,1
Izmailskyi,2026-06-22,2026-06-28,Energy Infrastructure (unknown type),1
Izmailskyi,2026-06-22,2026-06-28,Total,1
Kerchynskyi,2026-06-22,2026-06-28,Oil depot,1
Kerchynskyi,2026-06-22,2026-06-28,Railway,1
Kerchynskyi,2026-06-22,2026-06-28,Total,2
Kharkivskyi,2026-06-22,2026-06-28,"Cultural facilities (museum, theater etc.)",1
Kharkivskyi,2026-06-22,2026-06-28,Fuel depot,5
Kharkivskyi,2026-06-22,2026-06-28,Industrial/Business/Enterprise facilities,1
Kharkivskyi,2026-06-22,2026-06-28,Total,8
Kharkivskyi,2026-06-22,2026-06-28,Warehouse,1
Khersonskyi,2026-06-22,2026-06-28,Fuel depot,1
Khersonskyi,2026-06-22,2026-06-28,Gas supply system,1
Khersonskyi,2026-06-22,2026-06-28,Total,2
Konotopskyi,2026-06-22,2026-06-28,Energy Infrastructure (unknown type),1
Konotopskyi,2026-06-22,2026-06-28,Fuel depot,1
Konotopskyi,2026-06-22,2026-06-28,Industrial/Business/Enterprise facilities,1
Konotopskyi,2026-06-22,2026-06-28,Total,3
Koriukivskyi,2026-06-22,2026-06-28,Energy Infrastructure (unknown type),1
Koriukivskyi,2026-06-22,2026-06-28,Total,1
Kramatorskyi,2026-06-22,2026-06-28,Gas supply system,1
Kramatorskyi,2026-06-22,2026-06-28,Total,1
Krasnohradskyi,2026-06-22,2026-06-28,Fuel depot,2
Krasnohradskyi,2026-06-22,2026-06-28,Total,2
Krasnoperekopskyi,2026-06-22,2026-06-28,Bridge,1
Krasnoperekopskyi,2026-06-22,2026-06-28,Electricity supply system,1
Krasnoperekopskyi,2026-06-22,2026-06-28,Total,2
Kryvorizkyi,2026-06-22,2026-06-28,"Education facility (school, etc.)",1
Kryvorizkyi,2026-06-22,2026-06-28,Fuel depot,1
Kryvorizkyi,2026-06-22,2026-06-28,Government facilities,1
Kryvorizkyi,2026-06-22,2026-06-28,Industrial/Business/Enterprise facilities,1
Kryvorizkyi,2026-06-22,2026-06-28,Total,4
Kupianskyi,2026-06-22,2026-06-28,"Education facility (school, etc.)",1
Kupianskyi,2026-06-22,2026-06-28,Government facilities,1
Kupianskyi,2026-06-22,2026-06-28,Industrial/Business/Enterprise facilities,1
Kupianskyi,2026-06-22,2026-06-28,Total,3
Kyiv,2026-06-22,2026-06-28,"Health facility (hospital, health clinic)",1
Kyiv,2026-06-22,2026-06-28,Industrial/Business/Enterprise facilities,1
Kyiv,2026-06-22,2026-06-28,Total,2
Mariupolskyi,2026-06-22,2026-06-28,Electricity supply system,1
Mariupolskyi,2026-06-22,2026-06-28,Total,1
Nikopolskyi,2026-06-22,2026-06-28,Agricultural facilities,1
Nikopolskyi,2026-06-22,2026-06-28,"Education facility (school, etc.)",3
Nikopolskyi,2026-06-22,2026-06-28,Fuel depot,5
Nikopolskyi,2026-06-22,2026-06-28,Government facilities,2
Nikopolskyi,2026-06-22,2026-06-28,"Health facility (hospital, health clinic)",1
Nikopolskyi,2026-06-22,2026-06-28,Industrial/Business/Enterprise facilities,5
Nikopolskyi,2026-06-22,2026-06-28,Total,17
Novhorod-Siverskyi,2026-06-22,2026-06-28,"Education facility (school, etc.)",1
Novhorod-Siverskyi,2026-06-22,2026-06-28,Fuel depot,2
Novhorod-Siverskyi,2026-06-22,2026-06-28,Industrial/Business/Enterprise facilities,2
Novhorod-Siverskyi,2026-06-22,2026-06-28,Total,7
Novhorod-Siverskyi,2026-06-22,2026-06-28,Warehouse,2
Novomoskovskyi,2026-06-22,2026-06-28,Fuel depot,2
Novomoskovskyi,2026-06-22,2026-06-28,Total,2
Okhtyrskyi,2026-06-22,2026-06-28,Fuel depot,1
Okhtyrskyi,2026-06-22,2026-06-28,Total,1
Pavlohradskyi,2026-06-22,2026-06-28,"Education facility (school, etc.)",1
Pavlohradskyi,2026-06-22,2026-06-28,Total,1
Poltavskyi,2026-06-22,2026-06-28,Industrial/Business/Enterprise facilities,1
Poltavskyi,2026-06-22,2026-06-28,Total,1
Sevastopol,2026-06-22,2026-06-28,Energy Infrastructure (unknown type),1
Sevastopol,2026-06-22,2026-06-28,Total,1
Simferopolskyi,2026-06-22,2026-06-28,Electricity supply system,1
Simferopolskyi,2026-06-22,2026-06-28,Power plant,1
Simferopolskyi,2026-06-22,2026-06-28,Total,2
Sumskyi,2026-06-22,2026-06-28,"Education facility (school, etc.)",1
Sumskyi,2026-06-22,2026-06-28,Electricity supply system,1
Sumskyi,2026-06-22,2026-06-28,Fuel depot,3
Sumskyi,2026-06-22,2026-06-28,Heating and water facility,1
Sumskyi,2026-06-22,2026-06-28,Industrial/Business/Enterprise facilities,2
Sumskyi,2026-06-22,2026-06-28,Total,9
Sumskyi,2026-06-22,2026-06-28,Warehouse,1
Synelnykivskyi,2026-06-22,2026-06-28,Agricultural facilities,2
Synelnykivskyi,2026-06-22,2026-06-28,"Cultural facilities (museum, theater etc.)",1
Synelnykivskyi,2026-06-22,2026-06-28,"Education facility (school, etc.)",1
Synelnykivskyi,2026-06-22,2026-06-28,Fuel depot,1
Synelnykivskyi,2026-06-22,2026-06-28,Government facilities,2
Synelnykivskyi,2026-06-22,2026-06-28,Industrial/Business/Enterprise facilities,2
Synelnykivskyi,2026-06-22,2026-06-28,Total,9
Yevpatoriiskyi,2026-06-22,2026-06-28,Heating and water facility,1
Yevpatoriiskyi,2026-06-22,2026-06-28,Total,1
Zaporizkyi,2026-06-22,2026-06-28,"Cultural facilities (museum, theater etc.)",1
Zaporizkyi,2026-06-22,2026-06-28,"Education facility (school, etc.)",2
Zaporizkyi,2026-06-22,2026-06-28,Energy Infrastructure (unknown type),1
Zaporizkyi,2026-06-22,2026-06-28,Fuel depot,4
Zaporizkyi,2026-06-22,2026-06-28,Government facilities,3
Zaporizkyi,2026-06-22,2026-06-28,Industrial/Business/Enterprise facilities,3
Zaporizkyi,2026-06-22,2026-06-28,Total,15
Zaporizkyi,2026-06-22,2026-06-28,Warehouse,1
Bohodukhivskyi,2026-06-15,2026-06-21,Electricity supply system,1
Bohodukhivskyi,2026-06-15,2026-06-21,Energy Infrastructure (unknown type),1
Bohodukhivskyi,2026-06-15,2026-06-21,Road / Highway,1
Bohodukhivskyi,2026-06-15,2026-06-21,Total,3
Boryspilskyi,2026-06-15,2026-06-21,Total,1
Boryspilskyi,2026-06-15,2026-06-21,Warehouse,1
Brovarskyi,2026-06-15,2026-06-21,Total,1
Brovarskyi,2026-06-15,2026-06-21,Warehouse,1
Buchanskyi,2026-06-15,2026-06-21,Total,1
Buchanskyi,2026-06-15,2026-06-21,Warehouse,1
Dniprovskyi,2026-06-15,2026-06-21,"Cultural facilities (museum, theater etc.)",2
Dniprovskyi,2026-06-15,2026-06-21,"Education facility (school, etc.)",1
Dniprovskyi,2026-06-15,2026-06-21,Industrial/Business/Enterprise facilities,2
Dniprovskyi,2026-06-15,2026-06-21,Total,5
Kamianskyi,2026-06-15,2026-06-21,Fuel depot,1
Kamianskyi,2026-06-15,2026-06-21,Industrial/Business/Enterprise facilities,1
Kamianskyi,2026-06-15,2026-06-21,Total,2
Kerchynskyi,2026-06-15,2026-06-21,Oil depot,1
Kerchynskyi,2026-06-15,2026-06-21,Total,1
Kharkivskyi,2026-06-15,2026-06-21,"Cultural facilities (museum, theater etc.)",1
Kharkivskyi,2026-06-15,2026-06-21,"Education facility (school, etc.)",1
Kharkivskyi,2026-06-15,2026-06-21,Industrial/Business/Enterprise facilities,2
Kharkivskyi,2026-06-15,2026-06-21,Power plant,1
Kharkivskyi,2026-06-15,2026-06-21,Total,8
Kharkivskyi,2026-06-15,2026-06-21,Warehouse,3
Konotopskyi,2026-06-15,2026-06-21,"Education facility (school, etc.)",1
Konotopskyi,2026-06-15,2026-06-21,Government facilities,1
Konotopskyi,2026-06-15,2026-06-21,Total,2
Kramatorskyi,2026-06-15,2026-06-21,Industrial/Business/Enterprise facilities,6
Kramatorskyi,2026-06-15,2026-06-21,Road / Highway,1
Kramatorskyi,2026-06-15,2026-06-21,Total,7
Kropyvnytskyi,2026-06-15,2026-06-21,Industrial/Business/Enterprise facilities,1
Kropyvnytskyi,2026-06-15,2026-06-21,Total,1
Kryvorizkyi,2026-06-15,2026-06-21,Agricultural facilities,1
Kryvorizkyi,2026-06-15,2026-06-21,Fuel depot,1
Kryvorizkyi,2026-06-15,2026-06-21,Industrial/Business/Enterprise facilities,3
Kryvorizkyi,2026-06-15,2026-06-21,Total,5
Kupianskyi,2026-06-15,2026-06-21,"Education facility (school, etc.)",1
Kupianskyi,2026-06-15,2026-06-21,Total,1
Kyiv,2026-06-15,2026-06-21,"Cultural facilities (museum, theater etc.)",7
Kyiv,2026-06-15,2026-06-21,"Education facility (school, etc.)",2
Kyiv,2026-06-15,2026-06-21,Electricity supply system,1
Kyiv,2026-06-15,2026-06-21,Government facilities,1
Kyiv,2026-06-15,2026-06-21,Industrial/Business/Enterprise facilities,5
Kyiv,2026-06-15,2026-06-21,Total,18
Kyiv,2026-06-15,2026-06-21,Warehouse,2
Mykolaivskyi,2026-06-15,2026-06-21,Industrial/Business/Enterprise facilities,1
Mykolaivskyi,2026-06-15,2026-06-21,Total,1
Myrhorodskyi,2026-06-15,2026-06-21,Total,1
Myrhorodskyi,2026-06-15,2026-06-21,Warehouse,1
Nikopolskyi,2026-06-15,2026-06-21,Agricultural facilities,1
Nikopolskyi,2026-06-15,2026-06-21,"Education facility (school, etc.)",2
Nikopolskyi,2026-06-15,2026-06-21,Fuel depot,1
Nikopolskyi,2026-06-15,2026-06-21,Government facilities,2
Nikopolskyi,2026-06-15,2026-06-21,"Health facility (hospital, health clinic)",2
Nikopolskyi,2026-06-15,2026-06-21,Industrial/Business/Enterprise facilities,8
Nikopolskyi,2026-06-15,2026-06-21,Religious facilities,1
Nikopolskyi,2026-06-15,2026-06-21,Total,17
Novhorod-Siverskyi,2026-06-15,2026-06-21,"Cultural facilities (museum, theater etc.)",1
Novhorod-Siverskyi,2026-06-15,2026-06-21,Total,1
Novomoskovskyi,2026-06-15,2026-06-21,Government facilities,2
Novomoskovskyi,2026-06-15,2026-06-21,Total,2
Odeskyi,2026-06-15,2026-06-21,Agricultural facilities,1
Odeskyi,2026-06-15,2026-06-21,Total,2
Odeskyi,2026-06-15,2026-06-21,Warehouse,1
Okhtyrskyi,2026-06-15,2026-06-21,Fuel depot,2
Okhtyrskyi,2026-06-15,2026-06-21,Industrial/Business/Enterprise facilities,1
Okhtyrskyi,2026-06-15,2026-06-21,Total,3
Oleksandriiskyi,2026-06-15,2026-06-21,Agricultural facilities,1
Oleksandriiskyi,2026-06-15,2026-06-21,Total,1
Poltavskyi,2026-06-15,2026-06-21,Energy Infrastructure (unknown type),1
Poltavskyi,2026-06-15,2026-06-21,Industrial/Business/Enterprise facilities,2
Poltavskyi,2026-06-15,2026-06-21,Total,4
Poltavskyi,2026-06-15,2026-06-21,Warehouse,1
Shostkynskyi,2026-06-15,2026-06-21,"Cultural facilities (museum, theater etc.)",1
Shostkynskyi,2026-06-15,2026-06-21,"Education facility (school, etc.)",2
Shostkynskyi,2026-06-15,2026-06-21,Government facilities,1
Shostkynskyi,2026-06-15,2026-06-21,Industrial/Business/Enterprise facilities,1
Shostkynskyi,2026-06-15,2026-06-21,Total,5
Sumskyi,2026-06-15,2026-06-21,"Cultural facilities (museum, theater etc.)",1
Sumskyi,2026-06-15,2026-06-21,"Education facility (school, etc.)",1
Sumskyi,2026-06-15,2026-06-21,Industrial/Business/Enterprise facilities,4
Sumskyi,2026-06-15,2026-06-21,Total,8
Sumskyi,2026-06-15,2026-06-21,Warehouse,2
Synelnykivskyi,2026-06-15,2026-06-21,"Education facility (school, etc.)",4
Synelnykivskyi,2026-06-15,2026-06-21,Industrial/Business/Enterprise facilities,1
Synelnykivskyi,2026-06-15,2026-06-21,Total,5
Yevpatoriiskyi,2026-06-15,2026-06-21,Gas supply system,1
Yevpatoriiskyi,2026-06-15,2026-06-21,Total,1
Zaporizkyi,2026-06-15,2026-06-21,"Cultural facilities (museum, theater etc.)",3
Zaporizkyi,2026-06-15,2026-06-21,"Education facility (school, etc.)",3
Zaporizkyi,2026-06-15,2026-06-21,Fuel depot,1
Zaporizkyi,2026-06-15,2026-06-21,Government facilities,2
Zaporizkyi,2026-06-15,2026-06-21,Industrial/Business/Enterprise facilities,4
Zaporizkyi,2026-06-15,2026-06-21,Total,13
Bohodukhivskyi,2026-06-08,2026-06-14,"Cultural facilities (museum, theater etc.)",1
Bohodukhivskyi,2026-06-08,2026-06-14,"Education facility (school, etc.)",1
Bohodukhivskyi,2026-06-08,2026-06-14,Government facilities,2
Bohodukhivskyi,2026-06-08,2026-06-14,"Health facility (hospital, health clinic)",2
Bohodukhivskyi,2026-06-08,2026-06-14,Industrial/Business/Enterprise facilities,1
Bohodukhivskyi,2026-06-08,2026-06-14,Total,7
Chernihivskyi,2026-06-08,2026-06-14,"Education facility (school, etc.)",1
Chernihivskyi,2026-06-08,2026-06-14,Total,1
Chuhuivskyi,2026-06-08,2026-06-14,Industrial/Business/Enterprise facilities,2
Chuhuivskyi,2026-06-08,2026-06-14,Total,2
Dniprovskyi,2026-06-08,2026-06-14,Industrial/Business/Enterprise facilities,2
Dniprovskyi,2026-06-08,2026-06-14,Total,2
Kharkivskyi,2026-06-08,2026-06-14,"Cultural facilities (museum, theater etc.)",1
Kharkivskyi,2026-06-08,2026-06-14,Government facilities,1
Kharkivskyi,2026-06-08,2026-06-14,"Health facility (hospital, health clinic)",1
Kharkivskyi,2026-06-08,2026-06-14,Industrial/Business/Enterprise facilities,5
Kharkivskyi,2026-06-08,2026-06-14,Religious facilities,1
Kharkivskyi,2026-06-08,2026-06-14,Total,10
Kharkivskyi,2026-06-08,2026-06-14,Warehouse,1
Koriukivskyi,2026-06-08,2026-06-14,Industrial/Business/Enterprise facilities,1
Koriukivskyi,2026-06-08,2026-06-14,Total,1
Korostenskyi,2026-06-08,2026-06-14,Industrial/Business/Enterprise facilities,1
Korostenskyi,2026-06-08,2026-06-14,Total,1
Kramatorskyi,2026-06-08,2026-06-14,"Education facility (school, etc.)",1
Kramatorskyi,2026-06-08,2026-06-14,Fuel depot,1
Kramatorskyi,2026-06-08,2026-06-14,Government facilities,1
Kramatorskyi,2026-06-08,2026-06-14,"Health facility (hospital, health clinic)",1
Kramatorskyi,2026-06-08,2026-06-14,Total,4
Krasnoperekopskyi,2026-06-08,2026-06-14,Bridge,1
Krasnoperekopskyi,2026-06-08,2026-06-14,Electricity supply system,1
Krasnoperekopskyi,2026-06-08,2026-06-14,Industrial/Business/Enterprise facilities,1
Krasnoperekopskyi,2026-06-08,2026-06-14,Total,3
Kryvorizkyi,2026-06-08,2026-06-14,Fuel depot,1
Kryvorizkyi,2026-06-08,2026-06-14,Industrial/Business/Enterprise facilities,1
Kryvorizkyi,2026-06-08,2026-06-14,Total,2
Kupianskyi,2026-06-08,2026-06-14,"Health facility (hospital, health clinic)",1
Kupianskyi,2026-06-08,2026-06-14,Total,1
Lozivskyi,2026-06-08,2026-06-14,Railway,1
Lozivskyi,2026-06-08,2026-06-14,Total,1
Mykolaivskyi,2026-06-08,2026-06-14,Industrial/Business/Enterprise facilities,1
Mykolaivskyi,2026-06-08,2026-06-14,Total,1
Nikopolskyi,2026-06-08,2026-06-14,"Education facility (school, etc.)",1
Nikopolskyi,2026-06-08,2026-06-14,Fuel depot,2
Nikopolskyi,2026-06-08,2026-06-14,Government facilities,5
Nikopolskyi,2026-06-08,2026-06-14,"Health facility (hospital, health clinic)",2
Nikopolskyi,2026-06-08,2026-06-14,Industrial/Business/Enterprise facilities,10
Nikopolskyi,2026-06-08,2026-06-14,Total,20
Novhorod-Siverskyi,2026-06-08,2026-06-14,Fuel depot,1
Novhorod-Siverskyi,2026-06-08,2026-06-14,Government facilities,1
Novhorod-Siverskyi,2026-06-08,2026-06-14,Total,3
Novhorod-Siverskyi,2026-06-08,2026-06-14,Warehouse,1
Pavlohradskyi,2026-06-08,2026-06-14,Fuel depot,3
Pavlohradskyi,2026-06-08,2026-06-14,Government facilities,1
Pavlohradskyi,2026-06-08,2026-06-14,Industrial/Business/Enterprise facilities,2
Pavlohradskyi,2026-06-08,2026-06-14,Total,6
Poltavskyi,2026-06-08,2026-06-14,Agricultural facilities,1
Poltavskyi,2026-06-08,2026-06-14,Industrial/Business/Enterprise facilities,1
Poltavskyi,2026-06-08,2026-06-14,Total,2
Simferopolskyi,2026-06-08,2026-06-14,Oil depot,1
Simferopolskyi,2026-06-08,2026-06-14,Total,1
Skadovskyi,2026-06-08,2026-06-14,Bridge,2
Skadovskyi,2026-06-08,2026-06-14,Total,2
Sumskyi,2026-06-08,2026-06-14,Agricultural facilities,1
Sumskyi,2026-06-08,2026-06-14,Industrial/Business/Enterprise facilities,1
Sumskyi,2026-06-08,2026-06-14,Railway,1
Sumskyi,2026-06-08,2026-06-14,Total,3
Synelnykivskyi,2026-06-08,2026-06-14,Agricultural facilities,1
Synelnykivskyi,2026-06-08,2026-06-14,"Cultural facilities (museum, theater etc.)",1
Synelnykivskyi,2026-06-08,2026-06-14,"Education facility (school, etc.)",3
Synelnykivskyi,2026-06-08,2026-06-14,Government facilities,2
Synelnykivskyi,2026-06-08,2026-06-14,Industrial/Business/Enterprise facilities,1
Synelnykivskyi,2026-06-08,2026-06-14,Total,8
Yevpatoriiskyi,2026-06-08,2026-06-14,Power plant,1
Yevpatoriiskyi,2026-06-08,2026-06-14,Total,1
Zaporizkyi,2026-06-08,2026-06-14,Electricity supply system,1
Zaporizkyi,2026-06-08,2026-06-14,Industrial/Business/Enterprise facilities,4
Zaporizkyi,2026-06-08,2026-06-14,Other,1
Zaporizkyi,2026-06-08,2026-06-14,Total,6
Bashtanskyi,2026-06-01,2026-06-07,Total,1
Bashtanskyi,2026-06-01,2026-06-07,Warehouse,1
Bilhorod-Dnistrovskyi,2026-06-01,2026-06-07,Government facilities,1
Bilhorod-Dnistrovskyi,2026-06-01,2026-06-07,"Health facility (hospital, health clinic)",1
Bilhorod-Dnistrovskyi,2026-06-01,2026-06-07,Total,2
Bohodukhivskyi,2026-06-01,2026-06-07,Agricultural facilities,1
Bohodukhivskyi,2026-06-01,2026-06-07,Government facilities,1
Bohodukhivskyi,2026-06-01,2026-06-07,Total,2
Brovarskyi,2026-06-01,2026-06-07,Electricity supply system,1
Brovarskyi,2026-06-01,2026-06-07,Gas supply system,1
Brovarskyi,2026-06-01,2026-06-07,Government facilities,1
Brovarskyi,2026-06-01,2026-06-07,Heating and water facility,1
Brovarskyi,2026-06-01,2026-06-07,Industrial/Business/Enterprise facilities,1
Brovarskyi,2026-06-01,2026-06-07,Total,5
Buchanskyi,2026-06-01,2026-06-07,Total,1
Buchanskyi,2026-06-01,2026-06-07,Warehouse,1
Chernihivskyi,2026-06-01,2026-06-07,Industrial/Business/Enterprise facilities,1
Chernihivskyi,2026-06-01,2026-06-07,Total,1
Chuhuivskyi,2026-06-01,2026-06-07,"Education facility (school, etc.)",1
Chuhuivskyi,2026-06-01,2026-06-07,Total,2
Chuhuivskyi,2026-06-01,2026-06-07,Warehouse,1
Dniprovskyi,2026-06-01,2026-06-07,Agricultural facilities,1
Dniprovskyi,2026-06-01,2026-06-07,"Education facility (school, etc.)",2
Dniprovskyi,2026-06-01,2026-06-07,Government facilities,1
Dniprovskyi,2026-06-01,2026-06-07,Industrial/Business/Enterprise facilities,1
Dniprovskyi,2026-06-01,2026-06-07,Other,1
Dniprovskyi,2026-06-01,2026-06-07,Total,7
Dniprovskyi,2026-06-01,2026-06-07,Warehouse,1
Dzhankoiskyi,2026-06-01,2026-06-07,Railway,1
Dzhankoiskyi,2026-06-01,2026-06-07,Total,1
Iziumskyi,2026-06-01,2026-06-07,Fuel depot,1
Iziumskyi,2026-06-01,2026-06-07,Total,1
Kamianskyi,2026-06-01,2026-06-07,Government facilities,1
Kamianskyi,2026-06-01,2026-06-07,Total,1
Kharkivskyi,2026-06-01,2026-06-07,"Education facility (school, etc.)",1
Kharkivskyi,2026-06-01,2026-06-07,Fuel depot,1
Kharkivskyi,2026-06-01,2026-06-07,Government facilities,3
Kharkivskyi,2026-06-01,2026-06-07,"Health facility (hospital, health clinic)",2
Kharkivskyi,2026-06-01,2026-06-07,Industrial/Business/Enterprise facilities,3
Kharkivskyi,2026-06-01,2026-06-07,Total,12
Kharkivskyi,2026-06-01,2026-06-07,Warehouse,2
Khersonskyi,2026-06-01,2026-06-07,Electricity supply system,1
Khersonskyi,2026-06-01,2026-06-07,Fuel depot,1
Khersonskyi,2026-06-01,2026-06-07,Total,2
Khmelnytskyi,2026-06-01,2026-06-07,Industrial/Business/Enterprise facilities,1
Khmelnytskyi,2026-06-01,2026-06-07,Total,1
Konotopskyi,2026-06-01,2026-06-07,"Health facility (hospital, health clinic)",1
Konotopskyi,2026-06-01,2026-06-07,Total,1
Koriukivskyi,2026-06-01,2026-06-07,Fuel depot,1
Koriukivskyi,2026-06-01,2026-06-07,Industrial/Business/Enterprise facilities,1
Koriukivskyi,2026-06-01,2026-06-07,Railway,1
Koriukivskyi,2026-06-01,2026-06-07,Total,4
Koriukivskyi,2026-06-01,2026-06-07,Warehouse,1
Kryvorizkyi,2026-06-01,2026-06-07,Agricultural facilities,1
Kryvorizkyi,2026-06-01,2026-06-07,Fuel depot,1
Kryvorizkyi,2026-06-01,2026-06-07,Industrial/Business/Enterprise facilities,1
Kryvorizkyi,2026-06-01,2026-06-07,Total,3
Kyiv,2026-06-01,2026-06-07,"Cultural facilities (museum, theater etc.)",1
Kyiv,2026-06-01,2026-06-07,"Education facility (school, etc.)",11
Kyiv,2026-06-01,2026-06-07,Electricity supply system,1
Kyiv,2026-06-01,2026-06-07,Fuel depot,1
Kyiv,2026-06-01,2026-06-07,"Health facility (hospital, health clinic)",5
Kyiv,2026-06-01,2026-06-07,Heating and water facility,1
Kyiv,2026-06-01,2026-06-07,Industrial/Business/Enterprise facilities,7
Kyiv,2026-06-01,2026-06-07,Other,1
Kyiv,2026-06-01,2026-06-07,Total,30
Kyiv,2026-06-01,2026-06-07,Warehouse,2
Lozivskyi,2026-06-01,2026-06-07,Fuel depot,1
Lozivskyi,2026-06-01,2026-06-07,Industrial/Business/Enterprise facilities,1
Lozivskyi,2026-06-01,2026-06-07,Total,2
Lubenskyi,2026-06-01,2026-06-07,Industrial/Business/Enterprise facilities,1
Lubenskyi,2026-06-01,2026-06-07,Total,1
Nikopolskyi,2026-06-01,2026-06-07,"Cultural facilities (museum, theater etc.)",1
Nikopolskyi,2026-06-01,2026-06-07,"Education facility (school, etc.)",2
Nikopolskyi,2026-06-01,2026-06-07,Fuel depot,1
Nikopolskyi,2026-06-01,2026-06-07,Government facilities,1
Nikopolskyi,2026-06-01,2026-06-07,"Health facility (hospital, health clinic)",1
Nikopolskyi,2026-06-01,2026-06-07,Industrial/Business/Enterprise facilities,4
Nikopolskyi,2026-06-01,2026-06-07,Total,10
Novhorod-Siverskyi,2026-06-01,2026-06-07,Agricultural facilities,1
Novhorod-Siverskyi,2026-06-01,2026-06-07,Government facilities,1
Novhorod-Siverskyi,2026-06-01,2026-06-07,Industrial/Business/Enterprise facilities,1
Novhorod-Siverskyi,2026-06-01,2026-06-07,Other,1
Novhorod-Siverskyi,2026-06-01,2026-06-07,Total,4
Novomoskovskyi,2026-06-01,2026-06-07,Agricultural facilities,2
Novomoskovskyi,2026-06-01,2026-06-07,Industrial/Business/Enterprise facilities,1
Novomoskovskyi,2026-06-01,2026-06-07,Total,3
Odeskyi,2026-06-01,2026-06-07,Gas supply system,2
Odeskyi,2026-06-01,2026-06-07,Government facilities,1
Odeskyi,2026-06-01,2026-06-07,Heating and water facility,1
Odeskyi,2026-06-01,2026-06-07,Religious facilities,1
Odeskyi,2026-06-01,2026-06-07,Total,7
Odeskyi,2026-06-01,2026-06-07,Warehouse,2
Pavlohradskyi,2026-06-01,2026-06-07,Industrial/Business/Enterprise facilities,1
Pavlohradskyi,2026-06-01,2026-06-07,Total,1
Poltavskyi,2026-06-01,2026-06-07,Industrial/Business/Enterprise facilities,1
Poltavskyi,2026-06-01,2026-06-07,Total,1
Shostkynskyi,2026-06-01,2026-06-07,Government facilities,2
Shostkynskyi,2026-06-01,2026-06-07,Industrial/Business/Enterprise facilities,1
Shostkynskyi,2026-06-01,2026-06-07,Total,3
Sumskyi,2026-06-01,2026-06-07,"Education facility (school, etc.)",1
Sumskyi,2026-06-01,2026-06-07,Electricity supply system,1
Sumskyi,2026-06-01,2026-06-07,Fuel depot,1
Sumskyi,2026-06-01,2026-06-07,Gas supply system,1
Sumskyi,2026-06-01,2026-06-07,Industrial/Business/Enterprise facilities,2
Sumskyi,2026-06-01,2026-06-07,Other,1
Sumskyi,2026-06-01,2026-06-07,Total,7
Synelnykivskyi,2026-06-01,2026-06-07,Fuel depot,1
Synelnykivskyi,2026-06-01,2026-06-07,Government facilities,1
Synelnykivskyi,2026-06-01,2026-06-07,Industrial/Business/Enterprise facilities,3
Synelnykivskyi,2026-06-01,2026-06-07,Religious facilities,1
Synelnykivskyi,2026-06-01,2026-06-07,Total,6
Zaporizkyi,2026-06-01,2026-06-07,"Cultural facilities (museum, theater etc.)",1
Zaporizkyi,2026-06-01,2026-06-07,"Education facility (school, etc.)",1
Zaporizkyi,2026-06-01,2026-06-07,Fuel depot,2
Zaporizkyi,2026-06-01,2026-06-07,Industrial/Business/Enterprise facilities,5
Zaporizkyi,2026-06-01,2026-06-07,Other,1
Zaporizkyi,2026-06-01,2026-06-07,Religious facilities,1
Zaporizkyi,2026-06-01,2026-06-07,Telecommunications,1
Zaporizkyi,2026-06-01,2026-06-07,Total,12
Chernihivskyi,2026-05-25,2026-05-31,Agricultural facilities,1
Chernihivskyi,2026-05-25,2026-05-31,Industrial/Business/Enterprise facilities,3
Chernihivskyi,2026-05-25,2026-05-31,Total,4
Dniprovskyi,2026-05-25,2026-05-31,"Education facility (school, etc.)",2
Dniprovskyi,2026-05-25,2026-05-31,Industrial/Business/Enterprise facilities,1
Dniprovskyi,2026-05-25,2026-05-31,Total,3
Feodosiiskyi,2026-05-25,2026-05-31,Oil depot,1
Feodosiiskyi,2026-05-25,2026-05-31,Total,1
Iziumskyi,2026-05-25,2026-05-31,Other,1
Iziumskyi,2026-05-25,2026-05-31,Total,1
Kharkivskyi,2026-05-25,2026-05-31,Industrial/Business/Enterprise facilities,2
Kharkivskyi,2026-05-25,2026-05-31,Total,2
Khersonskyi,2026-05-25,2026-05-31,"Cultural facilities (museum, theater etc.)",1
Khersonskyi,2026-05-25,2026-05-31,Government facilities,1
Khersonskyi,2026-05-25,2026-05-31,"Health facility (hospital, health clinic)",1
Khersonskyi,2026-05-25,2026-05-31,Other,1
Khersonskyi,2026-05-25,2026-05-31,Total,4
Koriukivskyi,2026-05-25,2026-05-31,Other,1
Koriukivskyi,2026-05-25,2026-05-31,Religious facilities,1
Koriukivskyi,2026-05-25,2026-05-31,Total,2
Kramatorskyi,2026-05-25,2026-05-31,"Cultural facilities (museum, theater etc.)",2
Kramatorskyi,2026-05-25,2026-05-31,"Education facility (school, etc.)",1
Kramatorskyi,2026-05-25,2026-05-31,Fuel depot,1
Kramatorskyi,2026-05-25,2026-05-31,Government facilities,2
Kramatorskyi,2026-05-25,2026-05-31,Industrial/Business/Enterprise facilities,3
Kramatorskyi,2026-05-25,2026-05-31,Other,1
Kramatorskyi,2026-05-25,2026-05-31,Total,11
Kramatorskyi,2026-05-25,2026-05-31,Warehouse,1
Krasnohradskyi,2026-05-25,2026-05-31,Electricity supply system,1
Krasnohradskyi,2026-05-25,2026-05-31,Total,1
Kryvorizkyi,2026-05-25,2026-05-31,Electricity supply system,1
Kryvorizkyi,2026-05-25,2026-05-31,Total,1
Mykolaivskyi,2026-05-25,2026-05-31,Government facilities,1
Mykolaivskyi,2026-05-25,2026-05-31,Total,1
Nikopolskyi,2026-05-25,2026-05-31,"Education facility (school, etc.)",4
Nikopolskyi,2026-05-25,2026-05-31,Electricity supply system,1
Nikopolskyi,2026-05-25,2026-05-31,Fuel depot,2
Nikopolskyi,2026-05-25,2026-05-31,Government facilities,1
Nikopolskyi,2026-05-25,2026-05-31,"Health facility (hospital, health clinic)",1
Nikopolskyi,2026-05-25,2026-05-31,Industrial/Business/Enterprise facilities,4
Nikopolskyi,2026-05-25,2026-05-31,Road / Highway,1
Nikopolskyi,2026-05-25,2026-05-31,Total,14
Novhorod-Siverskyi,2026-05-25,2026-05-31,Agricultural facilities,1
Novhorod-Siverskyi,2026-05-25,2026-05-31,"Education facility (school, etc.)",1
Novhorod-Siverskyi,2026-05-25,2026-05-31,Industrial/Business/Enterprise facilities,1
Novhorod-Siverskyi,2026-05-25,2026-05-31,Total,3
Odeskyi,2026-05-25,2026-05-31,"Education facility (school, etc.)",1
Odeskyi,2026-05-25,2026-05-31,Industrial/Business/Enterprise facilities,2
Odeskyi,2026-05-25,2026-05-31,Other,1
Odeskyi,2026-05-25,2026-05-31,Total,4
Pavlohradskyi,2026-05-25,2026-05-31,"Education facility (school, etc.)",1
Pavlohradskyi,2026-05-25,2026-05-31,Industrial/Business/Enterprise facilities,2
Pavlohradskyi,2026-05-25,2026-05-31,Total,3
Sarnenskyi,2026-05-25,2026-05-31,Industrial/Business/Enterprise facilities,1
Sarnenskyi,2026-05-25,2026-05-31,Total,1
Shostkynskyi,2026-05-25,2026-05-31,"Education facility (school, etc.)",3
Shostkynskyi,2026-05-25,2026-05-31,Government facilities,1
Shostkynskyi,2026-05-25,2026-05-31,Railway,1
Shostkynskyi,2026-05-25,2026-05-31,Total,5
Simferopolskyi,2026-05-25,2026-05-31,Railway,1
Simferopolskyi,2026-05-25,2026-05-31,Total,1
Sumskyi,2026-05-25,2026-05-31,Fuel depot,2
Sumskyi,2026-05-25,2026-05-31,Total,2
Synelnykivskyi,2026-05-25,2026-05-31,Industrial/Business/Enterprise facilities,1
Synelnykivskyi,2026-05-25,2026-05-31,Total,1
Zaporizkyi,2026-05-25,2026-05-31,"Education facility (school, etc.)",1
Zaporizkyi,2026-05-25,2026-05-31,Industrial/Business/Enterprise facilities,1
Zaporizkyi,2026-05-25,2026-05-31,Total,2
Bilotserkivskyi,2026-05-18,2026-05-24,Industrial/Business/Enterprise facilities,1
Bilotserkivskyi,2026-05-18,2026-05-24,Total,1
Bohodukhivskyi,2026-05-18,2026-05-24,Electricity supply system,1
Bohodukhivskyi,2026-05-18,2026-05-24,Government facilities,1
Bohodukhivskyi,2026-05-18,2026-05-24,Road / Highway,1
Bohodukhivskyi,2026-05-18,2026-05-24,Total,4
Bohodukhivskyi,2026-05-18,2026-05-24,Warehouse,1
Boryspilskyi,2026-05-18,2026-05-24,Industrial/Business/Enterprise facilities,1
Boryspilskyi,2026-05-18,2026-05-24,Total,1
Buchanskyi,2026-05-18,2026-05-24,Total,1
Buchanskyi,2026-05-18,2026-05-24,Warehouse,1
Cherkaskyi,2026-05-18,2026-05-24,Agricultural facilities,1
Cherkaskyi,2026-05-18,2026-05-24,Total,1
Chernihivskyi,2026-05-18,2026-05-24,Industrial/Business/Enterprise facilities,1
Chernihivskyi,2026-05-18,2026-05-24,Total,1
Chuhuivskyi,2026-05-18,2026-05-24,Fuel depot,1
Chuhuivskyi,2026-05-18,2026-05-24,Government facilities,1
Chuhuivskyi,2026-05-18,2026-05-24,Industrial/Business/Enterprise facilities,1
Chuhuivskyi,2026-05-18,2026-05-24,Other,1
Chuhuivskyi,2026-05-18,2026-05-24,Total,5
Chuhuivskyi,2026-05-18,2026-05-24,Warehouse,1
Dniprovskyi,2026-05-18,2026-05-24,"Education facility (school, etc.)",6
Dniprovskyi,2026-05-18,2026-05-24,"Health facility (hospital, health clinic)",4
Dniprovskyi,2026-05-18,2026-05-24,Industrial/Business/Enterprise facilities,2
Dniprovskyi,2026-05-18,2026-05-24,Other,1
Dniprovskyi,2026-05-18,2026-05-24,Total,16
Dniprovskyi,2026-05-18,2026-05-24,Warehouse,2
Dniprovskyi,2026-05-18,2026-05-24,Water supply system,1
Iziumskyi,2026-05-18,2026-05-24,"Cultural facilities (museum, theater etc.)",1
Iziumskyi,2026-05-18,2026-05-24,"Education facility (school, etc.)",1
Iziumskyi,2026-05-18,2026-05-24,Industrial/Business/Enterprise facilities,2
Iziumskyi,2026-05-18,2026-05-24,Total,4
Izmailskyi,2026-05-18,2026-05-24,Harbor,1
Izmailskyi,2026-05-18,2026-05-24,Total,2
Izmailskyi,2026-05-18,2026-05-24,Warehouse,1
Kamianskyi,2026-05-18,2026-05-24,Industrial/Business/Enterprise facilities,1
Kamianskyi,2026-05-18,2026-05-24,Total,1
Kharkivskyi,2026-05-18,2026-05-24,Electricity supply system,1
Kharkivskyi,2026-05-18,2026-05-24,Gas supply system,1
Kharkivskyi,2026-05-18,2026-05-24,Total,3
Kharkivskyi,2026-05-18,2026-05-24,Warehouse,1
Khersonskyi,2026-05-18,2026-05-24,"Health facility (hospital, health clinic)",1
Khersonskyi,2026-05-18,2026-05-24,Total,1
Konotopskyi,2026-05-18,2026-05-24,"Cultural facilities (museum, theater etc.)",1
Konotopskyi,2026-05-18,2026-05-24,Government facilities,5
Konotopskyi,2026-05-18,2026-05-24,"Health facility (hospital, health clinic)",1
Konotopskyi,2026-05-18,2026-05-24,Industrial/Business/Enterprise facilities,1
Konotopskyi,2026-05-18,2026-05-24,Total,8
Kramatorskyi,2026-05-18,2026-05-24,"Education facility (school, etc.)",2
Kramatorskyi,2026-05-18,2026-05-24,Total,2
Kryvorizkyi,2026-05-18,2026-05-24,Fuel depot,1
Kryvorizkyi,2026-05-18,2026-05-24,Industrial/Business/Enterprise facilities,1
Kryvorizkyi,2026-05-18,2026-05-24,Total,2
Kupianskyi,2026-05-18,2026-05-24,Fuel depot,1
Kupianskyi,2026-05-18,2026-05-24,Industrial/Business/Enterprise facilities,2
Kupianskyi,2026-05-18,2026-05-24,Total,3
Kyiv,2026-05-18,2026-05-24,"Cultural facilities (museum, theater etc.)",11
Kyiv,2026-05-18,2026-05-24,"Education facility (school, etc.)",4
Kyiv,2026-05-18,2026-05-24,Government facilities,4
Kyiv,2026-05-18,2026-05-24,Industrial/Business/Enterprise facilities,17
Kyiv,2026-05-18,2026-05-24,Other,1
Kyiv,2026-05-18,2026-05-24,Total,38
Kyiv,2026-05-18,2026-05-24,Warehouse,1
Melitopolskyi,2026-05-18,2026-05-24,Electricity supply system,1
Melitopolskyi,2026-05-18,2026-05-24,Railway,1
Melitopolskyi,2026-05-18,2026-05-24,Total,2
Myrhorodskyi,2026-05-18,2026-05-24,Industrial/Business/Enterprise facilities,1
Myrhorodskyi,2026-05-18,2026-05-24,Total,1
Nikopolskyi,2026-05-18,2026-05-24,"Education facility (school, etc.)",3
Nikopolskyi,2026-05-18,2026-05-24,Fuel depot,2
Nikopolskyi,2026-05-18,2026-05-24,Government facilities,2
Nikopolskyi,2026-05-18,2026-05-24,Industrial/Business/Enterprise facilities,4
Nikopolskyi,2026-05-18,2026-05-24,Total,11
Novhorod-Siverskyi,2026-05-18,2026-05-24,Agricultural facilities,1
Novhorod-Siverskyi,2026-05-18,2026-05-24,Industrial/Business/Enterprise facilities,1
Novhorod-Siverskyi,2026-05-18,2026-05-24,Total,2
Odeskyi,2026-05-18,2026-05-24,"Education facility (school, etc.)",2
Odeskyi,2026-05-18,2026-05-24,Other,1
Odeskyi,2026-05-18,2026-05-24,Total,4
Odeskyi,2026-05-18,2026-05-24,Warehouse,1
Poltavskyi,2026-05-18,2026-05-24,Government facilities,1
Poltavskyi,2026-05-18,2026-05-24,Total,1
Prylutskyi,2026-05-18,2026-05-24,"Education facility (school, etc.)",1
Prylutskyi,2026-05-18,2026-05-24,"Health facility (hospital, health clinic)",1
Prylutskyi,2026-05-18,2026-05-24,Industrial/Business/Enterprise facilities,21
Prylutskyi,2026-05-18,2026-05-24,Total,24
Prylutskyi,2026-05-18,2026-05-24,Warehouse,1
Shostkynskyi,2026-05-18,2026-05-24,"Education facility (school, etc.)",1
Shostkynskyi,2026-05-18,2026-05-24,Government facilities,2
Shostkynskyi,2026-05-18,2026-05-24,Total,3
Sumskyi,2026-05-18,2026-05-24,Industrial/Business/Enterprise facilities,1
Sumskyi,2026-05-18,2026-05-24,Total,1
Synelnykivskyi,2026-05-18,2026-05-24,Government facilities,3
Synelnykivskyi,2026-05-18,2026-05-24,Religious facilities,1
Synelnykivskyi,2026-05-18,2026-05-24,Total,4
Zaporizkyi,2026-05-18,2026-05-24,Industrial/Business/Enterprise facilities,1
Zaporizkyi,2026-05-18,2026-05-24,Total,1
Bohodukhivskyi,2026-05-11,2026-05-17,Electricity supply system,3
Bohodukhivskyi,2026-05-11,2026-05-17,Government facilities,2
Bohodukhivskyi,2026-05-11,2026-05-17,"Health facility (hospital, health clinic)",1
Bohodukhivskyi,2026-05-11,2026-05-17,Industrial/Business/Enterprise facilities,1
Bohodukhivskyi,2026-05-11,2026-05-17,Total,7
Boryspilskyi,2026-05-11,2026-05-17,Gas supply system,1
Boryspilskyi,2026-05-11,2026-05-17,Industrial/Business/Enterprise facilities,1
Boryspilskyi,2026-05-11,2026-05-17,Total,2
Brovarskyi,2026-05-11,2026-05-17,Industrial/Business/Enterprise facilities,1
Brovarskyi,2026-05-11,2026-05-17,Total,1
Buchanskyi,2026-05-11,2026-05-17,Total,1
Buchanskyi,2026-05-11,2026-05-17,Warehouse,1
Cherkaskyi,2026-05-11,2026-05-17,Industrial/Business/Enterprise facilities,1
Cherkaskyi,2026-05-11,2026-05-17,Total,1
Chernihivskyi,2026-05-11,2026-05-17,Electricity supply system,2
Chernihivskyi,2026-05-11,2026-05-17,Government facilities,1
Chernihivskyi,2026-05-11,2026-05-17,Industrial/Business/Enterprise facilities,2
Chernihivskyi,2026-05-11,2026-05-17,Total,5
Dniprovskyi,2026-05-11,2026-05-17,Gas supply system,1
Dniprovskyi,2026-05-11,2026-05-17,Industrial/Business/Enterprise facilities,1
Dniprovskyi,2026-05-11,2026-05-17,Religious facilities,1
Dniprovskyi,2026-05-11,2026-05-17,Total,3
Drohobytskyi,2026-05-11,2026-05-17,Industrial/Business/Enterprise facilities,1
Drohobytskyi,2026-05-11,2026-05-17,Total,1
Ivano-Frankivskyi,2026-05-11,2026-05-17,"Education facility (school, etc.)",1
Ivano-Frankivskyi,2026-05-11,2026-05-17,Government facilities,1
Ivano-Frankivskyi,2026-05-11,2026-05-17,"Health facility (hospital, health clinic)",1
Ivano-Frankivskyi,2026-05-11,2026-05-17,Industrial/Business/Enterprise facilities,1
Ivano-Frankivskyi,2026-05-11,2026-05-17,Total,4
Izmailskyi,2026-05-11,2026-05-17,Electricity supply system,1
Izmailskyi,2026-05-11,2026-05-17,Total,1
Kharkivskyi,2026-05-11,2026-05-17,"Education facility (school, etc.)",1
Kharkivskyi,2026-05-11,2026-05-17,Electricity supply system,2
Kharkivskyi,2026-05-11,2026-05-17,Industrial/Business/Enterprise facilities,1
Kharkivskyi,2026-05-11,2026-05-17,Other,7
Kharkivskyi,2026-05-11,2026-05-17,Railway,1
Kharkivskyi,2026-05-11,2026-05-17,Total,13
Kharkivskyi,2026-05-11,2026-05-17,Warehouse,1
Koriukivskyi,2026-05-11,2026-05-17,Industrial/Business/Enterprise facilities,1
Koriukivskyi,2026-05-11,2026-05-17,Total,1
Kovelskyi,2026-05-11,2026-05-17,Railway,1
Kovelskyi,2026-05-11,2026-05-17,Total,1
Kramatorskyi,2026-05-11,2026-05-17,Industrial/Business/Enterprise facilities,1
Kramatorskyi,2026-05-11,2026-05-17,Total,1
Kremenchutskyi,2026-05-11,2026-05-17,Industrial/Business/Enterprise facilities,1
Kremenchutskyi,2026-05-11,2026-05-17,Total,1
Kryvorizkyi,2026-05-11,2026-05-17,Fuel depot,1
Kryvorizkyi,2026-05-11,2026-05-17,Industrial/Business/Enterprise facilities,1
Kryvorizkyi,2026-05-11,2026-05-17,Total,2
Kyiv,2026-05-11,2026-05-17,Electricity supply system,2
Kyiv,2026-05-11,2026-05-17,Industrial/Business/Enterprise facilities,2
Kyiv,2026-05-11,2026-05-17,Total,6
Kyiv,2026-05-11,2026-05-17,Warehouse,2
Lutskyi,2026-05-11,2026-05-17,"Education facility (school, etc.)",2
Lutskyi,2026-05-11,2026-05-17,Total,2
Mukachivskyi,2026-05-11,2026-05-17,Railway,2
Mukachivskyi,2026-05-11,2026-05-17,Total,2
Mykolaivskyi,2026-05-11,2026-05-17,Government facilities,1
Mykolaivskyi,2026-05-11,2026-05-17,Total,1
Myrhorodskyi,2026-05-11,2026-05-17,Industrial/Business/Enterprise facilities,1
Myrhorodskyi,2026-05-11,2026-05-17,Total,1
Nadvirnianskyi,2026-05-11,2026-05-17,Electricity supply system,1
Nadvirnianskyi,2026-05-11,2026-05-17,Total,1
Nikopolskyi,2026-05-11,2026-05-17,"Education facility (school, etc.)",1
Nikopolskyi,2026-05-11,2026-05-17,Fuel depot,3
Nikopolskyi,2026-05-11,2026-05-17,Government facilities,3
Nikopolskyi,2026-05-11,2026-05-17,Industrial/Business/Enterprise facilities,3
Nikopolskyi,2026-05-11,2026-05-17,Total,10
Novhorod-Siverskyi,2026-05-11,2026-05-17,Agricultural facilities,1
Novhorod-Siverskyi,2026-05-11,2026-05-17,Industrial/Business/Enterprise facilities,1
Novhorod-Siverskyi,2026-05-11,2026-05-17,Total,2
Odeskyi,2026-05-11,2026-05-17,Total,1
Odeskyi,2026-05-11,2026-05-17,Warehouse,1
Poltavskyi,2026-05-11,2026-05-17,"Education facility (school, etc.)",1
Poltavskyi,2026-05-11,2026-05-17,Electricity supply system,1
Poltavskyi,2026-05-11,2026-05-17,Total,2
Shostkynskyi,2026-05-11,2026-05-17,"Education facility (school, etc.)",2
Shostkynskyi,2026-05-11,2026-05-17,Total,2
Synelnykivskyi,2026-05-11,2026-05-17,Industrial/Business/Enterprise facilities,1
Synelnykivskyi,2026-05-11,2026-05-17,Total,1
Uzhhorodskyi,2026-05-11,2026-05-17,Railway,1
Uzhhorodskyi,2026-05-11,2026-05-17,Total,1
Zaporizkyi,2026-05-11,2026-05-17,Agricultural facilities,1
Zaporizkyi,2026-05-11,2026-05-17,Fuel depot,1
Zaporizkyi,2026-05-11,2026-05-17,Industrial/Business/Enterprise facilities,2
Zaporizkyi,2026-05-11,2026-05-17,Total,4
Bashtanskyi,2026-05-04,2026-05-10,Industrial/Business/Enterprise facilities,1
Bashtanskyi,2026-05-04,2026-05-10,Total,1
Bohodukhivskyi,2026-05-04,2026-05-10,"Education facility (school, etc.)",2
Bohodukhivskyi,2026-05-04,2026-05-10,Electricity supply system,1
Bohodukhivskyi,2026-05-04,2026-05-10,Industrial/Business/Enterprise facilities,3
Bohodukhivskyi,2026-05-04,2026-05-10,Total,6
Chernihivskyi,2026-05-04,2026-05-10,Government facilities,1
Chernihivskyi,2026-05-04,2026-05-10,Total,1
Dniprovskyi,2026-05-04,2026-05-10,"Cultural facilities (museum, theater etc.)",2
Dniprovskyi,2026-05-04,2026-05-10,Industrial/Business/Enterprise facilities,2
Dniprovskyi,2026-05-04,2026-05-10,Total,4
Iziumskyi,2026-05-04,2026-05-10,"Education facility (school, etc.)",2
Iziumskyi,2026-05-04,2026-05-10,Industrial/Business/Enterprise facilities,1
Iziumskyi,2026-05-04,2026-05-10,Total,3
Kharkivskyi,2026-05-04,2026-05-10,Government facilities,2
Kharkivskyi,2026-05-04,2026-05-10,"Health facility (hospital, health clinic)",2
Kharkivskyi,2026-05-04,2026-05-10,Industrial/Business/Enterprise facilities,6
Kharkivskyi,2026-05-04,2026-05-10,Railway,2
Kharkivskyi,2026-05-04,2026-05-10,Total,13
Kharkivskyi,2026-05-04,2026-05-10,Warehouse,1
Khersonskyi,2026-05-04,2026-05-10,Government facilities,1
Khersonskyi,2026-05-04,2026-05-10,Total,1
Konotopskyi,2026-05-04,2026-05-10,Agricultural facilities,1
Konotopskyi,2026-05-04,2026-05-10,Total,1
Koriukivskyi,2026-05-04,2026-05-10,"Education facility (school, etc.)",3
Koriukivskyi,2026-05-04,2026-05-10,Government facilities,1
Koriukivskyi,2026-05-04,2026-05-10,Industrial/Business/Enterprise facilities,1
Koriukivskyi,2026-05-04,2026-05-10,Other,1
Koriukivskyi,2026-05-04,2026-05-10,Total,6
Kramatorskyi,2026-05-04,2026-05-10,Government facilities,4
Kramatorskyi,2026-05-04,2026-05-10,Other,2
Kramatorskyi,2026-05-04,2026-05-10,Total,6
Kryvorizkyi,2026-05-04,2026-05-10,Fuel depot,1
Kryvorizkyi,2026-05-04,2026-05-10,Industrial/Business/Enterprise facilities,1
Kryvorizkyi,2026-05-04,2026-05-10,Other,1
Kryvorizkyi,2026-05-04,2026-05-10,Total,3
Nikopolskyi,2026-05-04,2026-05-10,"Education facility (school, etc.)",2
Nikopolskyi,2026-05-04,2026-05-10,Fuel depot,2
Nikopolskyi,2026-05-04,2026-05-10,Government facilities,2
Nikopolskyi,2026-05-04,2026-05-10,"Health facility (hospital, health clinic)",1
Nikopolskyi,2026-05-04,2026-05-10,Industrial/Business/Enterprise facilities,12
Nikopolskyi,2026-05-04,2026-05-10,Religious facilities,1
Nikopolskyi,2026-05-04,2026-05-10,Total,20
Novhorod-Siverskyi,2026-05-04,2026-05-10,Agricultural facilities,1
Novhorod-Siverskyi,2026-05-04,2026-05-10,Total,2
Novhorod-Siverskyi,2026-05-04,2026-05-10,Warehouse,1
Novomoskovskyi,2026-05-04,2026-05-10,Industrial/Business/Enterprise facilities,1
Novomoskovskyi,2026-05-04,2026-05-10,Total,1
Odeskyi,2026-05-04,2026-05-10,Agricultural facilities,1
Odeskyi,2026-05-04,2026-05-10,Total,1
Poltavskyi,2026-05-04,2026-05-10,Electricity supply system,1
Poltavskyi,2026-05-04,2026-05-10,Industrial/Business/Enterprise facilities,1
Poltavskyi,2026-05-04,2026-05-10,Railway,1
Poltavskyi,2026-05-04,2026-05-10,Total,4
Poltavskyi,2026-05-04,2026-05-10,Warehouse,1
Shostkynskyi,2026-05-04,2026-05-10,"Health facility (hospital, health clinic)",1
Shostkynskyi,2026-05-04,2026-05-10,Other,1
Shostkynskyi,2026-05-04,2026-05-10,Total,2
Sumskyi,2026-05-04,2026-05-10,"Education facility (school, etc.)",1
Sumskyi,2026-05-04,2026-05-10,Industrial/Business/Enterprise facilities,1
Sumskyi,2026-05-04,2026-05-10,Other,1
Sumskyi,2026-05-04,2026-05-10,Total,4
Sumskyi,2026-05-04,2026-05-10,Warehouse,1
Synelnykivskyi,2026-05-04,2026-05-10,Industrial/Business/Enterprise facilities,1
Synelnykivskyi,2026-05-04,2026-05-10,Total,1
Vyshhorodskyi,2026-05-04,2026-05-10,Fuel depot,1
Vyshhorodskyi,2026-05-04,2026-05-10,Industrial/Business/Enterprise facilities,1
Vyshhorodskyi,2026-05-04,2026-05-10,Total,2
Zaporizkyi,2026-05-04,2026-05-10,"Education facility (school, etc.)",2
Zaporizkyi,2026-05-04,2026-05-10,Fuel depot,1
Zaporizkyi,2026-05-04,2026-05-10,"Health facility (hospital, health clinic)",1
Zaporizkyi,2026-05-04,2026-05-10,Industrial/Business/Enterprise facilities,5
Zaporizkyi,2026-05-04,2026-05-10,Religious facilities,1
Zaporizkyi,2026-05-04,2026-05-10,Total,10
Bohodukhivskyi,2026-04-27,2026-05-03,Electricity supply system,2
Bohodukhivskyi,2026-04-27,2026-05-03,Gas supply system,1
Bohodukhivskyi,2026-04-27,2026-05-03,Government facilities,2
Bohodukhivskyi,2026-04-27,2026-05-03,Industrial/Business/Enterprise facilities,2
Bohodukhivskyi,2026-04-27,2026-05-03,Total,7
Chernihivskyi,2026-04-27,2026-05-03,Government facilities,1
Chernihivskyi,2026-04-27,2026-05-03,Total,1
Dniprovskyi,2026-04-27,2026-05-03,"Education facility (school, etc.)",3
Dniprovskyi,2026-04-27,2026-05-03,Electricity supply system,1
Dniprovskyi,2026-04-27,2026-05-03,Industrial/Business/Enterprise facilities,4
Dniprovskyi,2026-04-27,2026-05-03,Total,8
Haisynskyi,2026-04-27,2026-05-03,Government facilities,1
Haisynskyi,2026-04-27,2026-05-03,"Health facility (hospital, health clinic)",1
Haisynskyi,2026-04-27,2026-05-03,Industrial/Business/Enterprise facilities,2
Haisynskyi,2026-04-27,2026-05-03,Religious facilities,1
Haisynskyi,2026-04-27,2026-05-03,Total,5
Iziumskyi,2026-04-27,2026-05-03,Agricultural facilities,1
Iziumskyi,2026-04-27,2026-05-03,Government facilities,1
Iziumskyi,2026-04-27,2026-05-03,"Health facility (hospital, health clinic)",1
Iziumskyi,2026-04-27,2026-05-03,Industrial/Business/Enterprise facilities,1
Iziumskyi,2026-04-27,2026-05-03,Total,4
Izmailskyi,2026-04-27,2026-05-03,"Cultural facilities (museum, theater etc.)",1
Izmailskyi,2026-04-27,2026-05-03,Harbor,1
Izmailskyi,2026-04-27,2026-05-03,"Health facility (hospital, health clinic)",1
Izmailskyi,2026-04-27,2026-05-03,Total,3
Kamianskyi,2026-04-27,2026-05-03,Fuel depot,1
Kamianskyi,2026-04-27,2026-05-03,Total,1
Kharkivskyi,2026-04-27,2026-05-03,Fuel depot,7
Kharkivskyi,2026-04-27,2026-05-03,Government facilities,1
Kharkivskyi,2026-04-27,2026-05-03,Industrial/Business/Enterprise facilities,1
Kharkivskyi,2026-04-27,2026-05-03,Total,9
Khersonskyi,2026-04-27,2026-05-03,"Education facility (school, etc.)",1
Khersonskyi,2026-04-27,2026-05-03,Electricity supply system,1
Khersonskyi,2026-04-27,2026-05-03,Fuel depot,1
Khersonskyi,2026-04-27,2026-05-03,"Health facility (hospital, health clinic)",1
Khersonskyi,2026-04-27,2026-05-03,Industrial/Business/Enterprise facilities,1
Khersonskyi,2026-04-27,2026-05-03,Total,5
Konotopskyi,2026-04-27,2026-05-03,Government facilities,1
Konotopskyi,2026-04-27,2026-05-03,"Health facility (hospital, health clinic)",1
Konotopskyi,2026-04-27,2026-05-03,Road / Highway,1
Konotopskyi,2026-04-27,2026-05-03,Total,3
Koriukivskyi,2026-04-27,2026-05-03,Industrial/Business/Enterprise facilities,2
Koriukivskyi,2026-04-27,2026-05-03,Total,2
Kramatorskyi,2026-04-27,2026-05-03,Fuel depot,1
Kramatorskyi,2026-04-27,2026-05-03,Industrial/Business/Enterprise facilities,1
Kramatorskyi,2026-04-27,2026-05-03,Total,2
Kyiv,2026-04-27,2026-05-03,"Education facility (school, etc.)",1
Kyiv,2026-04-27,2026-05-03,Other,1
Kyiv,2026-04-27,2026-05-03,Total,2
Nikopolskyi,2026-04-27,2026-05-03,"Cultural facilities (museum, theater etc.)",1
Nikopolskyi,2026-04-27,2026-05-03,"Education facility (school, etc.)",2
Nikopolskyi,2026-04-27,2026-05-03,Fuel depot,2
Nikopolskyi,2026-04-27,2026-05-03,Government facilities,4
Nikopolskyi,2026-04-27,2026-05-03,"Health facility (hospital, health clinic)",2
Nikopolskyi,2026-04-27,2026-05-03,Industrial/Business/Enterprise facilities,5
Nikopolskyi,2026-04-27,2026-05-03,Other,1
Nikopolskyi,2026-04-27,2026-05-03,Total,17
Novhorod-Siverskyi,2026-04-27,2026-05-03,"Health facility (hospital, health clinic)",1
Novhorod-Siverskyi,2026-04-27,2026-05-03,Industrial/Business/Enterprise facilities,1
Novhorod-Siverskyi,2026-04-27,2026-05-03,Total,3
Novhorod-Siverskyi,2026-04-27,2026-05-03,Warehouse,1
Odeskyi,2026-04-27,2026-05-03,"Education facility (school, etc.)",1
Odeskyi,2026-04-27,2026-05-03,Government facilities,1
Odeskyi,2026-04-27,2026-05-03,Industrial/Business/Enterprise facilities,4
Odeskyi,2026-04-27,2026-05-03,Total,7
Odeskyi,2026-04-27,2026-05-03,Warehouse,1
Poltavskyi,2026-04-27,2026-05-03,Railway,1
Poltavskyi,2026-04-27,2026-05-03,Total,1
Shostkynskyi,2026-04-27,2026-05-03,"Education facility (school, etc.)",2
Shostkynskyi,2026-04-27,2026-05-03,"Health facility (hospital, health clinic)",1
Shostkynskyi,2026-04-27,2026-05-03,Industrial/Business/Enterprise facilities,2
Shostkynskyi,2026-04-27,2026-05-03,Total,5
Sumskyi,2026-04-27,2026-05-03,"Education facility (school, etc.)",1
Sumskyi,2026-04-27,2026-05-03,Industrial/Business/Enterprise facilities,1
Sumskyi,2026-04-27,2026-05-03,Other,1
Sumskyi,2026-04-27,2026-05-03,Total,3
Synelnykivskyi,2026-04-27,2026-05-03,Industrial/Business/Enterprise facilities,1
Synelnykivskyi,2026-04-27,2026-05-03,Total,1
Ternopilskyi,2026-04-27,2026-05-03,Industrial/Business/Enterprise facilities,1
Ternopilskyi,2026-04-27,2026-05-03,Total,1
Zaporizkyi,2026-04-27,2026-05-03,Agricultural facilities,1
Zaporizkyi,2026-04-27,2026-05-03,Total,1
Zolotoniskyi,2026-04-27,2026-05-03,"Education facility (school, etc.)",2
Zolotoniskyi,2026-04-27,2026-05-03,Electricity supply system,1
Zolotoniskyi,2026-04-27,2026-05-03,Total,3
Bilotserkivskyi,2026-04-20,2026-04-26,Industrial/Business/Enterprise facilities,1
Bilotserkivskyi,2026-04-20,2026-04-26,Other,1
Bilotserkivskyi,2026-04-20,2026-04-26,Total,3
Bilotserkivskyi,2026-04-20,2026-04-26,Warehouse,1
Bohodukhivskyi,2026-04-20,2026-04-26,Agricultural facilities,1
Bohodukhivskyi,2026-04-20,2026-04-26,"Cultural facilities (museum, theater etc.)",1
Bohodukhivskyi,2026-04-20,2026-04-26,Fuel depot,1
Bohodukhivskyi,2026-04-20,2026-04-26,Government facilities,2
Bohodukhivskyi,2026-04-20,2026-04-26,"Health facility (hospital, health clinic)",1
Bohodukhivskyi,2026-04-20,2026-04-26,Industrial/Business/Enterprise facilities,2
Bohodukhivskyi,2026-04-20,2026-04-26,Total,8
Chernihivskyi,2026-04-20,2026-04-26,Electricity supply system,1
Chernihivskyi,2026-04-20,2026-04-26,Industrial/Business/Enterprise facilities,2
Chernihivskyi,2026-04-20,2026-04-26,Religious facilities,1
Chernihivskyi,2026-04-20,2026-04-26,Total,4
Chuhuivskyi,2026-04-20,2026-04-26,Agricultural facilities,1
Chuhuivskyi,2026-04-20,2026-04-26,Total,2
Chuhuivskyi,2026-04-20,2026-04-26,Warehouse,1
Dniprovskyi,2026-04-20,2026-04-26,"Cultural facilities (museum, theater etc.)",1
Dniprovskyi,2026-04-20,2026-04-26,"Education facility (school, etc.)",4
Dniprovskyi,2026-04-20,2026-04-26,Electricity supply system,1
Dniprovskyi,2026-04-20,2026-04-26,Fuel depot,1
Dniprovskyi,2026-04-20,2026-04-26,Government facilities,1
Dniprovskyi,2026-04-20,2026-04-26,"Health facility (hospital, health clinic)",1
Dniprovskyi,2026-04-20,2026-04-26,Industrial/Business/Enterprise facilities,3
Dniprovskyi,2026-04-20,2026-04-26,Total,12
Iziumskyi,2026-04-20,2026-04-26,"Cultural facilities (museum, theater etc.)",1
Iziumskyi,2026-04-20,2026-04-26,"Education facility (school, etc.)",1
Iziumskyi,2026-04-20,2026-04-26,Total,2
Izmailskyi,2026-04-20,2026-04-26,Harbor,1
Izmailskyi,2026-04-20,2026-04-26,Total,1
Kharkivskyi,2026-04-20,2026-04-26,"Cultural facilities (museum, theater etc.)",1
Kharkivskyi,2026-04-20,2026-04-26,"Education facility (school, etc.)",1
Kharkivskyi,2026-04-20,2026-04-26,Electricity supply system,1
Kharkivskyi,2026-04-20,2026-04-26,Gas supply system,1
Kharkivskyi,2026-04-20,2026-04-26,Government facilities,1
Kharkivskyi,2026-04-20,2026-04-26,Industrial/Business/Enterprise facilities,1
Kharkivskyi,2026-04-20,2026-04-26,Total,6
Kramatorskyi,2026-04-20,2026-04-26,"Education facility (school, etc.)",1
Kramatorskyi,2026-04-20,2026-04-26,Fuel depot,1
Kramatorskyi,2026-04-20,2026-04-26,Government facilities,1
Kramatorskyi,2026-04-20,2026-04-26,"Health facility (hospital, health clinic)",1
Kramatorskyi,2026-04-20,2026-04-26,Industrial/Business/Enterprise facilities,7
Kramatorskyi,2026-04-20,2026-04-26,Other,2
Kramatorskyi,2026-04-20,2026-04-26,Religious facilities,1
Kramatorskyi,2026-04-20,2026-04-26,Total,14
Kryvorizkyi,2026-04-20,2026-04-26,Electricity supply system,2
Kryvorizkyi,2026-04-20,2026-04-26,Government facilities,1
Kryvorizkyi,2026-04-20,2026-04-26,Railway,1
Kryvorizkyi,2026-04-20,2026-04-26,Total,4
Lozivskyi,2026-04-20,2026-04-26,Agricultural facilities,1
Lozivskyi,2026-04-20,2026-04-26,Total,1
Mykolaivskyi,2026-04-20,2026-04-26,Electricity supply system,1
Mykolaivskyi,2026-04-20,2026-04-26,Total,1
Nikopolskyi,2026-04-20,2026-04-26,Agricultural facilities,1
Nikopolskyi,2026-04-20,2026-04-26,"Cultural facilities (museum, theater etc.)",1
Nikopolskyi,2026-04-20,2026-04-26,Fuel depot,1
Nikopolskyi,2026-04-20,2026-04-26,Industrial/Business/Enterprise facilities,5
Nikopolskyi,2026-04-20,2026-04-26,Total,8
Nizhynskyi,2026-04-20,2026-04-26,Total,2
Nizhynskyi,2026-04-20,2026-04-26,Water supply system,2
Novhorod-Siverskyi,2026-04-20,2026-04-26,Agricultural facilities,4
Novhorod-Siverskyi,2026-04-20,2026-04-26,"Health facility (hospital, health clinic)",1
Novhorod-Siverskyi,2026-04-20,2026-04-26,Heating and water facility,1
Novhorod-Siverskyi,2026-04-20,2026-04-26,Industrial/Business/Enterprise facilities,1
Novhorod-Siverskyi,2026-04-20,2026-04-26,Other,1
Novhorod-Siverskyi,2026-04-20,2026-04-26,Total,9
Novhorod-Siverskyi,2026-04-20,2026-04-26,Warehouse,1
Odeskyi,2026-04-20,2026-04-26,Government facilities,1
Odeskyi,2026-04-20,2026-04-26,Industrial/Business/Enterprise facilities,1
Odeskyi,2026-04-20,2026-04-26,Total,2
Okhtyrskyi,2026-04-20,2026-04-26,Industrial/Business/Enterprise facilities,1
Okhtyrskyi,2026-04-20,2026-04-26,Total,1
Prylutskyi,2026-04-20,2026-04-26,"Cultural facilities (museum, theater etc.)",1
Prylutskyi,2026-04-20,2026-04-26,Government facilities,3
Prylutskyi,2026-04-20,2026-04-26,Industrial/Business/Enterprise facilities,1
Prylutskyi,2026-04-20,2026-04-26,Total,5
Synelnykivskyi,2026-04-20,2026-04-26,"Cultural facilities (museum, theater etc.)",2
Synelnykivskyi,2026-04-20,2026-04-26,Total,2
Zaporizkyi,2026-04-20,2026-04-26,"Cultural facilities (museum, theater etc.)",1
Zaporizkyi,2026-04-20,2026-04-26,"Education facility (school, etc.)",2
Zaporizkyi,2026-04-20,2026-04-26,Electricity supply system,1
Zaporizkyi,2026-04-20,2026-04-26,Government facilities,1
Zaporizkyi,2026-04-20,2026-04-26,Industrial/Business/Enterprise facilities,1
Zaporizkyi,2026-04-20,2026-04-26,Railway,1
Zaporizkyi,2026-04-20,2026-04-26,Telecommunications,1
Zaporizkyi,2026-04-20,2026-04-26,Total,8
Bilotserkivskyi,2026-04-13,2026-04-19,Industrial/Business/Enterprise facilities,1
Bilotserkivskyi,2026-04-13,2026-04-19,Total,1
Bohodukhivskyi,2026-04-13,2026-04-19,"Cultural facilities (museum, theater etc.)",1
Bohodukhivskyi,2026-04-13,2026-04-19,Electricity supply system,3
Bohodukhivskyi,2026-04-13,2026-04-19,"Health facility (hospital, health clinic)",2
Bohodukhivskyi,2026-04-13,2026-04-19,Total,6
Chernihivskyi,2026-04-13,2026-04-19,"Education facility (school, etc.)",3
Chernihivskyi,2026-04-13,2026-04-19,Government facilities,2
Chernihivskyi,2026-04-13,2026-04-19,Industrial/Business/Enterprise facilities,1
Chernihivskyi,2026-04-13,2026-04-19,Total,6
Dniprovskyi,2026-04-13,2026-04-19,"Cultural facilities (museum, theater etc.)",1
Dniprovskyi,2026-04-13,2026-04-19,"Education facility (school, etc.)",5
Dniprovskyi,2026-04-13,2026-04-19,Fuel depot,1
Dniprovskyi,2026-04-13,2026-04-19,Government facilities,1
Dniprovskyi,2026-04-13,2026-04-19,"Health facility (hospital, health clinic)",1
Dniprovskyi,2026-04-13,2026-04-19,Industrial/Business/Enterprise facilities,3
Dniprovskyi,2026-04-13,2026-04-19,Religious facilities,1
Dniprovskyi,2026-04-13,2026-04-19,Total,13
Izmailskyi,2026-04-13,2026-04-19,Electricity supply system,1
Izmailskyi,2026-04-13,2026-04-19,Harbor,2
Izmailskyi,2026-04-13,2026-04-19,Industrial/Business/Enterprise facilities,1
Izmailskyi,2026-04-13,2026-04-19,Total,4
Kamianskyi,2026-04-13,2026-04-19,Industrial/Business/Enterprise facilities,1
Kamianskyi,2026-04-13,2026-04-19,Total,1
Kharkivskyi,2026-04-13,2026-04-19,Agricultural facilities,1
Kharkivskyi,2026-04-13,2026-04-19,Electricity supply system,1
Kharkivskyi,2026-04-13,2026-04-19,Fuel depot,1
Kharkivskyi,2026-04-13,2026-04-19,Gas supply system,1
Kharkivskyi,2026-04-13,2026-04-19,Industrial/Business/Enterprise facilities,4
Kharkivskyi,2026-04-13,2026-04-19,Total,8
Khersonskyi,2026-04-13,2026-04-19,Electricity supply system,1
Khersonskyi,2026-04-13,2026-04-19,"Health facility (hospital, health clinic)",1
Khersonskyi,2026-04-13,2026-04-19,Industrial/Business/Enterprise facilities,1
Khersonskyi,2026-04-13,2026-04-19,Total,4
Khersonskyi,2026-04-13,2026-04-19,Warehouse,1
Kramatorskyi,2026-04-13,2026-04-19,"Education facility (school, etc.)",2
Kramatorskyi,2026-04-13,2026-04-19,Government facilities,3
Kramatorskyi,2026-04-13,2026-04-19,Industrial/Business/Enterprise facilities,1
Kramatorskyi,2026-04-13,2026-04-19,Total,6
Kyiv,2026-04-13,2026-04-19,Electricity supply system,1
Kyiv,2026-04-13,2026-04-19,Fuel depot,1
Kyiv,2026-04-13,2026-04-19,Industrial/Business/Enterprise facilities,7
Kyiv,2026-04-13,2026-04-19,Total,10
Kyiv,2026-04-13,2026-04-19,Warehouse,1
Myrhorodskyi,2026-04-13,2026-04-19,Agricultural facilities,1
Myrhorodskyi,2026-04-13,2026-04-19,Electricity supply system,1
Myrhorodskyi,2026-04-13,2026-04-19,Total,2
Nikopolskyi,2026-04-13,2026-04-19,Agricultural facilities,3
Nikopolskyi,2026-04-13,2026-04-19,"Cultural facilities (museum, theater etc.)",1
Nikopolskyi,2026-04-13,2026-04-19,"Education facility (school, etc.)",1
Nikopolskyi,2026-04-13,2026-04-19,Electricity supply system,1
Nikopolskyi,2026-04-13,2026-04-19,Government facilities,2
Nikopolskyi,2026-04-13,2026-04-19,Industrial/Business/Enterprise facilities,2
Nikopolskyi,2026-04-13,2026-04-19,Total,10
Novhorod-Siverskyi,2026-04-13,2026-04-19,Government facilities,1
Novhorod-Siverskyi,2026-04-13,2026-04-19,"Health facility (hospital, health clinic)",1
Novhorod-Siverskyi,2026-04-13,2026-04-19,Total,2
Odeskyi,2026-04-13,2026-04-19,"Education facility (school, etc.)",2
Odeskyi,2026-04-13,2026-04-19,Government facilities,1
Odeskyi,2026-04-13,2026-04-19,Industrial/Business/Enterprise facilities,2
Odeskyi,2026-04-13,2026-04-19,Total,5
Sumskyi,2026-04-13,2026-04-19,Fuel depot,1
Sumskyi,2026-04-13,2026-04-19,Government facilities,1
Sumskyi,2026-04-13,2026-04-19,"Health facility (hospital, health clinic)",2
Sumskyi,2026-04-13,2026-04-19,Road / Highway,1
Sumskyi,2026-04-13,2026-04-19,Total,5
Synelnykivskyi,2026-04-13,2026-04-19,"Cultural facilities (museum, theater etc.)",2
Synelnykivskyi,2026-04-13,2026-04-19,Industrial/Business/Enterprise facilities,1
Synelnykivskyi,2026-04-13,2026-04-19,Total,3
Zaporizkyi,2026-04-13,2026-04-19,Government facilities,1
Zaporizkyi,2026-04-13,2026-04-19,"Health facility (hospital, health clinic)",1
Zaporizkyi,2026-04-13,2026-04-19,Industrial/Business/Enterprise facilities,5
Zaporizkyi,2026-04-13,2026-04-19,Other,1
Zaporizkyi,2026-04-13,2026-04-19,Religious facilities,1
Zaporizkyi,2026-04-13,2026-04-19,Total,9
Bohodukhivskyi,2026-04-06,2026-04-12,Electricity supply system,4
Bohodukhivskyi,2026-04-06,2026-04-12,Gas supply system,1
Bohodukhivskyi,2026-04-06,2026-04-12,Total,5
Chuhuivskyi,2026-04-06,2026-04-12,Electricity supply system,1
Chuhuivskyi,2026-04-06,2026-04-12,Total,1
Feodosiiskyi,2026-04-06,2026-04-12,Oil depot,1
Feodosiiskyi,2026-04-06,2026-04-12,Total,1
Izmailskyi,2026-04-06,2026-04-12,Harbor,1
Izmailskyi,2026-04-06,2026-04-12,Total,2
Izmailskyi,2026-04-06,2026-04-12,Warehouse,1
Kharkivskyi,2026-04-06,2026-04-12,"Education facility (school, etc.)",1
Kharkivskyi,2026-04-06,2026-04-12,Oil depot,1
Kharkivskyi,2026-04-06,2026-04-12,Total,2
Khersonskyi,2026-04-06,2026-04-12,"Education facility (school, etc.)",1
Khersonskyi,2026-04-06,2026-04-12,Total,2
Khersonskyi,2026-04-06,2026-04-12,Warehouse,1
Konotopskyi,2026-04-06,2026-04-12,Electricity supply system,1
Konotopskyi,2026-04-06,2026-04-12,Gas supply system,1
Konotopskyi,2026-04-06,2026-04-12,Government facilities,1
Konotopskyi,2026-04-06,2026-04-12,Total,3
Kramatorskyi,2026-04-06,2026-04-12,"Education facility (school, etc.)",1
Kramatorskyi,2026-04-06,2026-04-12,Government facilities,2
Kramatorskyi,2026-04-06,2026-04-12,Industrial/Business/Enterprise facilities,1
Kramatorskyi,2026-04-06,2026-04-12,Total,4
Kupianskyi,2026-04-06,2026-04-12,"Cultural facilities (museum, theater etc.)",1
Kupianskyi,2026-04-06,2026-04-12,Government facilities,1
Kupianskyi,2026-04-06,2026-04-12,Total,2
Lozivskyi,2026-04-06,2026-04-12,Agricultural facilities,1
Lozivskyi,2026-04-06,2026-04-12,Total,1
Nikopolskyi,2026-04-06,2026-04-12,"Education facility (school, etc.)",1
Nikopolskyi,2026-04-06,2026-04-12,Fuel depot,1
Nikopolskyi,2026-04-06,2026-04-12,Gas supply system,1
Nikopolskyi,2026-04-06,2026-04-12,Government facilities,4
Nikopolskyi,2026-04-06,2026-04-12,"Health facility (hospital, health clinic)",2
Nikopolskyi,2026-04-06,2026-04-12,Industrial/Business/Enterprise facilities,6
Nikopolskyi,2026-04-06,2026-04-12,Total,15
Novhorod-Siverskyi,2026-04-06,2026-04-12,"Cultural facilities (museum, theater etc.)",1
Novhorod-Siverskyi,2026-04-06,2026-04-12,Government facilities,2
Novhorod-Siverskyi,2026-04-06,2026-04-12,Other,1
Novhorod-Siverskyi,2026-04-06,2026-04-12,Total,4
Odeskyi,2026-04-06,2026-04-12,"Cultural facilities (museum, theater etc.)",1
Odeskyi,2026-04-06,2026-04-12,"Education facility (school, etc.)",3
Odeskyi,2026-04-06,2026-04-12,Government facilities,1
Odeskyi,2026-04-06,2026-04-12,Industrial/Business/Enterprise facilities,2
Odeskyi,2026-04-06,2026-04-12,Total,7
Okhtyrskyi,2026-04-06,2026-04-12,Industrial/Business/Enterprise facilities,1
Okhtyrskyi,2026-04-06,2026-04-12,Total,1
Pavlohradskyi,2026-04-06,2026-04-12,Electricity supply system,1
Pavlohradskyi,2026-04-06,2026-04-12,Government facilities,1
Pavlohradskyi,2026-04-06,2026-04-12,Industrial/Business/Enterprise facilities,3
Pavlohradskyi,2026-04-06,2026-04-12,Total,6
Pavlohradskyi,2026-04-06,2026-04-12,Warehouse,1
Prylutskyi,2026-04-06,2026-04-12,Government facilities,3
Prylutskyi,2026-04-06,2026-04-12,Total,3
Sumskyi,2026-04-06,2026-04-12,"Education facility (school, etc.)",1
Sumskyi,2026-04-06,2026-04-12,Total,1
Synelnykivskyi,2026-04-06,2026-04-12,Agricultural facilities,1
Synelnykivskyi,2026-04-06,2026-04-12,"Education facility (school, etc.)",1
Synelnykivskyi,2026-04-06,2026-04-12,Electricity supply system,1
Synelnykivskyi,2026-04-06,2026-04-12,Gas supply system,1
Synelnykivskyi,2026-04-06,2026-04-12,"Health facility (hospital, health clinic)",1
Synelnykivskyi,2026-04-06,2026-04-12,Total,5
Bohodukhivskyi,2026-03-30,2026-04-05,Electricity supply system,5
Bohodukhivskyi,2026-03-30,2026-04-05,Government facilities,1
Bohodukhivskyi,2026-03-30,2026-04-05,"Health facility (hospital, health clinic)",1
Bohodukhivskyi,2026-03-30,2026-04-05,Other,1
Bohodukhivskyi,2026-03-30,2026-04-05,Total,8
Buchanskyi,2026-03-30,2026-04-05,"Education facility (school, etc.)",1
Buchanskyi,2026-03-30,2026-04-05,Industrial/Business/Enterprise facilities,1
Buchanskyi,2026-03-30,2026-04-05,Total,2
Chortkivskyi,2026-03-30,2026-04-05,Agricultural facilities,1
Chortkivskyi,2026-03-30,2026-04-05,Total,1
Dniprovskyi,2026-03-30,2026-04-05,Agricultural facilities,1
Dniprovskyi,2026-03-30,2026-04-05,Total,1
Fastivskyi,2026-03-30,2026-04-05,Government facilities,1
Fastivskyi,2026-03-30,2026-04-05,Other,1
Fastivskyi,2026-03-30,2026-04-05,Total,2
Iziumskyi,2026-03-30,2026-04-05,"Education facility (school, etc.)",1
Iziumskyi,2026-03-30,2026-04-05,Electricity supply system,1
Iziumskyi,2026-03-30,2026-04-05,Industrial/Business/Enterprise facilities,1
Iziumskyi,2026-03-30,2026-04-05,Telecommunications,1
Iziumskyi,2026-03-30,2026-04-05,Total,4
Kharkivskyi,2026-03-30,2026-04-05,"Cultural facilities (museum, theater etc.)",1
Kharkivskyi,2026-03-30,2026-04-05,"Education facility (school, etc.)",3
Kharkivskyi,2026-03-30,2026-04-05,Electricity supply system,1
Kharkivskyi,2026-03-30,2026-04-05,Gas supply system,2
Kharkivskyi,2026-03-30,2026-04-05,"Health facility (hospital, health clinic)",2
Kharkivskyi,2026-03-30,2026-04-05,Industrial/Business/Enterprise facilities,3
Kharkivskyi,2026-03-30,2026-04-05,Religious facilities,1
Kharkivskyi,2026-03-30,2026-04-05,Total,14
Kharkivskyi,2026-03-30,2026-04-05,Water supply system,1
Khmelnytskyi,2026-03-30,2026-04-05,Industrial/Business/Enterprise facilities,2
Khmelnytskyi,2026-03-30,2026-04-05,Total,3
Khmelnytskyi,2026-03-30,2026-04-05,Warehouse,1
Konotopskyi,2026-03-30,2026-04-05,Gas supply system,1
Konotopskyi,2026-03-30,2026-04-05,Total,1
Korostenskyi,2026-03-30,2026-04-05,Industrial/Business/Enterprise facilities,2
Korostenskyi,2026-03-30,2026-04-05,Total,2
Kramatorskyi,2026-03-30,2026-04-05,"Education facility (school, etc.)",1
Kramatorskyi,2026-03-30,2026-04-05,Government facilities,5
Kramatorskyi,2026-03-30,2026-04-05,"Health facility (hospital, health clinic)",1
Kramatorskyi,2026-03-30,2026-04-05,Industrial/Business/Enterprise facilities,6
Kramatorskyi,2026-03-30,2026-04-05,Other,1
Kramatorskyi,2026-03-30,2026-04-05,Railway,1
Kramatorskyi,2026-03-30,2026-04-05,Total,15
Kupianskyi,2026-03-30,2026-04-05,Electricity supply system,1
Kupianskyi,2026-03-30,2026-04-05,Government facilities,1
Kupianskyi,2026-03-30,2026-04-05,Industrial/Business/Enterprise facilities,1
Kupianskyi,2026-03-30,2026-04-05,Total,3
Lozivskyi,2026-03-30,2026-04-05,"Cultural facilities (museum, theater etc.)",1
Lozivskyi,2026-03-30,2026-04-05,Total,1
Lutskyi,2026-03-30,2026-04-05,Industrial/Business/Enterprise facilities,2
Lutskyi,2026-03-30,2026-04-05,Total,2
Myrhorodskyi,2026-03-30,2026-04-05,Industrial/Business/Enterprise facilities,1
Myrhorodskyi,2026-03-30,2026-04-05,Total,1
Nikopolskyi,2026-03-30,2026-04-05,Agricultural facilities,2
Nikopolskyi,2026-03-30,2026-04-05,"Education facility (school, etc.)",3
Nikopolskyi,2026-03-30,2026-04-05,Fuel depot,1
Nikopolskyi,2026-03-30,2026-04-05,Gas supply system,1
Nikopolskyi,2026-03-30,2026-04-05,Government facilities,3
Nikopolskyi,2026-03-30,2026-04-05,"Health facility (hospital, health clinic)",1
Nikopolskyi,2026-03-30,2026-04-05,Industrial/Business/Enterprise facilities,12
Nikopolskyi,2026-03-30,2026-04-05,Religious facilities,1
Nikopolskyi,2026-03-30,2026-04-05,Total,24
Novhorod-Siverskyi,2026-03-30,2026-04-05,"Cultural facilities (museum, theater etc.)",1
Novhorod-Siverskyi,2026-03-30,2026-04-05,"Education facility (school, etc.)",1
Novhorod-Siverskyi,2026-03-30,2026-04-05,Industrial/Business/Enterprise facilities,1
Novhorod-Siverskyi,2026-03-30,2026-04-05,Total,3
Obukhivskyi,2026-03-30,2026-04-05,Industrial/Business/Enterprise facilities,5
Obukhivskyi,2026-03-30,2026-04-05,Total,5
Odeskyi,2026-03-30,2026-04-05,Gas supply system,1
Odeskyi,2026-03-30,2026-04-05,Industrial/Business/Enterprise facilities,1
Odeskyi,2026-03-30,2026-04-05,Total,2
Poltavskyi,2026-03-30,2026-04-05,"Education facility (school, etc.)",1
Poltavskyi,2026-03-30,2026-04-05,Total,1
Sumskyi,2026-03-30,2026-04-05,Heating and water facility,1
Sumskyi,2026-03-30,2026-04-05,Industrial/Business/Enterprise facilities,3
Sumskyi,2026-03-30,2026-04-05,Total,5
Sumskyi,2026-03-30,2026-04-05,Water supply system,1
Synelnykivskyi,2026-03-30,2026-04-05,Agricultural facilities,1
Synelnykivskyi,2026-03-30,2026-04-05,Government facilities,1
Synelnykivskyi,2026-03-30,2026-04-05,Industrial/Business/Enterprise facilities,1
Synelnykivskyi,2026-03-30,2026-04-05,Total,3
Zaporizkyi,2026-03-30,2026-04-05,Government facilities,1
Zaporizkyi,2026-03-30,2026-04-05,Total,1
Bilhorod-Dnistrovskyi,2026-03-23,2026-03-29,Electricity supply system,1
Bilhorod-Dnistrovskyi,2026-03-23,2026-03-29,Total,1
Bilotserkivskyi,2026-03-23,2026-03-29,Industrial/Business/Enterprise facilities,1
Bilotserkivskyi,2026-03-23,2026-03-29,Total,1
Bohodukhivskyi,2026-03-23,2026-03-29,Agricultural facilities,4
Bohodukhivskyi,2026-03-23,2026-03-29,"Cultural facilities (museum, theater etc.)",1
Bohodukhivskyi,2026-03-23,2026-03-29,"Education facility (school, etc.)",2
Bohodukhivskyi,2026-03-23,2026-03-29,Electricity supply system,2
Bohodukhivskyi,2026-03-23,2026-03-29,Total,9
Bolhradskyi,2026-03-23,2026-03-29,Electricity supply system,1
Bolhradskyi,2026-03-23,2026-03-29,Total,1
Boryspilskyi,2026-03-23,2026-03-29,Agricultural facilities,1
Boryspilskyi,2026-03-23,2026-03-29,Total,1
Chernihivskyi,2026-03-23,2026-03-29,Energy Infrastructure (unknown type),1
Chernihivskyi,2026-03-23,2026-03-29,Total,2
Chernihivskyi,2026-03-23,2026-03-29,Warehouse,1
Chuhuivskyi,2026-03-23,2026-03-29,Agricultural facilities,2
Chuhuivskyi,2026-03-23,2026-03-29,Industrial/Business/Enterprise facilities,1
Chuhuivskyi,2026-03-23,2026-03-29,Total,3
Dniprovskyi,2026-03-23,2026-03-29,"Education facility (school, etc.)",2
Dniprovskyi,2026-03-23,2026-03-29,Total,2
Ivano-Frankivskyi,2026-03-23,2026-03-29,"Health facility (hospital, health clinic)",1
Ivano-Frankivskyi,2026-03-23,2026-03-29,Total,1
Iziumskyi,2026-03-23,2026-03-29,"Education facility (school, etc.)",2
Iziumskyi,2026-03-23,2026-03-29,Electricity supply system,1
Iziumskyi,2026-03-23,2026-03-29,Government facilities,1
Iziumskyi,2026-03-23,2026-03-29,Total,4
Izmailskyi,2026-03-23,2026-03-29,Electricity supply system,1
Izmailskyi,2026-03-23,2026-03-29,Government facilities,1
Izmailskyi,2026-03-23,2026-03-29,Harbor,2
Izmailskyi,2026-03-23,2026-03-29,Total,5
Izmailskyi,2026-03-23,2026-03-29,Warehouse,1
Kharkivskyi,2026-03-23,2026-03-29,"Education facility (school, etc.)",1
Kharkivskyi,2026-03-23,2026-03-29,Gas supply system,1
Kharkivskyi,2026-03-23,2026-03-29,Government facilities,1
Kharkivskyi,2026-03-23,2026-03-29,Railway,1
Kharkivskyi,2026-03-23,2026-03-29,Total,4
Khersonskyi,2026-03-23,2026-03-29,"Education facility (school, etc.)",3
Khersonskyi,2026-03-23,2026-03-29,Electricity supply system,2
Khersonskyi,2026-03-23,2026-03-29,Gas supply system,2
Khersonskyi,2026-03-23,2026-03-29,"Health facility (hospital, health clinic)",1
Khersonskyi,2026-03-23,2026-03-29,Industrial/Business/Enterprise facilities,4
Khersonskyi,2026-03-23,2026-03-29,Power plant,1
Khersonskyi,2026-03-23,2026-03-29,Telecommunications,1
Khersonskyi,2026-03-23,2026-03-29,Total,14
Konotopskyi,2026-03-23,2026-03-29,"Cultural facilities (museum, theater etc.)",2
Konotopskyi,2026-03-23,2026-03-29,Industrial/Business/Enterprise facilities,1
Konotopskyi,2026-03-23,2026-03-29,Total,3
Kramatorskyi,2026-03-23,2026-03-29,"Cultural facilities (museum, theater etc.)",1
Kramatorskyi,2026-03-23,2026-03-29,"Education facility (school, etc.)",2
Kramatorskyi,2026-03-23,2026-03-29,Government facilities,2
Kramatorskyi,2026-03-23,2026-03-29,Heating and water facility,1
Kramatorskyi,2026-03-23,2026-03-29,Industrial/Business/Enterprise facilities,7
Kramatorskyi,2026-03-23,2026-03-29,Road / Highway,1
Kramatorskyi,2026-03-23,2026-03-29,Total,14
Kryvorizkyi,2026-03-23,2026-03-29,Industrial/Business/Enterprise facilities,5
Kryvorizkyi,2026-03-23,2026-03-29,Total,5
Kupianskyi,2026-03-23,2026-03-29,"Health facility (hospital, health clinic)",1
Kupianskyi,2026-03-23,2026-03-29,Industrial/Business/Enterprise facilities,1
Kupianskyi,2026-03-23,2026-03-29,Total,2
Lozivskyi,2026-03-23,2026-03-29,Electricity supply system,1
Lozivskyi,2026-03-23,2026-03-29,Total,1
Lvivskyi,2026-03-23,2026-03-29,"Cultural facilities (museum, theater etc.)",1
Lvivskyi,2026-03-23,2026-03-29,Religious facilities,1
Lvivskyi,2026-03-23,2026-03-29,Total,2
Mykolaivskyi,2026-03-23,2026-03-29,Electricity supply system,1
Mykolaivskyi,2026-03-23,2026-03-29,Total,1
Nikopolskyi,2026-03-23,2026-03-29,Agricultural facilities,1
Nikopolskyi,2026-03-23,2026-03-29,Electricity supply system,1
Nikopolskyi,2026-03-23,2026-03-29,Fuel depot,2
Nikopolskyi,2026-03-23,2026-03-29,Government facilities,1
Nikopolskyi,2026-03-23,2026-03-29,Industrial/Business/Enterprise facilities,1
Nikopolskyi,2026-03-23,2026-03-29,Total,6
Novhorod-Siverskyi,2026-03-23,2026-03-29,Agricultural facilities,1
Novhorod-Siverskyi,2026-03-23,2026-03-29,"Cultural facilities (museum, theater etc.)",1
Novhorod-Siverskyi,2026-03-23,2026-03-29,"Education facility (school, etc.)",2
Novhorod-Siverskyi,2026-03-23,2026-03-29,Government facilities,3
Novhorod-Siverskyi,2026-03-23,2026-03-29,Industrial/Business/Enterprise facilities,3
Novhorod-Siverskyi,2026-03-23,2026-03-29,Total,10
Odeskyi,2026-03-23,2026-03-29,"Education facility (school, etc.)",3
Odeskyi,2026-03-23,2026-03-29,Energy Infrastructure (unknown type),1
Odeskyi,2026-03-23,2026-03-29,Government facilities,3
Odeskyi,2026-03-23,2026-03-29,Harbor,1
Odeskyi,2026-03-23,2026-03-29,"Health facility (hospital, health clinic)",2
Odeskyi,2026-03-23,2026-03-29,Industrial/Business/Enterprise facilities,2
Odeskyi,2026-03-23,2026-03-29,Road / Highway,1
Odeskyi,2026-03-23,2026-03-29,Telecommunications,1
Odeskyi,2026-03-23,2026-03-29,Total,14
Okhtyrskyi,2026-03-23,2026-03-29,Other,1
Okhtyrskyi,2026-03-23,2026-03-29,Total,1
Poltavskyi,2026-03-23,2026-03-29,Gas supply system,2
Poltavskyi,2026-03-23,2026-03-29,Industrial/Business/Enterprise facilities,2
Poltavskyi,2026-03-23,2026-03-29,Total,4
Shostkynskyi,2026-03-23,2026-03-29,"Education facility (school, etc.)",1
Shostkynskyi,2026-03-23,2026-03-29,Government facilities,1
Shostkynskyi,2026-03-23,2026-03-29,Total,3
Shostkynskyi,2026-03-23,2026-03-29,Warehouse,1
Sumskyi,2026-03-23,2026-03-29,"Health facility (hospital, health clinic)",1
Sumskyi,2026-03-23,2026-03-29,Industrial/Business/Enterprise facilities,1
Sumskyi,2026-03-23,2026-03-29,Total,2
Synelnykivskyi,2026-03-23,2026-03-29,Industrial/Business/Enterprise facilities,4
Synelnykivskyi,2026-03-23,2026-03-29,Total,4
Ternopilskyi,2026-03-23,2026-03-29,Government facilities,1
Ternopilskyi,2026-03-23,2026-03-29,"Health facility (hospital, health clinic)",1
Ternopilskyi,2026-03-23,2026-03-29,Total,2
Vasylivskyi,2026-03-23,2026-03-29,Electricity supply system,1
Vasylivskyi,2026-03-23,2026-03-29,Total,1
Voznesenskyi,2026-03-23,2026-03-29,"Education facility (school, etc.)",1
Voznesenskyi,2026-03-23,2026-03-29,Electricity supply system,1
Voznesenskyi,2026-03-23,2026-03-29,Other,1
Voznesenskyi,2026-03-23,2026-03-29,Total,3
Zaporizkyi,2026-03-23,2026-03-29,Fuel depot,1
Zaporizkyi,2026-03-23,2026-03-29,Government facilities,1
Zaporizkyi,2026-03-23,2026-03-29,Industrial/Business/Enterprise facilities,1
Zaporizkyi,2026-03-23,2026-03-29,Road / Highway,1
Zaporizkyi,2026-03-23,2026-03-29,Total,4
Chernihivskyi,2026-03-16,2026-03-22,Industrial/Business/Enterprise facilities,1
Chernihivskyi,2026-03-16,2026-03-22,Total,1
Chuhuivskyi,2026-03-16,2026-03-22,Electricity supply system,1
Chuhuivskyi,2026-03-16,2026-03-22,Total,2
Chuhuivskyi,2026-03-16,2026-03-22,Warehouse,1
Iziumskyi,2026-03-16,2026-03-22,"Education facility (school, etc.)",1
Iziumskyi,2026-03-16,2026-03-22,Electricity supply system,1
Iziumskyi,2026-03-16,2026-03-22,Total,2
Izmailskyi,2026-03-16,2026-03-22,Government facilities,1
Izmailskyi,2026-03-16,2026-03-22,Industrial/Business/Enterprise facilities,1
Izmailskyi,2026-03-16,2026-03-22,Total,2
Kharkivskyi,2026-03-16,2026-03-22,"Education facility (school, etc.)",1
Kharkivskyi,2026-03-16,2026-03-22,Total,3
Kharkivskyi,2026-03-16,2026-03-22,Warehouse,2
Khersonskyi,2026-03-16,2026-03-22,Government facilities,1
Khersonskyi,2026-03-16,2026-03-22,"Health facility (hospital, health clinic)",1
Khersonskyi,2026-03-16,2026-03-22,Total,2
Koriukivskyi,2026-03-16,2026-03-22,Agricultural facilities,1
Koriukivskyi,2026-03-16,2026-03-22,Government facilities,1
Koriukivskyi,2026-03-16,2026-03-22,Railway,1
Koriukivskyi,2026-03-16,2026-03-22,Total,3
Kramatorskyi,2026-03-16,2026-03-22,"Cultural facilities (museum, theater etc.)",1
Kramatorskyi,2026-03-16,2026-03-22,Government facilities,1
Kramatorskyi,2026-03-16,2026-03-22,Heating and water facility,1
Kramatorskyi,2026-03-16,2026-03-22,Industrial/Business/Enterprise facilities,2
Kramatorskyi,2026-03-16,2026-03-22,Total,5
Kryvorizkyi,2026-03-16,2026-03-22,Industrial/Business/Enterprise facilities,2
Kryvorizkyi,2026-03-16,2026-03-22,Total,2
Kyiv,2026-03-16,2026-03-22,Industrial/Business/Enterprise facilities,1
Kyiv,2026-03-16,2026-03-22,Total,1
Mykolaivskyi,2026-03-16,2026-03-22,"Education facility (school, etc.)",1
Mykolaivskyi,2026-03-16,2026-03-22,Total,1
Nikopolskyi,2026-03-16,2026-03-22,Agricultural facilities,1
Nikopolskyi,2026-03-16,2026-03-22,"Education facility (school, etc.)",2
Nikopolskyi,2026-03-16,2026-03-22,Fuel depot,1
Nikopolskyi,2026-03-16,2026-03-22,Government facilities,1
Nikopolskyi,2026-03-16,2026-03-22,Industrial/Business/Enterprise facilities,4
Nikopolskyi,2026-03-16,2026-03-22,Total,9
Nizhynskyi,2026-03-16,2026-03-22,Energy Infrastructure (unknown type),1
Nizhynskyi,2026-03-16,2026-03-22,Total,1
Novhorod-Siverskyi,2026-03-16,2026-03-22,"Cultural facilities (museum, theater etc.)",1
Novhorod-Siverskyi,2026-03-16,2026-03-22,Government facilities,1
Novhorod-Siverskyi,2026-03-16,2026-03-22,Industrial/Business/Enterprise facilities,2
Novhorod-Siverskyi,2026-03-16,2026-03-22,Total,5
Novhorod-Siverskyi,2026-03-16,2026-03-22,Warehouse,1
Odeskyi,2026-03-16,2026-03-22,"Education facility (school, etc.)",2
Odeskyi,2026-03-16,2026-03-22,Government facilities,2
Odeskyi,2026-03-16,2026-03-22,Harbor,3
Odeskyi,2026-03-16,2026-03-22,Industrial/Business/Enterprise facilities,1
Odeskyi,2026-03-16,2026-03-22,Total,9
Odeskyi,2026-03-16,2026-03-22,Warehouse,1
Shostkynskyi,2026-03-16,2026-03-22,Total,1
Shostkynskyi,2026-03-16,2026-03-22,Warehouse,1
Sumskyi,2026-03-16,2026-03-22,"Education facility (school, etc.)",2
Sumskyi,2026-03-16,2026-03-22,Electricity supply system,1
Sumskyi,2026-03-16,2026-03-22,Energy Infrastructure (unknown type),1
Sumskyi,2026-03-16,2026-03-22,Government facilities,1
Sumskyi,2026-03-16,2026-03-22,"Health facility (hospital, health clinic)",1
Sumskyi,2026-03-16,2026-03-22,Industrial/Business/Enterprise facilities,2
Sumskyi,2026-03-16,2026-03-22,Railway,1
Sumskyi,2026-03-16,2026-03-22,Total,9
Synelnykivskyi,2026-03-16,2026-03-22,Agricultural facilities,1
Synelnykivskyi,2026-03-16,2026-03-22,"Education facility (school, etc.)",1
Synelnykivskyi,2026-03-16,2026-03-22,Government facilities,2
Synelnykivskyi,2026-03-16,2026-03-22,Total,4
Zaporizkyi,2026-03-16,2026-03-22,"Education facility (school, etc.)",1
Zaporizkyi,2026-03-16,2026-03-22,Electricity supply system,2
Zaporizkyi,2026-03-16,2026-03-22,"Health facility (hospital, health clinic)",2
Zaporizkyi,2026-03-16,2026-03-22,Industrial/Business/Enterprise facilities,3
Zaporizkyi,2026-03-16,2026-03-22,Total,8
Bashtanskyi,2026-03-09,2026-03-15,Industrial/Business/Enterprise facilities,1
Bashtanskyi,2026-03-09,2026-03-15,Total,1
Bohodukhivskyi,2026-03-09,2026-03-15,"Cultural facilities (museum, theater etc.)",1
Bohodukhivskyi,2026-03-09,2026-03-15,Electricity supply system,2
Bohodukhivskyi,2026-03-09,2026-03-15,Government facilities,2
Bohodukhivskyi,2026-03-09,2026-03-15,Industrial/Business/Enterprise facilities,5
Bohodukhivskyi,2026-03-09,2026-03-15,Total,13
Bohodukhivskyi,2026-03-09,2026-03-15,Warehouse,3
Brovarskyi,2026-03-09,2026-03-15,Industrial/Business/Enterprise facilities,3
Brovarskyi,2026-03-09,2026-03-15,Total,3
Chuhuivskyi,2026-03-09,2026-03-15,Agricultural facilities,1
Chuhuivskyi,2026-03-09,2026-03-15,Electricity supply system,2
Chuhuivskyi,2026-03-09,2026-03-15,Total,4
Chuhuivskyi,2026-03-09,2026-03-15,Warehouse,1
Dniprovskyi,2026-03-09,2026-03-15,Industrial/Business/Enterprise facilities,1
Dniprovskyi,2026-03-09,2026-03-15,Total,1
Iziumskyi,2026-03-09,2026-03-15,Industrial/Business/Enterprise facilities,1
Iziumskyi,2026-03-09,2026-03-15,Total,1
Kamianskyi,2026-03-09,2026-03-15,Industrial/Business/Enterprise facilities,1
Kamianskyi,2026-03-09,2026-03-15,Total,1
Kharkivskyi,2026-03-09,2026-03-15,Electricity supply system,1
Kharkivskyi,2026-03-09,2026-03-15,Industrial/Business/Enterprise facilities,1
Kharkivskyi,2026-03-09,2026-03-15,Railway,1
Kharkivskyi,2026-03-09,2026-03-15,Total,3
Khersonskyi,2026-03-09,2026-03-15,Electricity supply system,1
Khersonskyi,2026-03-09,2026-03-15,Government facilities,1
Khersonskyi,2026-03-09,2026-03-15,Industrial/Business/Enterprise facilities,1
Khersonskyi,2026-03-09,2026-03-15,Total,3
Kramatorskyi,2026-03-09,2026-03-15,"Cultural facilities (museum, theater etc.)",1
Kramatorskyi,2026-03-09,2026-03-15,"Education facility (school, etc.)",1
Kramatorskyi,2026-03-09,2026-03-15,Gas supply system,1
Kramatorskyi,2026-03-09,2026-03-15,Government facilities,2
Kramatorskyi,2026-03-09,2026-03-15,"Health facility (hospital, health clinic)",1
Kramatorskyi,2026-03-09,2026-03-15,Industrial/Business/Enterprise facilities,5
Kramatorskyi,2026-03-09,2026-03-15,Total,11
Kryvorizkyi,2026-03-09,2026-03-15,Electricity supply system,1
Kryvorizkyi,2026-03-09,2026-03-15,Fuel depot,2
Kryvorizkyi,2026-03-09,2026-03-15,Industrial/Business/Enterprise facilities,2
Kryvorizkyi,2026-03-09,2026-03-15,Total,5
Kyiv,2026-03-09,2026-03-15,Energy Infrastructure (unknown type),1
Kyiv,2026-03-09,2026-03-15,Total,1
Nikopolskyi,2026-03-09,2026-03-15,Agricultural facilities,3
Nikopolskyi,2026-03-09,2026-03-15,"Cultural facilities (museum, theater etc.)",1
Nikopolskyi,2026-03-09,2026-03-15,"Education facility (school, etc.)",1
Nikopolskyi,2026-03-09,2026-03-15,Electricity supply system,1
Nikopolskyi,2026-03-09,2026-03-15,Fuel depot,2
Nikopolskyi,2026-03-09,2026-03-15,Government facilities,4
Nikopolskyi,2026-03-09,2026-03-15,"Health facility (hospital, health clinic)",2
Nikopolskyi,2026-03-09,2026-03-15,Industrial/Business/Enterprise facilities,6
Nikopolskyi,2026-03-09,2026-03-15,Total,20
Novhorod-Siverskyi,2026-03-09,2026-03-15,Agricultural facilities,1
Novhorod-Siverskyi,2026-03-09,2026-03-15,"Cultural facilities (museum, theater etc.)",1
Novhorod-Siverskyi,2026-03-09,2026-03-15,Government facilities,2
Novhorod-Siverskyi,2026-03-09,2026-03-15,Industrial/Business/Enterprise facilities,2
Novhorod-Siverskyi,2026-03-09,2026-03-15,Total,6
Obukhivskyi,2026-03-09,2026-03-15,"Education facility (school, etc.)",3
Obukhivskyi,2026-03-09,2026-03-15,Gas supply system,1
Obukhivskyi,2026-03-09,2026-03-15,Industrial/Business/Enterprise facilities,1
Obukhivskyi,2026-03-09,2026-03-15,Total,5
Okhtyrskyi,2026-03-09,2026-03-15,Railway,1
Okhtyrskyi,2026-03-09,2026-03-15,Total,1
Shostkynskyi,2026-03-09,2026-03-15,Government facilities,4
Shostkynskyi,2026-03-09,2026-03-15,Industrial/Business/Enterprise facilities,1
Shostkynskyi,2026-03-09,2026-03-15,Total,5
Sumskyi,2026-03-09,2026-03-15,"Education facility (school, etc.)",1
Sumskyi,2026-03-09,2026-03-15,Industrial/Business/Enterprise facilities,1
Sumskyi,2026-03-09,2026-03-15,Total,3
Sumskyi,2026-03-09,2026-03-15,Warehouse,1
Synelnykivskyi,2026-03-09,2026-03-15,"Education facility (school, etc.)",1
Synelnykivskyi,2026-03-09,2026-03-15,Fuel depot,1
Synelnykivskyi,2026-03-09,2026-03-15,Industrial/Business/Enterprise facilities,2
Synelnykivskyi,2026-03-09,2026-03-15,Total,4
Umanskyi,2026-03-09,2026-03-15,Government facilities,1
Umanskyi,2026-03-09,2026-03-15,Total,1
Vyshhorodskyi,2026-03-09,2026-03-15,Total,1
Vyshhorodskyi,2026-03-09,2026-03-15,Warehouse,1
Zaporizkyi,2026-03-09,2026-03-15,Electricity supply system,1
Zaporizkyi,2026-03-09,2026-03-15,Government facilities,1
Zaporizkyi,2026-03-09,2026-03-15,Total,2
Bilhorod-Dnistrovskyi,2026-03-02,2026-03-08,"Education facility (school, etc.)",1
Bilhorod-Dnistrovskyi,2026-03-02,2026-03-08,Total,1
Bohodukhivskyi,2026-03-02,2026-03-08,Electricity supply system,2
Bohodukhivskyi,2026-03-02,2026-03-08,Industrial/Business/Enterprise facilities,1
Bohodukhivskyi,2026-03-02,2026-03-08,Road / Highway,1
Bohodukhivskyi,2026-03-02,2026-03-08,Total,4
Chuhuivskyi,2026-03-02,2026-03-08,Electricity supply system,3
Chuhuivskyi,2026-03-02,2026-03-08,Total,3
Dniprovskyi,2026-03-02,2026-03-08,"Education facility (school, etc.)",1
Dniprovskyi,2026-03-02,2026-03-08,Total,1
Iziumskyi,2026-03-02,2026-03-08,Electricity supply system,1
Iziumskyi,2026-03-02,2026-03-08,Total,1
Kharkivskyi,2026-03-02,2026-03-08,Gas supply system,1
Kharkivskyi,2026-03-02,2026-03-08,Government facilities,1
Kharkivskyi,2026-03-02,2026-03-08,Total,2
Khersonskyi,2026-03-02,2026-03-08,Government facilities,2
Khersonskyi,2026-03-02,2026-03-08,Total,2
Kramatorskyi,2026-03-02,2026-03-08,"Education facility (school, etc.)",2
Kramatorskyi,2026-03-02,2026-03-08,Government facilities,1
Kramatorskyi,2026-03-02,2026-03-08,Heating and water facility,2
Kramatorskyi,2026-03-02,2026-03-08,Industrial/Business/Enterprise facilities,6
Kramatorskyi,2026-03-02,2026-03-08,Total,11
Kryvorizkyi,2026-03-02,2026-03-08,"Education facility (school, etc.)",5
Kryvorizkyi,2026-03-02,2026-03-08,Industrial/Business/Enterprise facilities,4
Kryvorizkyi,2026-03-02,2026-03-08,Telecommunications,1
Kryvorizkyi,2026-03-02,2026-03-08,Total,10
Lozivskyi,2026-03-02,2026-03-08,Railway,1
Lozivskyi,2026-03-02,2026-03-08,Total,1
Mykolaivskyi,2026-03-02,2026-03-08,Gas supply system,1
Mykolaivskyi,2026-03-02,2026-03-08,Total,1
Nikopolskyi,2026-03-02,2026-03-08,Agricultural facilities,2
Nikopolskyi,2026-03-02,2026-03-08,"Education facility (school, etc.)",2
Nikopolskyi,2026-03-02,2026-03-08,Electricity supply system,2
Nikopolskyi,2026-03-02,2026-03-08,Gas supply system,1
Nikopolskyi,2026-03-02,2026-03-08,Government facilities,1
Nikopolskyi,2026-03-02,2026-03-08,Industrial/Business/Enterprise facilities,5
Nikopolskyi,2026-03-02,2026-03-08,Total,13
Poltavskyi,2026-03-02,2026-03-08,"Education facility (school, etc.)",1
Poltavskyi,2026-03-02,2026-03-08,Total,1
Shepetivskyi,2026-03-02,2026-03-08,Railway,1
Shepetivskyi,2026-03-02,2026-03-08,Total,1
Sumskyi,2026-03-02,2026-03-08,Fuel depot,1
Sumskyi,2026-03-02,2026-03-08,Total,1
Synelnykivskyi,2026-03-02,2026-03-08,Electricity supply system,1
Synelnykivskyi,2026-03-02,2026-03-08,Government facilities,2
Synelnykivskyi,2026-03-02,2026-03-08,Total,3
Bohodukhivskyi,2026-02-23,2026-03-01,"Education facility (school, etc.)",1
Bohodukhivskyi,2026-02-23,2026-03-01,Electricity supply system,2
Bohodukhivskyi,2026-02-23,2026-03-01,Energy Infrastructure (unknown type),1
Bohodukhivskyi,2026-02-23,2026-03-01,Other,1
Bohodukhivskyi,2026-02-23,2026-03-01,Total,5
Chuhuivskyi,2026-02-23,2026-03-01,Agricultural facilities,1
Chuhuivskyi,2026-02-23,2026-03-01,Total,1
Dniprovskyi,2026-02-23,2026-03-01,Railway,1
Dniprovskyi,2026-02-23,2026-03-01,Total,1
Iziumskyi,2026-02-23,2026-03-01,Gas supply system,1
Iziumskyi,2026-02-23,2026-03-01,Total,1
Izmailskyi,2026-02-23,2026-03-01,"Cultural facilities (museum, theater etc.)",1
Izmailskyi,2026-02-23,2026-03-01,"Education facility (school, etc.)",1
Izmailskyi,2026-02-23,2026-03-01,Government facilities,2
Izmailskyi,2026-02-23,2026-03-01,Harbor,1
Izmailskyi,2026-02-23,2026-03-01,"Health facility (hospital, health clinic)",2
Izmailskyi,2026-02-23,2026-03-01,Total,7
Kharkivskyi,2026-02-23,2026-03-01,"Cultural facilities (museum, theater etc.)",2
Kharkivskyi,2026-02-23,2026-03-01,"Education facility (school, etc.)",2
Kharkivskyi,2026-02-23,2026-03-01,Electricity supply system,1
Kharkivskyi,2026-02-23,2026-03-01,Gas supply system,1
Kharkivskyi,2026-02-23,2026-03-01,Government facilities,2
Kharkivskyi,2026-02-23,2026-03-01,Industrial/Business/Enterprise facilities,2
Kharkivskyi,2026-02-23,2026-03-01,Total,11
Kharkivskyi,2026-02-23,2026-03-01,Water supply system,1
Khersonskyi,2026-02-23,2026-03-01,Government facilities,1
Khersonskyi,2026-02-23,2026-03-01,Religious facilities,1
Khersonskyi,2026-02-23,2026-03-01,Total,2
Koriukivskyi,2026-02-23,2026-03-01,Electricity supply system,1
Koriukivskyi,2026-02-23,2026-03-01,Industrial/Business/Enterprise facilities,1
Koriukivskyi,2026-02-23,2026-03-01,Total,2
Kramatorskyi,2026-02-23,2026-03-01,"Education facility (school, etc.)",1
Kramatorskyi,2026-02-23,2026-03-01,Government facilities,1
Kramatorskyi,2026-02-23,2026-03-01,"Health facility (hospital, health clinic)",1
Kramatorskyi,2026-02-23,2026-03-01,Heating and water facility,1
Kramatorskyi,2026-02-23,2026-03-01,Industrial/Business/Enterprise facilities,1
Kramatorskyi,2026-02-23,2026-03-01,Road / Highway,1
Kramatorskyi,2026-02-23,2026-03-01,Total,6
Kryvorizkyi,2026-02-23,2026-03-01,"Education facility (school, etc.)",1
Kryvorizkyi,2026-02-23,2026-03-01,Electricity supply system,1
Kryvorizkyi,2026-02-23,2026-03-01,Government facilities,2
Kryvorizkyi,2026-02-23,2026-03-01,"Health facility (hospital, health clinic)",1
Kryvorizkyi,2026-02-23,2026-03-01,Industrial/Business/Enterprise facilities,1
Kryvorizkyi,2026-02-23,2026-03-01,Total,6
Lubenskyi,2026-02-23,2026-03-01,Electricity supply system,1
Lubenskyi,2026-02-23,2026-03-01,Total,1
Nikopolskyi,2026-02-23,2026-03-01,"Education facility (school, etc.)",1
Nikopolskyi,2026-02-23,2026-03-01,Government facilities,2
Nikopolskyi,2026-02-23,2026-03-01,Industrial/Business/Enterprise facilities,3
Nikopolskyi,2026-02-23,2026-03-01,Total,6
Novhorod-Siverskyi,2026-02-23,2026-03-01,Government facilities,1
Novhorod-Siverskyi,2026-02-23,2026-03-01,Industrial/Business/Enterprise facilities,1
Novhorod-Siverskyi,2026-02-23,2026-03-01,Total,2
Obukhivskyi,2026-02-23,2026-03-01,"Cultural facilities (museum, theater etc.)",1
Obukhivskyi,2026-02-23,2026-03-01,Total,2
Obukhivskyi,2026-02-23,2026-03-01,Warehouse,1
Poltavskyi,2026-02-23,2026-03-01,Industrial/Business/Enterprise facilities,1
Poltavskyi,2026-02-23,2026-03-01,Total,1
Romenskyi,2026-02-23,2026-03-01,Total,1
Romenskyi,2026-02-23,2026-03-01,Warehouse,1
Shostkynskyi,2026-02-23,2026-03-01,Government facilities,1
Shostkynskyi,2026-02-23,2026-03-01,Total,1
Sumskyi,2026-02-23,2026-03-01,Agricultural facilities,1
Sumskyi,2026-02-23,2026-03-01,Fuel depot,1
Sumskyi,2026-02-23,2026-03-01,Industrial/Business/Enterprise facilities,1
Sumskyi,2026-02-23,2026-03-01,Religious facilities,1
Sumskyi,2026-02-23,2026-03-01,Total,4
Synelnykivskyi,2026-02-23,2026-03-01,Agricultural facilities,1
Synelnykivskyi,2026-02-23,2026-03-01,"Cultural facilities (museum, theater etc.)",1
Synelnykivskyi,2026-02-23,2026-03-01,"Education facility (school, etc.)",1
Synelnykivskyi,2026-02-23,2026-03-01,Electricity supply system,1
Synelnykivskyi,2026-02-23,2026-03-01,Total,4
Vyshhorodskyi,2026-02-23,2026-03-01,Total,1
Vyshhorodskyi,2026-02-23,2026-03-01,Warehouse,1
Zaporizkyi,2026-02-23,2026-03-01,"Education facility (school, etc.)",1
Zaporizkyi,2026-02-23,2026-03-01,Heating and water facility,1
Zaporizkyi,2026-02-23,2026-03-01,Industrial/Business/Enterprise facilities,4
Zaporizkyi,2026-02-23,2026-03-01,Total,7
Zaporizkyi,2026-02-23,2026-03-01,Water supply system,1
Boryspilskyi,2026-02-16,2026-02-22,Agricultural facilities,1
Boryspilskyi,2026-02-16,2026-02-22,Religious facilities,1
Boryspilskyi,2026-02-16,2026-02-22,Total,2
Brovarskyi,2026-02-16,2026-02-22,Industrial/Business/Enterprise facilities,3
Brovarskyi,2026-02-16,2026-02-22,Total,3
Buchanskyi,2026-02-16,2026-02-22,Industrial/Business/Enterprise facilities,2
Buchanskyi,2026-02-16,2026-02-22,Total,2
Chuhuivskyi,2026-02-16,2026-02-22,"Health facility (hospital, health clinic)",1
Chuhuivskyi,2026-02-16,2026-02-22,Total,2
Chuhuivskyi,2026-02-16,2026-02-22,Warehouse,1
Dniprovskyi,2026-02-16,2026-02-22,"Education facility (school, etc.)",1
Dniprovskyi,2026-02-16,2026-02-22,Government facilities,1
Dniprovskyi,2026-02-16,2026-02-22,Industrial/Business/Enterprise facilities,1
Dniprovskyi,2026-02-16,2026-02-22,Total,3
Ivano-Frankivskyi,2026-02-16,2026-02-22,Heating and water facility,1
Ivano-Frankivskyi,2026-02-16,2026-02-22,Total,1
Iziumskyi,2026-02-16,2026-02-22,Electricity supply system,1
Iziumskyi,2026-02-16,2026-02-22,Total,1
Kharkivskyi,2026-02-16,2026-02-22,Agricultural facilities,1
Kharkivskyi,2026-02-16,2026-02-22,Government facilities,1
Kharkivskyi,2026-02-16,2026-02-22,Total,2
Khersonskyi,2026-02-16,2026-02-22,"Education facility (school, etc.)",2
Khersonskyi,2026-02-16,2026-02-22,Government facilities,2
Khersonskyi,2026-02-16,2026-02-22,"Health facility (hospital, health clinic)",1
Khersonskyi,2026-02-16,2026-02-22,Heating and water facility,1
Khersonskyi,2026-02-16,2026-02-22,Industrial/Business/Enterprise facilities,3
Khersonskyi,2026-02-16,2026-02-22,Road / Highway,1
Khersonskyi,2026-02-16,2026-02-22,Total,11
Khersonskyi,2026-02-16,2026-02-22,Water supply system,1
Koriukivskyi,2026-02-16,2026-02-22,Electricity supply system,1
Koriukivskyi,2026-02-16,2026-02-22,Telecommunications,1
Koriukivskyi,2026-02-16,2026-02-22,Total,2
Kramatorskyi,2026-02-16,2026-02-22,Industrial/Business/Enterprise facilities,1
Kramatorskyi,2026-02-16,2026-02-22,Total,1
Kropyvnytskyi,2026-02-16,2026-02-22,Electricity supply system,1
Kropyvnytskyi,2026-02-16,2026-02-22,Total,1
Kryvorizkyi,2026-02-16,2026-02-22,Industrial/Business/Enterprise facilities,1
Kryvorizkyi,2026-02-16,2026-02-22,Total,1
Kyiv,2026-02-16,2026-02-22,Industrial/Business/Enterprise facilities,1
Kyiv,2026-02-16,2026-02-22,Total,1
Lozivskyi,2026-02-16,2026-02-22,Heating and water facility,1
Lozivskyi,2026-02-16,2026-02-22,Total,1
Luhanskyi,2026-02-16,2026-02-22,Fuel depot,1
Luhanskyi,2026-02-16,2026-02-22,Total,1
Mykolaivskyi,2026-02-16,2026-02-22,Total,1
Mykolaivskyi,2026-02-16,2026-02-22,Warehouse,1
Myrhorodskyi,2026-02-16,2026-02-22,Oil depot,1
Myrhorodskyi,2026-02-16,2026-02-22,Total,1
Nikopolskyi,2026-02-16,2026-02-22,Agricultural facilities,5
Nikopolskyi,2026-02-16,2026-02-22,"Education facility (school, etc.)",7
Nikopolskyi,2026-02-16,2026-02-22,Electricity supply system,5
Nikopolskyi,2026-02-16,2026-02-22,Gas supply system,3
Nikopolskyi,2026-02-16,2026-02-22,Government facilities,4
Nikopolskyi,2026-02-16,2026-02-22,Industrial/Business/Enterprise facilities,12
Nikopolskyi,2026-02-16,2026-02-22,Religious facilities,1
Nikopolskyi,2026-02-16,2026-02-22,Total,37
Obukhivskyi,2026-02-16,2026-02-22,"Education facility (school, etc.)",1
Obukhivskyi,2026-02-16,2026-02-22,Industrial/Business/Enterprise facilities,1
Obukhivskyi,2026-02-16,2026-02-22,Railway,1
Obukhivskyi,2026-02-16,2026-02-22,Total,4
Obukhivskyi,2026-02-16,2026-02-22,Warehouse,1
Odeskyi,2026-02-16,2026-02-22,"Education facility (school, etc.)",1
Odeskyi,2026-02-16,2026-02-22,Gas supply system,1
Odeskyi,2026-02-16,2026-02-22,Industrial/Business/Enterprise facilities,3
Odeskyi,2026-02-16,2026-02-22,Power plant,1
Odeskyi,2026-02-16,2026-02-22,Total,8
Odeskyi,2026-02-16,2026-02-22,Warehouse,2
Okhtyrskyi,2026-02-16,2026-02-22,Industrial/Business/Enterprise facilities,1
Okhtyrskyi,2026-02-16,2026-02-22,Total,1
Pavlohradskyi,2026-02-16,2026-02-22,Agricultural facilities,1
Pavlohradskyi,2026-02-16,2026-02-22,"Education facility (school, etc.)",1
Pavlohradskyi,2026-02-16,2026-02-22,Government facilities,1
Pavlohradskyi,2026-02-16,2026-02-22,Total,3
Poltavskyi,2026-02-16,2026-02-22,Electricity supply system,1
Poltavskyi,2026-02-16,2026-02-22,Road / Highway,1
Poltavskyi,2026-02-16,2026-02-22,Total,2
Prylutskyi,2026-02-16,2026-02-22,Total,1
Prylutskyi,2026-02-16,2026-02-22,Warehouse,1
Sevastopol,2026-02-16,2026-02-22,Gas supply system,1
Sevastopol,2026-02-16,2026-02-22,Total,1
Sumskyi,2026-02-16,2026-02-22,"Cultural facilities (museum, theater etc.)",1
Sumskyi,2026-02-16,2026-02-22,Gas supply system,2
Sumskyi,2026-02-16,2026-02-22,Government facilities,1
Sumskyi,2026-02-16,2026-02-22,Industrial/Business/Enterprise facilities,2
Sumskyi,2026-02-16,2026-02-22,Total,6
Synelnykivskyi,2026-02-16,2026-02-22,"Education facility (school, etc.)",2
Synelnykivskyi,2026-02-16,2026-02-22,Government facilities,2
Synelnykivskyi,2026-02-16,2026-02-22,Industrial/Business/Enterprise facilities,3
Synelnykivskyi,2026-02-16,2026-02-22,Total,7
Zaporizkyi,2026-02-16,2026-02-22,Industrial/Business/Enterprise facilities,1
Zaporizkyi,2026-02-16,2026-02-22,Road / Highway,1
Zaporizkyi,2026-02-16,2026-02-22,Total,2
Bohodukhivskyi,2026-02-09,2026-02-15,Fuel depot,1
Bohodukhivskyi,2026-02-09,2026-02-15,Gas supply system,1
Bohodukhivskyi,2026-02-09,2026-02-15,Industrial/Business/Enterprise facilities,4
Bohodukhivskyi,2026-02-09,2026-02-15,Total,6
Brovarskyi,2026-02-09,2026-02-15,Industrial/Business/Enterprise facilities,1
Brovarskyi,2026-02-09,2026-02-15,Total,2
Brovarskyi,2026-02-09,2026-02-15,Warehouse,1
Iziumskyi,2026-02-09,2026-02-15,Industrial/Business/Enterprise facilities,1
Iziumskyi,2026-02-09,2026-02-15,Total,1
Izmailskyi,2026-02-09,2026-02-15,Electricity supply system,1
Izmailskyi,2026-02-09,2026-02-15,Total,1
Kharkivskyi,2026-02-09,2026-02-15,"Education facility (school, etc.)",1
Kharkivskyi,2026-02-09,2026-02-15,Total,1
Khersonskyi,2026-02-09,2026-02-15,Electricity supply system,1
Khersonskyi,2026-02-09,2026-02-15,Fuel depot,1
Khersonskyi,2026-02-09,2026-02-15,Gas supply system,1
Khersonskyi,2026-02-09,2026-02-15,Government facilities,1
Khersonskyi,2026-02-09,2026-02-15,Total,4
Konotopskyi,2026-02-09,2026-02-15,"Education facility (school, etc.)",2
Konotopskyi,2026-02-09,2026-02-15,Industrial/Business/Enterprise facilities,1
Konotopskyi,2026-02-09,2026-02-15,Railway,2
Konotopskyi,2026-02-09,2026-02-15,Total,5
Kramatorskyi,2026-02-09,2026-02-15,"Education facility (school, etc.)",1
Kramatorskyi,2026-02-09,2026-02-15,Fuel depot,1
Kramatorskyi,2026-02-09,2026-02-15,Gas supply system,1
Kramatorskyi,2026-02-09,2026-02-15,Government facilities,1
Kramatorskyi,2026-02-09,2026-02-15,"Health facility (hospital, health clinic)",1
Kramatorskyi,2026-02-09,2026-02-15,Heating and water facility,1
Kramatorskyi,2026-02-09,2026-02-15,Industrial/Business/Enterprise facilities,8
Kramatorskyi,2026-02-09,2026-02-15,Railway,1
Kramatorskyi,2026-02-09,2026-02-15,Religious facilities,1
Kramatorskyi,2026-02-09,2026-02-15,Road / Highway,2
Kramatorskyi,2026-02-09,2026-02-15,Total,21
Kramatorskyi,2026-02-09,2026-02-15,Warehouse,3
Kryvorizkyi,2026-02-09,2026-02-15,Electricity supply system,1
Kryvorizkyi,2026-02-09,2026-02-15,Total,1
Kyiv,2026-02-09,2026-02-15,Energy Infrastructure (unknown type),1
Kyiv,2026-02-09,2026-02-15,Heating and water facility,1
Kyiv,2026-02-09,2026-02-15,Total,2
Lozivskyi,2026-02-09,2026-02-15,Total,1
Lozivskyi,2026-02-09,2026-02-15,Warehouse,1
Nikopolskyi,2026-02-09,2026-02-15,Agricultural facilities,1
Nikopolskyi,2026-02-09,2026-02-15,"Education facility (school, etc.)",2
Nikopolskyi,2026-02-09,2026-02-15,Electricity supply system,1
Nikopolskyi,2026-02-09,2026-02-15,Government facilities,2
Nikopolskyi,2026-02-09,2026-02-15,"Health facility (hospital, health clinic)",1
Nikopolskyi,2026-02-09,2026-02-15,Industrial/Business/Enterprise facilities,4
Nikopolskyi,2026-02-09,2026-02-15,Religious facilities,1
Nikopolskyi,2026-02-09,2026-02-15,Total,12
Novhorod-Siverskyi,2026-02-09,2026-02-15,Agricultural facilities,1
Novhorod-Siverskyi,2026-02-09,2026-02-15,Electricity supply system,1
Novhorod-Siverskyi,2026-02-09,2026-02-15,Government facilities,1
Novhorod-Siverskyi,2026-02-09,2026-02-15,Total,3
Odeskyi,2026-02-09,2026-02-15,"Education facility (school, etc.)",5
Odeskyi,2026-02-09,2026-02-15,Electricity supply system,1
Odeskyi,2026-02-09,2026-02-15,Harbor,1
Odeskyi,2026-02-09,2026-02-15,"Health facility (hospital, health clinic)",1
Odeskyi,2026-02-09,2026-02-15,Industrial/Business/Enterprise facilities,5
Odeskyi,2026-02-09,2026-02-15,Railway,1
Odeskyi,2026-02-09,2026-02-15,Total,15
Odeskyi,2026-02-09,2026-02-15,Warehouse,1
Pavlohradskyi,2026-02-09,2026-02-15,Industrial/Business/Enterprise facilities,1
Pavlohradskyi,2026-02-09,2026-02-15,Total,1
Shostkynskyi,2026-02-09,2026-02-15,"Health facility (hospital, health clinic)",1
Shostkynskyi,2026-02-09,2026-02-15,Total,1
Sumskyi,2026-02-09,2026-02-15,"Health facility (hospital, health clinic)",3
Sumskyi,2026-02-09,2026-02-15,Other,1
Sumskyi,2026-02-09,2026-02-15,Total,4
Synelnykivskyi,2026-02-09,2026-02-15,Agricultural facilities,1
Synelnykivskyi,2026-02-09,2026-02-15,"Education facility (school, etc.)",2
Synelnykivskyi,2026-02-09,2026-02-15,Electricity supply system,1
Synelnykivskyi,2026-02-09,2026-02-15,Gas supply system,1
Synelnykivskyi,2026-02-09,2026-02-15,Government facilities,1
Synelnykivskyi,2026-02-09,2026-02-15,"Health facility (hospital, health clinic)",1
Synelnykivskyi,2026-02-09,2026-02-15,Religious facilities,1
Synelnykivskyi,2026-02-09,2026-02-15,Total,8
Volodymyrskyi,2026-02-09,2026-02-15,Electricity supply system,1
Volodymyrskyi,2026-02-09,2026-02-15,Total,1
Zaporizkyi,2026-02-09,2026-02-15,"Education facility (school, etc.)",1
Zaporizkyi,2026-02-09,2026-02-15,Electricity supply system,1
Zaporizkyi,2026-02-09,2026-02-15,"Health facility (hospital, health clinic)",1
Zaporizkyi,2026-02-09,2026-02-15,Heating and water facility,1
Zaporizkyi,2026-02-09,2026-02-15,Total,4
Boryspilskyi,2026-02-02,2026-02-08,Total,1
Boryspilskyi,2026-02-02,2026-02-08,Warehouse,1
Cherkaskyi,2026-02-02,2026-02-08,Fuel depot,1
Cherkaskyi,2026-02-02,2026-02-08,Industrial/Business/Enterprise facilities,2
Cherkaskyi,2026-02-02,2026-02-08,Total,3
Chernihivskyi,2026-02-02,2026-02-08,"Cultural facilities (museum, theater etc.)",1
Chernihivskyi,2026-02-02,2026-02-08,Total,1
Chervonohradskyi,2026-02-02,2026-02-08,Power plant,1
Chervonohradskyi,2026-02-02,2026-02-08,Total,1
Dniprovskyi,2026-02-02,2026-02-08,Government facilities,1
Dniprovskyi,2026-02-02,2026-02-08,Other,1
Dniprovskyi,2026-02-02,2026-02-08,Total,2
Haisynskyi,2026-02-02,2026-02-08,"Education facility (school, etc.)",1
Haisynskyi,2026-02-02,2026-02-08,Total,1
Ivano-Frankivskyi,2026-02-02,2026-02-08,Electricity supply system,1
Ivano-Frankivskyi,2026-02-02,2026-02-08,Power plant,1
Ivano-Frankivskyi,2026-02-02,2026-02-08,Total,2
Iziumskyi,2026-02-02,2026-02-08,Railway,1
Iziumskyi,2026-02-02,2026-02-08,Total,1
Kamianskyi,2026-02-02,2026-02-08,Industrial/Business/Enterprise facilities,1
Kamianskyi,2026-02-02,2026-02-08,Total,1
Kharkivskyi,2026-02-02,2026-02-08,Electricity supply system,3
Kharkivskyi,2026-02-02,2026-02-08,Energy Infrastructure (unknown type),1
Kharkivskyi,2026-02-02,2026-02-08,Heating and water facility,1
Kharkivskyi,2026-02-02,2026-02-08,Industrial/Business/Enterprise facilities,2
Kharkivskyi,2026-02-02,2026-02-08,Total,7
Khersonskyi,2026-02-02,2026-02-08,Gas supply system,1
Khersonskyi,2026-02-02,2026-02-08,"Health facility (hospital, health clinic)",1
Khersonskyi,2026-02-02,2026-02-08,Industrial/Business/Enterprise facilities,2
Khersonskyi,2026-02-02,2026-02-08,Power plant,1
Khersonskyi,2026-02-02,2026-02-08,Total,6
Khersonskyi,2026-02-02,2026-02-08,Warehouse,1
Konotopskyi,2026-02-02,2026-02-08,"Education facility (school, etc.)",1
Konotopskyi,2026-02-02,2026-02-08,Total,1
Koriukivskyi,2026-02-02,2026-02-08,"Education facility (school, etc.)",1
Koriukivskyi,2026-02-02,2026-02-08,Total,1
Kramatorskyi,2026-02-02,2026-02-08,"Education facility (school, etc.)",2
Kramatorskyi,2026-02-02,2026-02-08,Government facilities,2
Kramatorskyi,2026-02-02,2026-02-08,Heating and water facility,1
Kramatorskyi,2026-02-02,2026-02-08,Industrial/Business/Enterprise facilities,3
Kramatorskyi,2026-02-02,2026-02-08,Total,8
Kropyvnytskyi,2026-02-02,2026-02-08,Total,1
Kropyvnytskyi,2026-02-02,2026-02-08,Warehouse,1
Kryvorizkyi,2026-02-02,2026-02-08,Electricity supply system,1
Kryvorizkyi,2026-02-02,2026-02-08,Government facilities,1
Kryvorizkyi,2026-02-02,2026-02-08,Total,2
Kyiv,2026-02-02,2026-02-08,"Cultural facilities (museum, theater etc.)",2
Kyiv,2026-02-02,2026-02-08,"Education facility (school, etc.)",2
Kyiv,2026-02-02,2026-02-08,Electricity supply system,1
Kyiv,2026-02-02,2026-02-08,Fuel depot,1
Kyiv,2026-02-02,2026-02-08,Government facilities,1
Kyiv,2026-02-02,2026-02-08,Heating and water facility,1
Kyiv,2026-02-02,2026-02-08,Road / Highway,1
Kyiv,2026-02-02,2026-02-08,Total,10
Kyiv,2026-02-02,2026-02-08,Warehouse,1
Lozivskyi,2026-02-02,2026-02-08,Electricity supply system,2
Lozivskyi,2026-02-02,2026-02-08,Total,2
Mykolaivskyi,2026-02-02,2026-02-08,Government facilities,1
Mykolaivskyi,2026-02-02,2026-02-08,Total,1
Myrhorodskyi,2026-02-02,2026-02-08,Industrial/Business/Enterprise facilities,1
Myrhorodskyi,2026-02-02,2026-02-08,Total,1
Nikopolskyi,2026-02-02,2026-02-08,Agricultural facilities,1
Nikopolskyi,2026-02-02,2026-02-08,"Education facility (school, etc.)",3
Nikopolskyi,2026-02-02,2026-02-08,Electricity supply system,6
Nikopolskyi,2026-02-02,2026-02-08,Gas supply system,5
Nikopolskyi,2026-02-02,2026-02-08,Government facilities,1
Nikopolskyi,2026-02-02,2026-02-08,"Health facility (hospital, health clinic)",1
Nikopolskyi,2026-02-02,2026-02-08,Industrial/Business/Enterprise facilities,5
Nikopolskyi,2026-02-02,2026-02-08,Total,22
Novhorod-Siverskyi,2026-02-02,2026-02-08,Government facilities,1
Novhorod-Siverskyi,2026-02-02,2026-02-08,Industrial/Business/Enterprise facilities,1
Novhorod-Siverskyi,2026-02-02,2026-02-08,Total,2
Odeskyi,2026-02-02,2026-02-08,"Education facility (school, etc.)",3
Odeskyi,2026-02-02,2026-02-08,Industrial/Business/Enterprise facilities,2
Odeskyi,2026-02-02,2026-02-08,Religious facilities,1
Odeskyi,2026-02-02,2026-02-08,Total,6
Oleksandriiskyi,2026-02-02,2026-02-08,Electricity supply system,1
Oleksandriiskyi,2026-02-02,2026-02-08,Total,1
Pavlohradskyi,2026-02-02,2026-02-08,"Education facility (school, etc.)",1
Pavlohradskyi,2026-02-02,2026-02-08,Total,1
Stryiskyi,2026-02-02,2026-02-08,Electricity supply system,1
Stryiskyi,2026-02-02,2026-02-08,Total,1
Sumskyi,2026-02-02,2026-02-08,Heating and water facility,1
Sumskyi,2026-02-02,2026-02-08,Total,1
Synelnykivskyi,2026-02-02,2026-02-08,Agricultural facilities,1
Synelnykivskyi,2026-02-02,2026-02-08,"Education facility (school, etc.)",1
Synelnykivskyi,2026-02-02,2026-02-08,Electricity supply system,1
Synelnykivskyi,2026-02-02,2026-02-08,Gas supply system,2
Synelnykivskyi,2026-02-02,2026-02-08,Government facilities,4
Synelnykivskyi,2026-02-02,2026-02-08,Industrial/Business/Enterprise facilities,4
Synelnykivskyi,2026-02-02,2026-02-08,Total,13
Volodymyrskyi,2026-02-02,2026-02-08,Electricity supply system,1
Volodymyrskyi,2026-02-02,2026-02-08,Total,1
Zaporizkyi,2026-02-02,2026-02-08,"Education facility (school, etc.)",1
Zaporizkyi,2026-02-02,2026-02-08,Electricity supply system,1
Zaporizkyi,2026-02-02,2026-02-08,"Health facility (hospital, health clinic)",1
Zaporizkyi,2026-02-02,2026-02-08,Industrial/Business/Enterprise facilities,1
Zaporizkyi,2026-02-02,2026-02-08,Other,1
Zaporizkyi,2026-02-02,2026-02-08,Total,5
Bohodukhivskyi,2026-01-26,2026-02-01,Electricity supply system,1
Bohodukhivskyi,2026-01-26,2026-02-01,Energy Infrastructure (unknown type),1
Bohodukhivskyi,2026-01-26,2026-02-01,Gas supply system,1
Bohodukhivskyi,2026-01-26,2026-02-01,Total,3
Buchanskyi,2026-01-26,2026-02-01,Government facilities,1
Buchanskyi,2026-01-26,2026-02-01,Total,1
Chernihivskyi,2026-01-26,2026-02-01,Industrial/Business/Enterprise facilities,1
Chernihivskyi,2026-01-26,2026-02-01,Total,1
Chuhuivskyi,2026-01-26,2026-02-01,Industrial/Business/Enterprise facilities,2
Chuhuivskyi,2026-01-26,2026-02-01,Total,2
Feodosiiskyi,2026-01-26,2026-02-01,Harbor,1
Feodosiiskyi,2026-01-26,2026-02-01,Oil depot,1
Feodosiiskyi,2026-01-26,2026-02-01,Total,2
Kharkivskyi,2026-01-26,2026-02-01,"Education facility (school, etc.)",5
Kharkivskyi,2026-01-26,2026-02-01,Electricity supply system,1
Kharkivskyi,2026-01-26,2026-02-01,Total,7
Kharkivskyi,2026-01-26,2026-02-01,Warehouse,1
Khersonskyi,2026-01-26,2026-02-01,"Cultural facilities (museum, theater etc.)",1
Khersonskyi,2026-01-26,2026-02-01,"Education facility (school, etc.)",1
Khersonskyi,2026-01-26,2026-02-01,"Health facility (hospital, health clinic)",3
Khersonskyi,2026-01-26,2026-02-01,Industrial/Business/Enterprise facilities,2
Khersonskyi,2026-01-26,2026-02-01,Road / Highway,1
Khersonskyi,2026-01-26,2026-02-01,Total,8
Konotopskyi,2026-01-26,2026-02-01,"Health facility (hospital, health clinic)",1
Konotopskyi,2026-01-26,2026-02-01,Total,1
Kramatorskyi,2026-01-26,2026-02-01,"Education facility (school, etc.)",1
Kramatorskyi,2026-01-26,2026-02-01,Electricity supply system,2
Kramatorskyi,2026-01-26,2026-02-01,Gas supply system,86
Kramatorskyi,2026-01-26,2026-02-01,Heating and water facility,1
Kramatorskyi,2026-01-26,2026-02-01,Industrial/Business/Enterprise facilities,2
Kramatorskyi,2026-01-26,2026-02-01,Total,92
Kryvorizkyi,2026-01-26,2026-02-01,Electricity supply system,2
Kryvorizkyi,2026-01-26,2026-02-01,Gas supply system,1
Kryvorizkyi,2026-01-26,2026-02-01,Heating and water facility,1
Kryvorizkyi,2026-01-26,2026-02-01,Total,4
Lozivskyi,2026-01-26,2026-02-01,Agricultural facilities,2
Lozivskyi,2026-01-26,2026-02-01,"Education facility (school, etc.)",1
Lozivskyi,2026-01-26,2026-02-01,Industrial/Business/Enterprise facilities,2
Lozivskyi,2026-01-26,2026-02-01,Total,5
Luhanskyi,2026-01-26,2026-02-01,Electricity supply system,1
Luhanskyi,2026-01-26,2026-02-01,Total,1
Mykolaivskyi,2026-01-26,2026-02-01,Gas supply system,1
Mykolaivskyi,2026-01-26,2026-02-01,Total,1
Nikopolskyi,2026-01-26,2026-02-01,Agricultural facilities,3
Nikopolskyi,2026-01-26,2026-02-01,"Cultural facilities (museum, theater etc.)",1
Nikopolskyi,2026-01-26,2026-02-01,"Education facility (school, etc.)",1
Nikopolskyi,2026-01-26,2026-02-01,Electricity supply system,4
Nikopolskyi,2026-01-26,2026-02-01,Gas supply system,2
Nikopolskyi,2026-01-26,2026-02-01,Government facilities,1
Nikopolskyi,2026-01-26,2026-02-01,Industrial/Business/Enterprise facilities,12
Nikopolskyi,2026-01-26,2026-02-01,Total,24
Nizhynskyi,2026-01-26,2026-02-01,Industrial/Business/Enterprise facilities,1
Nizhynskyi,2026-01-26,2026-02-01,Total,1
Novhorod-Siverskyi,2026-01-26,2026-02-01,"Cultural facilities (museum, theater etc.)",1
Novhorod-Siverskyi,2026-01-26,2026-02-01,Total,2
Novhorod-Siverskyi,2026-01-26,2026-02-01,Warehouse,1
Novomoskovskyi,2026-01-26,2026-02-01,Industrial/Business/Enterprise facilities,1
Novomoskovskyi,2026-01-26,2026-02-01,Total,1
Odeskyi,2026-01-26,2026-02-01,"Cultural facilities (museum, theater etc.)",1
Odeskyi,2026-01-26,2026-02-01,"Education facility (school, etc.)",2
Odeskyi,2026-01-26,2026-02-01,Electricity supply system,1
Odeskyi,2026-01-26,2026-02-01,Harbor,1
Odeskyi,2026-01-26,2026-02-01,Industrial/Business/Enterprise facilities,2
Odeskyi,2026-01-26,2026-02-01,Religious facilities,2
Odeskyi,2026-01-26,2026-02-01,Total,9
Pavlohradskyi,2026-01-26,2026-02-01,Agricultural facilities,1
Pavlohradskyi,2026-01-26,2026-02-01,Industrial/Business/Enterprise facilities,1
Pavlohradskyi,2026-01-26,2026-02-01,Total,2
Sevastopol,2026-01-26,2026-02-01,"Cultural facilities (museum, theater etc.)",1
Sevastopol,2026-01-26,2026-02-01,Road / Highway,1
Sevastopol,2026-01-26,2026-02-01,Total,2
Sumskyi,2026-01-26,2026-02-01,Industrial/Business/Enterprise facilities,1
Sumskyi,2026-01-26,2026-02-01,Total,2
Sumskyi,2026-01-26,2026-02-01,Warehouse,1
Synelnykivskyi,2026-01-26,2026-02-01,"Cultural facilities (museum, theater etc.)",1
Synelnykivskyi,2026-01-26,2026-02-01,"Education facility (school, etc.)",2
Synelnykivskyi,2026-01-26,2026-02-01,Government facilities,2
Synelnykivskyi,2026-01-26,2026-02-01,"Health facility (hospital, health clinic)",1
Synelnykivskyi,2026-01-26,2026-02-01,Industrial/Business/Enterprise facilities,2
Synelnykivskyi,2026-01-26,2026-02-01,Total,8
Zaporizkyi,2026-01-26,2026-02-01,Gas supply system,1
Zaporizkyi,2026-01-26,2026-02-01,"Health facility (hospital, health clinic)",2
Zaporizkyi,2026-01-26,2026-02-01,Industrial/Business/Enterprise facilities,1
Zaporizkyi,2026-01-26,2026-02-01,Total,6
Zaporizkyi,2026-01-26,2026-02-01,Warehouse,2
Zolochivskyi,2026-01-26,2026-02-01,Fuel depot,1
Zolochivskyi,2026-01-26,2026-02-01,Total,1
Brovarskyi,2026-01-19,2026-01-25,Industrial/Business/Enterprise facilities,1
Brovarskyi,2026-01-19,2026-01-25,Total,2
Brovarskyi,2026-01-19,2026-01-25,Warehouse,1
Buchanskyi,2026-01-19,2026-01-25,Fuel depot,3
Buchanskyi,2026-01-19,2026-01-25,Total,3
Chuhuivskyi,2026-01-19,2026-01-25,Electricity supply system,1
Chuhuivskyi,2026-01-19,2026-01-25,Total,1
Dniprovskyi,2026-01-19,2026-01-25,Heating and water facility,1
Dniprovskyi,2026-01-19,2026-01-25,Industrial/Business/Enterprise facilities,1
Dniprovskyi,2026-01-19,2026-01-25,Total,2
Kharkivskyi,2026-01-19,2026-01-25,"Education facility (school, etc.)",1
Kharkivskyi,2026-01-19,2026-01-25,Electricity supply system,1
Kharkivskyi,2026-01-19,2026-01-25,"Health facility (hospital, health clinic)",2
Kharkivskyi,2026-01-19,2026-01-25,Industrial/Business/Enterprise facilities,4
Kharkivskyi,2026-01-19,2026-01-25,Other,1
Kharkivskyi,2026-01-19,2026-01-25,Road / Highway,1
Kharkivskyi,2026-01-19,2026-01-25,Total,10
Kramatorskyi,2026-01-19,2026-01-25,Fuel depot,1
Kramatorskyi,2026-01-19,2026-01-25,Government facilities,1
Kramatorskyi,2026-01-19,2026-01-25,Industrial/Business/Enterprise facilities,2
Kramatorskyi,2026-01-19,2026-01-25,Total,5
Kramatorskyi,2026-01-19,2026-01-25,Warehouse,1
Kremenchutskyi,2026-01-19,2026-01-25,Industrial/Business/Enterprise facilities,1
Kremenchutskyi,2026-01-19,2026-01-25,Total,1
Kryvorizkyi,2026-01-19,2026-01-25,"Cultural facilities (museum, theater etc.)",3
Kryvorizkyi,2026-01-19,2026-01-25,"Education facility (school, etc.)",3
Kryvorizkyi,2026-01-19,2026-01-25,Government facilities,2
Kryvorizkyi,2026-01-19,2026-01-25,Industrial/Business/Enterprise facilities,3
Kryvorizkyi,2026-01-19,2026-01-25,Total,11
Kyiv,2026-01-19,2026-01-25,"Cultural facilities (museum, theater etc.)",1
Kyiv,2026-01-19,2026-01-25,"Education facility (school, etc.)",1
Kyiv,2026-01-19,2026-01-25,Electricity supply system,1
Kyiv,2026-01-19,2026-01-25,Energy Infrastructure (unknown type),1
Kyiv,2026-01-19,2026-01-25,"Health facility (hospital, health clinic)",1
Kyiv,2026-01-19,2026-01-25,Heating and water facility,2
Kyiv,2026-01-19,2026-01-25,Industrial/Business/Enterprise facilities,2
Kyiv,2026-01-19,2026-01-25,Other,1
Kyiv,2026-01-19,2026-01-25,Total,11
Kyiv,2026-01-19,2026-01-25,Warehouse,1
Mykolaivskyi,2026-01-19,2026-01-25,Electricity supply system,1
Mykolaivskyi,2026-01-19,2026-01-25,Total,1
Nikopolskyi,2026-01-19,2026-01-25,Agricultural facilities,4
Nikopolskyi,2026-01-19,2026-01-25,"Cultural facilities (museum, theater etc.)",2
Nikopolskyi,2026-01-19,2026-01-25,Electricity supply system,7
Nikopolskyi,2026-01-19,2026-01-25,Gas supply system,4
Nikopolskyi,2026-01-19,2026-01-25,Government facilities,4
Nikopolskyi,2026-01-19,2026-01-25,"Health facility (hospital, health clinic)",1
Nikopolskyi,2026-01-19,2026-01-25,Industrial/Business/Enterprise facilities,7
Nikopolskyi,2026-01-19,2026-01-25,Total,29
Odeskyi,2026-01-19,2026-01-25,Electricity supply system,1
Odeskyi,2026-01-19,2026-01-25,Gas supply system,1
Odeskyi,2026-01-19,2026-01-25,Industrial/Business/Enterprise facilities,2
Odeskyi,2026-01-19,2026-01-25,Total,5
Odeskyi,2026-01-19,2026-01-25,Warehouse,1
Pavlohradskyi,2026-01-19,2026-01-25,Electricity supply system,1
Pavlohradskyi,2026-01-19,2026-01-25,Total,1
Poltavskyi,2026-01-19,2026-01-25,"Cultural facilities (museum, theater etc.)",1
Poltavskyi,2026-01-19,2026-01-25,Industrial/Business/Enterprise facilities,1
Poltavskyi,2026-01-19,2026-01-25,Total,2
Sumskyi,2026-01-19,2026-01-25,"Education facility (school, etc.)",1
Sumskyi,2026-01-19,2026-01-25,Electricity supply system,1
Sumskyi,2026-01-19,2026-01-25,Fuel depot,1
Sumskyi,2026-01-19,2026-01-25,Gas supply system,1
Sumskyi,2026-01-19,2026-01-25,Heating and water facility,1
Sumskyi,2026-01-19,2026-01-25,Total,5
Synelnykivskyi,2026-01-19,2026-01-25,Agricultural facilities,1
Synelnykivskyi,2026-01-19,2026-01-25,Gas supply system,2
Synelnykivskyi,2026-01-19,2026-01-25,Industrial/Business/Enterprise facilities,2
Synelnykivskyi,2026-01-19,2026-01-25,Total,5
Vyshhorodskyi,2026-01-19,2026-01-25,"Cultural facilities (museum, theater etc.)",1
Vyshhorodskyi,2026-01-19,2026-01-25,Total,1
Zaporizkyi,2026-01-19,2026-01-25,Electricity supply system,1
Zaporizkyi,2026-01-19,2026-01-25,Fuel depot,1
Zaporizkyi,2026-01-19,2026-01-25,Gas supply system,1
Zaporizkyi,2026-01-19,2026-01-25,Government facilities,1
Zaporizkyi,2026-01-19,2026-01-25,Industrial/Business/Enterprise facilities,3
Zaporizkyi,2026-01-19,2026-01-25,Total,7
Bilhorod-Dnistrovskyi,2026-01-12,2026-01-18,Government facilities,2
Bilhorod-Dnistrovskyi,2026-01-12,2026-01-18,Industrial/Business/Enterprise facilities,1
Bilhorod-Dnistrovskyi,2026-01-12,2026-01-18,Total,3
Bohodukhivskyi,2026-01-12,2026-01-18,Electricity supply system,1
Bohodukhivskyi,2026-01-12,2026-01-18,Industrial/Business/Enterprise facilities,2
Bohodukhivskyi,2026-01-12,2026-01-18,Total,3
Chuhuivskyi,2026-01-12,2026-01-18,Government facilities,1
Chuhuivskyi,2026-01-12,2026-01-18,Total,1
Iziumskyi,2026-01-12,2026-01-18,Electricity supply system,1
Iziumskyi,2026-01-12,2026-01-18,Total,1
Kharkivskyi,2026-01-12,2026-01-18,Energy Infrastructure (unknown type),2
Kharkivskyi,2026-01-12,2026-01-18,Fuel depot,1
Kharkivskyi,2026-01-12,2026-01-18,Industrial/Business/Enterprise facilities,1
Kharkivskyi,2026-01-12,2026-01-18,Total,5
Kharkivskyi,2026-01-12,2026-01-18,Warehouse,1
Khersonskyi,2026-01-12,2026-01-18,"Education facility (school, etc.)",2
Khersonskyi,2026-01-12,2026-01-18,Total,2
Khmelnytskyi,2026-01-12,2026-01-18,"Cultural facilities (museum, theater etc.)",1
Khmelnytskyi,2026-01-12,2026-01-18,Industrial/Business/Enterprise facilities,2
Khmelnytskyi,2026-01-12,2026-01-18,Total,3
Konotopskyi,2026-01-12,2026-01-18,Railway,1
Konotopskyi,2026-01-12,2026-01-18,Total,1
Koriukivskyi,2026-01-12,2026-01-18,"Cultural facilities (museum, theater etc.)",1
Koriukivskyi,2026-01-12,2026-01-18,Electricity supply system,1
Koriukivskyi,2026-01-12,2026-01-18,Industrial/Business/Enterprise facilities,1
Koriukivskyi,2026-01-12,2026-01-18,Total,3
Kramatorskyi,2026-01-12,2026-01-18,Government facilities,1
Kramatorskyi,2026-01-12,2026-01-18,Railway,1
Kramatorskyi,2026-01-12,2026-01-18,Total,3
Kramatorskyi,2026-01-12,2026-01-18,Warehouse,1
Kupianskyi,2026-01-12,2026-01-18,Total,1
Kupianskyi,2026-01-12,2026-01-18,Warehouse,1
Kyiv,2026-01-12,2026-01-18,"Education facility (school, etc.)",2
Kyiv,2026-01-12,2026-01-18,Total,2
Lvivskyi,2026-01-12,2026-01-18,"Cultural facilities (museum, theater etc.)",1
Lvivskyi,2026-01-12,2026-01-18,"Education facility (school, etc.)",3
Lvivskyi,2026-01-12,2026-01-18,Religious facilities,1
Lvivskyi,2026-01-12,2026-01-18,Total,5
Mariupolskyi,2026-01-12,2026-01-18,Electricity supply system,2
Mariupolskyi,2026-01-12,2026-01-18,Total,2
Nikopolskyi,2026-01-12,2026-01-18,Agricultural facilities,1
Nikopolskyi,2026-01-12,2026-01-18,Electricity supply system,6
Nikopolskyi,2026-01-12,2026-01-18,Gas supply system,6
Nikopolskyi,2026-01-12,2026-01-18,Government facilities,2
Nikopolskyi,2026-01-12,2026-01-18,"Health facility (hospital, health clinic)",1
Nikopolskyi,2026-01-12,2026-01-18,Industrial/Business/Enterprise facilities,3
Nikopolskyi,2026-01-12,2026-01-18,Total,19
Odeskyi,2026-01-12,2026-01-18,"Cultural facilities (museum, theater etc.)",1
Odeskyi,2026-01-12,2026-01-18,"Education facility (school, etc.)",5
Odeskyi,2026-01-12,2026-01-18,Energy Infrastructure (unknown type),3
Odeskyi,2026-01-12,2026-01-18,Government facilities,2
Odeskyi,2026-01-12,2026-01-18,"Health facility (hospital, health clinic)",1
Odeskyi,2026-01-12,2026-01-18,Industrial/Business/Enterprise facilities,1
Odeskyi,2026-01-12,2026-01-18,Total,13
Pavlohradskyi,2026-01-12,2026-01-18,Industrial/Business/Enterprise facilities,1
Pavlohradskyi,2026-01-12,2026-01-18,Total,1
Sumskyi,2026-01-12,2026-01-18,"Education facility (school, etc.)",2
Sumskyi,2026-01-12,2026-01-18,Fuel depot,1
Sumskyi,2026-01-12,2026-01-18,Gas supply system,1
Sumskyi,2026-01-12,2026-01-18,Industrial/Business/Enterprise facilities,2
Sumskyi,2026-01-12,2026-01-18,Total,6
Synelnykivskyi,2026-01-12,2026-01-18,Gas supply system,1
Synelnykivskyi,2026-01-12,2026-01-18,Government facilities,1
Synelnykivskyi,2026-01-12,2026-01-18,Total,2
Zaporizkyi,2026-01-12,2026-01-18,Government facilities,1
Zaporizkyi,2026-01-12,2026-01-18,Total,1
Beryslavskyi,2026-01-05,2026-01-11,Electricity supply system,1
Beryslavskyi,2026-01-05,2026-01-11,Total,1
Chernihivskyi,2026-01-05,2026-01-11,Government facilities,1
Chernihivskyi,2026-01-05,2026-01-11,"Health facility (hospital, health clinic)",1
Chernihivskyi,2026-01-05,2026-01-11,Industrial/Business/Enterprise facilities,2
Chernihivskyi,2026-01-05,2026-01-11,Total,6
Chernihivskyi,2026-01-05,2026-01-11,Warehouse,2
Dniprovskyi,2026-01-05,2026-01-11,"Education facility (school, etc.)",5
Dniprovskyi,2026-01-05,2026-01-11,Electricity supply system,1
Dniprovskyi,2026-01-05,2026-01-11,Gas supply system,2
Dniprovskyi,2026-01-05,2026-01-11,Government facilities,1
Dniprovskyi,2026-01-05,2026-01-11,Heating and water facility,1
Dniprovskyi,2026-01-05,2026-01-11,Industrial/Business/Enterprise facilities,2
Dniprovskyi,2026-01-05,2026-01-11,Power plant,1
Dniprovskyi,2026-01-05,2026-01-11,Total,13
Fastivskyi,2026-01-05,2026-01-11,Industrial/Business/Enterprise facilities,1
Fastivskyi,2026-01-05,2026-01-11,Total,1
Kharkivskyi,2026-01-05,2026-01-11,Electricity supply system,1
Kharkivskyi,2026-01-05,2026-01-11,Energy Infrastructure (unknown type),1
Kharkivskyi,2026-01-05,2026-01-11,Total,2
Khersonskyi,2026-01-05,2026-01-11,Gas supply system,2
Khersonskyi,2026-01-05,2026-01-11,"Health facility (hospital, health clinic)",2
Khersonskyi,2026-01-05,2026-01-11,Other,1
Khersonskyi,2026-01-05,2026-01-11,Total,5
Koriukivskyi,2026-01-05,2026-01-11,Industrial/Business/Enterprise facilities,1
Koriukivskyi,2026-01-05,2026-01-11,Total,1
Kramatorskyi,2026-01-05,2026-01-11,Heating and water facility,1
Kramatorskyi,2026-01-05,2026-01-11,Industrial/Business/Enterprise facilities,1
Kramatorskyi,2026-01-05,2026-01-11,Total,3
Kramatorskyi,2026-01-05,2026-01-11,Warehouse,1
Kropyvnytskyi,2026-01-05,2026-01-11,"Education facility (school, etc.)",1
Kropyvnytskyi,2026-01-05,2026-01-11,Total,1
Kryvorizkyi,2026-01-05,2026-01-11,Industrial/Business/Enterprise facilities,2
Kryvorizkyi,2026-01-05,2026-01-11,Total,2
Kyiv,2026-01-05,2026-01-11,"Education facility (school, etc.)",1
Kyiv,2026-01-05,2026-01-11,Fuel depot,1
Kyiv,2026-01-05,2026-01-11,Government facilities,1
Kyiv,2026-01-05,2026-01-11,"Health facility (hospital, health clinic)",1
Kyiv,2026-01-05,2026-01-11,Industrial/Business/Enterprise facilities,4
Kyiv,2026-01-05,2026-01-11,Power plant,1
Kyiv,2026-01-05,2026-01-11,Road / Highway,1
Kyiv,2026-01-05,2026-01-11,Total,10
Lozivskyi,2026-01-05,2026-01-11,Agricultural facilities,1
Lozivskyi,2026-01-05,2026-01-11,Total,1
Nikopolskyi,2026-01-05,2026-01-11,"Cultural facilities (museum, theater etc.)",1
Nikopolskyi,2026-01-05,2026-01-11,"Education facility (school, etc.)",4
Nikopolskyi,2026-01-05,2026-01-11,Electricity supply system,7
Nikopolskyi,2026-01-05,2026-01-11,Gas supply system,5
Nikopolskyi,2026-01-05,2026-01-11,Government facilities,1
Nikopolskyi,2026-01-05,2026-01-11,"Health facility (hospital, health clinic)",1
Nikopolskyi,2026-01-05,2026-01-11,Industrial/Business/Enterprise facilities,3
Nikopolskyi,2026-01-05,2026-01-11,Religious facilities,1
Nikopolskyi,2026-01-05,2026-01-11,Total,23
Novhorod-Siverskyi,2026-01-05,2026-01-11,Total,1
Novhorod-Siverskyi,2026-01-05,2026-01-11,Warehouse,1
Novomoskovskyi,2026-01-05,2026-01-11,Electricity supply system,1
Novomoskovskyi,2026-01-05,2026-01-11,Total,1
Odeskyi,2026-01-05,2026-01-11,Government facilities,1
Odeskyi,2026-01-05,2026-01-11,Harbor,1
Odeskyi,2026-01-05,2026-01-11,Total,3
Odeskyi,2026-01-05,2026-01-11,Warehouse,1
Okhtyrskyi,2026-01-05,2026-01-11,Government facilities,1
Okhtyrskyi,2026-01-05,2026-01-11,Total,1
Poltavskyi,2026-01-05,2026-01-11,Industrial/Business/Enterprise facilities,1
Poltavskyi,2026-01-05,2026-01-11,Total,1
Synelnykivskyi,2026-01-05,2026-01-11,Energy Infrastructure (unknown type),1
Synelnykivskyi,2026-01-05,2026-01-11,Gas supply system,1
Synelnykivskyi,2026-01-05,2026-01-11,Industrial/Business/Enterprise facilities,1
Synelnykivskyi,2026-01-05,2026-01-11,Total,3
Umanskyi,2026-01-05,2026-01-11,Industrial/Business/Enterprise facilities,1
Umanskyi,2026-01-05,2026-01-11,Total,1
Vyshhorodskyi,2026-01-05,2026-01-11,Electricity supply system,1
Vyshhorodskyi,2026-01-05,2026-01-11,Total,1
Zaporizkyi,2026-01-05,2026-01-11,Industrial/Business/Enterprise facilities,1
Zaporizkyi,2026-01-05,2026-01-11,Total,1
Dniprovskyi,2025-12-29,2026-01-04,Industrial/Business/Enterprise facilities,1
Dniprovskyi,2025-12-29,2026-01-04,Total,1
Izmailskyi,2025-12-29,2026-01-04,Government facilities,1
Izmailskyi,2025-12-29,2026-01-04,Harbor,1
Izmailskyi,2025-12-29,2026-01-04,Total,2
Kharkivskyi,2025-12-29,2026-01-04,Industrial/Business/Enterprise facilities,1
Kharkivskyi,2025-12-29,2026-01-04,Total,1
Khersonskyi,2025-12-29,2026-01-04,Fuel depot,1
Khersonskyi,2025-12-29,2026-01-04,"Health facility (hospital, health clinic)",1
Khersonskyi,2025-12-29,2026-01-04,Heating and water facility,1
Khersonskyi,2025-12-29,2026-01-04,Total,3
Kovelskyi,2025-12-29,2026-01-04,Railway,1
Kovelskyi,2025-12-29,2026-01-04,Total,1
Kramatorskyi,2025-12-29,2026-01-04,Government facilities,1
Kramatorskyi,2025-12-29,2026-01-04,"Health facility (hospital, health clinic)",1
Kramatorskyi,2025-12-29,2026-01-04,Industrial/Business/Enterprise facilities,9
Kramatorskyi,2025-12-29,2026-01-04,Total,12
Kramatorskyi,2025-12-29,2026-01-04,Water supply system,1
Kryvorizkyi,2025-12-29,2026-01-04,Electricity supply system,1
Kryvorizkyi,2025-12-29,2026-01-04,Industrial/Business/Enterprise facilities,1
Kryvorizkyi,2025-12-29,2026-01-04,Total,2
Lozivskyi,2025-12-29,2026-01-04,Agricultural facilities,1
Lozivskyi,2025-12-29,2026-01-04,Total,1
Mykolaivskyi,2025-12-29,2026-01-04,Gas supply system,1
Mykolaivskyi,2025-12-29,2026-01-04,Total,1
Nikopolskyi,2025-12-29,2026-01-04,"Education facility (school, etc.)",1
Nikopolskyi,2025-12-29,2026-01-04,Electricity supply system,3
Nikopolskyi,2025-12-29,2026-01-04,Gas supply system,1
Nikopolskyi,2025-12-29,2026-01-04,Industrial/Business/Enterprise facilities,1
Nikopolskyi,2025-12-29,2026-01-04,Total,6
Novhorod-Siverskyi,2025-12-29,2026-01-04,Government facilities,1
Novhorod-Siverskyi,2025-12-29,2026-01-04,"Health facility (hospital, health clinic)",1
Novhorod-Siverskyi,2025-12-29,2026-01-04,Total,2
Odeskyi,2025-12-29,2026-01-04,Electricity supply system,2
Odeskyi,2025-12-29,2026-01-04,Harbor,5
Odeskyi,2025-12-29,2026-01-04,Total,8
Odeskyi,2025-12-29,2026-01-04,Warehouse,1
Sumskyi,2025-12-29,2026-01-04,Government facilities,2
Sumskyi,2025-12-29,2026-01-04,Industrial/Business/Enterprise facilities,1
Sumskyi,2025-12-29,2026-01-04,Total,3
Synelnykivskyi,2025-12-29,2026-01-04,"Cultural facilities (museum, theater etc.)",1
Synelnykivskyi,2025-12-29,2026-01-04,"Education facility (school, etc.)",3
Synelnykivskyi,2025-12-29,2026-01-04,Electricity supply system,2
Synelnykivskyi,2025-12-29,2026-01-04,Gas supply system,2
Synelnykivskyi,2025-12-29,2026-01-04,Industrial/Business/Enterprise facilities,3
Synelnykivskyi,2025-12-29,2026-01-04,Total,11
Zaporizkyi,2025-12-29,2026-01-04,Industrial/Business/Enterprise facilities,3
Zaporizkyi,2025-12-29,2026-01-04,Total,3
Zolotoniskyi,2025-12-29,2026-01-04,"Education facility (school, etc.)",2
Zolotoniskyi,2025-12-29,2026-01-04,Industrial/Business/Enterprise facilities,1
Zolotoniskyi,2025-12-29,2026-01-04,Total,3
Cherkaskyi,2025-12-22,2025-12-28,"Education facility (school, etc.)",1
Cherkaskyi,2025-12-22,2025-12-28,Other,1
Cherkaskyi,2025-12-22,2025-12-28,Total,2
Chernihivskyi,2025-12-22,2025-12-28,"Education facility (school, etc.)",1
Chernihivskyi,2025-12-22,2025-12-28,Total,1
Izmailskyi,2025-12-22,2025-12-28,Harbor,1
Izmailskyi,2025-12-22,2025-12-28,"Health facility (hospital, health clinic)",1
Izmailskyi,2025-12-22,2025-12-28,Total,2
Kharkivskyi,2025-12-22,2025-12-28,Power plant,1
Kharkivskyi,2025-12-22,2025-12-28,Road / Highway,1
Kharkivskyi,2025-12-22,2025-12-28,Total,3
Kharkivskyi,2025-12-22,2025-12-28,Warehouse,1
Khersonskyi,2025-12-22,2025-12-28,"Education facility (school, etc.)",2
Khersonskyi,2025-12-22,2025-12-28,Electricity supply system,1
Khersonskyi,2025-12-22,2025-12-28,Energy Infrastructure (unknown type),1
Khersonskyi,2025-12-22,2025-12-28,Gas supply system,3
Khersonskyi,2025-12-22,2025-12-28,Government facilities,5
Khersonskyi,2025-12-22,2025-12-28,Industrial/Business/Enterprise facilities,2
Khersonskyi,2025-12-22,2025-12-28,Power plant,1
Khersonskyi,2025-12-22,2025-12-28,Total,15
Khmelnytskyi,2025-12-22,2025-12-28,Electricity supply system,1
Khmelnytskyi,2025-12-22,2025-12-28,Total,1
Koriukivskyi,2025-12-22,2025-12-28,Industrial/Business/Enterprise facilities,1
Koriukivskyi,2025-12-22,2025-12-28,Total,1
Korostenskyi,2025-12-22,2025-12-28,Electricity supply system,1
Korostenskyi,2025-12-22,2025-12-28,Railway,1
Korostenskyi,2025-12-22,2025-12-28,Total,2
Kovelskyi,2025-12-22,2025-12-28,Railway,3
Kovelskyi,2025-12-22,2025-12-28,Total,3
Kramatorskyi,2025-12-22,2025-12-28,Industrial/Business/Enterprise facilities,1
Kramatorskyi,2025-12-22,2025-12-28,Total,1
Kremenchutskyi,2025-12-22,2025-12-28,Industrial/Business/Enterprise facilities,1
Kremenchutskyi,2025-12-22,2025-12-28,Total,1
Kryvorizkyi,2025-12-22,2025-12-28,Government facilities,1
Kryvorizkyi,2025-12-22,2025-12-28,Total,1
Kyiv,2025-12-22,2025-12-28,"Education facility (school, etc.)",1
Kyiv,2025-12-22,2025-12-28,Government facilities,1
Kyiv,2025-12-22,2025-12-28,Power plant,2
Kyiv,2025-12-22,2025-12-28,Total,4
Mykolaivskyi,2025-12-22,2025-12-28,"Education facility (school, etc.)",1
Mykolaivskyi,2025-12-22,2025-12-28,Industrial/Business/Enterprise facilities,1
Mykolaivskyi,2025-12-22,2025-12-28,Total,2
Nikopolskyi,2025-12-22,2025-12-28,"Cultural facilities (museum, theater etc.)",1
Nikopolskyi,2025-12-22,2025-12-28,"Education facility (school, etc.)",3
Nikopolskyi,2025-12-22,2025-12-28,Electricity supply system,1
Nikopolskyi,2025-12-22,2025-12-28,Industrial/Business/Enterprise facilities,6
Nikopolskyi,2025-12-22,2025-12-28,Total,11
Novhorod-Siverskyi,2025-12-22,2025-12-28,Agricultural facilities,1
Novhorod-Siverskyi,2025-12-22,2025-12-28,"Cultural facilities (museum, theater etc.)",1
Novhorod-Siverskyi,2025-12-22,2025-12-28,Electricity supply system,1
Novhorod-Siverskyi,2025-12-22,2025-12-28,Government facilities,1
Novhorod-Siverskyi,2025-12-22,2025-12-28,Total,4
Odeskyi,2025-12-22,2025-12-28,Agricultural facilities,1
Odeskyi,2025-12-22,2025-12-28,"Education facility (school, etc.)",2
Odeskyi,2025-12-22,2025-12-28,Electricity supply system,2
Odeskyi,2025-12-22,2025-12-28,Harbor,3
Odeskyi,2025-12-22,2025-12-28,Total,9
Odeskyi,2025-12-22,2025-12-28,Warehouse,1
Sumskyi,2025-12-22,2025-12-28,Electricity supply system,1
Sumskyi,2025-12-22,2025-12-28,Total,1
Synelnykivskyi,2025-12-22,2025-12-28,Agricultural facilities,1
Synelnykivskyi,2025-12-22,2025-12-28,"Cultural facilities (museum, theater etc.)",1
Synelnykivskyi,2025-12-22,2025-12-28,Gas supply system,1
Synelnykivskyi,2025-12-22,2025-12-28,"Health facility (hospital, health clinic)",1
Synelnykivskyi,2025-12-22,2025-12-28,Industrial/Business/Enterprise facilities,1
Synelnykivskyi,2025-12-22,2025-12-28,Total,5
Umanskyi,2025-12-22,2025-12-28,Industrial/Business/Enterprise facilities,1
Umanskyi,2025-12-22,2025-12-28,Total,1
Zaporizkyi,2025-12-22,2025-12-28,"Education facility (school, etc.)",1
Zaporizkyi,2025-12-22,2025-12-28,Government facilities,2
Zaporizkyi,2025-12-22,2025-12-28,Industrial/Business/Enterprise facilities,1
Zaporizkyi,2025-12-22,2025-12-28,Total,4
Zhytomyrskyi,2025-12-22,2025-12-28,"Health facility (hospital, health clinic)",1
Zhytomyrskyi,2025-12-22,2025-12-28,Industrial/Business/Enterprise facilities,3
Zhytomyrskyi,2025-12-22,2025-12-28,Total,4
Beryslavskyi,2025-12-15,2025-12-21,Road / Highway,1
Beryslavskyi,2025-12-15,2025-12-21,Total,1
Cherkaskyi,2025-12-15,2025-12-21,"Cultural facilities (museum, theater etc.)",1
Cherkaskyi,2025-12-15,2025-12-21,Total,1
Chernihivskyi,2025-12-15,2025-12-21,"Education facility (school, etc.)",1
Chernihivskyi,2025-12-15,2025-12-21,Total,1
Izmailskyi,2025-12-15,2025-12-21,Road / Highway,1
Izmailskyi,2025-12-15,2025-12-21,Total,1
Kamianskyi,2025-12-15,2025-12-21,Industrial/Business/Enterprise facilities,1
Kamianskyi,2025-12-15,2025-12-21,Railway,1
Kamianskyi,2025-12-15,2025-12-21,Total,2
Khersonskyi,2025-12-15,2025-12-21,Electricity supply system,1
Khersonskyi,2025-12-15,2025-12-21,Energy Infrastructure (unknown type),1
Khersonskyi,2025-12-15,2025-12-21,Gas supply system,2
Khersonskyi,2025-12-15,2025-12-21,Government facilities,2
Khersonskyi,2025-12-15,2025-12-21,Total,8
Khersonskyi,2025-12-15,2025-12-21,Warehouse,1
Khersonskyi,2025-12-15,2025-12-21,Water supply system,1
Kramatorskyi,2025-12-15,2025-12-21,"Education facility (school, etc.)",2
Kramatorskyi,2025-12-15,2025-12-21,Government facilities,1
Kramatorskyi,2025-12-15,2025-12-21,"Health facility (hospital, health clinic)",1
Kramatorskyi,2025-12-15,2025-12-21,Industrial/Business/Enterprise facilities,4
Kramatorskyi,2025-12-15,2025-12-21,Religious facilities,1
Kramatorskyi,2025-12-15,2025-12-21,Total,9
Kryvorizkyi,2025-12-15,2025-12-21,"Cultural facilities (museum, theater etc.)",1
Kryvorizkyi,2025-12-15,2025-12-21,Government facilities,1
Kryvorizkyi,2025-12-15,2025-12-21,Total,2
Mykolaivskyi,2025-12-15,2025-12-21,Gas supply system,1
Mykolaivskyi,2025-12-15,2025-12-21,Total,2
Mykolaivskyi,2025-12-15,2025-12-21,Warehouse,1
Nikopolskyi,2025-12-15,2025-12-21,Agricultural facilities,3
Nikopolskyi,2025-12-15,2025-12-21,"Education facility (school, etc.)",1
Nikopolskyi,2025-12-15,2025-12-21,Electricity supply system,5
Nikopolskyi,2025-12-15,2025-12-21,Fuel depot,2
Nikopolskyi,2025-12-15,2025-12-21,Gas supply system,2
Nikopolskyi,2025-12-15,2025-12-21,Government facilities,1
Nikopolskyi,2025-12-15,2025-12-21,"Health facility (hospital, health clinic)",1
Nikopolskyi,2025-12-15,2025-12-21,Industrial/Business/Enterprise facilities,5
Nikopolskyi,2025-12-15,2025-12-21,Total,20
Novhorod-Siverskyi,2025-12-15,2025-12-21,Agricultural facilities,1
Novhorod-Siverskyi,2025-12-15,2025-12-21,Government facilities,2
Novhorod-Siverskyi,2025-12-15,2025-12-21,Total,3
Odeskyi,2025-12-15,2025-12-21,"Education facility (school, etc.)",1
Odeskyi,2025-12-15,2025-12-21,Government facilities,1
Odeskyi,2025-12-15,2025-12-21,Harbor,2
Odeskyi,2025-12-15,2025-12-21,Industrial/Business/Enterprise facilities,1
Odeskyi,2025-12-15,2025-12-21,Road / Highway,2
Odeskyi,2025-12-15,2025-12-21,Total,7
Okhtyrskyi,2025-12-15,2025-12-21,Industrial/Business/Enterprise facilities,1
Okhtyrskyi,2025-12-15,2025-12-21,Total,1
Pokrovskyi,2025-12-15,2025-12-21,"Cultural facilities (museum, theater etc.)",1
Pokrovskyi,2025-12-15,2025-12-21,Total,1
Shostkynskyi,2025-12-15,2025-12-21,"Education facility (school, etc.)",1
Shostkynskyi,2025-12-15,2025-12-21,Electricity supply system,1
Shostkynskyi,2025-12-15,2025-12-21,Government facilities,1
Shostkynskyi,2025-12-15,2025-12-21,Industrial/Business/Enterprise facilities,2
Shostkynskyi,2025-12-15,2025-12-21,Total,5
Sumskyi,2025-12-15,2025-12-21,"Education facility (school, etc.)",1
Sumskyi,2025-12-15,2025-12-21,Industrial/Business/Enterprise facilities,1
Sumskyi,2025-12-15,2025-12-21,Railway,1
Sumskyi,2025-12-15,2025-12-21,Total,3
Vasylivskyi,2025-12-15,2025-12-21,Electricity supply system,1
Vasylivskyi,2025-12-15,2025-12-21,Total,1
Zaporizkyi,2025-12-15,2025-12-21,"Education facility (school, etc.)",2
Zaporizkyi,2025-12-15,2025-12-21,Industrial/Business/Enterprise facilities,1
Zaporizkyi,2025-12-15,2025-12-21,Total,3
Bilhorod-Dnistrovskyi,2025-12-08,2025-12-14,Road / Highway,1
Bilhorod-Dnistrovskyi,2025-12-08,2025-12-14,Total,1
Bohodukhivskyi,2025-12-08,2025-12-14,Electricity supply system,1
Bohodukhivskyi,2025-12-08,2025-12-14,Total,1
Chernihivskyi,2025-12-08,2025-12-14,Gas supply system,1
Chernihivskyi,2025-12-08,2025-12-14,Government facilities,1
Chernihivskyi,2025-12-08,2025-12-14,Total,2
Dniprovskyi,2025-12-08,2025-12-14,Government facilities,1
Dniprovskyi,2025-12-08,2025-12-14,Total,1
Fastivskyi,2025-12-08,2025-12-14,Government facilities,1
Fastivskyi,2025-12-08,2025-12-14,Total,1
Iziumskyi,2025-12-08,2025-12-14,Telecommunications,1
Iziumskyi,2025-12-08,2025-12-14,Total,1
Kharkivskyi,2025-12-08,2025-12-14,Electricity supply system,1
Kharkivskyi,2025-12-08,2025-12-14,Fuel depot,1
Kharkivskyi,2025-12-08,2025-12-14,Government facilities,1
Kharkivskyi,2025-12-08,2025-12-14,Total,3
Khersonskyi,2025-12-08,2025-12-14,"Cultural facilities (museum, theater etc.)",1
Khersonskyi,2025-12-08,2025-12-14,Energy Infrastructure (unknown type),1
Khersonskyi,2025-12-08,2025-12-14,Gas supply system,1
Khersonskyi,2025-12-08,2025-12-14,"Health facility (hospital, health clinic)",2
Khersonskyi,2025-12-08,2025-12-14,Industrial/Business/Enterprise facilities,1
Khersonskyi,2025-12-08,2025-12-14,Power plant,1
Khersonskyi,2025-12-08,2025-12-14,Total,8
Khersonskyi,2025-12-08,2025-12-14,Water supply system,1
Koriukivskyi,2025-12-08,2025-12-14,Government facilities,1
Koriukivskyi,2025-12-08,2025-12-14,Total,1
Kramatorskyi,2025-12-08,2025-12-14,"Education facility (school, etc.)",2
Kramatorskyi,2025-12-08,2025-12-14,Electricity supply system,1
Kramatorskyi,2025-12-08,2025-12-14,Government facilities,4
Kramatorskyi,2025-12-08,2025-12-14,Industrial/Business/Enterprise facilities,6
Kramatorskyi,2025-12-08,2025-12-14,Total,14
Kramatorskyi,2025-12-08,2025-12-14,Warehouse,1
Kryvorizkyi,2025-12-08,2025-12-14,Agricultural facilities,1
Kryvorizkyi,2025-12-08,2025-12-14,"Education facility (school, etc.)",1
Kryvorizkyi,2025-12-08,2025-12-14,Electricity supply system,1
Kryvorizkyi,2025-12-08,2025-12-14,Gas supply system,3
Kryvorizkyi,2025-12-08,2025-12-14,Total,6
Kupianskyi,2025-12-08,2025-12-14,"Education facility (school, etc.)",1
Kupianskyi,2025-12-08,2025-12-14,Total,1
Mykolaivskyi,2025-12-08,2025-12-14,Electricity supply system,1
Mykolaivskyi,2025-12-08,2025-12-14,Total,1
Nikopolskyi,2025-12-08,2025-12-14,Agricultural facilities,2
Nikopolskyi,2025-12-08,2025-12-14,"Education facility (school, etc.)",3
Nikopolskyi,2025-12-08,2025-12-14,Electricity supply system,6
Nikopolskyi,2025-12-08,2025-12-14,Fuel depot,4
Nikopolskyi,2025-12-08,2025-12-14,Gas supply system,1
Nikopolskyi,2025-12-08,2025-12-14,Industrial/Business/Enterprise facilities,6
Nikopolskyi,2025-12-08,2025-12-14,Total,22
Nizhynskyi,2025-12-08,2025-12-14,Industrial/Business/Enterprise facilities,1
Nizhynskyi,2025-12-08,2025-12-14,Total,1
Novhorod-Siverskyi,2025-12-08,2025-12-14,Fuel depot,2
Novhorod-Siverskyi,2025-12-08,2025-12-14,Government facilities,2
Novhorod-Siverskyi,2025-12-08,2025-12-14,Total,4
Novomoskovskyi,2025-12-08,2025-12-14,Industrial/Business/Enterprise facilities,1
Novomoskovskyi,2025-12-08,2025-12-14,Total,1
Odeskyi,2025-12-08,2025-12-14,Electricity supply system,1
Odeskyi,2025-12-08,2025-12-14,Government facilities,2
Odeskyi,2025-12-08,2025-12-14,Harbor,3
Odeskyi,2025-12-08,2025-12-14,Power plant,1
Odeskyi,2025-12-08,2025-12-14,Total,8
Odeskyi,2025-12-08,2025-12-14,Warehouse,1
Okhtyrskyi,2025-12-08,2025-12-14,"Education facility (school, etc.)",1
Okhtyrskyi,2025-12-08,2025-12-14,"Health facility (hospital, health clinic)",1
Okhtyrskyi,2025-12-08,2025-12-14,Industrial/Business/Enterprise facilities,3
Okhtyrskyi,2025-12-08,2025-12-14,Total,5
Pavlohradskyi,2025-12-08,2025-12-14,Industrial/Business/Enterprise facilities,1
Pavlohradskyi,2025-12-08,2025-12-14,Total,1
Podilskyi,2025-12-08,2025-12-14,Total,1
Podilskyi,2025-12-08,2025-12-14,Warehouse,1
Pokrovskyi,2025-12-08,2025-12-14,Agricultural facilities,1
Pokrovskyi,2025-12-08,2025-12-14,Industrial/Business/Enterprise facilities,1
Pokrovskyi,2025-12-08,2025-12-14,Total,2
Sumskyi,2025-12-08,2025-12-14,Industrial/Business/Enterprise facilities,1
Sumskyi,2025-12-08,2025-12-14,Total,1
Synelnykivskyi,2025-12-08,2025-12-14,Agricultural facilities,2
Synelnykivskyi,2025-12-08,2025-12-14,Total,2
Zaporizkyi,2025-12-08,2025-12-14,Electricity supply system,1
Zaporizkyi,2025-12-08,2025-12-14,Government facilities,1
Zaporizkyi,2025-12-08,2025-12-14,Industrial/Business/Enterprise facilities,1
Zaporizkyi,2025-12-08,2025-12-14,Total,3
Bilotserkivskyi,2025-12-01,2025-12-07,Total,1
Bilotserkivskyi,2025-12-01,2025-12-07,Warehouse,1
Chernihivskyi,2025-12-01,2025-12-07,Electricity supply system,1
Chernihivskyi,2025-12-01,2025-12-07,Heating and water facility,1
Chernihivskyi,2025-12-01,2025-12-07,Industrial/Business/Enterprise facilities,1
Chernihivskyi,2025-12-01,2025-12-07,Total,3
Chervonohradskyi,2025-12-01,2025-12-07,Heating and water facility,1
Chervonohradskyi,2025-12-01,2025-12-07,Total,1
Chuhuivskyi,2025-12-01,2025-12-07,Bridge,1
Chuhuivskyi,2025-12-01,2025-12-07,Government facilities,1
Chuhuivskyi,2025-12-01,2025-12-07,Industrial/Business/Enterprise facilities,1
Chuhuivskyi,2025-12-01,2025-12-07,Total,5
Chuhuivskyi,2025-12-01,2025-12-07,Warehouse,1
Chuhuivskyi,2025-12-01,2025-12-07,Water supply system,1
Dniprovskyi,2025-12-01,2025-12-07,"Education facility (school, etc.)",4
Dniprovskyi,2025-12-01,2025-12-07,Government facilities,1
Dniprovskyi,2025-12-01,2025-12-07,Industrial/Business/Enterprise facilities,4
Dniprovskyi,2025-12-01,2025-12-07,Total,11
Dniprovskyi,2025-12-01,2025-12-07,Warehouse,2
Fastivskyi,2025-12-01,2025-12-07,Railway,1
Fastivskyi,2025-12-01,2025-12-07,Total,1
Izmailskyi,2025-12-01,2025-12-07,Electricity supply system,1
Izmailskyi,2025-12-01,2025-12-07,Total,1
Kharkivskyi,2025-12-01,2025-12-07,"Education facility (school, etc.)",1
Kharkivskyi,2025-12-01,2025-12-07,Government facilities,1
Kharkivskyi,2025-12-01,2025-12-07,Industrial/Business/Enterprise facilities,1
Kharkivskyi,2025-12-01,2025-12-07,Total,3
Khersonskyi,2025-12-01,2025-12-07,Electricity supply system,2
Khersonskyi,2025-12-01,2025-12-07,Gas supply system,1
Khersonskyi,2025-12-01,2025-12-07,Government facilities,2
Khersonskyi,2025-12-01,2025-12-07,"Health facility (hospital, health clinic)",1
Khersonskyi,2025-12-01,2025-12-07,Power plant,1
Khersonskyi,2025-12-01,2025-12-07,Total,7
Koriukivskyi,2025-12-01,2025-12-07,Energy Infrastructure (unknown type),1
Koriukivskyi,2025-12-01,2025-12-07,Telecommunications,1
Koriukivskyi,2025-12-01,2025-12-07,Total,2
Kramatorskyi,2025-12-01,2025-12-07,"Education facility (school, etc.)",2
Kramatorskyi,2025-12-01,2025-12-07,Electricity supply system,2
Kramatorskyi,2025-12-01,2025-12-07,Fuel depot,3
Kramatorskyi,2025-12-01,2025-12-07,Government facilities,1
Kramatorskyi,2025-12-01,2025-12-07,Industrial/Business/Enterprise facilities,12
Kramatorskyi,2025-12-01,2025-12-07,Road / Highway,1
Kramatorskyi,2025-12-01,2025-12-07,Total,21
Kryvorizkyi,2025-12-01,2025-12-07,Agricultural facilities,1
Kryvorizkyi,2025-12-01,2025-12-07,"Education facility (school, etc.)",1
Kryvorizkyi,2025-12-01,2025-12-07,Fuel depot,1
Kryvorizkyi,2025-12-01,2025-12-07,Government facilities,2
Kryvorizkyi,2025-12-01,2025-12-07,Heating and water facility,1
Kryvorizkyi,2025-12-01,2025-12-07,Industrial/Business/Enterprise facilities,1
Kryvorizkyi,2025-12-01,2025-12-07,Total,7
Kupianskyi,2025-12-01,2025-12-07,Electricity supply system,1
Kupianskyi,2025-12-01,2025-12-07,Total,1
Lutskyi,2025-12-01,2025-12-07,Industrial/Business/Enterprise facilities,3
Lutskyi,2025-12-01,2025-12-07,Total,4
Lutskyi,2025-12-01,2025-12-07,Warehouse,1
Nikopolskyi,2025-12-01,2025-12-07,"Cultural facilities (museum, theater etc.)",1
Nikopolskyi,2025-12-01,2025-12-07,"Education facility (school, etc.)",4
Nikopolskyi,2025-12-01,2025-12-07,Electricity supply system,4
Nikopolskyi,2025-12-01,2025-12-07,Fuel depot,5
Nikopolskyi,2025-12-01,2025-12-07,Gas supply system,3
Nikopolskyi,2025-12-01,2025-12-07,Government facilities,2
Nikopolskyi,2025-12-01,2025-12-07,Industrial/Business/Enterprise facilities,3
Nikopolskyi,2025-12-01,2025-12-07,Other,1
Nikopolskyi,2025-12-01,2025-12-07,Total,23
Novhorod-Siverskyi,2025-12-01,2025-12-07,"Education facility (school, etc.)",1
Novhorod-Siverskyi,2025-12-01,2025-12-07,Government facilities,1
Novhorod-Siverskyi,2025-12-01,2025-12-07,Total,2
Odeskyi,2025-12-01,2025-12-07,Electricity supply system,2
Odeskyi,2025-12-01,2025-12-07,Government facilities,1
Odeskyi,2025-12-01,2025-12-07,Total,3
Stryiskyi,2025-12-01,2025-12-07,Electricity supply system,1
Stryiskyi,2025-12-01,2025-12-07,Total,1
Synelnykivskyi,2025-12-01,2025-12-07,"Education facility (school, etc.)",1
Synelnykivskyi,2025-12-01,2025-12-07,Electricity supply system,1
Synelnykivskyi,2025-12-01,2025-12-07,Total,2
Vyshhorodskyi,2025-12-01,2025-12-07,Gas supply system,1
Vyshhorodskyi,2025-12-01,2025-12-07,Total,2
Vyshhorodskyi,2025-12-01,2025-12-07,Warehouse,1
Yevpatoriiskyi,2025-12-01,2025-12-07,Power plant,1
Yevpatoriiskyi,2025-12-01,2025-12-07,Total,1
Zaporizkyi,2025-12-01,2025-12-07,"Education facility (school, etc.)",1
Zaporizkyi,2025-12-01,2025-12-07,Electricity supply system,1
Zaporizkyi,2025-12-01,2025-12-07,Gas supply system,1
Zaporizkyi,2025-12-01,2025-12-07,Industrial/Business/Enterprise facilities,1
Zaporizkyi,2025-12-01,2025-12-07,Total,4
Bilotserkivskyi,2025-11-24,2025-11-30,Industrial/Business/Enterprise facilities,1
Bilotserkivskyi,2025-11-24,2025-11-30,Total,2
Bilotserkivskyi,2025-11-24,2025-11-30,Warehouse,1
Brovarskyi,2025-11-24,2025-11-30,Industrial/Business/Enterprise facilities,1
Brovarskyi,2025-11-24,2025-11-30,Total,2
Brovarskyi,2025-11-24,2025-11-30,Warehouse,1
Cherkaskyi,2025-11-24,2025-11-30,Electricity supply system,1
Cherkaskyi,2025-11-24,2025-11-30,Total,1
Chernihivskyi,2025-11-24,2025-11-30,Industrial/Business/Enterprise facilities,3
Chernihivskyi,2025-11-24,2025-11-30,Total,3
Chuhuivskyi,2025-11-24,2025-11-30,Agricultural facilities,1
Chuhuivskyi,2025-11-24,2025-11-30,Total,1
Dniprovskyi,2025-11-24,2025-11-30,"Education facility (school, etc.)",1
Dniprovskyi,2025-11-24,2025-11-30,Electricity supply system,1
Dniprovskyi,2025-11-24,2025-11-30,Total,2
Khersonskyi,2025-11-24,2025-11-30,"Education facility (school, etc.)",1
Khersonskyi,2025-11-24,2025-11-30,Electricity supply system,2
Khersonskyi,2025-11-24,2025-11-30,Government facilities,1
Khersonskyi,2025-11-24,2025-11-30,Total,4
Konotopskyi,2025-11-24,2025-11-30,"Education facility (school, etc.)",1
Konotopskyi,2025-11-24,2025-11-30,Total,1
Koriukivskyi,2025-11-24,2025-11-30,Total,1
Koriukivskyi,2025-11-24,2025-11-30,Warehouse,1
Kramatorskyi,2025-11-24,2025-11-30,"Education facility (school, etc.)",3
Kramatorskyi,2025-11-24,2025-11-30,Fuel depot,1
Kramatorskyi,2025-11-24,2025-11-30,Government facilities,3
Kramatorskyi,2025-11-24,2025-11-30,Industrial/Business/Enterprise facilities,3
Kramatorskyi,2025-11-24,2025-11-30,Total,10
Kryvorizkyi,2025-11-24,2025-11-30,Fuel depot,1
Kryvorizkyi,2025-11-24,2025-11-30,Total,1
Kyiv,2025-11-24,2025-11-30,Energy Infrastructure (unknown type),1
Kyiv,2025-11-24,2025-11-30,Industrial/Business/Enterprise facilities,1
Kyiv,2025-11-24,2025-11-30,Railway,1
Kyiv,2025-11-24,2025-11-30,Total,5
Kyiv,2025-11-24,2025-11-30,Warehouse,2
Mykolaivskyi,2025-11-24,2025-11-30,Total,1
Mykolaivskyi,2025-11-24,2025-11-30,Warehouse,1
Nikopolskyi,2025-11-24,2025-11-30,Agricultural facilities,1
Nikopolskyi,2025-11-24,2025-11-30,"Education facility (school, etc.)",3
Nikopolskyi,2025-11-24,2025-11-30,Electricity supply system,4
Nikopolskyi,2025-11-24,2025-11-30,Fuel depot,3
Nikopolskyi,2025-11-24,2025-11-30,Gas supply system,1
Nikopolskyi,2025-11-24,2025-11-30,Government facilities,1
Nikopolskyi,2025-11-24,2025-11-30,Industrial/Business/Enterprise facilities,6
Nikopolskyi,2025-11-24,2025-11-30,Total,19
Nizhynskyi,2025-11-24,2025-11-30,Agricultural facilities,1
Nizhynskyi,2025-11-24,2025-11-30,Total,1
Obukhivskyi,2025-11-24,2025-11-30,Industrial/Business/Enterprise facilities,1
Obukhivskyi,2025-11-24,2025-11-30,Total,1
Odeskyi,2025-11-24,2025-11-30,Harbor,1
Odeskyi,2025-11-24,2025-11-30,Total,1
Pavlohradskyi,2025-11-24,2025-11-30,Electricity supply system,1
Pavlohradskyi,2025-11-24,2025-11-30,Gas supply system,1
Pavlohradskyi,2025-11-24,2025-11-30,Government facilities,1
Pavlohradskyi,2025-11-24,2025-11-30,Industrial/Business/Enterprise facilities,1
Pavlohradskyi,2025-11-24,2025-11-30,Total,4
Pokrovskyi,2025-11-24,2025-11-30,Heating and water facility,1
Pokrovskyi,2025-11-24,2025-11-30,Total,1
Synelnykivskyi,2025-11-24,2025-11-30,"Education facility (school, etc.)",2
Synelnykivskyi,2025-11-24,2025-11-30,Gas supply system,1
Synelnykivskyi,2025-11-24,2025-11-30,Government facilities,1
Synelnykivskyi,2025-11-24,2025-11-30,Industrial/Business/Enterprise facilities,2
Synelnykivskyi,2025-11-24,2025-11-30,Total,6
Vyshhorodskyi,2025-11-24,2025-11-30,Industrial/Business/Enterprise facilities,1
Vyshhorodskyi,2025-11-24,2025-11-30,Total,1
Zaporizkyi,2025-11-24,2025-11-30,Fuel depot,1
Zaporizkyi,2025-11-24,2025-11-30,Industrial/Business/Enterprise facilities,2
Zaporizkyi,2025-11-24,2025-11-30,Total,3
Dniprovskyi,2025-11-17,2025-11-23,"Education facility (school, etc.)",1
Dniprovskyi,2025-11-17,2025-11-23,Government facilities,1
Dniprovskyi,2025-11-17,2025-11-23,Industrial/Business/Enterprise facilities,9
Dniprovskyi,2025-11-17,2025-11-23,Railway,1
Dniprovskyi,2025-11-17,2025-11-23,Telecommunications,3
Dniprovskyi,2025-11-17,2025-11-23,Total,16
Dniprovskyi,2025-11-17,2025-11-23,Warehouse,1
Donetskyi,2025-11-17,2025-11-23,Electricity supply system,1
Donetskyi,2025-11-17,2025-11-23,Power plant,1
Donetskyi,2025-11-17,2025-11-23,Total,2
Horlivskyi,2025-11-17,2025-11-23,Electricity supply system,1
Horlivskyi,2025-11-17,2025-11-23,Total,1
Ivano-Frankivskyi,2025-11-17,2025-11-23,Government facilities,1
Ivano-Frankivskyi,2025-11-17,2025-11-23,Power plant,1
Ivano-Frankivskyi,2025-11-17,2025-11-23,Total,2
Iziumskyi,2025-11-17,2025-11-23,"Education facility (school, etc.)",1
Iziumskyi,2025-11-17,2025-11-23,Railway,1
Iziumskyi,2025-11-17,2025-11-23,Total,2
Izmailskyi,2025-11-17,2025-11-23,Government facilities,1
Izmailskyi,2025-11-17,2025-11-23,Total,1
Kalmiuskyi,2025-11-17,2025-11-23,Power plant,1
Kalmiuskyi,2025-11-17,2025-11-23,Total,1
Kharkivskyi,2025-11-17,2025-11-23,"Education facility (school, etc.)",1
Kharkivskyi,2025-11-17,2025-11-23,Electricity supply system,4
Kharkivskyi,2025-11-17,2025-11-23,Government facilities,1
Kharkivskyi,2025-11-17,2025-11-23,"Health facility (hospital, health clinic)",1
Kharkivskyi,2025-11-17,2025-11-23,Industrial/Business/Enterprise facilities,8
Kharkivskyi,2025-11-17,2025-11-23,Total,15
Khersonskyi,2025-11-17,2025-11-23,Electricity supply system,1
Khersonskyi,2025-11-17,2025-11-23,Gas supply system,1
Khersonskyi,2025-11-17,2025-11-23,"Health facility (hospital, health clinic)",1
Khersonskyi,2025-11-17,2025-11-23,Total,3
Kramatorskyi,2025-11-17,2025-11-23,"Cultural facilities (museum, theater etc.)",1
Kramatorskyi,2025-11-17,2025-11-23,"Education facility (school, etc.)",1
Kramatorskyi,2025-11-17,2025-11-23,Government facilities,1
Kramatorskyi,2025-11-17,2025-11-23,Heating and water facility,1
Kramatorskyi,2025-11-17,2025-11-23,Industrial/Business/Enterprise facilities,2
Kramatorskyi,2025-11-17,2025-11-23,Railway,1
Kramatorskyi,2025-11-17,2025-11-23,Religious facilities,1
Kramatorskyi,2025-11-17,2025-11-23,Total,8
Krasnohradskyi,2025-11-17,2025-11-23,Industrial/Business/Enterprise facilities,1
Krasnohradskyi,2025-11-17,2025-11-23,Religious facilities,1
Krasnohradskyi,2025-11-17,2025-11-23,Total,2
Krasnoperekopskyi,2025-11-17,2025-11-23,Electricity supply system,1
Krasnoperekopskyi,2025-11-17,2025-11-23,Total,1
Lozivskyi,2025-11-17,2025-11-23,Electricity supply system,1
Lozivskyi,2025-11-17,2025-11-23,Energy Infrastructure (unknown type),1
Lozivskyi,2025-11-17,2025-11-23,Railway,1
Lozivskyi,2025-11-17,2025-11-23,Total,3
Lvivskyi,2025-11-17,2025-11-23,Government facilities,1
Lvivskyi,2025-11-17,2025-11-23,"Health facility (hospital, health clinic)",1
Lvivskyi,2025-11-17,2025-11-23,Industrial/Business/Enterprise facilities,2
Lvivskyi,2025-11-17,2025-11-23,Total,6
Lvivskyi,2025-11-17,2025-11-23,Warehouse,2
Mykolaivskyi,2025-11-17,2025-11-23,Electricity supply system,1
Mykolaivskyi,2025-11-17,2025-11-23,Total,1
Nikopolskyi,2025-11-17,2025-11-23,Agricultural facilities,3
Nikopolskyi,2025-11-17,2025-11-23,"Cultural facilities (museum, theater etc.)",2
Nikopolskyi,2025-11-17,2025-11-23,"Education facility (school, etc.)",2
Nikopolskyi,2025-11-17,2025-11-23,Electricity supply system,6
Nikopolskyi,2025-11-17,2025-11-23,Fuel depot,4
Nikopolskyi,2025-11-17,2025-11-23,Gas supply system,3
Nikopolskyi,2025-11-17,2025-11-23,Government facilities,1
Nikopolskyi,2025-11-17,2025-11-23,Industrial/Business/Enterprise facilities,10
Nikopolskyi,2025-11-17,2025-11-23,Religious facilities,1
Nikopolskyi,2025-11-17,2025-11-23,Total,32
Novhorod-Siverskyi,2025-11-17,2025-11-23,Government facilities,4
Novhorod-Siverskyi,2025-11-17,2025-11-23,Industrial/Business/Enterprise facilities,1
Novhorod-Siverskyi,2025-11-17,2025-11-23,Total,5
Odeskyi,2025-11-17,2025-11-23,Government facilities,1
Odeskyi,2025-11-17,2025-11-23,Industrial/Business/Enterprise facilities,3
Odeskyi,2025-11-17,2025-11-23,Total,4
Pavlohradskyi,2025-11-17,2025-11-23,Industrial/Business/Enterprise facilities,2
Pavlohradskyi,2025-11-17,2025-11-23,Total,2
Sambirskyi,2025-11-17,2025-11-23,Industrial/Business/Enterprise facilities,1
Sambirskyi,2025-11-17,2025-11-23,Total,1
Shepetivskyi,2025-11-17,2025-11-23,Electricity supply system,1
Shepetivskyi,2025-11-17,2025-11-23,Total,1
Shostkynskyi,2025-11-17,2025-11-23,Government facilities,1
Shostkynskyi,2025-11-17,2025-11-23,Total,1
Sumskyi,2025-11-17,2025-11-23,"Cultural facilities (museum, theater etc.)",1
Sumskyi,2025-11-17,2025-11-23,Total,1
Synelnykivskyi,2025-11-17,2025-11-23,Agricultural facilities,1
Synelnykivskyi,2025-11-17,2025-11-23,"Education facility (school, etc.)",2
Synelnykivskyi,2025-11-17,2025-11-23,Electricity supply system,2
Synelnykivskyi,2025-11-17,2025-11-23,Gas supply system,1
Synelnykivskyi,2025-11-17,2025-11-23,Government facilities,5
Synelnykivskyi,2025-11-17,2025-11-23,Industrial/Business/Enterprise facilities,12
Synelnykivskyi,2025-11-17,2025-11-23,Religious facilities,1
Synelnykivskyi,2025-11-17,2025-11-23,Total,24
Ternopilskyi,2025-11-17,2025-11-23,"Education facility (school, etc.)",3
Ternopilskyi,2025-11-17,2025-11-23,Heating and water facility,1
Ternopilskyi,2025-11-17,2025-11-23,Industrial/Business/Enterprise facilities,1
Ternopilskyi,2025-11-17,2025-11-23,Total,6
Ternopilskyi,2025-11-17,2025-11-23,Warehouse,1
Yevpatoriiskyi,2025-11-17,2025-11-23,Power plant,2
Yevpatoriiskyi,2025-11-17,2025-11-23,Total,2
Zaporizkyi,2025-11-17,2025-11-23,Industrial/Business/Enterprise facilities,5
Zaporizkyi,2025-11-17,2025-11-23,Total,5
Zolotoniskyi,2025-11-17,2025-11-23,Electricity supply system,1
Zolotoniskyi,2025-11-17,2025-11-23,Total,1
Bilotserkivskyi,2025-11-10,2025-11-16,Industrial/Business/Enterprise facilities,1
Bilotserkivskyi,2025-11-10,2025-11-16,Total,2
Bilotserkivskyi,2025-11-10,2025-11-16,Warehouse,1
Bohodukhivskyi,2025-11-10,2025-11-16,Electricity supply system,2
Bohodukhivskyi,2025-11-10,2025-11-16,Government facilities,2
Bohodukhivskyi,2025-11-10,2025-11-16,Industrial/Business/Enterprise facilities,3
Bohodukhivskyi,2025-11-10,2025-11-16,Religious facilities,1
Bohodukhivskyi,2025-11-10,2025-11-16,Total,9
Bohodukhivskyi,2025-11-10,2025-11-16,Water supply system,1
Bolhradskyi,2025-11-10,2025-11-16,Government facilities,1
Bolhradskyi,2025-11-10,2025-11-16,Railway,1
Bolhradskyi,2025-11-10,2025-11-16,Total,2
Buchanskyi,2025-11-10,2025-11-16,"Education facility (school, etc.)",1
Buchanskyi,2025-11-10,2025-11-16,Total,1
Cherkaskyi,2025-11-10,2025-11-16,Electricity supply system,1
Cherkaskyi,2025-11-10,2025-11-16,Gas supply system,1
Cherkaskyi,2025-11-10,2025-11-16,Total,2
Chuhuivskyi,2025-11-10,2025-11-16,Industrial/Business/Enterprise facilities,2
Chuhuivskyi,2025-11-10,2025-11-16,Total,2
Dniprovskyi,2025-11-10,2025-11-16,Industrial/Business/Enterprise facilities,1
Dniprovskyi,2025-11-10,2025-11-16,Total,2
Dniprovskyi,2025-11-10,2025-11-16,Warehouse,1
Donetskyi,2025-11-10,2025-11-16,Electricity supply system,1
Donetskyi,2025-11-10,2025-11-16,Total,1
Feodosiiskyi,2025-11-10,2025-11-16,Oil depot,1
Feodosiiskyi,2025-11-10,2025-11-16,Total,1
Iziumskyi,2025-11-10,2025-11-16,Electricity supply system,1
Iziumskyi,2025-11-10,2025-11-16,Industrial/Business/Enterprise facilities,1
Iziumskyi,2025-11-10,2025-11-16,Railway,1
Iziumskyi,2025-11-10,2025-11-16,Total,3
Izmailskyi,2025-11-10,2025-11-16,Industrial/Business/Enterprise facilities,1
Izmailskyi,2025-11-10,2025-11-16,Total,1
Kharkivskyi,2025-11-10,2025-11-16,Electricity supply system,1
Kharkivskyi,2025-11-10,2025-11-16,Gas supply system,1
Kharkivskyi,2025-11-10,2025-11-16,Government facilities,2
Kharkivskyi,2025-11-10,2025-11-16,Industrial/Business/Enterprise facilities,2
Kharkivskyi,2025-11-10,2025-11-16,Other,1
Kharkivskyi,2025-11-10,2025-11-16,Total,9
Kharkivskyi,2025-11-10,2025-11-16,Warehouse,2
Khersonskyi,2025-11-10,2025-11-16,"Cultural facilities (museum, theater etc.)",1
Khersonskyi,2025-11-10,2025-11-16,Electricity supply system,1
Khersonskyi,2025-11-10,2025-11-16,Industrial/Business/Enterprise facilities,1
Khersonskyi,2025-11-10,2025-11-16,Total,3
Koriukivskyi,2025-11-10,2025-11-16,Electricity supply system,2
Koriukivskyi,2025-11-10,2025-11-16,Government facilities,1
Koriukivskyi,2025-11-10,2025-11-16,Total,3
Kramatorskyi,2025-11-10,2025-11-16,"Cultural facilities (museum, theater etc.)",1
Kramatorskyi,2025-11-10,2025-11-16,"Education facility (school, etc.)",2
Kramatorskyi,2025-11-10,2025-11-16,Electricity supply system,1
Kramatorskyi,2025-11-10,2025-11-16,Government facilities,2
Kramatorskyi,2025-11-10,2025-11-16,Railway,1
Kramatorskyi,2025-11-10,2025-11-16,Religious facilities,2
Kramatorskyi,2025-11-10,2025-11-16,Total,9
Kupianskyi,2025-11-10,2025-11-16,Railway,1
Kupianskyi,2025-11-10,2025-11-16,Total,1
Kyiv,2025-11-10,2025-11-16,"Cultural facilities (museum, theater etc.)",1
Kyiv,2025-11-10,2025-11-16,"Education facility (school, etc.)",2
Kyiv,2025-11-10,2025-11-16,Government facilities,1
Kyiv,2025-11-10,2025-11-16,"Health facility (hospital, health clinic)",3
Kyiv,2025-11-10,2025-11-16,Heating and water facility,1
Kyiv,2025-11-10,2025-11-16,Industrial/Business/Enterprise facilities,3
Kyiv,2025-11-10,2025-11-16,Total,11
Lozivskyi,2025-11-10,2025-11-16,"Education facility (school, etc.)",1
Lozivskyi,2025-11-10,2025-11-16,Electricity supply system,2
Lozivskyi,2025-11-10,2025-11-16,Energy Infrastructure (unknown type),1
Lozivskyi,2025-11-10,2025-11-16,"Health facility (hospital, health clinic)",1
Lozivskyi,2025-11-10,2025-11-16,Industrial/Business/Enterprise facilities,6
Lozivskyi,2025-11-10,2025-11-16,Total,11
Mykolaivskyi,2025-11-10,2025-11-16,Industrial/Business/Enterprise facilities,2
Mykolaivskyi,2025-11-10,2025-11-16,Total,2
Nikopolskyi,2025-11-10,2025-11-16,Agricultural facilities,2
Nikopolskyi,2025-11-10,2025-11-16,"Cultural facilities (museum, theater etc.)",1
Nikopolskyi,2025-11-10,2025-11-16,"Education facility (school, etc.)",3
Nikopolskyi,2025-11-10,2025-11-16,Electricity supply system,4
Nikopolskyi,2025-11-10,2025-11-16,Fuel depot,4
Nikopolskyi,2025-11-10,2025-11-16,Gas supply system,2
Nikopolskyi,2025-11-10,2025-11-16,Government facilities,1
Nikopolskyi,2025-11-10,2025-11-16,Industrial/Business/Enterprise facilities,6
Nikopolskyi,2025-11-10,2025-11-16,Religious facilities,1
Nikopolskyi,2025-11-10,2025-11-16,Total,24
Novhorod-Siverskyi,2025-11-10,2025-11-16,"Cultural facilities (museum, theater etc.)",1
Novhorod-Siverskyi,2025-11-10,2025-11-16,Gas supply system,1
Novhorod-Siverskyi,2025-11-10,2025-11-16,Government facilities,1
Novhorod-Siverskyi,2025-11-10,2025-11-16,Industrial/Business/Enterprise facilities,2
Novhorod-Siverskyi,2025-11-10,2025-11-16,Road / Highway,1
Novhorod-Siverskyi,2025-11-10,2025-11-16,Total,6
Novoukrainskyi,2025-11-10,2025-11-16,Electricity supply system,1
Novoukrainskyi,2025-11-10,2025-11-16,Total,1
Odeskyi,2025-11-10,2025-11-16,"Education facility (school, etc.)",1
Odeskyi,2025-11-10,2025-11-16,"Health facility (hospital, health clinic)",1
Odeskyi,2025-11-10,2025-11-16,Industrial/Business/Enterprise facilities,1
Odeskyi,2025-11-10,2025-11-16,Other,1
Odeskyi,2025-11-10,2025-11-16,Road / Highway,1
Odeskyi,2025-11-10,2025-11-16,Total,5
Pavlohradskyi,2025-11-10,2025-11-16,Industrial/Business/Enterprise facilities,1
Pavlohradskyi,2025-11-10,2025-11-16,Total,1
Sumskyi,2025-11-10,2025-11-16,Electricity supply system,1
Sumskyi,2025-11-10,2025-11-16,Industrial/Business/Enterprise facilities,4
Sumskyi,2025-11-10,2025-11-16,Road / Highway,1
Sumskyi,2025-11-10,2025-11-16,Total,6
Synelnykivskyi,2025-11-10,2025-11-16,"Cultural facilities (museum, theater etc.)",1
Synelnykivskyi,2025-11-10,2025-11-16,Electricity supply system,1
Synelnykivskyi,2025-11-10,2025-11-16,Government facilities,1
Synelnykivskyi,2025-11-10,2025-11-16,Industrial/Business/Enterprise facilities,5
Synelnykivskyi,2025-11-10,2025-11-16,Total,8
Bashtanskyi,2025-11-03,2025-11-09,Agricultural facilities,1
Bashtanskyi,2025-11-03,2025-11-09,Total,1
Beryslavskyi,2025-11-03,2025-11-09,Other,1
Beryslavskyi,2025-11-03,2025-11-09,Total,1
Bohodukhivskyi,2025-11-03,2025-11-09,Agricultural facilities,1
Bohodukhivskyi,2025-11-03,2025-11-09,Electricity supply system,1
Bohodukhivskyi,2025-11-03,2025-11-09,Total,2
Chuhuivskyi,2025-11-03,2025-11-09,"Education facility (school, etc.)",1
Chuhuivskyi,2025-11-03,2025-11-09,"Health facility (hospital, health clinic)",1
Chuhuivskyi,2025-11-03,2025-11-09,Industrial/Business/Enterprise facilities,3
Chuhuivskyi,2025-11-03,2025-11-09,Power plant,1
Chuhuivskyi,2025-11-03,2025-11-09,Total,6
Dniprovskyi,2025-11-03,2025-11-09,Electricity supply system,1
Dniprovskyi,2025-11-03,2025-11-09,Industrial/Business/Enterprise facilities,2
Dniprovskyi,2025-11-03,2025-11-09,Religious facilities,1
Dniprovskyi,2025-11-03,2025-11-09,Total,4
Iziumskyi,2025-11-03,2025-11-09,Electricity supply system,1
Iziumskyi,2025-11-03,2025-11-09,Total,1
Izmailskyi,2025-11-03,2025-11-09,Electricity supply system,1
Izmailskyi,2025-11-03,2025-11-09,Harbor,1
Izmailskyi,2025-11-03,2025-11-09,Total,2
Kamianskyi,2025-11-03,2025-11-09,Industrial/Business/Enterprise facilities,1
Kamianskyi,2025-11-03,2025-11-09,Railway,1
Kamianskyi,2025-11-03,2025-11-09,Total,2
Kharkivskyi,2025-11-03,2025-11-09,Fuel depot,1
Kharkivskyi,2025-11-03,2025-11-09,Gas supply system,1
Kharkivskyi,2025-11-03,2025-11-09,Government facilities,1
Kharkivskyi,2025-11-03,2025-11-09,Heating and water facility,1
Kharkivskyi,2025-11-03,2025-11-09,Road / Highway,1
Kharkivskyi,2025-11-03,2025-11-09,Total,5
Khersonskyi,2025-11-03,2025-11-09,Gas supply system,1
Khersonskyi,2025-11-03,2025-11-09,Government facilities,1
Khersonskyi,2025-11-03,2025-11-09,"Health facility (hospital, health clinic)",1
Khersonskyi,2025-11-03,2025-11-09,Total,3
Kramatorskyi,2025-11-03,2025-11-09,"Education facility (school, etc.)",2
Kramatorskyi,2025-11-03,2025-11-09,Fuel depot,2
Kramatorskyi,2025-11-03,2025-11-09,Government facilities,3
Kramatorskyi,2025-11-03,2025-11-09,"Health facility (hospital, health clinic)",1
Kramatorskyi,2025-11-03,2025-11-09,Heating and water facility,1
Kramatorskyi,2025-11-03,2025-11-09,Industrial/Business/Enterprise facilities,7
Kramatorskyi,2025-11-03,2025-11-09,Total,16
Kupianskyi,2025-11-03,2025-11-09,Agricultural facilities,1
Kupianskyi,2025-11-03,2025-11-09,Fuel depot,1
Kupianskyi,2025-11-03,2025-11-09,Total,2
Lozivskyi,2025-11-03,2025-11-09,Industrial/Business/Enterprise facilities,1
Lozivskyi,2025-11-03,2025-11-09,Railway,3
Lozivskyi,2025-11-03,2025-11-09,Total,4
Lubenskyi,2025-11-03,2025-11-09,Electricity supply system,1
Lubenskyi,2025-11-03,2025-11-09,Railway,1
Lubenskyi,2025-11-03,2025-11-09,Total,2
Mykolaivskyi,2025-11-03,2025-11-09,Industrial/Business/Enterprise facilities,5
Mykolaivskyi,2025-11-03,2025-11-09,Total,5
Nikopolskyi,2025-11-03,2025-11-09,Agricultural facilities,2
Nikopolskyi,2025-11-03,2025-11-09,"Education facility (school, etc.)",2
Nikopolskyi,2025-11-03,2025-11-09,Electricity supply system,5
Nikopolskyi,2025-11-03,2025-11-09,Fuel depot,2
Nikopolskyi,2025-11-03,2025-11-09,Gas supply system,2
Nikopolskyi,2025-11-03,2025-11-09,Industrial/Business/Enterprise facilities,3
Nikopolskyi,2025-11-03,2025-11-09,Total,16
Novhorod-Siverskyi,2025-11-03,2025-11-09,Electricity supply system,1
Novhorod-Siverskyi,2025-11-03,2025-11-09,Industrial/Business/Enterprise facilities,1
Novhorod-Siverskyi,2025-11-03,2025-11-09,Total,2
Obukhivskyi,2025-11-03,2025-11-09,Power plant,1
Obukhivskyi,2025-11-03,2025-11-09,Total,1
Oleksandriiskyi,2025-11-03,2025-11-09,Electricity supply system,2
Oleksandriiskyi,2025-11-03,2025-11-09,Total,2
Pavlohradskyi,2025-11-03,2025-11-09,Energy Infrastructure (unknown type),1
Pavlohradskyi,2025-11-03,2025-11-09,Industrial/Business/Enterprise facilities,1
Pavlohradskyi,2025-11-03,2025-11-09,Total,2
Pokrovskyi,2025-11-03,2025-11-09,"Education facility (school, etc.)",4
Pokrovskyi,2025-11-03,2025-11-09,Government facilities,1
Pokrovskyi,2025-11-03,2025-11-09,Industrial/Business/Enterprise facilities,5
Pokrovskyi,2025-11-03,2025-11-09,Total,10
Poltavskyi,2025-11-03,2025-11-09,Gas supply system,1
Poltavskyi,2025-11-03,2025-11-09,Total,1
Romenskyi,2025-11-03,2025-11-09,Total,1
Romenskyi,2025-11-03,2025-11-09,Warehouse,1
Shostkynskyi,2025-11-03,2025-11-09,Total,1
Shostkynskyi,2025-11-03,2025-11-09,Warehouse,1
Simferopolskyi,2025-11-03,2025-11-09,Oil depot,1
Simferopolskyi,2025-11-03,2025-11-09,Total,1
Sumskyi,2025-11-03,2025-11-09,"Cultural facilities (museum, theater etc.)",3
Sumskyi,2025-11-03,2025-11-09,Electricity supply system,1
Sumskyi,2025-11-03,2025-11-09,Industrial/Business/Enterprise facilities,2
Sumskyi,2025-11-03,2025-11-09,Road / Highway,1
Sumskyi,2025-11-03,2025-11-09,Total,7
Synelnykivskyi,2025-11-03,2025-11-09,Agricultural facilities,1
Synelnykivskyi,2025-11-03,2025-11-09,"Cultural facilities (museum, theater etc.)",1
Synelnykivskyi,2025-11-03,2025-11-09,"Education facility (school, etc.)",1
Synelnykivskyi,2025-11-03,2025-11-09,Gas supply system,1
Synelnykivskyi,2025-11-03,2025-11-09,Government facilities,1
Synelnykivskyi,2025-11-03,2025-11-09,"Health facility (hospital, health clinic)",1
Synelnykivskyi,2025-11-03,2025-11-09,Industrial/Business/Enterprise facilities,8
Synelnykivskyi,2025-11-03,2025-11-09,Total,14
Zaporizkyi,2025-11-03,2025-11-09,"Education facility (school, etc.)",1
Zaporizkyi,2025-11-03,2025-11-09,Industrial/Business/Enterprise facilities,1
Zaporizkyi,2025-11-03,2025-11-09,Total,3
Zaporizkyi,2025-11-03,2025-11-09,Warehouse,1
Bohodukhivskyi,2025-10-27,2025-11-02,Electricity supply system,2
Bohodukhivskyi,2025-10-27,2025-11-02,Total,2
Boryspilskyi,2025-10-27,2025-11-02,Industrial/Business/Enterprise facilities,6
Boryspilskyi,2025-10-27,2025-11-02,Total,6
Chernihivskyi,2025-10-27,2025-11-02,Government facilities,1
Chernihivskyi,2025-10-27,2025-11-02,Industrial/Business/Enterprise facilities,1
Chernihivskyi,2025-10-27,2025-11-02,Telecommunications,1
Chernihivskyi,2025-10-27,2025-11-02,Total,3
Chernivetskyi,2025-10-27,2025-11-02,Electricity supply system,1
Chernivetskyi,2025-10-27,2025-11-02,Total,1
Chervonohradskyi,2025-10-27,2025-11-02,Heating and water facility,1
Chervonohradskyi,2025-10-27,2025-11-02,Total,1
Chuhuivskyi,2025-10-27,2025-11-02,Industrial/Business/Enterprise facilities,1
Chuhuivskyi,2025-10-27,2025-11-02,Total,2
Chuhuivskyi,2025-10-27,2025-11-02,Warehouse,1
Dniprovskyi,2025-10-27,2025-11-02,Industrial/Business/Enterprise facilities,2
Dniprovskyi,2025-10-27,2025-11-02,Total,2
Haisynskyi,2025-10-27,2025-11-02,Heating and water facility,1
Haisynskyi,2025-10-27,2025-11-02,Total,1
Ivano-Frankivskyi,2025-10-27,2025-11-02,Heating and water facility,1
Ivano-Frankivskyi,2025-10-27,2025-11-02,Total,1
Iziumskyi,2025-10-27,2025-11-02,"Education facility (school, etc.)",2
Iziumskyi,2025-10-27,2025-11-02,Industrial/Business/Enterprise facilities,5
Iziumskyi,2025-10-27,2025-11-02,Railway,1
Iziumskyi,2025-10-27,2025-11-02,Total,8
Khersonskyi,2025-10-27,2025-11-02,Agricultural facilities,1
Khersonskyi,2025-10-27,2025-11-02,"Education facility (school, etc.)",1
Khersonskyi,2025-10-27,2025-11-02,Electricity supply system,1
Khersonskyi,2025-10-27,2025-11-02,Government facilities,2
Khersonskyi,2025-10-27,2025-11-02,"Health facility (hospital, health clinic)",2
Khersonskyi,2025-10-27,2025-11-02,Industrial/Business/Enterprise facilities,2
Khersonskyi,2025-10-27,2025-11-02,Total,9
Koriukivskyi,2025-10-27,2025-11-02,Agricultural facilities,1
Koriukivskyi,2025-10-27,2025-11-02,Electricity supply system,1
Koriukivskyi,2025-10-27,2025-11-02,Government facilities,1
Koriukivskyi,2025-10-27,2025-11-02,Total,4
Koriukivskyi,2025-10-27,2025-11-02,Warehouse,1
Kramatorskyi,2025-10-27,2025-11-02,"Cultural facilities (museum, theater etc.)",1
Kramatorskyi,2025-10-27,2025-11-02,"Education facility (school, etc.)",1
Kramatorskyi,2025-10-27,2025-11-02,Energy Infrastructure (unknown type),1
Kramatorskyi,2025-10-27,2025-11-02,Government facilities,4
Kramatorskyi,2025-10-27,2025-11-02,Heating and water facility,1
Kramatorskyi,2025-10-27,2025-11-02,Industrial/Business/Enterprise facilities,4
Kramatorskyi,2025-10-27,2025-11-02,Power plant,1
Kramatorskyi,2025-10-27,2025-11-02,Religious facilities,1
Kramatorskyi,2025-10-27,2025-11-02,Total,14
Lozivskyi,2025-10-27,2025-11-02,Government facilities,1
Lozivskyi,2025-10-27,2025-11-02,Industrial/Business/Enterprise facilities,1
Lozivskyi,2025-10-27,2025-11-02,Railway,1
Lozivskyi,2025-10-27,2025-11-02,Total,4
Lozivskyi,2025-10-27,2025-11-02,Water supply system,1
Mykolaivskyi,2025-10-27,2025-11-02,"Education facility (school, etc.)",2
Mykolaivskyi,2025-10-27,2025-11-02,Electricity supply system,1
Mykolaivskyi,2025-10-27,2025-11-02,Fuel depot,1
Mykolaivskyi,2025-10-27,2025-11-02,Total,4
Nikopolskyi,2025-10-27,2025-11-02,Agricultural facilities,2
Nikopolskyi,2025-10-27,2025-11-02,"Education facility (school, etc.)",2
Nikopolskyi,2025-10-27,2025-11-02,Electricity supply system,3
Nikopolskyi,2025-10-27,2025-11-02,Fuel depot,2
Nikopolskyi,2025-10-27,2025-11-02,Gas supply system,8
Nikopolskyi,2025-10-27,2025-11-02,Government facilities,2
Nikopolskyi,2025-10-27,2025-11-02,Industrial/Business/Enterprise facilities,3
Nikopolskyi,2025-10-27,2025-11-02,Total,22
Novhorod-Siverskyi,2025-10-27,2025-11-02,Government facilities,2
Novhorod-Siverskyi,2025-10-27,2025-11-02,"Health facility (hospital, health clinic)",1
Novhorod-Siverskyi,2025-10-27,2025-11-02,Industrial/Business/Enterprise facilities,4
Novhorod-Siverskyi,2025-10-27,2025-11-02,Road / Highway,1
Novhorod-Siverskyi,2025-10-27,2025-11-02,Total,8
Novomoskovskyi,2025-10-27,2025-11-02,Industrial/Business/Enterprise facilities,1
Novomoskovskyi,2025-10-27,2025-11-02,Total,1
Okhtyrskyi,2025-10-27,2025-11-02,Road / Highway,1
Okhtyrskyi,2025-10-27,2025-11-02,Total,1
Pavlohradskyi,2025-10-27,2025-11-02,"Education facility (school, etc.)",1
Pavlohradskyi,2025-10-27,2025-11-02,Industrial/Business/Enterprise facilities,2
Pavlohradskyi,2025-10-27,2025-11-02,Total,3
Pokrovskyi,2025-10-27,2025-11-02,Government facilities,1
Pokrovskyi,2025-10-27,2025-11-02,Religious facilities,1
Pokrovskyi,2025-10-27,2025-11-02,Total,2
Poltavskyi,2025-10-27,2025-11-02,Gas supply system,1
Poltavskyi,2025-10-27,2025-11-02,Total,1
Shostkynskyi,2025-10-27,2025-11-02,Electricity supply system,1
Shostkynskyi,2025-10-27,2025-11-02,Government facilities,1
Shostkynskyi,2025-10-27,2025-11-02,Total,2
Stryiskyi,2025-10-27,2025-11-02,Industrial/Business/Enterprise facilities,1
Stryiskyi,2025-10-27,2025-11-02,Total,1
Sumskyi,2025-10-27,2025-11-02,Electricity supply system,1
Sumskyi,2025-10-27,2025-11-02,Fuel depot,1
Sumskyi,2025-10-27,2025-11-02,Government facilities,1
Sumskyi,2025-10-27,2025-11-02,Industrial/Business/Enterprise facilities,1
Sumskyi,2025-10-27,2025-11-02,Railway,1
Sumskyi,2025-10-27,2025-11-02,Total,5
Synelnykivskyi,2025-10-27,2025-11-02,"Education facility (school, etc.)",1
Synelnykivskyi,2025-10-27,2025-11-02,Industrial/Business/Enterprise facilities,2
Synelnykivskyi,2025-10-27,2025-11-02,Total,3
Zaporizkyi,2025-10-27,2025-11-02,"Education facility (school, etc.)",2
Zaporizkyi,2025-10-27,2025-11-02,Total,2
Zvenyhorodskyi,2025-10-27,2025-11-02,Agricultural facilities,1
Zvenyhorodskyi,2025-10-27,2025-11-02,Electricity supply system,1
Zvenyhorodskyi,2025-10-27,2025-11-02,Total,2
Bohodukhivskyi,2025-10-20,2025-10-26,Electricity supply system,1
Bohodukhivskyi,2025-10-20,2025-10-26,Total,1
Brovarskyi,2025-10-20,2025-10-26,Fuel depot,1
Brovarskyi,2025-10-20,2025-10-26,Total,1
Cherkaskyi,2025-10-20,2025-10-26,Electricity supply system,1
Cherkaskyi,2025-10-20,2025-10-26,Other,1
Cherkaskyi,2025-10-20,2025-10-26,Total,2
Chernihivskyi,2025-10-20,2025-10-26,Heating and water facility,1
Chernihivskyi,2025-10-20,2025-10-26,Industrial/Business/Enterprise facilities,1
Chernihivskyi,2025-10-20,2025-10-26,Total,2
Dniprovskyi,2025-10-20,2025-10-26,Gas supply system,1
Dniprovskyi,2025-10-20,2025-10-26,Total,1
Iziumskyi,2025-10-20,2025-10-26,Gas supply system,1
Iziumskyi,2025-10-20,2025-10-26,Railway,1
Iziumskyi,2025-10-20,2025-10-26,Total,2
Izmailskyi,2025-10-20,2025-10-26,Harbor,1
Izmailskyi,2025-10-20,2025-10-26,Total,1
Kamianskyi,2025-10-20,2025-10-26,Industrial/Business/Enterprise facilities,1
Kamianskyi,2025-10-20,2025-10-26,Total,1
Kharkivskyi,2025-10-20,2025-10-26,"Cultural facilities (museum, theater etc.)",10
Kharkivskyi,2025-10-20,2025-10-26,"Education facility (school, etc.)",2
Kharkivskyi,2025-10-20,2025-10-26,Electricity supply system,3
Kharkivskyi,2025-10-20,2025-10-26,Gas supply system,2
Kharkivskyi,2025-10-20,2025-10-26,Industrial/Business/Enterprise facilities,12
Kharkivskyi,2025-10-20,2025-10-26,Road / Highway,1
Kharkivskyi,2025-10-20,2025-10-26,Total,33
Kharkivskyi,2025-10-20,2025-10-26,Warehouse,3
Khersonskyi,2025-10-20,2025-10-26,"Education facility (school, etc.)",2
Khersonskyi,2025-10-20,2025-10-26,Road / Highway,2
Khersonskyi,2025-10-20,2025-10-26,Total,4
Konotopskyi,2025-10-20,2025-10-26,Bridge,1
Konotopskyi,2025-10-20,2025-10-26,Railway,1
Konotopskyi,2025-10-20,2025-10-26,Total,2
Koriukivskyi,2025-10-20,2025-10-26,Electricity supply system,1
Koriukivskyi,2025-10-20,2025-10-26,Railway,1
Koriukivskyi,2025-10-20,2025-10-26,Total,2
Kramatorskyi,2025-10-20,2025-10-26,"Education facility (school, etc.)",5
Kramatorskyi,2025-10-20,2025-10-26,Fuel depot,3
Kramatorskyi,2025-10-20,2025-10-26,Gas supply system,1
Kramatorskyi,2025-10-20,2025-10-26,Government facilities,2
Kramatorskyi,2025-10-20,2025-10-26,"Health facility (hospital, health clinic)",2
Kramatorskyi,2025-10-20,2025-10-26,Industrial/Business/Enterprise facilities,12
Kramatorskyi,2025-10-20,2025-10-26,Railway,1
Kramatorskyi,2025-10-20,2025-10-26,Total,28
Kramatorskyi,2025-10-20,2025-10-26,Warehouse,2
Kryvorizkyi,2025-10-20,2025-10-26,Fuel depot,1
Kryvorizkyi,2025-10-20,2025-10-26,Industrial/Business/Enterprise facilities,1
Kryvorizkyi,2025-10-20,2025-10-26,Total,2
Kupianskyi,2025-10-20,2025-10-26,Government facilities,2
Kupianskyi,2025-10-20,2025-10-26,Industrial/Business/Enterprise facilities,1
Kupianskyi,2025-10-20,2025-10-26,Total,7
Kupianskyi,2025-10-20,2025-10-26,Warehouse,4
Kyiv,2025-10-20,2025-10-26,"Cultural facilities (museum, theater etc.)",2
Kyiv,2025-10-20,2025-10-26,"Education facility (school, etc.)",8
Kyiv,2025-10-20,2025-10-26,Gas supply system,1
Kyiv,2025-10-20,2025-10-26,Government facilities,1
Kyiv,2025-10-20,2025-10-26,"Health facility (hospital, health clinic)",1
Kyiv,2025-10-20,2025-10-26,Industrial/Business/Enterprise facilities,9
Kyiv,2025-10-20,2025-10-26,Religious facilities,1
Kyiv,2025-10-20,2025-10-26,Total,26
Kyiv,2025-10-20,2025-10-26,Warehouse,3
Lozivskyi,2025-10-20,2025-10-26,Electricity supply system,2
Lozivskyi,2025-10-20,2025-10-26,Energy Infrastructure (unknown type),1
Lozivskyi,2025-10-20,2025-10-26,Railway,4
Lozivskyi,2025-10-20,2025-10-26,Total,7
Mykolaivskyi,2025-10-20,2025-10-26,Electricity supply system,1
Mykolaivskyi,2025-10-20,2025-10-26,Total,1
Myrhorodskyi,2025-10-20,2025-10-26,Oil depot,1
Myrhorodskyi,2025-10-20,2025-10-26,Total,1
Nikopolskyi,2025-10-20,2025-10-26,Agricultural facilities,2
Nikopolskyi,2025-10-20,2025-10-26,"Cultural facilities (museum, theater etc.)",1
Nikopolskyi,2025-10-20,2025-10-26,"Education facility (school, etc.)",2
Nikopolskyi,2025-10-20,2025-10-26,Electricity supply system,4
Nikopolskyi,2025-10-20,2025-10-26,Gas supply system,5
Nikopolskyi,2025-10-20,2025-10-26,"Health facility (hospital, health clinic)",1
Nikopolskyi,2025-10-20,2025-10-26,Industrial/Business/Enterprise facilities,3
Nikopolskyi,2025-10-20,2025-10-26,Total,18
Nizhynskyi,2025-10-20,2025-10-26,Railway,1
Nizhynskyi,2025-10-20,2025-10-26,Total,1
Novhorod-Siverskyi,2025-10-20,2025-10-26,"Education facility (school, etc.)",1
Novhorod-Siverskyi,2025-10-20,2025-10-26,Electricity supply system,1
Novhorod-Siverskyi,2025-10-20,2025-10-26,Government facilities,1
Novhorod-Siverskyi,2025-10-20,2025-10-26,"Health facility (hospital, health clinic)",2
Novhorod-Siverskyi,2025-10-20,2025-10-26,Industrial/Business/Enterprise facilities,2
Novhorod-Siverskyi,2025-10-20,2025-10-26,Telecommunications,1
Novhorod-Siverskyi,2025-10-20,2025-10-26,Total,9
Novhorod-Siverskyi,2025-10-20,2025-10-26,Warehouse,1
Novoukrainskyi,2025-10-20,2025-10-26,Industrial/Business/Enterprise facilities,1
Novoukrainskyi,2025-10-20,2025-10-26,Railway,1
Novoukrainskyi,2025-10-20,2025-10-26,Total,2
Obukhivskyi,2025-10-20,2025-10-26,"Education facility (school, etc.)",4
Obukhivskyi,2025-10-20,2025-10-26,Railway,1
Obukhivskyi,2025-10-20,2025-10-26,Total,5
Odeskyi,2025-10-20,2025-10-26,Harbor,1
Odeskyi,2025-10-20,2025-10-26,Total,1
Pavlohradskyi,2025-10-20,2025-10-26,Gas supply system,1
Pavlohradskyi,2025-10-20,2025-10-26,Industrial/Business/Enterprise facilities,1
Pavlohradskyi,2025-10-20,2025-10-26,Total,2
Sumskyi,2025-10-20,2025-10-26,Electricity supply system,1
Sumskyi,2025-10-20,2025-10-26,Railway,1
Sumskyi,2025-10-20,2025-10-26,Road / Highway,2
Sumskyi,2025-10-20,2025-10-26,Total,4
Synelnykivskyi,2025-10-20,2025-10-26,Agricultural facilities,1
Synelnykivskyi,2025-10-20,2025-10-26,"Cultural facilities (museum, theater etc.)",1
Synelnykivskyi,2025-10-20,2025-10-26,Gas supply system,2
Synelnykivskyi,2025-10-20,2025-10-26,Industrial/Business/Enterprise facilities,2
Synelnykivskyi,2025-10-20,2025-10-26,Total,6
Zaporizkyi,2025-10-20,2025-10-26,"Education facility (school, etc.)",1
Zaporizkyi,2025-10-20,2025-10-26,Electricity supply system,2
Zaporizkyi,2025-10-20,2025-10-26,Gas supply system,1
Zaporizkyi,2025-10-20,2025-10-26,Industrial/Business/Enterprise facilities,1
Zaporizkyi,2025-10-20,2025-10-26,Total,5
Beryslavskyi,2025-10-13,2025-10-19,Electricity supply system,2
Beryslavskyi,2025-10-13,2025-10-19,Government facilities,2
Beryslavskyi,2025-10-13,2025-10-19,Telecommunications,1
Beryslavskyi,2025-10-13,2025-10-19,Total,5
Bohodukhivskyi,2025-10-13,2025-10-19,Agricultural facilities,2
Bohodukhivskyi,2025-10-13,2025-10-19,Electricity supply system,1
Bohodukhivskyi,2025-10-13,2025-10-19,Government facilities,1
Bohodukhivskyi,2025-10-13,2025-10-19,Total,4
Chernihivskyi,2025-10-13,2025-10-19,Fuel depot,1
Chernihivskyi,2025-10-13,2025-10-19,Industrial/Business/Enterprise facilities,1
Chernihivskyi,2025-10-13,2025-10-19,Total,2
Chuhuivskyi,2025-10-13,2025-10-19,Railway,1
Chuhuivskyi,2025-10-13,2025-10-19,Total,1
Feodosiiskyi,2025-10-13,2025-10-19,Oil depot,1
Feodosiiskyi,2025-10-13,2025-10-19,Power plant,1
Feodosiiskyi,2025-10-13,2025-10-19,Total,2
Iziumskyi,2025-10-13,2025-10-19,Government facilities,1
Iziumskyi,2025-10-13,2025-10-19,Total,2
Iziumskyi,2025-10-13,2025-10-19,Warehouse,1
Kharkivskyi,2025-10-13,2025-10-19,"Education facility (school, etc.)",3
Kharkivskyi,2025-10-13,2025-10-19,Electricity supply system,1
Kharkivskyi,2025-10-13,2025-10-19,"Health facility (hospital, health clinic)",1
Kharkivskyi,2025-10-13,2025-10-19,Industrial/Business/Enterprise facilities,1
Kharkivskyi,2025-10-13,2025-10-19,Total,8
Kharkivskyi,2025-10-13,2025-10-19,Warehouse,2
Khersonskyi,2025-10-13,2025-10-19,"Cultural facilities (museum, theater etc.)",2
Khersonskyi,2025-10-13,2025-10-19,"Education facility (school, etc.)",1
Khersonskyi,2025-10-13,2025-10-19,Electricity supply system,1
Khersonskyi,2025-10-13,2025-10-19,Gas supply system,1
Khersonskyi,2025-10-13,2025-10-19,"Health facility (hospital, health clinic)",1
Khersonskyi,2025-10-13,2025-10-19,Industrial/Business/Enterprise facilities,2
Khersonskyi,2025-10-13,2025-10-19,Road / Highway,2
Khersonskyi,2025-10-13,2025-10-19,Total,10
Koriukivskyi,2025-10-13,2025-10-19,Electricity supply system,1
Koriukivskyi,2025-10-13,2025-10-19,Total,1
Kramatorskyi,2025-10-13,2025-10-19,Agricultural facilities,1
Kramatorskyi,2025-10-13,2025-10-19,"Education facility (school, etc.)",10
Kramatorskyi,2025-10-13,2025-10-19,Gas supply system,5
Kramatorskyi,2025-10-13,2025-10-19,Government facilities,3
Kramatorskyi,2025-10-13,2025-10-19,"Health facility (hospital, health clinic)",2
Kramatorskyi,2025-10-13,2025-10-19,Industrial/Business/Enterprise facilities,11
Kramatorskyi,2025-10-13,2025-10-19,Religious facilities,1
Kramatorskyi,2025-10-13,2025-10-19,Road / Highway,1
Kramatorskyi,2025-10-13,2025-10-19,Total,34
Kryvorizkyi,2025-10-13,2025-10-19,Industrial/Business/Enterprise facilities,1
Kryvorizkyi,2025-10-13,2025-10-19,Total,1
Kupianskyi,2025-10-13,2025-10-19,Agricultural facilities,1
Kupianskyi,2025-10-13,2025-10-19,"Cultural facilities (museum, theater etc.)",1
Kupianskyi,2025-10-13,2025-10-19,Electricity supply system,2
Kupianskyi,2025-10-13,2025-10-19,Industrial/Business/Enterprise facilities,2
Kupianskyi,2025-10-13,2025-10-19,Total,6
Mykolaivskyi,2025-10-13,2025-10-19,Total,1
Mykolaivskyi,2025-10-13,2025-10-19,Warehouse,1
Nikopolskyi,2025-10-13,2025-10-19,Agricultural facilities,4
Nikopolskyi,2025-10-13,2025-10-19,"Cultural facilities (museum, theater etc.)",1
Nikopolskyi,2025-10-13,2025-10-19,"Education facility (school, etc.)",1
Nikopolskyi,2025-10-13,2025-10-19,Electricity supply system,3
Nikopolskyi,2025-10-13,2025-10-19,Industrial/Business/Enterprise facilities,8
Nikopolskyi,2025-10-13,2025-10-19,Total,17
Nizhynskyi,2025-10-13,2025-10-19,Industrial/Business/Enterprise facilities,4
Nizhynskyi,2025-10-13,2025-10-19,Oil depot,1
Nizhynskyi,2025-10-13,2025-10-19,Total,5
Novhorod-Siverskyi,2025-10-13,2025-10-19,Industrial/Business/Enterprise facilities,3
Novhorod-Siverskyi,2025-10-13,2025-10-19,Total,3
Pokrovskyi,2025-10-13,2025-10-19,Government facilities,2
Pokrovskyi,2025-10-13,2025-10-19,Total,2
Poltavskyi,2025-10-13,2025-10-19,Total,1
Poltavskyi,2025-10-13,2025-10-19,Warehouse,1
Shostkynskyi,2025-10-13,2025-10-19,Industrial/Business/Enterprise facilities,1
Shostkynskyi,2025-10-13,2025-10-19,Total,1
Simferopolskyi,2025-10-13,2025-10-19,Electricity supply system,1
Simferopolskyi,2025-10-13,2025-10-19,Fuel depot,1
Simferopolskyi,2025-10-13,2025-10-19,Power plant,1
Simferopolskyi,2025-10-13,2025-10-19,Total,3
Sumskyi,2025-10-13,2025-10-19,Fuel depot,1
Sumskyi,2025-10-13,2025-10-19,Industrial/Business/Enterprise facilities,2
Sumskyi,2025-10-13,2025-10-19,Railway,1
Sumskyi,2025-10-13,2025-10-19,Total,4
Synelnykivskyi,2025-10-13,2025-10-19,Agricultural facilities,2
Synelnykivskyi,2025-10-13,2025-10-19,"Cultural facilities (museum, theater etc.)",1
Synelnykivskyi,2025-10-13,2025-10-19,Electricity supply system,2
Synelnykivskyi,2025-10-13,2025-10-19,Gas supply system,2
Synelnykivskyi,2025-10-13,2025-10-19,"Health facility (hospital, health clinic)",1
Synelnykivskyi,2025-10-13,2025-10-19,Industrial/Business/Enterprise facilities,3
Synelnykivskyi,2025-10-13,2025-10-19,Total,11
Yevpatoriiskyi,2025-10-13,2025-10-19,Power plant,1
Yevpatoriiskyi,2025-10-13,2025-10-19,Total,1
Zaporizkyi,2025-10-13,2025-10-19,"Education facility (school, etc.)",1
Zaporizkyi,2025-10-13,2025-10-19,Government facilities,1
Zaporizkyi,2025-10-13,2025-10-19,Road / Highway,1
Zaporizkyi,2025-10-13,2025-10-19,Total,3
Bilhorod-Dnistrovskyi,2025-10-06,2025-10-12,Government facilities,1
Bilhorod-Dnistrovskyi,2025-10-06,2025-10-12,Total,1
Boryspilskyi,2025-10-06,2025-10-12,Electricity supply system,1
Boryspilskyi,2025-10-06,2025-10-12,Total,1
Brovarskyi,2025-10-06,2025-10-12,Industrial/Business/Enterprise facilities,5
Brovarskyi,2025-10-06,2025-10-12,Total,5
Cherkaskyi,2025-10-06,2025-10-12,"Cultural facilities (museum, theater etc.)",1
Cherkaskyi,2025-10-06,2025-10-12,"Education facility (school, etc.)",5
Cherkaskyi,2025-10-06,2025-10-12,Total,6
Chuhuivskyi,2025-10-06,2025-10-12,"Education facility (school, etc.)",2
Chuhuivskyi,2025-10-06,2025-10-12,Government facilities,1
Chuhuivskyi,2025-10-06,2025-10-12,Industrial/Business/Enterprise facilities,1
Chuhuivskyi,2025-10-06,2025-10-12,Total,4
Donetskyi,2025-10-06,2025-10-12,Industrial/Business/Enterprise facilities,1
Donetskyi,2025-10-06,2025-10-12,Total,1
Feodosiiskyi,2025-10-06,2025-10-12,Fuel depot,1
Feodosiiskyi,2025-10-06,2025-10-12,Total,1
Iziumskyi,2025-10-06,2025-10-12,Agricultural facilities,1
Iziumskyi,2025-10-06,2025-10-12,"Cultural facilities (museum, theater etc.)",1
Iziumskyi,2025-10-06,2025-10-12,Government facilities,1
Iziumskyi,2025-10-06,2025-10-12,Industrial/Business/Enterprise facilities,2
Iziumskyi,2025-10-06,2025-10-12,Total,5
Kharkivskyi,2025-10-06,2025-10-12,Industrial/Business/Enterprise facilities,1
Kharkivskyi,2025-10-06,2025-10-12,Total,2
Kharkivskyi,2025-10-06,2025-10-12,Warehouse,1
Koriukivskyi,2025-10-06,2025-10-12,Industrial/Business/Enterprise facilities,1
Koriukivskyi,2025-10-06,2025-10-12,Total,1
Kramatorskyi,2025-10-06,2025-10-12,Chemical storage unit,1
Kramatorskyi,2025-10-06,2025-10-12,"Cultural facilities (museum, theater etc.)",1
Kramatorskyi,2025-10-06,2025-10-12,"Education facility (school, etc.)",7
Kramatorskyi,2025-10-06,2025-10-12,Government facilities,2
Kramatorskyi,2025-10-06,2025-10-12,"Health facility (hospital, health clinic)",1
Kramatorskyi,2025-10-06,2025-10-12,Heating and water facility,2
Kramatorskyi,2025-10-06,2025-10-12,Industrial/Business/Enterprise facilities,10
Kramatorskyi,2025-10-06,2025-10-12,Other,1
Kramatorskyi,2025-10-06,2025-10-12,Railway,1
Kramatorskyi,2025-10-06,2025-10-12,Religious facilities,2
Kramatorskyi,2025-10-06,2025-10-12,Total,28
Kryvorizkyi,2025-10-06,2025-10-12,"Education facility (school, etc.)",6
Kryvorizkyi,2025-10-06,2025-10-12,Government facilities,1
Kryvorizkyi,2025-10-06,2025-10-12,Industrial/Business/Enterprise facilities,1
Kryvorizkyi,2025-10-06,2025-10-12,Total,9
Kryvorizkyi,2025-10-06,2025-10-12,Warehouse,1
Kupianskyi,2025-10-06,2025-10-12,"Education facility (school, etc.)",2
Kupianskyi,2025-10-06,2025-10-12,Total,3
Kupianskyi,2025-10-06,2025-10-12,Warehouse,1
Kyiv,2025-10-06,2025-10-12,Electricity supply system,1
Kyiv,2025-10-06,2025-10-12,Power plant,2
Kyiv,2025-10-06,2025-10-12,Total,3
Nikopolskyi,2025-10-06,2025-10-12,Agricultural facilities,2
Nikopolskyi,2025-10-06,2025-10-12,"Cultural facilities (museum, theater etc.)",1
Nikopolskyi,2025-10-06,2025-10-12,Electricity supply system,5
Nikopolskyi,2025-10-06,2025-10-12,Fuel depot,1
Nikopolskyi,2025-10-06,2025-10-12,Gas supply system,1
Nikopolskyi,2025-10-06,2025-10-12,Government facilities,1
Nikopolskyi,2025-10-06,2025-10-12,Industrial/Business/Enterprise facilities,3
Nikopolskyi,2025-10-06,2025-10-12,Religious facilities,1
Nikopolskyi,2025-10-06,2025-10-12,Total,15
Nizhynskyi,2025-10-06,2025-10-12,Electricity supply system,1
Nizhynskyi,2025-10-06,2025-10-12,"Health facility (hospital, health clinic)",1
Nizhynskyi,2025-10-06,2025-10-12,Industrial/Business/Enterprise facilities,1
Nizhynskyi,2025-10-06,2025-10-12,Railway,2
Nizhynskyi,2025-10-06,2025-10-12,Total,6
Nizhynskyi,2025-10-06,2025-10-12,Warehouse,1
Novhorod-Siverskyi,2025-10-06,2025-10-12,Fuel depot,2
Novhorod-Siverskyi,2025-10-06,2025-10-12,Government facilities,4
Novhorod-Siverskyi,2025-10-06,2025-10-12,"Health facility (hospital, health clinic)",1
Novhorod-Siverskyi,2025-10-06,2025-10-12,Industrial/Business/Enterprise facilities,2
Novhorod-Siverskyi,2025-10-06,2025-10-12,Total,10
Novhorod-Siverskyi,2025-10-06,2025-10-12,Warehouse,1
Odeskyi,2025-10-06,2025-10-12,"Education facility (school, etc.)",2
Odeskyi,2025-10-06,2025-10-12,Government facilities,1
Odeskyi,2025-10-06,2025-10-12,Harbor,1
Odeskyi,2025-10-06,2025-10-12,Total,4
Oleksandriiskyi,2025-10-06,2025-10-12,Total,1
Oleksandriiskyi,2025-10-06,2025-10-12,Water supply system,1
Podilskyi,2025-10-06,2025-10-12,Gas supply system,1
Podilskyi,2025-10-06,2025-10-12,Total,1
Pokrovskyi,2025-10-06,2025-10-12,Agricultural facilities,1
Pokrovskyi,2025-10-06,2025-10-12,Industrial/Business/Enterprise facilities,2
Pokrovskyi,2025-10-06,2025-10-12,Religious facilities,1
Pokrovskyi,2025-10-06,2025-10-12,Total,4
Poltavskyi,2025-10-06,2025-10-12,Electricity supply system,1
Poltavskyi,2025-10-06,2025-10-12,Government facilities,1
Poltavskyi,2025-10-06,2025-10-12,Railway,5
Poltavskyi,2025-10-06,2025-10-12,Road / Highway,2
Poltavskyi,2025-10-06,2025-10-12,Total,9
Prylutskyi,2025-10-06,2025-10-12,Oil depot,1
Prylutskyi,2025-10-06,2025-10-12,Total,1
Sumskyi,2025-10-06,2025-10-12,"Education facility (school, etc.)",1
Sumskyi,2025-10-06,2025-10-12,Gas supply system,1
Sumskyi,2025-10-06,2025-10-12,Government facilities,3
Sumskyi,2025-10-06,2025-10-12,"Health facility (hospital, health clinic)",1
Sumskyi,2025-10-06,2025-10-12,Industrial/Business/Enterprise facilities,3
Sumskyi,2025-10-06,2025-10-12,Total,10
Sumskyi,2025-10-06,2025-10-12,Warehouse,1
Synelnykivskyi,2025-10-06,2025-10-12,Agricultural facilities,2
Synelnykivskyi,2025-10-06,2025-10-12,Gas supply system,1
Synelnykivskyi,2025-10-06,2025-10-12,Total,3
Zaporizkyi,2025-10-06,2025-10-12,Gas supply system,1
Zaporizkyi,2025-10-06,2025-10-12,Government facilities,1
Zaporizkyi,2025-10-06,2025-10-12,Industrial/Business/Enterprise facilities,2
Zaporizkyi,2025-10-06,2025-10-12,Total,4
Bakhchysaraiskyi,2025-09-29,2025-10-05,Railway,1
Bakhchysaraiskyi,2025-09-29,2025-10-05,Total,1
Beryslavskyi,2025-09-29,2025-10-05,Electricity supply system,1
Beryslavskyi,2025-09-29,2025-10-05,Total,1
Cherkaskyi,2025-09-29,2025-10-05,Electricity supply system,1
Cherkaskyi,2025-09-29,2025-10-05,Total,1
Chernihivskyi,2025-09-29,2025-10-05,Electricity supply system,1
Chernihivskyi,2025-09-29,2025-10-05,Fuel depot,1
Chernihivskyi,2025-09-29,2025-10-05,Industrial/Business/Enterprise facilities,1
Chernihivskyi,2025-09-29,2025-10-05,Total,3
Dniprovskyi,2025-09-29,2025-10-05,"Cultural facilities (museum, theater etc.)",1
Dniprovskyi,2025-09-29,2025-10-05,"Education facility (school, etc.)",3
Dniprovskyi,2025-09-29,2025-10-05,"Health facility (hospital, health clinic)",2
Dniprovskyi,2025-09-29,2025-10-05,Industrial/Business/Enterprise facilities,4
Dniprovskyi,2025-09-29,2025-10-05,Total,11
Dniprovskyi,2025-09-29,2025-10-05,Warehouse,1
Holovanivskyi,2025-09-29,2025-10-05,Electricity supply system,1
Holovanivskyi,2025-09-29,2025-10-05,Total,1
Iziumskyi,2025-09-29,2025-10-05,Government facilities,1
Iziumskyi,2025-09-29,2025-10-05,"Health facility (hospital, health clinic)",3
Iziumskyi,2025-09-29,2025-10-05,Industrial/Business/Enterprise facilities,9
Iziumskyi,2025-09-29,2025-10-05,Total,13
Kharkivskyi,2025-09-29,2025-10-05,Agricultural facilities,1
Kharkivskyi,2025-09-29,2025-10-05,"Education facility (school, etc.)",2
Kharkivskyi,2025-09-29,2025-10-05,Electricity supply system,1
Kharkivskyi,2025-09-29,2025-10-05,Industrial/Business/Enterprise facilities,2
Kharkivskyi,2025-09-29,2025-10-05,Other,1
Kharkivskyi,2025-09-29,2025-10-05,Road / Highway,1
Kharkivskyi,2025-09-29,2025-10-05,Total,9
Kharkivskyi,2025-09-29,2025-10-05,Warehouse,1
Khersonskyi,2025-09-29,2025-10-05,"Health facility (hospital, health clinic)",1
Khersonskyi,2025-09-29,2025-10-05,Industrial/Business/Enterprise facilities,1
Khersonskyi,2025-09-29,2025-10-05,Religious facilities,2
Khersonskyi,2025-09-29,2025-10-05,Total,4
Konotopskyi,2025-09-29,2025-10-05,"Education facility (school, etc.)",2
Konotopskyi,2025-09-29,2025-10-05,Government facilities,1
Konotopskyi,2025-09-29,2025-10-05,Industrial/Business/Enterprise facilities,1
Konotopskyi,2025-09-29,2025-10-05,Railway,1
Konotopskyi,2025-09-29,2025-10-05,Total,5
Koriukivskyi,2025-09-29,2025-10-05,Industrial/Business/Enterprise facilities,1
Koriukivskyi,2025-09-29,2025-10-05,Telecommunications,1
Koriukivskyi,2025-09-29,2025-10-05,Total,2
Kramatorskyi,2025-09-29,2025-10-05,Agricultural facilities,3
Kramatorskyi,2025-09-29,2025-10-05,"Cultural facilities (museum, theater etc.)",1
Kramatorskyi,2025-09-29,2025-10-05,"Education facility (school, etc.)",2
Kramatorskyi,2025-09-29,2025-10-05,Electricity supply system,2
Kramatorskyi,2025-09-29,2025-10-05,Fuel depot,1
Kramatorskyi,2025-09-29,2025-10-05,Government facilities,2
Kramatorskyi,2025-09-29,2025-10-05,"Health facility (hospital, health clinic)",2
Kramatorskyi,2025-09-29,2025-10-05,Industrial/Business/Enterprise facilities,15
Kramatorskyi,2025-09-29,2025-10-05,Other,1
Kramatorskyi,2025-09-29,2025-10-05,Total,33
Kramatorskyi,2025-09-29,2025-10-05,Warehouse,4
Lvivskyi,2025-09-29,2025-10-05,"Education facility (school, etc.)",2
Lvivskyi,2025-09-29,2025-10-05,Industrial/Business/Enterprise facilities,3
Lvivskyi,2025-09-29,2025-10-05,Religious facilities,1
Lvivskyi,2025-09-29,2025-10-05,Total,7
Lvivskyi,2025-09-29,2025-10-05,Warehouse,1
Mykolaivskyi,2025-09-29,2025-10-05,Electricity supply system,1
Mykolaivskyi,2025-09-29,2025-10-05,Total,1
Nikopolskyi,2025-09-29,2025-10-05,Electricity supply system,4
Nikopolskyi,2025-09-29,2025-10-05,Gas supply system,3
Nikopolskyi,2025-09-29,2025-10-05,Total,7
Nizhynskyi,2025-09-29,2025-10-05,Electricity supply system,1
Nizhynskyi,2025-09-29,2025-10-05,Industrial/Business/Enterprise facilities,2
Nizhynskyi,2025-09-29,2025-10-05,Total,3
Novhorod-Siverskyi,2025-09-29,2025-10-05,"Cultural facilities (museum, theater etc.)",1
Novhorod-Siverskyi,2025-09-29,2025-10-05,Government facilities,1
Novhorod-Siverskyi,2025-09-29,2025-10-05,Total,2
Odeskyi,2025-09-29,2025-10-05,Railway,1
Odeskyi,2025-09-29,2025-10-05,Total,1
Okhtyrskyi,2025-09-29,2025-10-05,Agricultural facilities,3
Okhtyrskyi,2025-09-29,2025-10-05,Total,4
Okhtyrskyi,2025-09-29,2025-10-05,Warehouse,1
Pokrovskyi,2025-09-29,2025-10-05,"Education facility (school, etc.)",1
Pokrovskyi,2025-09-29,2025-10-05,Industrial/Business/Enterprise facilities,2
Pokrovskyi,2025-09-29,2025-10-05,Total,3
Poltavskyi,2025-09-29,2025-10-05,Gas supply system,1
Poltavskyi,2025-09-29,2025-10-05,Government facilities,1
Poltavskyi,2025-09-29,2025-10-05,Religious facilities,2
Poltavskyi,2025-09-29,2025-10-05,Total,4
Romenskyi,2025-09-29,2025-10-05,"Education facility (school, etc.)",2
Romenskyi,2025-09-29,2025-10-05,Total,2
Shostkynskyi,2025-09-29,2025-10-05,Electricity supply system,2
Shostkynskyi,2025-09-29,2025-10-05,Fuel depot,1
Shostkynskyi,2025-09-29,2025-10-05,Gas supply system,1
Shostkynskyi,2025-09-29,2025-10-05,Railway,1
Shostkynskyi,2025-09-29,2025-10-05,Total,6
Shostkynskyi,2025-09-29,2025-10-05,Water supply system,1
Synelnykivskyi,2025-09-29,2025-10-05,"Cultural facilities (museum, theater etc.)",1
Synelnykivskyi,2025-09-29,2025-10-05,Government facilities,1
Synelnykivskyi,2025-09-29,2025-10-05,"Health facility (hospital, health clinic)",1
Synelnykivskyi,2025-09-29,2025-10-05,Industrial/Business/Enterprise facilities,2
Synelnykivskyi,2025-09-29,2025-10-05,Total,5
Vyshhorodskyi,2025-09-29,2025-10-05,Electricity supply system,1
Vyshhorodskyi,2025-09-29,2025-10-05,Total,1
Zaporizkyi,2025-09-29,2025-10-05,Electricity supply system,1
Zaporizkyi,2025-09-29,2025-10-05,Gas supply system,1
Zaporizkyi,2025-09-29,2025-10-05,Industrial/Business/Enterprise facilities,2
Zaporizkyi,2025-09-29,2025-10-05,Total,5
Zaporizkyi,2025-09-29,2025-10-05,Warehouse,1
Beryslavskyi,2025-09-22,2025-09-28,Total,1
Beryslavskyi,2025-09-22,2025-09-28,Warehouse,1
Bilhorod-Dnistrovskyi,2025-09-22,2025-09-28,"Cultural facilities (museum, theater etc.)",1
Bilhorod-Dnistrovskyi,2025-09-22,2025-09-28,Government facilities,2
Bilhorod-Dnistrovskyi,2025-09-22,2025-09-28,Industrial/Business/Enterprise facilities,13
Bilhorod-Dnistrovskyi,2025-09-22,2025-09-28,Total,17
Bilhorod-Dnistrovskyi,2025-09-22,2025-09-28,Warehouse,1
Bilotserkivskyi,2025-09-22,2025-09-28,Industrial/Business/Enterprise facilities,3
Bilotserkivskyi,2025-09-22,2025-09-28,Total,4
Bilotserkivskyi,2025-09-22,2025-09-28,Warehouse,1
Bohodukhivskyi,2025-09-22,2025-09-28,Electricity supply system,1
Bohodukhivskyi,2025-09-22,2025-09-28,Total,1
Boryspilskyi,2025-09-22,2025-09-28,Government facilities,1
Boryspilskyi,2025-09-22,2025-09-28,Total,2
Boryspilskyi,2025-09-22,2025-09-28,Warehouse,1
Brovarskyi,2025-09-22,2025-09-28,Telecommunications,1
Brovarskyi,2025-09-22,2025-09-28,Total,1
Chernihivskyi,2025-09-22,2025-09-28,Agricultural facilities,1
Chernihivskyi,2025-09-22,2025-09-28,Telecommunications,1
Chernihivskyi,2025-09-22,2025-09-28,Total,2
Chuhuivskyi,2025-09-22,2025-09-28,"Education facility (school, etc.)",1
Chuhuivskyi,2025-09-22,2025-09-28,Total,1
Fastivskyi,2025-09-22,2025-09-28,Government facilities,1
Fastivskyi,2025-09-22,2025-09-28,Industrial/Business/Enterprise facilities,1
Fastivskyi,2025-09-22,2025-09-28,Total,2
Iziumskyi,2025-09-22,2025-09-28,Electricity supply system,1
Iziumskyi,2025-09-22,2025-09-28,Total,1
Kharkivskyi,2025-09-22,2025-09-28,Electricity supply system,2
Kharkivskyi,2025-09-22,2025-09-28,Industrial/Business/Enterprise facilities,3
Kharkivskyi,2025-09-22,2025-09-28,Total,5
Khersonskyi,2025-09-22,2025-09-28,"Education facility (school, etc.)",2
Khersonskyi,2025-09-22,2025-09-28,Electricity supply system,1
Khersonskyi,2025-09-22,2025-09-28,Government facilities,1
Khersonskyi,2025-09-22,2025-09-28,"Health facility (hospital, health clinic)",2
Khersonskyi,2025-09-22,2025-09-28,Industrial/Business/Enterprise facilities,1
Khersonskyi,2025-09-22,2025-09-28,Total,7
Konotopskyi,2025-09-22,2025-09-28,"Education facility (school, etc.)",1
Konotopskyi,2025-09-22,2025-09-28,Government facilities,1
Konotopskyi,2025-09-22,2025-09-28,Industrial/Business/Enterprise facilities,1
Konotopskyi,2025-09-22,2025-09-28,Telecommunications,1
Konotopskyi,2025-09-22,2025-09-28,Total,4
Koriukivskyi,2025-09-22,2025-09-28,Government facilities,1
Koriukivskyi,2025-09-22,2025-09-28,Industrial/Business/Enterprise facilities,2
Koriukivskyi,2025-09-22,2025-09-28,Total,3
Kramatorskyi,2025-09-22,2025-09-28,"Cultural facilities (museum, theater etc.)",2
Kramatorskyi,2025-09-22,2025-09-28,"Education facility (school, etc.)",8
Kramatorskyi,2025-09-22,2025-09-28,Electricity supply system,1
Kramatorskyi,2025-09-22,2025-09-28,Fuel depot,3
Kramatorskyi,2025-09-22,2025-09-28,Gas supply system,2
Kramatorskyi,2025-09-22,2025-09-28,Government facilities,9
Kramatorskyi,2025-09-22,2025-09-28,"Health facility (hospital, health clinic)",4
Kramatorskyi,2025-09-22,2025-09-28,Heating and water facility,1
Kramatorskyi,2025-09-22,2025-09-28,Industrial/Business/Enterprise facilities,12
Kramatorskyi,2025-09-22,2025-09-28,Other,1
Kramatorskyi,2025-09-22,2025-09-28,Religious facilities,1
Kramatorskyi,2025-09-22,2025-09-28,Total,50
Kramatorskyi,2025-09-22,2025-09-28,Warehouse,6
Kryvorizkyi,2025-09-22,2025-09-28,Industrial/Business/Enterprise facilities,1
Kryvorizkyi,2025-09-22,2025-09-28,Total,1
Kupianskyi,2025-09-22,2025-09-28,Agricultural facilities,1
Kupianskyi,2025-09-22,2025-09-28,Government facilities,1
Kupianskyi,2025-09-22,2025-09-28,Industrial/Business/Enterprise facilities,2
Kupianskyi,2025-09-22,2025-09-28,Road / Highway,2
Kupianskyi,2025-09-22,2025-09-28,Total,6
Kyiv,2025-09-22,2025-09-28,"Education facility (school, etc.)",1
Kyiv,2025-09-22,2025-09-28,Fuel depot,1
Kyiv,2025-09-22,2025-09-28,Government facilities,1
Kyiv,2025-09-22,2025-09-28,"Health facility (hospital, health clinic)",1
Kyiv,2025-09-22,2025-09-28,Industrial/Business/Enterprise facilities,2
Kyiv,2025-09-22,2025-09-28,Total,6
Mykolaivskyi,2025-09-22,2025-09-28,Electricity supply system,1
Mykolaivskyi,2025-09-22,2025-09-28,Industrial/Business/Enterprise facilities,1
Mykolaivskyi,2025-09-22,2025-09-28,Total,2
Nikopolskyi,2025-09-22,2025-09-28,Agricultural facilities,1
Nikopolskyi,2025-09-22,2025-09-28,Electricity supply system,4
Nikopolskyi,2025-09-22,2025-09-28,Fuel depot,1
Nikopolskyi,2025-09-22,2025-09-28,Gas supply system,2
Nikopolskyi,2025-09-22,2025-09-28,Industrial/Business/Enterprise facilities,4
Nikopolskyi,2025-09-22,2025-09-28,Total,12
Novhorod-Siverskyi,2025-09-22,2025-09-28,Government facilities,1
Novhorod-Siverskyi,2025-09-22,2025-09-28,Total,1
Odeskyi,2025-09-22,2025-09-28,"Education facility (school, etc.)",1
Odeskyi,2025-09-22,2025-09-28,Total,1
Podilskyi,2025-09-22,2025-09-28,Electricity supply system,3
Podilskyi,2025-09-22,2025-09-28,Total,3
Pokrovskyi,2025-09-22,2025-09-28,"Health facility (hospital, health clinic)",2
Pokrovskyi,2025-09-22,2025-09-28,Total,2
Poltavskyi,2025-09-22,2025-09-28,Industrial/Business/Enterprise facilities,1
Poltavskyi,2025-09-22,2025-09-28,Total,1
Shchastynskyi,2025-09-22,2025-09-28,Gas supply system,1
Shchastynskyi,2025-09-22,2025-09-28,Total,1
Sievierodonetskyi,2025-09-22,2025-09-28,Gas supply system,1
Sievierodonetskyi,2025-09-22,2025-09-28,Total,1
Starobilskyi,2025-09-22,2025-09-28,Gas supply system,1
Starobilskyi,2025-09-22,2025-09-28,Total,1
Sumskyi,2025-09-22,2025-09-28,"Cultural facilities (museum, theater etc.)",1
Sumskyi,2025-09-22,2025-09-28,"Education facility (school, etc.)",2
Sumskyi,2025-09-22,2025-09-28,Electricity supply system,1
Sumskyi,2025-09-22,2025-09-28,Industrial/Business/Enterprise facilities,2
Sumskyi,2025-09-22,2025-09-28,Total,7
Sumskyi,2025-09-22,2025-09-28,Warehouse,1
Synelnykivskyi,2025-09-22,2025-09-28,Agricultural facilities,2
Synelnykivskyi,2025-09-22,2025-09-28,"Cultural facilities (museum, theater etc.)",1
Synelnykivskyi,2025-09-22,2025-09-28,Fuel depot,1
Synelnykivskyi,2025-09-22,2025-09-28,Government facilities,1
Synelnykivskyi,2025-09-22,2025-09-28,Industrial/Business/Enterprise facilities,2
Synelnykivskyi,2025-09-22,2025-09-28,Total,7
Voznesenskyi,2025-09-22,2025-09-28,Electricity supply system,1
Voznesenskyi,2025-09-22,2025-09-28,Total,1
Yaltynskyi,2025-09-22,2025-09-28,"Education facility (school, etc.)",1
Yaltynskyi,2025-09-22,2025-09-28,Total,1
Zaporizkyi,2025-09-22,2025-09-28,"Cultural facilities (museum, theater etc.)",1
Zaporizkyi,2025-09-22,2025-09-28,"Education facility (school, etc.)",1
Zaporizkyi,2025-09-22,2025-09-28,Fuel depot,1
Zaporizkyi,2025-09-22,2025-09-28,Government facilities,1
Zaporizkyi,2025-09-22,2025-09-28,Industrial/Business/Enterprise facilities,17
Zaporizkyi,2025-09-22,2025-09-28,Total,23
Zaporizkyi,2025-09-22,2025-09-28,Warehouse,1
Zaporizkyi,2025-09-22,2025-09-28,Water supply system,1
Bashtanskyi,2025-09-15,2025-09-21,Total,1
Bashtanskyi,2025-09-15,2025-09-21,Warehouse,1
Bilhorod-Dnistrovskyi,2025-09-15,2025-09-21,Total,2
Bilhorod-Dnistrovskyi,2025-09-15,2025-09-21,Warehouse,2
Bohodukhivskyi,2025-09-15,2025-09-21,Electricity supply system,1
Bohodukhivskyi,2025-09-15,2025-09-21,Total,1
Boryspilskyi,2025-09-15,2025-09-21,Total,1
Boryspilskyi,2025-09-15,2025-09-21,Warehouse,1
Chernihivskyi,2025-09-15,2025-09-21,Industrial/Business/Enterprise facilities,1
Chernihivskyi,2025-09-15,2025-09-21,Road / Highway,1
Chernihivskyi,2025-09-15,2025-09-21,Total,2
Chuhuivskyi,2025-09-15,2025-09-21,"Education facility (school, etc.)",1
Chuhuivskyi,2025-09-15,2025-09-21,Heating and water facility,1
Chuhuivskyi,2025-09-15,2025-09-21,Total,2
Dniprovskyi,2025-09-15,2025-09-21,"Education facility (school, etc.)",10
Dniprovskyi,2025-09-15,2025-09-21,Government facilities,2
Dniprovskyi,2025-09-15,2025-09-21,Industrial/Business/Enterprise facilities,3
Dniprovskyi,2025-09-15,2025-09-21,Road / Highway,1
Dniprovskyi,2025-09-15,2025-09-21,Total,17
Dniprovskyi,2025-09-15,2025-09-21,Warehouse,1
Fastivskyi,2025-09-15,2025-09-21,Total,1
Fastivskyi,2025-09-15,2025-09-21,Warehouse,1
Iziumskyi,2025-09-15,2025-09-21,Electricity supply system,2
Iziumskyi,2025-09-15,2025-09-21,Total,3
Iziumskyi,2025-09-15,2025-09-21,Warehouse,1
Kharkivskyi,2025-09-15,2025-09-21,"Education facility (school, etc.)",1
Kharkivskyi,2025-09-15,2025-09-21,Total,1
Khersonskyi,2025-09-15,2025-09-21,Government facilities,1
Khersonskyi,2025-09-15,2025-09-21,Industrial/Business/Enterprise facilities,1
Khersonskyi,2025-09-15,2025-09-21,Total,2
Kramatorskyi,2025-09-15,2025-09-21,"Cultural facilities (museum, theater etc.)",2
Kramatorskyi,2025-09-15,2025-09-21,"Education facility (school, etc.)",3
Kramatorskyi,2025-09-15,2025-09-21,Gas supply system,1
Kramatorskyi,2025-09-15,2025-09-21,Government facilities,9
Kramatorskyi,2025-09-15,2025-09-21,"Health facility (hospital, health clinic)",4
Kramatorskyi,2025-09-15,2025-09-21,Industrial/Business/Enterprise facilities,12
Kramatorskyi,2025-09-15,2025-09-21,Religious facilities,1
Kramatorskyi,2025-09-15,2025-09-21,Total,32
Kryvorizkyi,2025-09-15,2025-09-21,Total,1
Kryvorizkyi,2025-09-15,2025-09-21,Water supply system,1
Kupianskyi,2025-09-15,2025-09-21,Electricity supply system,1
Kupianskyi,2025-09-15,2025-09-21,Fuel depot,1
Kupianskyi,2025-09-15,2025-09-21,Total,5
Kupianskyi,2025-09-15,2025-09-21,Warehouse,3
Lozivskyi,2025-09-15,2025-09-21,"Cultural facilities (museum, theater etc.)",1
Lozivskyi,2025-09-15,2025-09-21,Railway,1
Lozivskyi,2025-09-15,2025-09-21,Total,6
Lozivskyi,2025-09-15,2025-09-21,Warehouse,4
Mykolaivskyi,2025-09-15,2025-09-21,Electricity supply system,1
Mykolaivskyi,2025-09-15,2025-09-21,Industrial/Business/Enterprise facilities,1
Mykolaivskyi,2025-09-15,2025-09-21,Total,2
Myrhorodskyi,2025-09-15,2025-09-21,Railway,1
Myrhorodskyi,2025-09-15,2025-09-21,Total,1
Nikopolskyi,2025-09-15,2025-09-21,Agricultural facilities,3
Nikopolskyi,2025-09-15,2025-09-21,"Cultural facilities (museum, theater etc.)",1
Nikopolskyi,2025-09-15,2025-09-21,Electricity supply system,3
Nikopolskyi,2025-09-15,2025-09-21,Gas supply system,3
Nikopolskyi,2025-09-15,2025-09-21,Industrial/Business/Enterprise facilities,9
Nikopolskyi,2025-09-15,2025-09-21,Total,19
Nizhynskyi,2025-09-15,2025-09-21,Industrial/Business/Enterprise facilities,1
Nizhynskyi,2025-09-15,2025-09-21,Total,1
Novhorod-Siverskyi,2025-09-15,2025-09-21,Agricultural facilities,1
Novhorod-Siverskyi,2025-09-15,2025-09-21,Government facilities,1
Novhorod-Siverskyi,2025-09-15,2025-09-21,"Health facility (hospital, health clinic)",1
Novhorod-Siverskyi,2025-09-15,2025-09-21,Industrial/Business/Enterprise facilities,1
Novhorod-Siverskyi,2025-09-15,2025-09-21,Total,5
Novhorod-Siverskyi,2025-09-15,2025-09-21,Warehouse,1
Pavlohradskyi,2025-09-15,2025-09-21,Industrial/Business/Enterprise facilities,2
Pavlohradskyi,2025-09-15,2025-09-21,Total,2
Pokrovskyi,2025-09-15,2025-09-21,Industrial/Business/Enterprise facilities,1
Pokrovskyi,2025-09-15,2025-09-21,Total,1
Poltavskyi,2025-09-15,2025-09-21,Fuel depot,1
Poltavskyi,2025-09-15,2025-09-21,Industrial/Business/Enterprise facilities,2
Poltavskyi,2025-09-15,2025-09-21,Total,3
Sumskyi,2025-09-15,2025-09-21,Electricity supply system,1
Sumskyi,2025-09-15,2025-09-21,Total,3
Sumskyi,2025-09-15,2025-09-21,Warehouse,2
Synelnykivskyi,2025-09-15,2025-09-21,Agricultural facilities,1
Synelnykivskyi,2025-09-15,2025-09-21,"Education facility (school, etc.)",1
Synelnykivskyi,2025-09-15,2025-09-21,Gas supply system,3
Synelnykivskyi,2025-09-15,2025-09-21,Government facilities,4
Synelnykivskyi,2025-09-15,2025-09-21,"Health facility (hospital, health clinic)",1
Synelnykivskyi,2025-09-15,2025-09-21,Total,10
Zaporizkyi,2025-09-15,2025-09-21,"Education facility (school, etc.)",1
Zaporizkyi,2025-09-15,2025-09-21,Electricity supply system,1
Zaporizkyi,2025-09-15,2025-09-21,Gas supply system,2
Zaporizkyi,2025-09-15,2025-09-21,Industrial/Business/Enterprise facilities,1
Zaporizkyi,2025-09-15,2025-09-21,Total,5
Berdychivskyi,2025-09-08,2025-09-14,"Education facility (school, etc.)",6
Berdychivskyi,2025-09-08,2025-09-14,Industrial/Business/Enterprise facilities,1
Berdychivskyi,2025-09-08,2025-09-14,Total,7
Bohodukhivskyi,2025-09-08,2025-09-14,"Cultural facilities (museum, theater etc.)",2
Bohodukhivskyi,2025-09-08,2025-09-14,Electricity supply system,1
Bohodukhivskyi,2025-09-08,2025-09-14,"Health facility (hospital, health clinic)",1
Bohodukhivskyi,2025-09-08,2025-09-14,Industrial/Business/Enterprise facilities,1
Bohodukhivskyi,2025-09-08,2025-09-14,Total,5
Chernihivskyi,2025-09-08,2025-09-14,"Education facility (school, etc.)",1
Chernihivskyi,2025-09-08,2025-09-14,Industrial/Business/Enterprise facilities,2
Chernihivskyi,2025-09-08,2025-09-14,Total,3
Chuhuivskyi,2025-09-08,2025-09-14,"Education facility (school, etc.)",1
Chuhuivskyi,2025-09-08,2025-09-14,Total,1
Iziumskyi,2025-09-08,2025-09-14,Agricultural facilities,1
Iziumskyi,2025-09-08,2025-09-14,"Education facility (school, etc.)",1
Iziumskyi,2025-09-08,2025-09-14,Total,2
Izmailskyi,2025-09-08,2025-09-14,Total,1
Izmailskyi,2025-09-08,2025-09-14,Warehouse,1
Kharkivskyi,2025-09-08,2025-09-14,"Education facility (school, etc.)",1
Kharkivskyi,2025-09-08,2025-09-14,Electricity supply system,1
Kharkivskyi,2025-09-08,2025-09-14,Other,1
Kharkivskyi,2025-09-08,2025-09-14,Railway,1
Kharkivskyi,2025-09-08,2025-09-14,Total,4
Khersonskyi,2025-09-08,2025-09-14,"Education facility (school, etc.)",2
Khersonskyi,2025-09-08,2025-09-14,Industrial/Business/Enterprise facilities,2
Khersonskyi,2025-09-08,2025-09-14,Total,4
Khmelnytskyi,2025-09-08,2025-09-14,Fuel depot,1
Khmelnytskyi,2025-09-08,2025-09-14,Industrial/Business/Enterprise facilities,1
Khmelnytskyi,2025-09-08,2025-09-14,Other,1
Khmelnytskyi,2025-09-08,2025-09-14,Total,3
Konotopskyi,2025-09-08,2025-09-14,Other,1
Konotopskyi,2025-09-08,2025-09-14,Total,1
Korostenskyi,2025-09-08,2025-09-14,Other,1
Korostenskyi,2025-09-08,2025-09-14,Total,1
Kramatorskyi,2025-09-08,2025-09-14,Agricultural facilities,1
Kramatorskyi,2025-09-08,2025-09-14,"Cultural facilities (museum, theater etc.)",2
Kramatorskyi,2025-09-08,2025-09-14,"Education facility (school, etc.)",11
Kramatorskyi,2025-09-08,2025-09-14,Electricity supply system,2
Kramatorskyi,2025-09-08,2025-09-14,Fuel depot,1
Kramatorskyi,2025-09-08,2025-09-14,Gas supply system,2
Kramatorskyi,2025-09-08,2025-09-14,Government facilities,12
Kramatorskyi,2025-09-08,2025-09-14,"Health facility (hospital, health clinic)",3
Kramatorskyi,2025-09-08,2025-09-14,Industrial/Business/Enterprise facilities,16
Kramatorskyi,2025-09-08,2025-09-14,Other,2
Kramatorskyi,2025-09-08,2025-09-14,Railway,1
Kramatorskyi,2025-09-08,2025-09-14,Religious facilities,2
Kramatorskyi,2025-09-08,2025-09-14,Road / Highway,2
Kramatorskyi,2025-09-08,2025-09-14,Total,58
Kramatorskyi,2025-09-08,2025-09-14,Warehouse,1
Krasnohradskyi,2025-09-08,2025-09-14,Government facilities,3
Krasnohradskyi,2025-09-08,2025-09-14,Industrial/Business/Enterprise facilities,2
Krasnohradskyi,2025-09-08,2025-09-14,Total,5
Kupianskyi,2025-09-08,2025-09-14,Agricultural facilities,1
Kupianskyi,2025-09-08,2025-09-14,"Education facility (school, etc.)",2
Kupianskyi,2025-09-08,2025-09-14,Electricity supply system,1
Kupianskyi,2025-09-08,2025-09-14,Industrial/Business/Enterprise facilities,1
Kupianskyi,2025-09-08,2025-09-14,Total,12
Kupianskyi,2025-09-08,2025-09-14,Warehouse,7
Lutskyi,2025-09-08,2025-09-14,Industrial/Business/Enterprise facilities,1
Lutskyi,2025-09-08,2025-09-14,Total,1
Lvivskyi,2025-09-08,2025-09-14,Total,1
Lvivskyi,2025-09-08,2025-09-14,Warehouse,1
Mykolaivskyi,2025-09-08,2025-09-14,Industrial/Business/Enterprise facilities,1
Mykolaivskyi,2025-09-08,2025-09-14,Total,2
Mykolaivskyi,2025-09-08,2025-09-14,Warehouse,1
Nikopolskyi,2025-09-08,2025-09-14,Agricultural facilities,1
Nikopolskyi,2025-09-08,2025-09-14,"Education facility (school, etc.)",4
Nikopolskyi,2025-09-08,2025-09-14,Electricity supply system,4
Nikopolskyi,2025-09-08,2025-09-14,Gas supply system,4
Nikopolskyi,2025-09-08,2025-09-14,Government facilities,2
Nikopolskyi,2025-09-08,2025-09-14,"Health facility (hospital, health clinic)",3
Nikopolskyi,2025-09-08,2025-09-14,Industrial/Business/Enterprise facilities,10
Nikopolskyi,2025-09-08,2025-09-14,Religious facilities,3
Nikopolskyi,2025-09-08,2025-09-14,Total,31
Nizhynskyi,2025-09-08,2025-09-14,Electricity supply system,1
Nizhynskyi,2025-09-08,2025-09-14,Fuel depot,1
Nizhynskyi,2025-09-08,2025-09-14,Total,2
Novhorod-Siverskyi,2025-09-08,2025-09-14,Government facilities,1
Novhorod-Siverskyi,2025-09-08,2025-09-14,Total,2
Novhorod-Siverskyi,2025-09-08,2025-09-14,Warehouse,1
Obukhivskyi,2025-09-08,2025-09-14,Heating and water facility,1
Obukhivskyi,2025-09-08,2025-09-14,Industrial/Business/Enterprise facilities,3
Obukhivskyi,2025-09-08,2025-09-14,Total,4
Okhtyrskyi,2025-09-08,2025-09-14,"Cultural facilities (museum, theater etc.)",1
Okhtyrskyi,2025-09-08,2025-09-14,Industrial/Business/Enterprise facilities,3
Okhtyrskyi,2025-09-08,2025-09-14,Total,4
Pokrovskyi,2025-09-08,2025-09-14,"Health facility (hospital, health clinic)",1
Pokrovskyi,2025-09-08,2025-09-14,Industrial/Business/Enterprise facilities,1
Pokrovskyi,2025-09-08,2025-09-14,Railway,1
Pokrovskyi,2025-09-08,2025-09-14,Total,3
Polohivskyi,2025-09-08,2025-09-14,Government facilities,1
Polohivskyi,2025-09-08,2025-09-14,Total,1
Shostkynskyi,2025-09-08,2025-09-14,"Cultural facilities (museum, theater etc.)",1
Shostkynskyi,2025-09-08,2025-09-14,Total,1
Sumskyi,2025-09-08,2025-09-14,"Education facility (school, etc.)",3
Sumskyi,2025-09-08,2025-09-14,Electricity supply system,1
Sumskyi,2025-09-08,2025-09-14,"Health facility (hospital, health clinic)",1
Sumskyi,2025-09-08,2025-09-14,Industrial/Business/Enterprise facilities,6
Sumskyi,2025-09-08,2025-09-14,Religious facilities,1
Sumskyi,2025-09-08,2025-09-14,Total,13
Sumskyi,2025-09-08,2025-09-14,Warehouse,1
Synelnykivskyi,2025-09-08,2025-09-14,Agricultural facilities,3
Synelnykivskyi,2025-09-08,2025-09-14,"Cultural facilities (museum, theater etc.)",2
Synelnykivskyi,2025-09-08,2025-09-14,Electricity supply system,1
Synelnykivskyi,2025-09-08,2025-09-14,Gas supply system,1
Synelnykivskyi,2025-09-08,2025-09-14,Government facilities,3
Synelnykivskyi,2025-09-08,2025-09-14,"Health facility (hospital, health clinic)",1
Synelnykivskyi,2025-09-08,2025-09-14,Industrial/Business/Enterprise facilities,1
Synelnykivskyi,2025-09-08,2025-09-14,Total,12
Vinnytskyi,2025-09-08,2025-09-14,"Education facility (school, etc.)",4
Vinnytskyi,2025-09-08,2025-09-14,Industrial/Business/Enterprise facilities,2
Vinnytskyi,2025-09-08,2025-09-14,Total,6
Zaporizkyi,2025-09-08,2025-09-14,Industrial/Business/Enterprise facilities,1
Zaporizkyi,2025-09-08,2025-09-14,Total,2
Zaporizkyi,2025-09-08,2025-09-14,Warehouse,1
Zolotoniskyi,2025-09-08,2025-09-14,Agricultural facilities,1
Zolotoniskyi,2025-09-08,2025-09-14,Total,1
Zvenyhorodskyi,2025-09-08,2025-09-14,Electricity supply system,1
Zvenyhorodskyi,2025-09-08,2025-09-14,Total,1
Bilhorod-Dnistrovskyi,2025-09-01,2025-09-07,Total,1
Bilhorod-Dnistrovskyi,2025-09-01,2025-09-07,Warehouse,1
Bilotserkivskyi,2025-09-01,2025-09-07,"Education facility (school, etc.)",1
Bilotserkivskyi,2025-09-01,2025-09-07,Industrial/Business/Enterprise facilities,2
Bilotserkivskyi,2025-09-01,2025-09-07,Total,4
Bilotserkivskyi,2025-09-01,2025-09-07,Warehouse,1
Bohodukhivskyi,2025-09-01,2025-09-07,"Education facility (school, etc.)",1
Bohodukhivskyi,2025-09-01,2025-09-07,Total,1
Brovarskyi,2025-09-01,2025-09-07,Total,1
Brovarskyi,2025-09-01,2025-09-07,Warehouse,1
Chernihivskyi,2025-09-01,2025-09-07,"Education facility (school, etc.)",1
Chernihivskyi,2025-09-01,2025-09-07,Total,1
Dniprovskyi,2025-09-01,2025-09-07,Industrial/Business/Enterprise facilities,1
Dniprovskyi,2025-09-01,2025-09-07,Total,1
Fastivskyi,2025-09-01,2025-09-07,Industrial/Business/Enterprise facilities,1
Fastivskyi,2025-09-01,2025-09-07,Other,1
Fastivskyi,2025-09-01,2025-09-07,Total,2
Iziumskyi,2025-09-01,2025-09-07,Total,1
Iziumskyi,2025-09-01,2025-09-07,Warehouse,1
Izmailskyi,2025-09-01,2025-09-07,Harbor,1
Izmailskyi,2025-09-01,2025-09-07,Industrial/Business/Enterprise facilities,1
Izmailskyi,2025-09-01,2025-09-07,Total,2
Kaluskyi,2025-09-01,2025-09-07,Total,1
Kaluskyi,2025-09-01,2025-09-07,Warehouse,1
Kharkivskyi,2025-09-01,2025-09-07,"Education facility (school, etc.)",1
Kharkivskyi,2025-09-01,2025-09-07,Total,1
Khmelnytskyi,2025-09-01,2025-09-07,Agricultural facilities,1
Khmelnytskyi,2025-09-01,2025-09-07,"Education facility (school, etc.)",1
Khmelnytskyi,2025-09-01,2025-09-07,Electricity supply system,1
Khmelnytskyi,2025-09-01,2025-09-07,Government facilities,1
Khmelnytskyi,2025-09-01,2025-09-07,Total,4
Konotopskyi,2025-09-01,2025-09-07,Other,1
Konotopskyi,2025-09-01,2025-09-07,Total,1
Koriukivskyi,2025-09-01,2025-09-07,Electricity supply system,1
Koriukivskyi,2025-09-01,2025-09-07,Telecommunications,1
Koriukivskyi,2025-09-01,2025-09-07,Total,2
Kramatorskyi,2025-09-01,2025-09-07,Agricultural facilities,2
Kramatorskyi,2025-09-01,2025-09-07,"Education facility (school, etc.)",3
Kramatorskyi,2025-09-01,2025-09-07,Electricity supply system,1
Kramatorskyi,2025-09-01,2025-09-07,Government facilities,8
Kramatorskyi,2025-09-01,2025-09-07,"Health facility (hospital, health clinic)",2
Kramatorskyi,2025-09-01,2025-09-07,Industrial/Business/Enterprise facilities,15
Kramatorskyi,2025-09-01,2025-09-07,Railway,1
Kramatorskyi,2025-09-01,2025-09-07,Total,32
Kremenchutskyi,2025-09-01,2025-09-07,Bridge,1
Kremenchutskyi,2025-09-01,2025-09-07,"Cultural facilities (museum, theater etc.)",1
Kremenchutskyi,2025-09-01,2025-09-07,Industrial/Business/Enterprise facilities,1
Kremenchutskyi,2025-09-01,2025-09-07,Railway,1
Kremenchutskyi,2025-09-01,2025-09-07,Total,4
Kropyvnytskyi,2025-09-01,2025-09-07,"Education facility (school, etc.)",1
Kropyvnytskyi,2025-09-01,2025-09-07,Electricity supply system,1
Kropyvnytskyi,2025-09-01,2025-09-07,Total,2
Kryvorizkyi,2025-09-01,2025-09-07,Government facilities,1
Kryvorizkyi,2025-09-01,2025-09-07,Industrial/Business/Enterprise facilities,1
Kryvorizkyi,2025-09-01,2025-09-07,Total,3
Kryvorizkyi,2025-09-01,2025-09-07,Warehouse,1
Kupianskyi,2025-09-01,2025-09-07,Government facilities,1
Kupianskyi,2025-09-01,2025-09-07,Telecommunications,1
Kupianskyi,2025-09-01,2025-09-07,Total,2
Kyiv,2025-09-01,2025-09-07,"Cultural facilities (museum, theater etc.)",1
Kyiv,2025-09-01,2025-09-07,"Education facility (school, etc.)",5
Kyiv,2025-09-01,2025-09-07,Government facilities,1
Kyiv,2025-09-01,2025-09-07,Total,7
Lvivskyi,2025-09-01,2025-09-07,Gas supply system,1
Lvivskyi,2025-09-01,2025-09-07,Industrial/Business/Enterprise facilities,1
Lvivskyi,2025-09-01,2025-09-07,Total,2
Mykolaivskyi,2025-09-01,2025-09-07,"Education facility (school, etc.)",1
Mykolaivskyi,2025-09-01,2025-09-07,Electricity supply system,1
Mykolaivskyi,2025-09-01,2025-09-07,Total,2
Nikopolskyi,2025-09-01,2025-09-07,Agricultural facilities,1
Nikopolskyi,2025-09-01,2025-09-07,"Education facility (school, etc.)",1
Nikopolskyi,2025-09-01,2025-09-07,Electricity supply system,3
Nikopolskyi,2025-09-01,2025-09-07,Fuel depot,2
Nikopolskyi,2025-09-01,2025-09-07,Gas supply system,2
Nikopolskyi,2025-09-01,2025-09-07,Government facilities,2
Nikopolskyi,2025-09-01,2025-09-07,"Health facility (hospital, health clinic)",2
Nikopolskyi,2025-09-01,2025-09-07,Industrial/Business/Enterprise facilities,2
Nikopolskyi,2025-09-01,2025-09-07,Total,16
Nikopolskyi,2025-09-01,2025-09-07,Warehouse,1
Novhorod-Siverskyi,2025-09-01,2025-09-07,"Education facility (school, etc.)",2
Novhorod-Siverskyi,2025-09-01,2025-09-07,Electricity supply system,1
Novhorod-Siverskyi,2025-09-01,2025-09-07,Fuel depot,1
Novhorod-Siverskyi,2025-09-01,2025-09-07,Industrial/Business/Enterprise facilities,3
Novhorod-Siverskyi,2025-09-01,2025-09-07,Total,7
Odeskyi,2025-09-01,2025-09-07,"Cultural facilities (museum, theater etc.)",2
Odeskyi,2025-09-01,2025-09-07,Industrial/Business/Enterprise facilities,3
Odeskyi,2025-09-01,2025-09-07,Other,1
Odeskyi,2025-09-01,2025-09-07,Total,7
Odeskyi,2025-09-01,2025-09-07,Warehouse,1
Pokrovskyi,2025-09-01,2025-09-07,Industrial/Business/Enterprise facilities,1
Pokrovskyi,2025-09-01,2025-09-07,Total,1
Poltavskyi,2025-09-01,2025-09-07,Government facilities,1
Poltavskyi,2025-09-01,2025-09-07,Total,1
Sumskyi,2025-09-01,2025-09-07,Government facilities,1
Sumskyi,2025-09-01,2025-09-07,Industrial/Business/Enterprise facilities,2
Sumskyi,2025-09-01,2025-09-07,Other,1
Sumskyi,2025-09-01,2025-09-07,Road / Highway,1
Sumskyi,2025-09-01,2025-09-07,Total,5
Synelnykivskyi,2025-09-01,2025-09-07,Agricultural facilities,1
Synelnykivskyi,2025-09-01,2025-09-07,"Health facility (hospital, health clinic)",1
Synelnykivskyi,2025-09-01,2025-09-07,Industrial/Business/Enterprise facilities,2
Synelnykivskyi,2025-09-01,2025-09-07,Total,4
Vyshhorodskyi,2025-09-01,2025-09-07,"Education facility (school, etc.)",1
Vyshhorodskyi,2025-09-01,2025-09-07,Total,1
Zaporizkyi,2025-09-01,2025-09-07,"Education facility (school, etc.)",2
Zaporizkyi,2025-09-01,2025-09-07,Electricity supply system,1
Zaporizkyi,2025-09-01,2025-09-07,Gas supply system,1
Zaporizkyi,2025-09-01,2025-09-07,Government facilities,1
Zaporizkyi,2025-09-01,2025-09-07,Industrial/Business/Enterprise facilities,3
Zaporizkyi,2025-09-01,2025-09-07,Total,8
Bohodukhivskyi,2025-08-25,2025-08-31,Electricity supply system,2
Bohodukhivskyi,2025-08-25,2025-08-31,Total,2
Chernihivskyi,2025-08-25,2025-08-31,Industrial/Business/Enterprise facilities,1
Chernihivskyi,2025-08-25,2025-08-31,Total,1
Chuhuivskyi,2025-08-25,2025-08-31,"Education facility (school, etc.)",1
Chuhuivskyi,2025-08-25,2025-08-31,Total,1
Dniprovskyi,2025-08-25,2025-08-31,Government facilities,1
Dniprovskyi,2025-08-25,2025-08-31,Industrial/Business/Enterprise facilities,1
Dniprovskyi,2025-08-25,2025-08-31,Total,2
Fastivskyi,2025-08-25,2025-08-31,Electricity supply system,1
Fastivskyi,2025-08-25,2025-08-31,Total,1
Iziumskyi,2025-08-25,2025-08-31,"Education facility (school, etc.)",1
Iziumskyi,2025-08-25,2025-08-31,Total,3
Iziumskyi,2025-08-25,2025-08-31,Warehouse,2
Kharkivskyi,2025-08-25,2025-08-31,Electricity supply system,1
Kharkivskyi,2025-08-25,2025-08-31,Gas supply system,1
Kharkivskyi,2025-08-25,2025-08-31,Total,2
Khersonskyi,2025-08-25,2025-08-31,"Education facility (school, etc.)",1
Khersonskyi,2025-08-25,2025-08-31,Gas supply system,1
Khersonskyi,2025-08-25,2025-08-31,Government facilities,1
Khersonskyi,2025-08-25,2025-08-31,"Health facility (hospital, health clinic)",1
Khersonskyi,2025-08-25,2025-08-31,Total,4
Khmilnytskyi,2025-08-25,2025-08-31,Railway,1
Khmilnytskyi,2025-08-25,2025-08-31,Total,1
Konotopskyi,2025-08-25,2025-08-31,"Cultural facilities (museum, theater etc.)",1
Konotopskyi,2025-08-25,2025-08-31,Total,1
Kramatorskyi,2025-08-25,2025-08-31,Agricultural facilities,1
Kramatorskyi,2025-08-25,2025-08-31,"Cultural facilities (museum, theater etc.)",4
Kramatorskyi,2025-08-25,2025-08-31,"Education facility (school, etc.)",6
Kramatorskyi,2025-08-25,2025-08-31,Electricity supply system,2
Kramatorskyi,2025-08-25,2025-08-31,Government facilities,5
Kramatorskyi,2025-08-25,2025-08-31,"Health facility (hospital, health clinic)",1
Kramatorskyi,2025-08-25,2025-08-31,Heating and water facility,1
Kramatorskyi,2025-08-25,2025-08-31,Industrial/Business/Enterprise facilities,25
Kramatorskyi,2025-08-25,2025-08-31,Railway,1
Kramatorskyi,2025-08-25,2025-08-31,Total,46
Kyiv,2025-08-25,2025-08-31,"Education facility (school, etc.)",3
Kyiv,2025-08-25,2025-08-31,Electricity supply system,1
Kyiv,2025-08-25,2025-08-31,Government facilities,3
Kyiv,2025-08-25,2025-08-31,"Health facility (hospital, health clinic)",2
Kyiv,2025-08-25,2025-08-31,Industrial/Business/Enterprise facilities,8
Kyiv,2025-08-25,2025-08-31,Other,2
Kyiv,2025-08-25,2025-08-31,Total,19
Mykolaivskyi,2025-08-25,2025-08-31,Agricultural facilities,1
Mykolaivskyi,2025-08-25,2025-08-31,"Education facility (school, etc.)",1
Mykolaivskyi,2025-08-25,2025-08-31,Total,2
Nikopolskyi,2025-08-25,2025-08-31,Agricultural facilities,2
Nikopolskyi,2025-08-25,2025-08-31,"Education facility (school, etc.)",1
Nikopolskyi,2025-08-25,2025-08-31,Electricity supply system,2
Nikopolskyi,2025-08-25,2025-08-31,Fuel depot,2
Nikopolskyi,2025-08-25,2025-08-31,Gas supply system,2
Nikopolskyi,2025-08-25,2025-08-31,Government facilities,2
Nikopolskyi,2025-08-25,2025-08-31,Industrial/Business/Enterprise facilities,2
Nikopolskyi,2025-08-25,2025-08-31,Total,13
Nizhynskyi,2025-08-25,2025-08-31,Government facilities,1
Nizhynskyi,2025-08-25,2025-08-31,Total,1
Novhorod-Siverskyi,2025-08-25,2025-08-31,Electricity supply system,1
Novhorod-Siverskyi,2025-08-25,2025-08-31,Fuel depot,1
Novhorod-Siverskyi,2025-08-25,2025-08-31,Telecommunications,1
Novhorod-Siverskyi,2025-08-25,2025-08-31,Total,4
Novhorod-Siverskyi,2025-08-25,2025-08-31,Warehouse,1
Odeskyi,2025-08-25,2025-08-31,Electricity supply system,1
Odeskyi,2025-08-25,2025-08-31,Government facilities,1
Odeskyi,2025-08-25,2025-08-31,Total,3
Odeskyi,2025-08-25,2025-08-31,Warehouse,1
Okhtyrskyi,2025-08-25,2025-08-31,Industrial/Business/Enterprise facilities,2
Okhtyrskyi,2025-08-25,2025-08-31,Total,3
Okhtyrskyi,2025-08-25,2025-08-31,Water supply system,1
Pokrovskyi,2025-08-25,2025-08-31,"Education facility (school, etc.)",1
Pokrovskyi,2025-08-25,2025-08-31,Industrial/Business/Enterprise facilities,6
Pokrovskyi,2025-08-25,2025-08-31,Total,7
Romenskyi,2025-08-25,2025-08-31,"Education facility (school, etc.)",1
Romenskyi,2025-08-25,2025-08-31,Total,1
Sumskyi,2025-08-25,2025-08-31,Electricity supply system,2
Sumskyi,2025-08-25,2025-08-31,Fuel depot,1
Sumskyi,2025-08-25,2025-08-31,Industrial/Business/Enterprise facilities,1
Sumskyi,2025-08-25,2025-08-31,Total,6
Sumskyi,2025-08-25,2025-08-31,Warehouse,2
Synelnykivskyi,2025-08-25,2025-08-31,Agricultural facilities,5
Synelnykivskyi,2025-08-25,2025-08-31,"Cultural facilities (museum, theater etc.)",2
Synelnykivskyi,2025-08-25,2025-08-31,Electricity supply system,2
Synelnykivskyi,2025-08-25,2025-08-31,Fuel depot,3
Synelnykivskyi,2025-08-25,2025-08-31,Gas supply system,1
Synelnykivskyi,2025-08-25,2025-08-31,Government facilities,1
Synelnykivskyi,2025-08-25,2025-08-31,"Health facility (hospital, health clinic)",1
Synelnykivskyi,2025-08-25,2025-08-31,Industrial/Business/Enterprise facilities,5
Synelnykivskyi,2025-08-25,2025-08-31,Religious facilities,1
Synelnykivskyi,2025-08-25,2025-08-31,Total,21
Zaporizkyi,2025-08-25,2025-08-31,Electricity supply system,1
Zaporizkyi,2025-08-25,2025-08-31,Gas supply system,2
Zaporizkyi,2025-08-25,2025-08-31,Industrial/Business/Enterprise facilities,4
Zaporizkyi,2025-08-25,2025-08-31,Total,7
Boryspilskyi,2025-08-18,2025-08-24,Total,1
Boryspilskyi,2025-08-18,2025-08-24,Warehouse,1
Chuhuivskyi,2025-08-18,2025-08-24,Agricultural facilities,1
Chuhuivskyi,2025-08-18,2025-08-24,Industrial/Business/Enterprise facilities,1
Chuhuivskyi,2025-08-18,2025-08-24,Total,3
Chuhuivskyi,2025-08-18,2025-08-24,Warehouse,1
Dniprovskyi,2025-08-18,2025-08-24,Electricity supply system,1
Dniprovskyi,2025-08-18,2025-08-24,Total,1
Izmailskyi,2025-08-18,2025-08-24,Gas supply system,1
Izmailskyi,2025-08-18,2025-08-24,Harbor,1
Izmailskyi,2025-08-18,2025-08-24,Industrial/Business/Enterprise facilities,1
Izmailskyi,2025-08-18,2025-08-24,Total,3
Kharkivskyi,2025-08-18,2025-08-24,"Education facility (school, etc.)",1
Kharkivskyi,2025-08-18,2025-08-24,Electricity supply system,2
Kharkivskyi,2025-08-18,2025-08-24,Industrial/Business/Enterprise facilities,1
Kharkivskyi,2025-08-18,2025-08-24,Total,5
Kharkivskyi,2025-08-18,2025-08-24,Warehouse,1
Khersonskyi,2025-08-18,2025-08-24,"Education facility (school, etc.)",3
Khersonskyi,2025-08-18,2025-08-24,Government facilities,1
Khersonskyi,2025-08-18,2025-08-24,"Health facility (hospital, health clinic)",1
Khersonskyi,2025-08-18,2025-08-24,Industrial/Business/Enterprise facilities,2
Khersonskyi,2025-08-18,2025-08-24,Road / Highway,1
Khersonskyi,2025-08-18,2025-08-24,Total,8
Khustskyi,2025-08-18,2025-08-24,Electricity supply system,1
Khustskyi,2025-08-18,2025-08-24,Total,1
Konotopskyi,2025-08-18,2025-08-24,Government facilities,1
Konotopskyi,2025-08-18,2025-08-24,Industrial/Business/Enterprise facilities,1
Konotopskyi,2025-08-18,2025-08-24,Religious facilities,1
Konotopskyi,2025-08-18,2025-08-24,Total,3
Koriukivskyi,2025-08-18,2025-08-24,Telecommunications,1
Koriukivskyi,2025-08-18,2025-08-24,Total,1
Kramatorskyi,2025-08-18,2025-08-24,Agricultural facilities,2
Kramatorskyi,2025-08-18,2025-08-24,"Cultural facilities (museum, theater etc.)",2
Kramatorskyi,2025-08-18,2025-08-24,"Education facility (school, etc.)",9
Kramatorskyi,2025-08-18,2025-08-24,Electricity supply system,2
Kramatorskyi,2025-08-18,2025-08-24,Gas supply system,3
Kramatorskyi,2025-08-18,2025-08-24,Government facilities,9
Kramatorskyi,2025-08-18,2025-08-24,"Health facility (hospital, health clinic)",3
Kramatorskyi,2025-08-18,2025-08-24,Heating and water facility,2
Kramatorskyi,2025-08-18,2025-08-24,Industrial/Business/Enterprise facilities,16
Kramatorskyi,2025-08-18,2025-08-24,Road / Highway,1
Kramatorskyi,2025-08-18,2025-08-24,Total,52
Kramatorskyi,2025-08-18,2025-08-24,Warehouse,3
Kremenchutskyi,2025-08-18,2025-08-24,"Education facility (school, etc.)",1
Kremenchutskyi,2025-08-18,2025-08-24,Total,1
Kupianskyi,2025-08-18,2025-08-24,Agricultural facilities,2
Kupianskyi,2025-08-18,2025-08-24,Government facilities,1
Kupianskyi,2025-08-18,2025-08-24,"Health facility (hospital, health clinic)",1
Kupianskyi,2025-08-18,2025-08-24,Total,4
Lozivskyi,2025-08-18,2025-08-24,"Education facility (school, etc.)",1
Lozivskyi,2025-08-18,2025-08-24,"Health facility (hospital, health clinic)",1
Lozivskyi,2025-08-18,2025-08-24,Total,2
Lubenskyi,2025-08-18,2025-08-24,Industrial/Business/Enterprise facilities,1
Lubenskyi,2025-08-18,2025-08-24,Total,1
Lutskyi,2025-08-18,2025-08-24,Industrial/Business/Enterprise facilities,1
Lutskyi,2025-08-18,2025-08-24,Total,1
Lvivskyi,2025-08-18,2025-08-24,"Education facility (school, etc.)",1
Lvivskyi,2025-08-18,2025-08-24,Government facilities,3
Lvivskyi,2025-08-18,2025-08-24,Industrial/Business/Enterprise facilities,1
Lvivskyi,2025-08-18,2025-08-24,Total,5
Mukachivskyi,2025-08-18,2025-08-24,Industrial/Business/Enterprise facilities,7
Mukachivskyi,2025-08-18,2025-08-24,Total,8
Mukachivskyi,2025-08-18,2025-08-24,Warehouse,1
Nikopolskyi,2025-08-18,2025-08-24,Agricultural facilities,1
Nikopolskyi,2025-08-18,2025-08-24,"Cultural facilities (museum, theater etc.)",1
Nikopolskyi,2025-08-18,2025-08-24,Electricity supply system,5
Nikopolskyi,2025-08-18,2025-08-24,Gas supply system,4
Nikopolskyi,2025-08-18,2025-08-24,Government facilities,2
Nikopolskyi,2025-08-18,2025-08-24,Industrial/Business/Enterprise facilities,1
Nikopolskyi,2025-08-18,2025-08-24,Total,14
Novhorod-Siverskyi,2025-08-18,2025-08-24,Telecommunications,1
Novhorod-Siverskyi,2025-08-18,2025-08-24,Total,1
Odeskyi,2025-08-18,2025-08-24,Fuel depot,1
Odeskyi,2025-08-18,2025-08-24,Industrial/Business/Enterprise facilities,1
Odeskyi,2025-08-18,2025-08-24,Total,3
Odeskyi,2025-08-18,2025-08-24,Water supply system,1
Okhtyrskyi,2025-08-18,2025-08-24,Industrial/Business/Enterprise facilities,1
Okhtyrskyi,2025-08-18,2025-08-24,Total,3
Okhtyrskyi,2025-08-18,2025-08-24,Warehouse,2
Pavlohradskyi,2025-08-18,2025-08-24,Industrial/Business/Enterprise facilities,1
Pavlohradskyi,2025-08-18,2025-08-24,Total,1
Pokrovskyi,2025-08-18,2025-08-24,Government facilities,4
Pokrovskyi,2025-08-18,2025-08-24,"Health facility (hospital, health clinic)",1
Pokrovskyi,2025-08-18,2025-08-24,Industrial/Business/Enterprise facilities,1
Pokrovskyi,2025-08-18,2025-08-24,Total,6
Shostkynskyi,2025-08-18,2025-08-24,Agricultural facilities,1
Shostkynskyi,2025-08-18,2025-08-24,"Education facility (school, etc.)",1
Shostkynskyi,2025-08-18,2025-08-24,Government facilities,1
Shostkynskyi,2025-08-18,2025-08-24,Total,3
Sumskyi,2025-08-18,2025-08-24,Agricultural facilities,1
Sumskyi,2025-08-18,2025-08-24,"Education facility (school, etc.)",1
Sumskyi,2025-08-18,2025-08-24,Electricity supply system,1
Sumskyi,2025-08-18,2025-08-24,Gas supply system,1
Sumskyi,2025-08-18,2025-08-24,Government facilities,1
Sumskyi,2025-08-18,2025-08-24,Industrial/Business/Enterprise facilities,1
Sumskyi,2025-08-18,2025-08-24,Total,6
Synelnykivskyi,2025-08-18,2025-08-24,Agricultural facilities,3
Synelnykivskyi,2025-08-18,2025-08-24,"Cultural facilities (museum, theater etc.)",1
Synelnykivskyi,2025-08-18,2025-08-24,"Education facility (school, etc.)",3
Synelnykivskyi,2025-08-18,2025-08-24,Electricity supply system,1
Synelnykivskyi,2025-08-18,2025-08-24,Gas supply system,2
Synelnykivskyi,2025-08-18,2025-08-24,Industrial/Business/Enterprise facilities,4
Synelnykivskyi,2025-08-18,2025-08-24,Total,14
Vasylivskyi,2025-08-18,2025-08-24,"Education facility (school, etc.)",1
Vasylivskyi,2025-08-18,2025-08-24,Total,1
Zaporizkyi,2025-08-18,2025-08-24,Industrial/Business/Enterprise facilities,4
Zaporizkyi,2025-08-18,2025-08-24,Road / Highway,1
Zaporizkyi,2025-08-18,2025-08-24,Total,5
Beryslavskyi,2025-08-11,2025-08-17,"Health facility (hospital, health clinic)",1
Beryslavskyi,2025-08-11,2025-08-17,Total,1
Iziumskyi,2025-08-11,2025-08-17,Total,1
Iziumskyi,2025-08-11,2025-08-17,Warehouse,1
Kharkivskyi,2025-08-11,2025-08-17,Electricity supply system,2
Kharkivskyi,2025-08-11,2025-08-17,Gas supply system,1
Kharkivskyi,2025-08-11,2025-08-17,Other,1
Kharkivskyi,2025-08-11,2025-08-17,Total,4
Khersonskyi,2025-08-11,2025-08-17,"Education facility (school, etc.)",3
Khersonskyi,2025-08-11,2025-08-17,"Health facility (hospital, health clinic)",1
Khersonskyi,2025-08-11,2025-08-17,Total,4
Konotopskyi,2025-08-11,2025-08-17,"Education facility (school, etc.)",1
Konotopskyi,2025-08-11,2025-08-17,Total,1
Koriukivskyi,2025-08-11,2025-08-17,Total,1
Koriukivskyi,2025-08-11,2025-08-17,Warehouse,1
Kramatorskyi,2025-08-11,2025-08-17,"Education facility (school, etc.)",2
Kramatorskyi,2025-08-11,2025-08-17,Government facilities,2
Kramatorskyi,2025-08-11,2025-08-17,Industrial/Business/Enterprise facilities,4
Kramatorskyi,2025-08-11,2025-08-17,Religious facilities,1
Kramatorskyi,2025-08-11,2025-08-17,Total,9
Mykolaivskyi,2025-08-11,2025-08-17,Agricultural facilities,1
Mykolaivskyi,2025-08-11,2025-08-17,Total,1
Nikopolskyi,2025-08-11,2025-08-17,Agricultural facilities,3
Nikopolskyi,2025-08-11,2025-08-17,Electricity supply system,4
Nikopolskyi,2025-08-11,2025-08-17,Gas supply system,1
Nikopolskyi,2025-08-11,2025-08-17,Government facilities,2
Nikopolskyi,2025-08-11,2025-08-17,"Health facility (hospital, health clinic)",1
Nikopolskyi,2025-08-11,2025-08-17,Industrial/Business/Enterprise facilities,9
Nikopolskyi,2025-08-11,2025-08-17,Total,20
Novhorod-Siverskyi,2025-08-11,2025-08-17,Telecommunications,1
Novhorod-Siverskyi,2025-08-11,2025-08-17,Total,2
Novhorod-Siverskyi,2025-08-11,2025-08-17,Warehouse,1
Pokrovskyi,2025-08-11,2025-08-17,"Cultural facilities (museum, theater etc.)",1
Pokrovskyi,2025-08-11,2025-08-17,"Education facility (school, etc.)",4
Pokrovskyi,2025-08-11,2025-08-17,Industrial/Business/Enterprise facilities,4
Pokrovskyi,2025-08-11,2025-08-17,Total,9
Shostkynskyi,2025-08-11,2025-08-17,Total,3
Shostkynskyi,2025-08-11,2025-08-17,Warehouse,3
Sumskyi,2025-08-11,2025-08-17,"Education facility (school, etc.)",2
Sumskyi,2025-08-11,2025-08-17,Electricity supply system,1
Sumskyi,2025-08-11,2025-08-17,Fuel depot,1
Sumskyi,2025-08-11,2025-08-17,Industrial/Business/Enterprise facilities,3
Sumskyi,2025-08-11,2025-08-17,Total,7
Synelnykivskyi,2025-08-11,2025-08-17,Agricultural facilities,1
Synelnykivskyi,2025-08-11,2025-08-17,"Cultural facilities (museum, theater etc.)",1
Synelnykivskyi,2025-08-11,2025-08-17,"Education facility (school, etc.)",2
Synelnykivskyi,2025-08-11,2025-08-17,Electricity supply system,1
Synelnykivskyi,2025-08-11,2025-08-17,Gas supply system,1
Synelnykivskyi,2025-08-11,2025-08-17,Industrial/Business/Enterprise facilities,2
Synelnykivskyi,2025-08-11,2025-08-17,Total,8
Beryslavskyi,2025-08-04,2025-08-10,"Education facility (school, etc.)",1
Beryslavskyi,2025-08-04,2025-08-10,Government facilities,1
Beryslavskyi,2025-08-04,2025-08-10,Total,2
Bohodukhivskyi,2025-08-04,2025-08-10,"Health facility (hospital, health clinic)",1
Bohodukhivskyi,2025-08-04,2025-08-10,Total,1
Buchanskyi,2025-08-04,2025-08-10,"Education facility (school, etc.)",1
Buchanskyi,2025-08-04,2025-08-10,Religious facilities,1
Buchanskyi,2025-08-04,2025-08-10,Total,2
Chuhuivskyi,2025-08-04,2025-08-10,"Education facility (school, etc.)",1
Chuhuivskyi,2025-08-04,2025-08-10,Industrial/Business/Enterprise facilities,2
Chuhuivskyi,2025-08-04,2025-08-10,Total,5
Chuhuivskyi,2025-08-04,2025-08-10,Warehouse,2
Dniprovskyi,2025-08-04,2025-08-10,Government facilities,1
Dniprovskyi,2025-08-04,2025-08-10,Industrial/Business/Enterprise facilities,2
Dniprovskyi,2025-08-04,2025-08-10,Railway,1
Dniprovskyi,2025-08-04,2025-08-10,Total,4
Iziumskyi,2025-08-04,2025-08-10,Government facilities,1
Iziumskyi,2025-08-04,2025-08-10,Industrial/Business/Enterprise facilities,1
Iziumskyi,2025-08-04,2025-08-10,Road / Highway,1
Iziumskyi,2025-08-04,2025-08-10,Total,3
Izmailskyi,2025-08-04,2025-08-10,Gas supply system,1
Izmailskyi,2025-08-04,2025-08-10,Total,1
Kharkivskyi,2025-08-04,2025-08-10,Fuel depot,1
Kharkivskyi,2025-08-04,2025-08-10,Industrial/Business/Enterprise facilities,2
Kharkivskyi,2025-08-04,2025-08-10,Total,3
Khersonskyi,2025-08-04,2025-08-10,"Education facility (school, etc.)",1
Khersonskyi,2025-08-04,2025-08-10,Fuel depot,1
Khersonskyi,2025-08-04,2025-08-10,Road / Highway,1
Khersonskyi,2025-08-04,2025-08-10,Total,3
Koriukivskyi,2025-08-04,2025-08-10,"Cultural facilities (museum, theater etc.)",2
Koriukivskyi,2025-08-04,2025-08-10,"Education facility (school, etc.)",2
Koriukivskyi,2025-08-04,2025-08-10,Industrial/Business/Enterprise facilities,1
Koriukivskyi,2025-08-04,2025-08-10,Total,6
Koriukivskyi,2025-08-04,2025-08-10,Warehouse,1
Kramatorskyi,2025-08-04,2025-08-10,"Cultural facilities (museum, theater etc.)",1
Kramatorskyi,2025-08-04,2025-08-10,"Education facility (school, etc.)",4
Kramatorskyi,2025-08-04,2025-08-10,Electricity supply system,3
Kramatorskyi,2025-08-04,2025-08-10,Gas supply system,3
Kramatorskyi,2025-08-04,2025-08-10,Government facilities,4
Kramatorskyi,2025-08-04,2025-08-10,"Health facility (hospital, health clinic)",2
Kramatorskyi,2025-08-04,2025-08-10,Industrial/Business/Enterprise facilities,7
Kramatorskyi,2025-08-04,2025-08-10,Religious facilities,1
Kramatorskyi,2025-08-04,2025-08-10,Total,26
Kramatorskyi,2025-08-04,2025-08-10,Warehouse,1
Kryvorizkyi,2025-08-04,2025-08-10,Industrial/Business/Enterprise facilities,1
Kryvorizkyi,2025-08-04,2025-08-10,Total,1
Kupianskyi,2025-08-04,2025-08-10,Agricultural facilities,1
Kupianskyi,2025-08-04,2025-08-10,"Cultural facilities (museum, theater etc.)",1
Kupianskyi,2025-08-04,2025-08-10,"Education facility (school, etc.)",2
Kupianskyi,2025-08-04,2025-08-10,"Health facility (hospital, health clinic)",1
Kupianskyi,2025-08-04,2025-08-10,Industrial/Business/Enterprise facilities,1
Kupianskyi,2025-08-04,2025-08-10,Total,6
Lozivskyi,2025-08-04,2025-08-10,"Education facility (school, etc.)",1
Lozivskyi,2025-08-04,2025-08-10,Railway,2
Lozivskyi,2025-08-04,2025-08-10,Total,3
Nikopolskyi,2025-08-04,2025-08-10,Agricultural facilities,2
Nikopolskyi,2025-08-04,2025-08-10,"Cultural facilities (museum, theater etc.)",1
Nikopolskyi,2025-08-04,2025-08-10,"Education facility (school, etc.)",1
Nikopolskyi,2025-08-04,2025-08-10,Electricity supply system,4
Nikopolskyi,2025-08-04,2025-08-10,Gas supply system,2
Nikopolskyi,2025-08-04,2025-08-10,Government facilities,2
Nikopolskyi,2025-08-04,2025-08-10,Industrial/Business/Enterprise facilities,5
Nikopolskyi,2025-08-04,2025-08-10,Total,17
Novhorod-Siverskyi,2025-08-04,2025-08-10,Industrial/Business/Enterprise facilities,1
Novhorod-Siverskyi,2025-08-04,2025-08-10,Telecommunications,1
Novhorod-Siverskyi,2025-08-04,2025-08-10,Total,3
Novhorod-Siverskyi,2025-08-04,2025-08-10,Warehouse,1
Odeskyi,2025-08-04,2025-08-10,"Education facility (school, etc.)",1
Odeskyi,2025-08-04,2025-08-10,Fuel depot,1
Odeskyi,2025-08-04,2025-08-10,Industrial/Business/Enterprise facilities,2
Odeskyi,2025-08-04,2025-08-10,Total,7
Odeskyi,2025-08-04,2025-08-10,Warehouse,2
Odeskyi,2025-08-04,2025-08-10,Water supply system,1
Okhtyrskyi,2025-08-04,2025-08-10,Other,1
Okhtyrskyi,2025-08-04,2025-08-10,Total,1
Pokrovskyi,2025-08-04,2025-08-10,"Education facility (school, etc.)",1
Pokrovskyi,2025-08-04,2025-08-10,"Health facility (hospital, health clinic)",1
Pokrovskyi,2025-08-04,2025-08-10,Total,2
Shostkynskyi,2025-08-04,2025-08-10,"Cultural facilities (museum, theater etc.)",2
Shostkynskyi,2025-08-04,2025-08-10,"Education facility (school, etc.)",1
Shostkynskyi,2025-08-04,2025-08-10,Government facilities,1
Shostkynskyi,2025-08-04,2025-08-10,Total,4
Sumskyi,2025-08-04,2025-08-10,Agricultural facilities,2
Sumskyi,2025-08-04,2025-08-10,"Education facility (school, etc.)",1
Sumskyi,2025-08-04,2025-08-10,Gas supply system,1
Sumskyi,2025-08-04,2025-08-10,Government facilities,1
Sumskyi,2025-08-04,2025-08-10,Industrial/Business/Enterprise facilities,6
Sumskyi,2025-08-04,2025-08-10,Total,11
Synelnykivskyi,2025-08-04,2025-08-10,Agricultural facilities,1
Synelnykivskyi,2025-08-04,2025-08-10,"Education facility (school, etc.)",1
Synelnykivskyi,2025-08-04,2025-08-10,Electricity supply system,1
Synelnykivskyi,2025-08-04,2025-08-10,Government facilities,2
Synelnykivskyi,2025-08-04,2025-08-10,Industrial/Business/Enterprise facilities,1
Synelnykivskyi,2025-08-04,2025-08-10,Total,6
Zaporizkyi,2025-08-04,2025-08-10,Government facilities,1
Zaporizkyi,2025-08-04,2025-08-10,"Health facility (hospital, health clinic)",1
Zaporizkyi,2025-08-04,2025-08-10,Industrial/Business/Enterprise facilities,1
Zaporizkyi,2025-08-04,2025-08-10,Other,1
Zaporizkyi,2025-08-04,2025-08-10,Total,4
Beryslavskyi,2025-07-28,2025-08-03,Government facilities,1
Beryslavskyi,2025-07-28,2025-08-03,Total,1
Bilotserkivskyi,2025-07-28,2025-08-03,Industrial/Business/Enterprise facilities,1
Bilotserkivskyi,2025-07-28,2025-08-03,Total,1
Buchanskyi,2025-07-28,2025-08-03,Industrial/Business/Enterprise facilities,3
Buchanskyi,2025-07-28,2025-08-03,Total,4
Buchanskyi,2025-07-28,2025-08-03,Warehouse,1
Iziumskyi,2025-07-28,2025-08-03,Electricity supply system,1
Iziumskyi,2025-07-28,2025-08-03,Government facilities,1
Iziumskyi,2025-07-28,2025-08-03,Industrial/Business/Enterprise facilities,2
Iziumskyi,2025-07-28,2025-08-03,Total,4
Kamianskyi,2025-07-28,2025-08-03,"Education facility (school, etc.)",4
Kamianskyi,2025-07-28,2025-08-03,"Health facility (hospital, health clinic)",2
Kamianskyi,2025-07-28,2025-08-03,Total,6
Kharkivskyi,2025-07-28,2025-08-03,Industrial/Business/Enterprise facilities,2
Kharkivskyi,2025-07-28,2025-08-03,Total,3
Kharkivskyi,2025-07-28,2025-08-03,Warehouse,1
Khersonskyi,2025-07-28,2025-08-03,Bridge,1
Khersonskyi,2025-07-28,2025-08-03,"Education facility (school, etc.)",1
Khersonskyi,2025-07-28,2025-08-03,Gas supply system,1
Khersonskyi,2025-07-28,2025-08-03,Industrial/Business/Enterprise facilities,1
Khersonskyi,2025-07-28,2025-08-03,Total,4
Konotopskyi,2025-07-28,2025-08-03,"Cultural facilities (museum, theater etc.)",1
Konotopskyi,2025-07-28,2025-08-03,Government facilities,1
Konotopskyi,2025-07-28,2025-08-03,Industrial/Business/Enterprise facilities,2
Konotopskyi,2025-07-28,2025-08-03,Religious facilities,1
Konotopskyi,2025-07-28,2025-08-03,Total,5
Kramatorskyi,2025-07-28,2025-08-03,Bridge,1
Kramatorskyi,2025-07-28,2025-08-03,"Education facility (school, etc.)",5
Kramatorskyi,2025-07-28,2025-08-03,Gas supply system,1
Kramatorskyi,2025-07-28,2025-08-03,Government facilities,5
Kramatorskyi,2025-07-28,2025-08-03,"Health facility (hospital, health clinic)",2
Kramatorskyi,2025-07-28,2025-08-03,Industrial/Business/Enterprise facilities,11
Kramatorskyi,2025-07-28,2025-08-03,Railway,1
Kramatorskyi,2025-07-28,2025-08-03,Total,26
Kropyvnytskyi,2025-07-28,2025-08-03,"Cultural facilities (museum, theater etc.)",1
Kropyvnytskyi,2025-07-28,2025-08-03,"Education facility (school, etc.)",1
Kropyvnytskyi,2025-07-28,2025-08-03,Government facilities,1
Kropyvnytskyi,2025-07-28,2025-08-03,Industrial/Business/Enterprise facilities,1
Kropyvnytskyi,2025-07-28,2025-08-03,Total,4
Kupianskyi,2025-07-28,2025-08-03,"Health facility (hospital, health clinic)",1
Kupianskyi,2025-07-28,2025-08-03,Total,1
Kyiv,2025-07-28,2025-08-03,"Cultural facilities (museum, theater etc.)",2
Kyiv,2025-07-28,2025-08-03,"Education facility (school, etc.)",1
Kyiv,2025-07-28,2025-08-03,Electricity supply system,1
Kyiv,2025-07-28,2025-08-03,"Health facility (hospital, health clinic)",3
Kyiv,2025-07-28,2025-08-03,Industrial/Business/Enterprise facilities,1
Kyiv,2025-07-28,2025-08-03,Other,3
Kyiv,2025-07-28,2025-08-03,Religious facilities,1
Kyiv,2025-07-28,2025-08-03,Total,13
Kyiv,2025-07-28,2025-08-03,Warehouse,1
Mykolaivskyi,2025-07-28,2025-08-03,Electricity supply system,1
Mykolaivskyi,2025-07-28,2025-08-03,Gas supply system,1
Mykolaivskyi,2025-07-28,2025-08-03,Industrial/Business/Enterprise facilities,2
Mykolaivskyi,2025-07-28,2025-08-03,Total,4
Nikopolskyi,2025-07-28,2025-08-03,Agricultural facilities,2
Nikopolskyi,2025-07-28,2025-08-03,"Education facility (school, etc.)",3
Nikopolskyi,2025-07-28,2025-08-03,Electricity supply system,5
Nikopolskyi,2025-07-28,2025-08-03,Gas supply system,3
Nikopolskyi,2025-07-28,2025-08-03,Government facilities,5
Nikopolskyi,2025-07-28,2025-08-03,Industrial/Business/Enterprise facilities,8
Nikopolskyi,2025-07-28,2025-08-03,Total,26
Pavlohradskyi,2025-07-28,2025-08-03,Agricultural facilities,1
Pavlohradskyi,2025-07-28,2025-08-03,Industrial/Business/Enterprise facilities,2
Pavlohradskyi,2025-07-28,2025-08-03,Railway,1
Pavlohradskyi,2025-07-28,2025-08-03,Total,4
Pokrovskyi,2025-07-28,2025-08-03,"Education facility (school, etc.)",1
Pokrovskyi,2025-07-28,2025-08-03,Government facilities,2
Pokrovskyi,2025-07-28,2025-08-03,Industrial/Business/Enterprise facilities,2
Pokrovskyi,2025-07-28,2025-08-03,Total,6
Pokrovskyi,2025-07-28,2025-08-03,Warehouse,1
Romenskyi,2025-07-28,2025-08-03,Industrial/Business/Enterprise facilities,1
Romenskyi,2025-07-28,2025-08-03,Total,1
Sumskyi,2025-07-28,2025-08-03,Government facilities,1
Sumskyi,2025-07-28,2025-08-03,Industrial/Business/Enterprise facilities,1
Sumskyi,2025-07-28,2025-08-03,Total,2
Synelnykivskyi,2025-07-28,2025-08-03,Agricultural facilities,3
Synelnykivskyi,2025-07-28,2025-08-03,"Education facility (school, etc.)",1
Synelnykivskyi,2025-07-28,2025-08-03,Fuel depot,1
Synelnykivskyi,2025-07-28,2025-08-03,Gas supply system,1
Synelnykivskyi,2025-07-28,2025-08-03,Government facilities,3
Synelnykivskyi,2025-07-28,2025-08-03,Industrial/Business/Enterprise facilities,4
Synelnykivskyi,2025-07-28,2025-08-03,Total,13
Zaporizkyi,2025-07-28,2025-08-03,"Cultural facilities (museum, theater etc.)",1
Zaporizkyi,2025-07-28,2025-08-03,"Education facility (school, etc.)",3
Zaporizkyi,2025-07-28,2025-08-03,Government facilities,1
Zaporizkyi,2025-07-28,2025-08-03,"Health facility (hospital, health clinic)",2
Zaporizkyi,2025-07-28,2025-08-03,Total,7
Beryslavskyi,2025-07-21,2025-07-27,"Education facility (school, etc.)",1
Beryslavskyi,2025-07-21,2025-07-27,Total,1
Cherkaskyi,2025-07-21,2025-07-27,"Education facility (school, etc.)",1
Cherkaskyi,2025-07-21,2025-07-27,Gas supply system,1
Cherkaskyi,2025-07-21,2025-07-27,Government facilities,2
Cherkaskyi,2025-07-21,2025-07-27,"Health facility (hospital, health clinic)",1
Cherkaskyi,2025-07-21,2025-07-27,Heating and water facility,1
Cherkaskyi,2025-07-21,2025-07-27,Other,1
Cherkaskyi,2025-07-21,2025-07-27,Total,7
Chuhuivskyi,2025-07-21,2025-07-27,"Education facility (school, etc.)",1
Chuhuivskyi,2025-07-21,2025-07-27,Total,1
Dniprovskyi,2025-07-21,2025-07-27,Industrial/Business/Enterprise facilities,4
Dniprovskyi,2025-07-21,2025-07-27,Total,4
Fastivskyi,2025-07-21,2025-07-27,Total,1
Fastivskyi,2025-07-21,2025-07-27,Warehouse,1
Ivano-Frankivskyi,2025-07-21,2025-07-27,Industrial/Business/Enterprise facilities,1
Ivano-Frankivskyi,2025-07-21,2025-07-27,Total,1
Iziumskyi,2025-07-21,2025-07-27,Total,1
Iziumskyi,2025-07-21,2025-07-27,Warehouse,1
Kamianskyi,2025-07-21,2025-07-27,"Education facility (school, etc.)",1
Kamianskyi,2025-07-21,2025-07-27,Industrial/Business/Enterprise facilities,1
Kamianskyi,2025-07-21,2025-07-27,Total,2
Kharkivskyi,2025-07-21,2025-07-27,Electricity supply system,2
Kharkivskyi,2025-07-21,2025-07-27,Gas supply system,1
Kharkivskyi,2025-07-21,2025-07-27,Government facilities,1
Kharkivskyi,2025-07-21,2025-07-27,"Health facility (hospital, health clinic)",1
Kharkivskyi,2025-07-21,2025-07-27,Heating and water facility,1
Kharkivskyi,2025-07-21,2025-07-27,Industrial/Business/Enterprise facilities,3
Kharkivskyi,2025-07-21,2025-07-27,Road / Highway,5
Kharkivskyi,2025-07-21,2025-07-27,Total,16
Kharkivskyi,2025-07-21,2025-07-27,Warehouse,2
Khersonskyi,2025-07-21,2025-07-27,"Cultural facilities (museum, theater etc.)",1
Khersonskyi,2025-07-21,2025-07-27,"Education facility (school, etc.)",2
Khersonskyi,2025-07-21,2025-07-27,"Health facility (hospital, health clinic)",4
Khersonskyi,2025-07-21,2025-07-27,Industrial/Business/Enterprise facilities,1
Khersonskyi,2025-07-21,2025-07-27,Total,8
Kolomyiskyi,2025-07-21,2025-07-27,Electricity supply system,1
Kolomyiskyi,2025-07-21,2025-07-27,Total,1
Konotopskyi,2025-07-21,2025-07-27,"Cultural facilities (museum, theater etc.)",1
Konotopskyi,2025-07-21,2025-07-27,Fuel depot,1
Konotopskyi,2025-07-21,2025-07-27,Total,2
Kramatorskyi,2025-07-21,2025-07-27,Agricultural facilities,2
Kramatorskyi,2025-07-21,2025-07-27,"Cultural facilities (museum, theater etc.)",2
Kramatorskyi,2025-07-21,2025-07-27,"Education facility (school, etc.)",8
Kramatorskyi,2025-07-21,2025-07-27,Electricity supply system,1
Kramatorskyi,2025-07-21,2025-07-27,Fuel depot,1
Kramatorskyi,2025-07-21,2025-07-27,Gas supply system,1
Kramatorskyi,2025-07-21,2025-07-27,Government facilities,6
Kramatorskyi,2025-07-21,2025-07-27,"Health facility (hospital, health clinic)",1
Kramatorskyi,2025-07-21,2025-07-27,Heating and water facility,1
Kramatorskyi,2025-07-21,2025-07-27,Industrial/Business/Enterprise facilities,10
Kramatorskyi,2025-07-21,2025-07-27,Total,33
Kryvorizkyi,2025-07-21,2025-07-27,"Education facility (school, etc.)",2
Kryvorizkyi,2025-07-21,2025-07-27,Electricity supply system,1
Kryvorizkyi,2025-07-21,2025-07-27,Government facilities,1
Kryvorizkyi,2025-07-21,2025-07-27,Industrial/Business/Enterprise facilities,3
Kryvorizkyi,2025-07-21,2025-07-27,Religious facilities,1
Kryvorizkyi,2025-07-21,2025-07-27,Total,8
Kupianskyi,2025-07-21,2025-07-27,Agricultural facilities,1
Kupianskyi,2025-07-21,2025-07-27,Industrial/Business/Enterprise facilities,2
Kupianskyi,2025-07-21,2025-07-27,Total,3
Kyiv,2025-07-21,2025-07-27,"Education facility (school, etc.)",1
Kyiv,2025-07-21,2025-07-27,Government facilities,1
Kyiv,2025-07-21,2025-07-27,Industrial/Business/Enterprise facilities,2
Kyiv,2025-07-21,2025-07-27,Other,1
Kyiv,2025-07-21,2025-07-27,Total,7
Kyiv,2025-07-21,2025-07-27,Warehouse,2
Mykolaivskyi,2025-07-21,2025-07-27,"Education facility (school, etc.)",1
Mykolaivskyi,2025-07-21,2025-07-27,Heating and water facility,1
Mykolaivskyi,2025-07-21,2025-07-27,Other,1
Mykolaivskyi,2025-07-21,2025-07-27,Total,5
Mykolaivskyi,2025-07-21,2025-07-27,Warehouse,2
Nikopolskyi,2025-07-21,2025-07-27,"Education facility (school, etc.)",3
Nikopolskyi,2025-07-21,2025-07-27,Electricity supply system,4
Nikopolskyi,2025-07-21,2025-07-27,Gas supply system,2
Nikopolskyi,2025-07-21,2025-07-27,Government facilities,3
Nikopolskyi,2025-07-21,2025-07-27,"Health facility (hospital, health clinic)",1
Nikopolskyi,2025-07-21,2025-07-27,Industrial/Business/Enterprise facilities,6
Nikopolskyi,2025-07-21,2025-07-27,Total,19
Odeskyi,2025-07-21,2025-07-27,"Cultural facilities (museum, theater etc.)",8
Odeskyi,2025-07-21,2025-07-27,"Education facility (school, etc.)",3
Odeskyi,2025-07-21,2025-07-27,Fuel depot,1
Odeskyi,2025-07-21,2025-07-27,Government facilities,1
Odeskyi,2025-07-21,2025-07-27,Industrial/Business/Enterprise facilities,2
Odeskyi,2025-07-21,2025-07-27,Total,15
Pavlohradskyi,2025-07-21,2025-07-27,Industrial/Business/Enterprise facilities,1
Pavlohradskyi,2025-07-21,2025-07-27,Total,1
Pokrovskyi,2025-07-21,2025-07-27,"Education facility (school, etc.)",1
Pokrovskyi,2025-07-21,2025-07-27,Government facilities,1
Pokrovskyi,2025-07-21,2025-07-27,Total,2
Polohivskyi,2025-07-21,2025-07-27,Total,1
Polohivskyi,2025-07-21,2025-07-27,Warehouse,1
Shostkynskyi,2025-07-21,2025-07-27,Industrial/Business/Enterprise facilities,2
Shostkynskyi,2025-07-21,2025-07-27,Total,2
Sumskyi,2025-07-21,2025-07-27,"Education facility (school, etc.)",1
Sumskyi,2025-07-21,2025-07-27,Fuel depot,1
Sumskyi,2025-07-21,2025-07-27,Government facilities,3
Sumskyi,2025-07-21,2025-07-27,"Health facility (hospital, health clinic)",1
Sumskyi,2025-07-21,2025-07-27,Industrial/Business/Enterprise facilities,3
Sumskyi,2025-07-21,2025-07-27,Total,10
Sumskyi,2025-07-21,2025-07-27,Warehouse,1
Synelnykivskyi,2025-07-21,2025-07-27,Agricultural facilities,5
Synelnykivskyi,2025-07-21,2025-07-27,"Cultural facilities (museum, theater etc.)",2
Synelnykivskyi,2025-07-21,2025-07-27,"Education facility (school, etc.)",2
Synelnykivskyi,2025-07-21,2025-07-27,Electricity supply system,1
Synelnykivskyi,2025-07-21,2025-07-27,Gas supply system,1
Synelnykivskyi,2025-07-21,2025-07-27,Government facilities,3
Synelnykivskyi,2025-07-21,2025-07-27,"Health facility (hospital, health clinic)",1
Synelnykivskyi,2025-07-21,2025-07-27,Industrial/Business/Enterprise facilities,5
Synelnykivskyi,2025-07-21,2025-07-27,Total,21
Synelnykivskyi,2025-07-21,2025-07-27,Warehouse,1
Zaporizkyi,2025-07-21,2025-07-27,Electricity supply system,1
Zaporizkyi,2025-07-21,2025-07-27,Government facilities,1
Zaporizkyi,2025-07-21,2025-07-27,Other,1
Zaporizkyi,2025-07-21,2025-07-27,Total,3
Beryslavskyi,2025-07-14,2025-07-20,Government facilities,3
Beryslavskyi,2025-07-14,2025-07-20,Total,3
Bohodukhivskyi,2025-07-14,2025-07-20,Total,1
Bohodukhivskyi,2025-07-14,2025-07-20,Water supply system,1
Chernihivskyi,2025-07-14,2025-07-20,Agricultural facilities,1
Chernihivskyi,2025-07-14,2025-07-20,Total,1
Chuhuivskyi,2025-07-14,2025-07-20,"Education facility (school, etc.)",1
Chuhuivskyi,2025-07-14,2025-07-20,"Health facility (hospital, health clinic)",1
Chuhuivskyi,2025-07-14,2025-07-20,Industrial/Business/Enterprise facilities,1
Chuhuivskyi,2025-07-14,2025-07-20,Total,3
Dniprovskyi,2025-07-14,2025-07-20,Agricultural facilities,1
Dniprovskyi,2025-07-14,2025-07-20,"Education facility (school, etc.)",1
Dniprovskyi,2025-07-14,2025-07-20,Industrial/Business/Enterprise facilities,2
Dniprovskyi,2025-07-14,2025-07-20,Total,4
Fastivskyi,2025-07-14,2025-07-20,Total,2
Fastivskyi,2025-07-14,2025-07-20,Warehouse,2
Izmailskyi,2025-07-14,2025-07-20,Government facilities,1
Izmailskyi,2025-07-14,2025-07-20,Total,1
Kamianskyi,2025-07-14,2025-07-20,"Education facility (school, etc.)",1
Kamianskyi,2025-07-14,2025-07-20,Government facilities,1
Kamianskyi,2025-07-14,2025-07-20,Industrial/Business/Enterprise facilities,4
Kamianskyi,2025-07-14,2025-07-20,Total,6
Kharkivskyi,2025-07-14,2025-07-20,"Cultural facilities (museum, theater etc.)",1
Kharkivskyi,2025-07-14,2025-07-20,Industrial/Business/Enterprise facilities,2
Kharkivskyi,2025-07-14,2025-07-20,Road / Highway,2
Kharkivskyi,2025-07-14,2025-07-20,Total,5
Khersonskyi,2025-07-14,2025-07-20,"Education facility (school, etc.)",2
Khersonskyi,2025-07-14,2025-07-20,Government facilities,2
Khersonskyi,2025-07-14,2025-07-20,"Health facility (hospital, health clinic)",2
Khersonskyi,2025-07-14,2025-07-20,Heating and water facility,1
Khersonskyi,2025-07-14,2025-07-20,Religious facilities,1
Khersonskyi,2025-07-14,2025-07-20,Total,8
Kramatorskyi,2025-07-14,2025-07-20,Agricultural facilities,3
Kramatorskyi,2025-07-14,2025-07-20,"Cultural facilities (museum, theater etc.)",2
Kramatorskyi,2025-07-14,2025-07-20,"Education facility (school, etc.)",7
Kramatorskyi,2025-07-14,2025-07-20,Fuel depot,1
Kramatorskyi,2025-07-14,2025-07-20,Gas supply system,2
Kramatorskyi,2025-07-14,2025-07-20,Government facilities,7
Kramatorskyi,2025-07-14,2025-07-20,"Health facility (hospital, health clinic)",1
Kramatorskyi,2025-07-14,2025-07-20,Industrial/Business/Enterprise facilities,5
Kramatorskyi,2025-07-14,2025-07-20,Other,1
Kramatorskyi,2025-07-14,2025-07-20,Road / Highway,1
Kramatorskyi,2025-07-14,2025-07-20,Total,34
Kramatorskyi,2025-07-14,2025-07-20,Warehouse,4
Kropyvnytskyi,2025-07-14,2025-07-20,Agricultural facilities,1
Kropyvnytskyi,2025-07-14,2025-07-20,Total,1
Kryvorizkyi,2025-07-14,2025-07-20,"Cultural facilities (museum, theater etc.)",1
Kryvorizkyi,2025-07-14,2025-07-20,Government facilities,1
Kryvorizkyi,2025-07-14,2025-07-20,Industrial/Business/Enterprise facilities,1
Kryvorizkyi,2025-07-14,2025-07-20,Total,3
Kupianskyi,2025-07-14,2025-07-20,Government facilities,2
Kupianskyi,2025-07-14,2025-07-20,Industrial/Business/Enterprise facilities,1
Kupianskyi,2025-07-14,2025-07-20,Other,1
Kupianskyi,2025-07-14,2025-07-20,Total,5
Kupianskyi,2025-07-14,2025-07-20,Water supply system,1
Lozivskyi,2025-07-14,2025-07-20,Government facilities,1
Lozivskyi,2025-07-14,2025-07-20,Heating and water facility,1
Lozivskyi,2025-07-14,2025-07-20,Total,2
Mykolaivskyi,2025-07-14,2025-07-20,Agricultural facilities,1
Mykolaivskyi,2025-07-14,2025-07-20,"Education facility (school, etc.)",1
Mykolaivskyi,2025-07-14,2025-07-20,Electricity supply system,1
Mykolaivskyi,2025-07-14,2025-07-20,Industrial/Business/Enterprise facilities,2
Mykolaivskyi,2025-07-14,2025-07-20,Total,5
Nikopolskyi,2025-07-14,2025-07-20,Agricultural facilities,2
Nikopolskyi,2025-07-14,2025-07-20,"Education facility (school, etc.)",1
Nikopolskyi,2025-07-14,2025-07-20,Electricity supply system,4
Nikopolskyi,2025-07-14,2025-07-20,Gas supply system,5
Nikopolskyi,2025-07-14,2025-07-20,Government facilities,2
Nikopolskyi,2025-07-14,2025-07-20,"Health facility (hospital, health clinic)",2
Nikopolskyi,2025-07-14,2025-07-20,Industrial/Business/Enterprise facilities,6
Nikopolskyi,2025-07-14,2025-07-20,Other,1
Nikopolskyi,2025-07-14,2025-07-20,Total,23
Nizhynskyi,2025-07-14,2025-07-20,Government facilities,1
Nizhynskyi,2025-07-14,2025-07-20,Total,1
Novhorod-Siverskyi,2025-07-14,2025-07-20,Government facilities,1
Novhorod-Siverskyi,2025-07-14,2025-07-20,Total,1
Odeskyi,2025-07-14,2025-07-20,"Health facility (hospital, health clinic)",2
Odeskyi,2025-07-14,2025-07-20,Industrial/Business/Enterprise facilities,3
Odeskyi,2025-07-14,2025-07-20,Total,5
Okhtyrskyi,2025-07-14,2025-07-20,Industrial/Business/Enterprise facilities,1
Okhtyrskyi,2025-07-14,2025-07-20,Total,1
Pavlohradskyi,2025-07-14,2025-07-20,"Education facility (school, etc.)",1
Pavlohradskyi,2025-07-14,2025-07-20,Government facilities,1
Pavlohradskyi,2025-07-14,2025-07-20,Industrial/Business/Enterprise facilities,2
Pavlohradskyi,2025-07-14,2025-07-20,Total,4
Pokrovskyi,2025-07-14,2025-07-20,Industrial/Business/Enterprise facilities,1
Pokrovskyi,2025-07-14,2025-07-20,Total,1
Shostkynskyi,2025-07-14,2025-07-20,"Education facility (school, etc.)",2
Shostkynskyi,2025-07-14,2025-07-20,"Health facility (hospital, health clinic)",1
Shostkynskyi,2025-07-14,2025-07-20,Total,3
Sumskyi,2025-07-14,2025-07-20,Agricultural facilities,1
Sumskyi,2025-07-14,2025-07-20,"Education facility (school, etc.)",2
Sumskyi,2025-07-14,2025-07-20,Electricity supply system,1
Sumskyi,2025-07-14,2025-07-20,Government facilities,1
Sumskyi,2025-07-14,2025-07-20,"Health facility (hospital, health clinic)",1
Sumskyi,2025-07-14,2025-07-20,Industrial/Business/Enterprise facilities,1
Sumskyi,2025-07-14,2025-07-20,Religious facilities,1
Sumskyi,2025-07-14,2025-07-20,Total,8
Synelnykivskyi,2025-07-14,2025-07-20,Agricultural facilities,3
Synelnykivskyi,2025-07-14,2025-07-20,"Cultural facilities (museum, theater etc.)",1
Synelnykivskyi,2025-07-14,2025-07-20,"Education facility (school, etc.)",1
Synelnykivskyi,2025-07-14,2025-07-20,Electricity supply system,1
Synelnykivskyi,2025-07-14,2025-07-20,Gas supply system,1
Synelnykivskyi,2025-07-14,2025-07-20,"Health facility (hospital, health clinic)",1
Synelnykivskyi,2025-07-14,2025-07-20,Industrial/Business/Enterprise facilities,1
Synelnykivskyi,2025-07-14,2025-07-20,Religious facilities,1
Synelnykivskyi,2025-07-14,2025-07-20,Road / Highway,1
Synelnykivskyi,2025-07-14,2025-07-20,Total,11
Umanskyi,2025-07-14,2025-07-20,Agricultural facilities,1
Umanskyi,2025-07-14,2025-07-20,Electricity supply system,1
Umanskyi,2025-07-14,2025-07-20,Total,2
Vinnytskyi,2025-07-14,2025-07-20,Heating and water facility,1
Vinnytskyi,2025-07-14,2025-07-20,Industrial/Business/Enterprise facilities,3
Vinnytskyi,2025-07-14,2025-07-20,Total,4
Zaporizkyi,2025-07-14,2025-07-20,Government facilities,1
Zaporizkyi,2025-07-14,2025-07-20,Industrial/Business/Enterprise facilities,1
Zaporizkyi,2025-07-14,2025-07-20,Total,3
Zaporizkyi,2025-07-14,2025-07-20,Warehouse,1
Beryslavskyi,2025-07-07,2025-07-13,"Education facility (school, etc.)",1
Beryslavskyi,2025-07-07,2025-07-13,"Health facility (hospital, health clinic)",1
Beryslavskyi,2025-07-07,2025-07-13,Total,2
Brovarskyi,2025-07-07,2025-07-13,Industrial/Business/Enterprise facilities,1
Brovarskyi,2025-07-07,2025-07-13,Total,1
Chernivetskyi,2025-07-07,2025-07-13,"Education facility (school, etc.)",1
Chernivetskyi,2025-07-07,2025-07-13,Government facilities,1
Chernivetskyi,2025-07-07,2025-07-13,Industrial/Business/Enterprise facilities,1
Chernivetskyi,2025-07-07,2025-07-13,Total,3
Chuhuivskyi,2025-07-07,2025-07-13,Electricity supply system,1
Chuhuivskyi,2025-07-07,2025-07-13,"Health facility (hospital, health clinic)",1
Chuhuivskyi,2025-07-07,2025-07-13,Industrial/Business/Enterprise facilities,1
Chuhuivskyi,2025-07-07,2025-07-13,Telecommunications,1
Chuhuivskyi,2025-07-07,2025-07-13,Total,4
Iziumskyi,2025-07-07,2025-07-13,Agricultural facilities,1
Iziumskyi,2025-07-07,2025-07-13,Total,1
Kamianets-Podilskyi,2025-07-07,2025-07-13,Electricity supply system,1
Kamianets-Podilskyi,2025-07-07,2025-07-13,Total,1
Kharkivskyi,2025-07-07,2025-07-13,"Cultural facilities (museum, theater etc.)",26
Kharkivskyi,2025-07-07,2025-07-13,"Education facility (school, etc.)",3
Kharkivskyi,2025-07-07,2025-07-13,Government facilities,2
Kharkivskyi,2025-07-07,2025-07-13,"Health facility (hospital, health clinic)",2
Kharkivskyi,2025-07-07,2025-07-13,Industrial/Business/Enterprise facilities,4
Kharkivskyi,2025-07-07,2025-07-13,Road / Highway,1
Kharkivskyi,2025-07-07,2025-07-13,Telecommunications,1
Kharkivskyi,2025-07-07,2025-07-13,Total,41
Kharkivskyi,2025-07-07,2025-07-13,Warehouse,1
Kharkivskyi,2025-07-07,2025-07-13,Water supply system,1
Khersonskyi,2025-07-07,2025-07-13,"Education facility (school, etc.)",5
Khersonskyi,2025-07-07,2025-07-13,Electricity supply system,1
Khersonskyi,2025-07-07,2025-07-13,"Health facility (hospital, health clinic)",1
Khersonskyi,2025-07-07,2025-07-13,Railway,1
Khersonskyi,2025-07-07,2025-07-13,Road / Highway,1
Khersonskyi,2025-07-07,2025-07-13,Total,9
Kramatorskyi,2025-07-07,2025-07-13,"Cultural facilities (museum, theater etc.)",1
Kramatorskyi,2025-07-07,2025-07-13,"Education facility (school, etc.)",8
Kramatorskyi,2025-07-07,2025-07-13,Gas supply system,3
Kramatorskyi,2025-07-07,2025-07-13,Government facilities,8
Kramatorskyi,2025-07-07,2025-07-13,"Health facility (hospital, health clinic)",1
Kramatorskyi,2025-07-07,2025-07-13,Heating and water facility,1
Kramatorskyi,2025-07-07,2025-07-13,Industrial/Business/Enterprise facilities,14
Kramatorskyi,2025-07-07,2025-07-13,Total,36
Kryvorizkyi,2025-07-07,2025-07-13,Fuel depot,1
Kryvorizkyi,2025-07-07,2025-07-13,Total,1
Kupianskyi,2025-07-07,2025-07-13,"Education facility (school, etc.)",1
Kupianskyi,2025-07-07,2025-07-13,Total,1
Kyiv,2025-07-07,2025-07-13,"Education facility (school, etc.)",1
Kyiv,2025-07-07,2025-07-13,Electricity supply system,1
Kyiv,2025-07-07,2025-07-13,Fuel depot,1
Kyiv,2025-07-07,2025-07-13,Gas supply system,1
Kyiv,2025-07-07,2025-07-13,Government facilities,2
Kyiv,2025-07-07,2025-07-13,"Health facility (hospital, health clinic)",1
Kyiv,2025-07-07,2025-07-13,Heating and water facility,1
Kyiv,2025-07-07,2025-07-13,Industrial/Business/Enterprise facilities,6
Kyiv,2025-07-07,2025-07-13,Total,16
Kyiv,2025-07-07,2025-07-13,Warehouse,1
Kyiv,2025-07-07,2025-07-13,Water supply system,1
Lutskyi,2025-07-07,2025-07-13,Electricity supply system,2
Lutskyi,2025-07-07,2025-07-13,Industrial/Business/Enterprise facilities,1
Lutskyi,2025-07-07,2025-07-13,Total,4
Lutskyi,2025-07-07,2025-07-13,Warehouse,1
Lvivskyi,2025-07-07,2025-07-13,Gas supply system,1
Lvivskyi,2025-07-07,2025-07-13,Industrial/Business/Enterprise facilities,21
Lvivskyi,2025-07-07,2025-07-13,Total,23
Lvivskyi,2025-07-07,2025-07-13,Water supply system,1
Mariupolskyi,2025-07-07,2025-07-13,Electricity supply system,1
Mariupolskyi,2025-07-07,2025-07-13,Railway,1
Mariupolskyi,2025-07-07,2025-07-13,Total,2
Mykolaivskyi,2025-07-07,2025-07-13,Agricultural facilities,1
Mykolaivskyi,2025-07-07,2025-07-13,Electricity supply system,1
Mykolaivskyi,2025-07-07,2025-07-13,Industrial/Business/Enterprise facilities,2
Mykolaivskyi,2025-07-07,2025-07-13,Total,5
Mykolaivskyi,2025-07-07,2025-07-13,Warehouse,1
Nikopolskyi,2025-07-07,2025-07-13,Agricultural facilities,2
Nikopolskyi,2025-07-07,2025-07-13,"Education facility (school, etc.)",3
Nikopolskyi,2025-07-07,2025-07-13,Electricity supply system,7
Nikopolskyi,2025-07-07,2025-07-13,Gas supply system,4
Nikopolskyi,2025-07-07,2025-07-13,Government facilities,1
Nikopolskyi,2025-07-07,2025-07-13,"Health facility (hospital, health clinic)",2
Nikopolskyi,2025-07-07,2025-07-13,Industrial/Business/Enterprise facilities,4
Nikopolskyi,2025-07-07,2025-07-13,Total,23
Novhorod-Siverskyi,2025-07-07,2025-07-13,Government facilities,1
Novhorod-Siverskyi,2025-07-07,2025-07-13,"Health facility (hospital, health clinic)",1
Novhorod-Siverskyi,2025-07-07,2025-07-13,Total,2
Novomoskovskyi,2025-07-07,2025-07-13,"Education facility (school, etc.)",1
Novomoskovskyi,2025-07-07,2025-07-13,Total,1
Odeskyi,2025-07-07,2025-07-13,Government facilities,1
Odeskyi,2025-07-07,2025-07-13,Industrial/Business/Enterprise facilities,1
Odeskyi,2025-07-07,2025-07-13,Other,1
Odeskyi,2025-07-07,2025-07-13,Total,3
Okhtyrskyi,2025-07-07,2025-07-13,Government facilities,1
Okhtyrskyi,2025-07-07,2025-07-13,Total,1
Pokrovskyi,2025-07-07,2025-07-13,Fuel depot,1
Pokrovskyi,2025-07-07,2025-07-13,Industrial/Business/Enterprise facilities,8
Pokrovskyi,2025-07-07,2025-07-13,Railway,3
Pokrovskyi,2025-07-07,2025-07-13,Religious facilities,1
Pokrovskyi,2025-07-07,2025-07-13,Total,13
Polohivskyi,2025-07-07,2025-07-13,Agricultural facilities,1
Polohivskyi,2025-07-07,2025-07-13,Total,1
Romenskyi,2025-07-07,2025-07-13,Industrial/Business/Enterprise facilities,1
Romenskyi,2025-07-07,2025-07-13,Total,1
Shostkynskyi,2025-07-07,2025-07-13,"Education facility (school, etc.)",2
Shostkynskyi,2025-07-07,2025-07-13,Government facilities,1
Shostkynskyi,2025-07-07,2025-07-13,Heating and water facility,1
Shostkynskyi,2025-07-07,2025-07-13,Industrial/Business/Enterprise facilities,1
Shostkynskyi,2025-07-07,2025-07-13,Total,5
Sumskyi,2025-07-07,2025-07-13,"Education facility (school, etc.)",1
Sumskyi,2025-07-07,2025-07-13,Electricity supply system,1
Sumskyi,2025-07-07,2025-07-13,Total,2
Synelnykivskyi,2025-07-07,2025-07-13,Agricultural facilities,7
Synelnykivskyi,2025-07-07,2025-07-13,"Education facility (school, etc.)",1
Synelnykivskyi,2025-07-07,2025-07-13,Electricity supply system,1
Synelnykivskyi,2025-07-07,2025-07-13,Gas supply system,1
Synelnykivskyi,2025-07-07,2025-07-13,Industrial/Business/Enterprise facilities,2
Synelnykivskyi,2025-07-07,2025-07-13,Total,12
Voznesenskyi,2025-07-07,2025-07-13,Agricultural facilities,1
Voznesenskyi,2025-07-07,2025-07-13,Total,1
Zaporizkyi,2025-07-07,2025-07-13,"Education facility (school, etc.)",2
Zaporizkyi,2025-07-07,2025-07-13,Government facilities,1
Zaporizkyi,2025-07-07,2025-07-13,Industrial/Business/Enterprise facilities,1
Zaporizkyi,2025-07-07,2025-07-13,Total,4
Beryslavskyi,2025-06-30,2025-07-06,"Cultural facilities (museum, theater etc.)",1
Beryslavskyi,2025-06-30,2025-07-06,Government facilities,1
Beryslavskyi,2025-06-30,2025-07-06,Total,2
Bohodukhivskyi,2025-06-30,2025-07-06,"Education facility (school, etc.)",1
Bohodukhivskyi,2025-06-30,2025-07-06,Electricity supply system,1
Bohodukhivskyi,2025-06-30,2025-07-06,Total,2
Boryspilskyi,2025-06-30,2025-07-06,"Cultural facilities (museum, theater etc.)",1
Boryspilskyi,2025-06-30,2025-07-06,"Education facility (school, etc.)",1
Boryspilskyi,2025-06-30,2025-07-06,Heating and water facility,1
Boryspilskyi,2025-06-30,2025-07-06,Industrial/Business/Enterprise facilities,1
Boryspilskyi,2025-06-30,2025-07-06,Total,4
Brovarskyi,2025-06-30,2025-07-06,"Education facility (school, etc.)",1
Brovarskyi,2025-06-30,2025-07-06,Total,1
Chuhuivskyi,2025-06-30,2025-07-06,"Education facility (school, etc.)",2
Chuhuivskyi,2025-06-30,2025-07-06,Industrial/Business/Enterprise facilities,6
Chuhuivskyi,2025-06-30,2025-07-06,Total,8
Donetskyi,2025-06-30,2025-07-06,Industrial/Business/Enterprise facilities,1
Donetskyi,2025-06-30,2025-07-06,Total,1
Fastivskyi,2025-06-30,2025-07-06,Other,1
Fastivskyi,2025-06-30,2025-07-06,Total,1
Iziumskyi,2025-06-30,2025-07-06,Government facilities,3
Iziumskyi,2025-06-30,2025-07-06,Industrial/Business/Enterprise facilities,2
Iziumskyi,2025-06-30,2025-07-06,Total,5
Izmailskyi,2025-06-30,2025-07-06,"Cultural facilities (museum, theater etc.)",1
Izmailskyi,2025-06-30,2025-07-06,Harbor,1
Izmailskyi,2025-06-30,2025-07-06,Total,2
Kakhovskyi,2025-06-30,2025-07-06,Agricultural facilities,1
Kakhovskyi,2025-06-30,2025-07-06,Other,1
Kakhovskyi,2025-06-30,2025-07-06,Total,2
Kamianskyi,2025-06-30,2025-07-06,"Cultural facilities (museum, theater etc.)",1
Kamianskyi,2025-06-30,2025-07-06,Electricity supply system,1
Kamianskyi,2025-06-30,2025-07-06,Industrial/Business/Enterprise facilities,2
Kamianskyi,2025-06-30,2025-07-06,Total,4
Kharkivskyi,2025-06-30,2025-07-06,Agricultural facilities,1
Kharkivskyi,2025-06-30,2025-07-06,"Cultural facilities (museum, theater etc.)",6
Kharkivskyi,2025-06-30,2025-07-06,Government facilities,4
Kharkivskyi,2025-06-30,2025-07-06,"Health facility (hospital, health clinic)",1
Kharkivskyi,2025-06-30,2025-07-06,Industrial/Business/Enterprise facilities,5
Kharkivskyi,2025-06-30,2025-07-06,Road / Highway,1
Kharkivskyi,2025-06-30,2025-07-06,Total,19
Kharkivskyi,2025-06-30,2025-07-06,Warehouse,1
Khersonskyi,2025-06-30,2025-07-06,"Cultural facilities (museum, theater etc.)",1
Khersonskyi,2025-06-30,2025-07-06,"Education facility (school, etc.)",4
Khersonskyi,2025-06-30,2025-07-06,Fuel depot,1
Khersonskyi,2025-06-30,2025-07-06,Government facilities,1
Khersonskyi,2025-06-30,2025-07-06,Harbor,1
Khersonskyi,2025-06-30,2025-07-06,"Health facility (hospital, health clinic)",2
Khersonskyi,2025-06-30,2025-07-06,Total,10
Kramatorskyi,2025-06-30,2025-07-06,"Cultural facilities (museum, theater etc.)",1
Kramatorskyi,2025-06-30,2025-07-06,"Education facility (school, etc.)",10
Kramatorskyi,2025-06-30,2025-07-06,Electricity supply system,3
Kramatorskyi,2025-06-30,2025-07-06,Gas supply system,5
Kramatorskyi,2025-06-30,2025-07-06,Government facilities,7
Kramatorskyi,2025-06-30,2025-07-06,"Health facility (hospital, health clinic)",1
Kramatorskyi,2025-06-30,2025-07-06,Heating and water facility,1
Kramatorskyi,2025-06-30,2025-07-06,Industrial/Business/Enterprise facilities,23
Kramatorskyi,2025-06-30,2025-07-06,Other,1
Kramatorskyi,2025-06-30,2025-07-06,Road / Highway,1
Kramatorskyi,2025-06-30,2025-07-06,Total,55
Kramatorskyi,2025-06-30,2025-07-06,Warehouse,2
Kremenchutskyi,2025-06-30,2025-07-06,"Education facility (school, etc.)",2
Kremenchutskyi,2025-06-30,2025-07-06,Government facilities,1
Kremenchutskyi,2025-06-30,2025-07-06,Total,3
Kryvorizkyi,2025-06-30,2025-07-06,"Education facility (school, etc.)",2
Kryvorizkyi,2025-06-30,2025-07-06,Government facilities,2
Kryvorizkyi,2025-06-30,2025-07-06,Industrial/Business/Enterprise facilities,2
Kryvorizkyi,2025-06-30,2025-07-06,Road / Highway,2
Kryvorizkyi,2025-06-30,2025-07-06,Total,8
Kupianskyi,2025-06-30,2025-07-06,Agricultural facilities,2
Kupianskyi,2025-06-30,2025-07-06,"Education facility (school, etc.)",1
Kupianskyi,2025-06-30,2025-07-06,Industrial/Business/Enterprise facilities,1
Kupianskyi,2025-06-30,2025-07-06,Other,1
Kupianskyi,2025-06-30,2025-07-06,Total,8
Kupianskyi,2025-06-30,2025-07-06,Warehouse,3
Kyiv,2025-06-30,2025-07-06,"Education facility (school, etc.)",5
Kyiv,2025-06-30,2025-07-06,Electricity supply system,2
Kyiv,2025-06-30,2025-07-06,Government facilities,1
Kyiv,2025-06-30,2025-07-06,"Health facility (hospital, health clinic)",1
Kyiv,2025-06-30,2025-07-06,Industrial/Business/Enterprise facilities,3
Kyiv,2025-06-30,2025-07-06,Other,1
Kyiv,2025-06-30,2025-07-06,Railway,1
Kyiv,2025-06-30,2025-07-06,Total,16
Kyiv,2025-06-30,2025-07-06,Warehouse,2
Mykolaivskyi,2025-06-30,2025-07-06,"Education facility (school, etc.)",5
Mykolaivskyi,2025-06-30,2025-07-06,Electricity supply system,3
Mykolaivskyi,2025-06-30,2025-07-06,Government facilities,3
Mykolaivskyi,2025-06-30,2025-07-06,Industrial/Business/Enterprise facilities,7
Mykolaivskyi,2025-06-30,2025-07-06,Total,19
Mykolaivskyi,2025-06-30,2025-07-06,Warehouse,1
Nikopolskyi,2025-06-30,2025-07-06,Agricultural facilities,4
Nikopolskyi,2025-06-30,2025-07-06,Electricity supply system,6
Nikopolskyi,2025-06-30,2025-07-06,Gas supply system,5
Nikopolskyi,2025-06-30,2025-07-06,Government facilities,2
Nikopolskyi,2025-06-30,2025-07-06,Industrial/Business/Enterprise facilities,4
Nikopolskyi,2025-06-30,2025-07-06,Total,21
Novhorod-Siverskyi,2025-06-30,2025-07-06,Government facilities,1
Novhorod-Siverskyi,2025-06-30,2025-07-06,Total,1
Novomoskovskyi,2025-06-30,2025-07-06,Agricultural facilities,1
Novomoskovskyi,2025-06-30,2025-07-06,Total,1
Odeskyi,2025-06-30,2025-07-06,Harbor,1
Odeskyi,2025-06-30,2025-07-06,Total,4
Odeskyi,2025-06-30,2025-07-06,Warehouse,1
Odeskyi,2025-06-30,2025-07-06,Water supply system,2
Pavlohradskyi,2025-06-30,2025-07-06,Agricultural facilities,1
Pavlohradskyi,2025-06-30,2025-07-06,Total,1
Pokrovskyi,2025-06-30,2025-07-06,Industrial/Business/Enterprise facilities,3
Pokrovskyi,2025-06-30,2025-07-06,Total,3
Polohivskyi,2025-06-30,2025-07-06,Agricultural facilities,2
Polohivskyi,2025-06-30,2025-07-06,Total,2
Poltavskyi,2025-06-30,2025-07-06,"Education facility (school, etc.)",1
Poltavskyi,2025-06-30,2025-07-06,Government facilities,2
Poltavskyi,2025-06-30,2025-07-06,Industrial/Business/Enterprise facilities,1
Poltavskyi,2025-06-30,2025-07-06,Total,4
Shostkynskyi,2025-06-30,2025-07-06,"Education facility (school, etc.)",2
Shostkynskyi,2025-06-30,2025-07-06,Government facilities,1
Shostkynskyi,2025-06-30,2025-07-06,"Health facility (hospital, health clinic)",2
Shostkynskyi,2025-06-30,2025-07-06,Total,5
Sumskyi,2025-06-30,2025-07-06,Electricity supply system,1
Sumskyi,2025-06-30,2025-07-06,Total,1
Synelnykivskyi,2025-06-30,2025-07-06,Agricultural facilities,3
Synelnykivskyi,2025-06-30,2025-07-06,Gas supply system,1
Synelnykivskyi,2025-06-30,2025-07-06,Industrial/Business/Enterprise facilities,1
Synelnykivskyi,2025-06-30,2025-07-06,Total,5
Vasylivskyi,2025-06-30,2025-07-06,Electricity supply system,1
Vasylivskyi,2025-06-30,2025-07-06,Total,1
Vyshhorodskyi,2025-06-30,2025-07-06,"Education facility (school, etc.)",1
Vyshhorodskyi,2025-06-30,2025-07-06,Total,2
Vyshhorodskyi,2025-06-30,2025-07-06,Warehouse,1
Zaporizkyi,2025-06-30,2025-07-06,"Cultural facilities (museum, theater etc.)",1
Zaporizkyi,2025-06-30,2025-07-06,Industrial/Business/Enterprise facilities,2
Zaporizkyi,2025-06-30,2025-07-06,Total,4
Zaporizkyi,2025-06-30,2025-07-06,Warehouse,1
Zhytomyrskyi,2025-06-30,2025-07-06,"Cultural facilities (museum, theater etc.)",1
Zhytomyrskyi,2025-06-30,2025-07-06,Total,1
Bilhorod-Dnistrovskyi,2025-06-23,2025-06-29,"Education facility (school, etc.)",1
Bilhorod-Dnistrovskyi,2025-06-23,2025-06-29,Industrial/Business/Enterprise facilities,1
Bilhorod-Dnistrovskyi,2025-06-23,2025-06-29,Total,2
Bilotserkivskyi,2025-06-23,2025-06-29,"Health facility (hospital, health clinic)",1
Bilotserkivskyi,2025-06-23,2025-06-29,Industrial/Business/Enterprise facilities,1
Bilotserkivskyi,2025-06-23,2025-06-29,Total,2
Cherkaskyi,2025-06-23,2025-06-29,"Education facility (school, etc.)",4
Cherkaskyi,2025-06-23,2025-06-29,"Health facility (hospital, health clinic)",1
Cherkaskyi,2025-06-23,2025-06-29,Industrial/Business/Enterprise facilities,1
Cherkaskyi,2025-06-23,2025-06-29,Total,6
Chortkivskyi,2025-06-23,2025-06-29,Agricultural facilities,1
Chortkivskyi,2025-06-23,2025-06-29,Total,1
Chuhuivskyi,2025-06-23,2025-06-29,"Cultural facilities (museum, theater etc.)",1
Chuhuivskyi,2025-06-23,2025-06-29,Industrial/Business/Enterprise facilities,1
Chuhuivskyi,2025-06-23,2025-06-29,Total,2
Dniprovskyi,2025-06-23,2025-06-29,"Cultural facilities (museum, theater etc.)",2
Dniprovskyi,2025-06-23,2025-06-29,"Education facility (school, etc.)",41
Dniprovskyi,2025-06-23,2025-06-29,Government facilities,5
Dniprovskyi,2025-06-23,2025-06-29,"Health facility (hospital, health clinic)",8
Dniprovskyi,2025-06-23,2025-06-29,Industrial/Business/Enterprise facilities,3
Dniprovskyi,2025-06-23,2025-06-29,Religious facilities,1
Dniprovskyi,2025-06-23,2025-06-29,Road / Highway,7
Dniprovskyi,2025-06-23,2025-06-29,Total,84
Dniprovskyi,2025-06-23,2025-06-29,Water supply system,17
Drohobytskyi,2025-06-23,2025-06-29,Industrial/Business/Enterprise facilities,1
Drohobytskyi,2025-06-23,2025-06-29,Total,1
Ivano-Frankivskyi,2025-06-23,2025-06-29,Religious facilities,1
Ivano-Frankivskyi,2025-06-23,2025-06-29,Total,1
Iziumskyi,2025-06-23,2025-06-29,Agricultural facilities,2
Iziumskyi,2025-06-23,2025-06-29,"Cultural facilities (museum, theater etc.)",1
Iziumskyi,2025-06-23,2025-06-29,Industrial/Business/Enterprise facilities,1
Iziumskyi,2025-06-23,2025-06-29,Total,4
Izmailskyi,2025-06-23,2025-06-29,Total,4
Izmailskyi,2025-06-23,2025-06-29,Warehouse,1
Izmailskyi,2025-06-23,2025-06-29,Water supply system,3
Kharkivskyi,2025-06-23,2025-06-29,Electricity supply system,1
Kharkivskyi,2025-06-23,2025-06-29,"Health facility (hospital, health clinic)",1
Kharkivskyi,2025-06-23,2025-06-29,Industrial/Business/Enterprise facilities,4
Kharkivskyi,2025-06-23,2025-06-29,Total,8
Kharkivskyi,2025-06-23,2025-06-29,Warehouse,2
Khersonskyi,2025-06-23,2025-06-29,"Education facility (school, etc.)",6
Khersonskyi,2025-06-23,2025-06-29,Gas supply system,3
Khersonskyi,2025-06-23,2025-06-29,Government facilities,1
Khersonskyi,2025-06-23,2025-06-29,"Health facility (hospital, health clinic)",1
Khersonskyi,2025-06-23,2025-06-29,Industrial/Business/Enterprise facilities,1
Khersonskyi,2025-06-23,2025-06-29,Total,12
Konotopskyi,2025-06-23,2025-06-29,Industrial/Business/Enterprise facilities,2
Konotopskyi,2025-06-23,2025-06-29,Total,2
Kramatorskyi,2025-06-23,2025-06-29,Agricultural facilities,1
Kramatorskyi,2025-06-23,2025-06-29,"Cultural facilities (museum, theater etc.)",1
Kramatorskyi,2025-06-23,2025-06-29,"Education facility (school, etc.)",3
Kramatorskyi,2025-06-23,2025-06-29,Government facilities,3
Kramatorskyi,2025-06-23,2025-06-29,"Health facility (hospital, health clinic)",2
Kramatorskyi,2025-06-23,2025-06-29,Heating and water facility,1
Kramatorskyi,2025-06-23,2025-06-29,Industrial/Business/Enterprise facilities,14
Kramatorskyi,2025-06-23,2025-06-29,Other,1
Kramatorskyi,2025-06-23,2025-06-29,Railway,1
Kramatorskyi,2025-06-23,2025-06-29,Total,27
Kremenchutskyi,2025-06-23,2025-06-29,"Health facility (hospital, health clinic)",1
Kremenchutskyi,2025-06-23,2025-06-29,Industrial/Business/Enterprise facilities,3
Kremenchutskyi,2025-06-23,2025-06-29,Total,4
Kupianskyi,2025-06-23,2025-06-29,"Education facility (school, etc.)",1
Kupianskyi,2025-06-23,2025-06-29,Total,3
Kupianskyi,2025-06-23,2025-06-29,Warehouse,2
Kyiv,2025-06-23,2025-06-29,"Education facility (school, etc.)",5
Kyiv,2025-06-23,2025-06-29,Electricity supply system,1
Kyiv,2025-06-23,2025-06-29,Industrial/Business/Enterprise facilities,1
Kyiv,2025-06-23,2025-06-29,Other,3
Kyiv,2025-06-23,2025-06-29,Total,10
Mykolaivskyi,2025-06-23,2025-06-29,Total,1
Mykolaivskyi,2025-06-23,2025-06-29,Warehouse,1
Nikopolskyi,2025-06-23,2025-06-29,Agricultural facilities,1
Nikopolskyi,2025-06-23,2025-06-29,Electricity supply system,1
Nikopolskyi,2025-06-23,2025-06-29,Gas supply system,1
Nikopolskyi,2025-06-23,2025-06-29,Government facilities,2
Nikopolskyi,2025-06-23,2025-06-29,"Health facility (hospital, health clinic)",2
Nikopolskyi,2025-06-23,2025-06-29,Industrial/Business/Enterprise facilities,5
Nikopolskyi,2025-06-23,2025-06-29,Total,12
Odeskyi,2025-06-23,2025-06-29,Government facilities,1
Odeskyi,2025-06-23,2025-06-29,Industrial/Business/Enterprise facilities,1
Odeskyi,2025-06-23,2025-06-29,Total,3
Odeskyi,2025-06-23,2025-06-29,Warehouse,1
Pokrovskyi,2025-06-23,2025-06-29,Agricultural facilities,1
Pokrovskyi,2025-06-23,2025-06-29,"Cultural facilities (museum, theater etc.)",1
Pokrovskyi,2025-06-23,2025-06-29,Government facilities,1
Pokrovskyi,2025-06-23,2025-06-29,Industrial/Business/Enterprise facilities,2
Pokrovskyi,2025-06-23,2025-06-29,Other,1
Pokrovskyi,2025-06-23,2025-06-29,Total,6
Polohivskyi,2025-06-23,2025-06-29,Total,1
Polohivskyi,2025-06-23,2025-06-29,Warehouse,1
Poltavskyi,2025-06-23,2025-06-29,"Education facility (school, etc.)",2
Poltavskyi,2025-06-23,2025-06-29,Industrial/Business/Enterprise facilities,1
Poltavskyi,2025-06-23,2025-06-29,Railway,1
Poltavskyi,2025-06-23,2025-06-29,Total,4
Sumskyi,2025-06-23,2025-06-29,"Education facility (school, etc.)",4
Sumskyi,2025-06-23,2025-06-29,Government facilities,6
Sumskyi,2025-06-23,2025-06-29,Total,10
Synelnykivskyi,2025-06-23,2025-06-29,"Education facility (school, etc.)",1
Synelnykivskyi,2025-06-23,2025-06-29,Electricity supply system,1
Synelnykivskyi,2025-06-23,2025-06-29,Total,2
Volnovaskyi,2025-06-23,2025-06-29,"Cultural facilities (museum, theater etc.)",1
Volnovaskyi,2025-06-23,2025-06-29,Total,1
Zaporizkyi,2025-06-23,2025-06-29,Industrial/Business/Enterprise facilities,3
Zaporizkyi,2025-06-23,2025-06-29,Total,3
Zvenyhorodskyi,2025-06-23,2025-06-29,Electricity supply system,1
Zvenyhorodskyi,2025-06-23,2025-06-29,Total,1
Bashtanskyi,2025-06-16,2025-06-22,Agricultural facilities,1
Bashtanskyi,2025-06-16,2025-06-22,Total,2
Bashtanskyi,2025-06-16,2025-06-22,Warehouse,1
Beryslavskyi,2025-06-16,2025-06-22,"Cultural facilities (museum, theater etc.)",1
Beryslavskyi,2025-06-16,2025-06-22,Electricity supply system,1
Beryslavskyi,2025-06-16,2025-06-22,Total,2
Bilhorod-Dnistrovskyi,2025-06-16,2025-06-22,"Health facility (hospital, health clinic)",1
Bilhorod-Dnistrovskyi,2025-06-16,2025-06-22,Total,1
Bohodukhivskyi,2025-06-16,2025-06-22,Industrial/Business/Enterprise facilities,2
Bohodukhivskyi,2025-06-16,2025-06-22,Other,1
Bohodukhivskyi,2025-06-16,2025-06-22,Total,3
Cherkaskyi,2025-06-16,2025-06-22,Gas supply system,1
Cherkaskyi,2025-06-16,2025-06-22,Total,1
Iziumskyi,2025-06-16,2025-06-22,Road / Highway,1
Iziumskyi,2025-06-16,2025-06-22,Total,1
Kharkivskyi,2025-06-16,2025-06-22,Electricity supply system,3
Kharkivskyi,2025-06-16,2025-06-22,Gas supply system,1
Kharkivskyi,2025-06-16,2025-06-22,Industrial/Business/Enterprise facilities,2
Kharkivskyi,2025-06-16,2025-06-22,Total,9
Kharkivskyi,2025-06-16,2025-06-22,Warehouse,3
Khersonskyi,2025-06-16,2025-06-22,"Education facility (school, etc.)",2
Khersonskyi,2025-06-16,2025-06-22,Government facilities,2
Khersonskyi,2025-06-16,2025-06-22,Total,5
Khersonskyi,2025-06-16,2025-06-22,Water supply system,1
Konotopskyi,2025-06-16,2025-06-22,"Education facility (school, etc.)",1
Konotopskyi,2025-06-16,2025-06-22,Industrial/Business/Enterprise facilities,1
Konotopskyi,2025-06-16,2025-06-22,Total,2
Kramatorskyi,2025-06-16,2025-06-22,"Cultural facilities (museum, theater etc.)",1
Kramatorskyi,2025-06-16,2025-06-22,"Education facility (school, etc.)",1
Kramatorskyi,2025-06-16,2025-06-22,Electricity supply system,2
Kramatorskyi,2025-06-16,2025-06-22,Gas supply system,3
Kramatorskyi,2025-06-16,2025-06-22,Government facilities,8
Kramatorskyi,2025-06-16,2025-06-22,"Health facility (hospital, health clinic)",2
Kramatorskyi,2025-06-16,2025-06-22,Industrial/Business/Enterprise facilities,11
Kramatorskyi,2025-06-16,2025-06-22,Total,34
Kramatorskyi,2025-06-16,2025-06-22,Warehouse,6
Kremenchutskyi,2025-06-16,2025-06-22,Power plant,1
Kremenchutskyi,2025-06-16,2025-06-22,Total,1
Kupianskyi,2025-06-16,2025-06-22,Electricity supply system,1
Kupianskyi,2025-06-16,2025-06-22,Total,1
Kyiv,2025-06-16,2025-06-22,"Education facility (school, etc.)",1
Kyiv,2025-06-16,2025-06-22,Industrial/Business/Enterprise facilities,4
Kyiv,2025-06-16,2025-06-22,Railway,1
Kyiv,2025-06-16,2025-06-22,Road / Highway,1
Kyiv,2025-06-16,2025-06-22,Total,9
Kyiv,2025-06-16,2025-06-22,Warehouse,2
Lozivskyi,2025-06-16,2025-06-22,"Cultural facilities (museum, theater etc.)",1
Lozivskyi,2025-06-16,2025-06-22,"Education facility (school, etc.)",1
Lozivskyi,2025-06-16,2025-06-22,Government facilities,1
Lozivskyi,2025-06-16,2025-06-22,Total,3
Mykolaivskyi,2025-06-16,2025-06-22,Electricity supply system,1
Mykolaivskyi,2025-06-16,2025-06-22,Total,1
Nikopolskyi,2025-06-16,2025-06-22,"Education facility (school, etc.)",4
Nikopolskyi,2025-06-16,2025-06-22,Electricity supply system,25
Nikopolskyi,2025-06-16,2025-06-22,Gas supply system,4
Nikopolskyi,2025-06-16,2025-06-22,Government facilities,1
Nikopolskyi,2025-06-16,2025-06-22,Industrial/Business/Enterprise facilities,7
Nikopolskyi,2025-06-16,2025-06-22,Other,1
Nikopolskyi,2025-06-16,2025-06-22,Religious facilities,1
Nikopolskyi,2025-06-16,2025-06-22,Total,43
Odeskyi,2025-06-16,2025-06-22,"Cultural facilities (museum, theater etc.)",2
Odeskyi,2025-06-16,2025-06-22,"Education facility (school, etc.)",4
Odeskyi,2025-06-16,2025-06-22,Gas supply system,1
Odeskyi,2025-06-16,2025-06-22,"Health facility (hospital, health clinic)",3
Odeskyi,2025-06-16,2025-06-22,Industrial/Business/Enterprise facilities,1
Odeskyi,2025-06-16,2025-06-22,Railway,1
Odeskyi,2025-06-16,2025-06-22,Total,12
Pokrovskyi,2025-06-16,2025-06-22,"Cultural facilities (museum, theater etc.)",1
Pokrovskyi,2025-06-16,2025-06-22,Industrial/Business/Enterprise facilities,1
Pokrovskyi,2025-06-16,2025-06-22,Other,1
Pokrovskyi,2025-06-16,2025-06-22,Religious facilities,1
Pokrovskyi,2025-06-16,2025-06-22,Road / Highway,1
Pokrovskyi,2025-06-16,2025-06-22,Total,6
Pokrovskyi,2025-06-16,2025-06-22,Warehouse,1
Polohivskyi,2025-06-16,2025-06-22,Industrial/Business/Enterprise facilities,1
Polohivskyi,2025-06-16,2025-06-22,Total,2
Polohivskyi,2025-06-16,2025-06-22,Warehouse,1
Poltavskyi,2025-06-16,2025-06-22,Electricity supply system,1
Poltavskyi,2025-06-16,2025-06-22,Total,1
Sumskyi,2025-06-16,2025-06-22,Government facilities,1
Sumskyi,2025-06-16,2025-06-22,Industrial/Business/Enterprise facilities,3
Sumskyi,2025-06-16,2025-06-22,Total,4
Synelnykivskyi,2025-06-16,2025-06-22,Gas supply system,1
Synelnykivskyi,2025-06-16,2025-06-22,Industrial/Business/Enterprise facilities,1
Synelnykivskyi,2025-06-16,2025-06-22,Total,2
Zaporizkyi,2025-06-16,2025-06-22,Agricultural facilities,1
Zaporizkyi,2025-06-16,2025-06-22,Industrial/Business/Enterprise facilities,4
Zaporizkyi,2025-06-16,2025-06-22,Total,7
Zaporizkyi,2025-06-16,2025-06-22,Warehouse,2
Bohodukhivskyi,2025-06-09,2025-06-15,Electricity supply system,1
Bohodukhivskyi,2025-06-09,2025-06-15,"Health facility (hospital, health clinic)",1
Bohodukhivskyi,2025-06-09,2025-06-15,Total,2
Boryspilskyi,2025-06-09,2025-06-15,Industrial/Business/Enterprise facilities,1
Boryspilskyi,2025-06-09,2025-06-15,Total,1
Chernihivskyi,2025-06-09,2025-06-15,Government facilities,2
Chernihivskyi,2025-06-09,2025-06-15,Total,2
Chuhuivskyi,2025-06-09,2025-06-15,Industrial/Business/Enterprise facilities,1
Chuhuivskyi,2025-06-09,2025-06-15,Total,1
Fastivskyi,2025-06-09,2025-06-15,Total,1
Fastivskyi,2025-06-09,2025-06-15,Warehouse,1
Iziumskyi,2025-06-09,2025-06-15,Agricultural facilities,1
Iziumskyi,2025-06-09,2025-06-15,Government facilities,2
Iziumskyi,2025-06-09,2025-06-15,Industrial/Business/Enterprise facilities,1
Iziumskyi,2025-06-09,2025-06-15,Total,4
Izmailskyi,2025-06-09,2025-06-15,Agricultural facilities,1
Izmailskyi,2025-06-09,2025-06-15,Total,1
Kharkivskyi,2025-06-09,2025-06-15,"Cultural facilities (museum, theater etc.)",1
Kharkivskyi,2025-06-09,2025-06-15,"Education facility (school, etc.)",3
Kharkivskyi,2025-06-09,2025-06-15,Electricity supply system,1
Kharkivskyi,2025-06-09,2025-06-15,Gas supply system,1
Kharkivskyi,2025-06-09,2025-06-15,Industrial/Business/Enterprise facilities,5
Kharkivskyi,2025-06-09,2025-06-15,Road / Highway,1
Kharkivskyi,2025-06-09,2025-06-15,Telecommunications,1
Kharkivskyi,2025-06-09,2025-06-15,Total,14
Kharkivskyi,2025-06-09,2025-06-15,Warehouse,1
Khersonskyi,2025-06-09,2025-06-15,Gas supply system,1
Khersonskyi,2025-06-09,2025-06-15,Road / Highway,1
Khersonskyi,2025-06-09,2025-06-15,Telecommunications,1
Khersonskyi,2025-06-09,2025-06-15,Total,3
Kramatorskyi,2025-06-09,2025-06-15,Agricultural facilities,3
Kramatorskyi,2025-06-09,2025-06-15,"Education facility (school, etc.)",3
Kramatorskyi,2025-06-09,2025-06-15,Gas supply system,1
Kramatorskyi,2025-06-09,2025-06-15,Government facilities,3
Kramatorskyi,2025-06-09,2025-06-15,"Health facility (hospital, health clinic)",1
Kramatorskyi,2025-06-09,2025-06-15,Industrial/Business/Enterprise facilities,10
Kramatorskyi,2025-06-09,2025-06-15,Total,25
Kramatorskyi,2025-06-09,2025-06-15,Warehouse,4
Kremenchutskyi,2025-06-09,2025-06-15,Agricultural facilities,1
Kremenchutskyi,2025-06-09,2025-06-15,Electricity supply system,2
Kremenchutskyi,2025-06-09,2025-06-15,Total,3
Kryvorizkyi,2025-06-09,2025-06-15,Industrial/Business/Enterprise facilities,1
Kryvorizkyi,2025-06-09,2025-06-15,Total,1
Kupianskyi,2025-06-09,2025-06-15,"Education facility (school, etc.)",1
Kupianskyi,2025-06-09,2025-06-15,"Health facility (hospital, health clinic)",1
Kupianskyi,2025-06-09,2025-06-15,Industrial/Business/Enterprise facilities,1
Kupianskyi,2025-06-09,2025-06-15,Total,3
Kyiv,2025-06-09,2025-06-15,"Cultural facilities (museum, theater etc.)",2
Kyiv,2025-06-09,2025-06-15,"Education facility (school, etc.)",2
Kyiv,2025-06-09,2025-06-15,"Health facility (hospital, health clinic)",1
Kyiv,2025-06-09,2025-06-15,Industrial/Business/Enterprise facilities,7
Kyiv,2025-06-09,2025-06-15,Religious facilities,2
Kyiv,2025-06-09,2025-06-15,Total,17
Kyiv,2025-06-09,2025-06-15,Warehouse,2
Kyiv,2025-06-09,2025-06-15,Water supply system,1
Myrhorodskyi,2025-06-09,2025-06-15,Electricity supply system,1
Myrhorodskyi,2025-06-09,2025-06-15,Total,1
Nikopolskyi,2025-06-09,2025-06-15,Agricultural facilities,3
Nikopolskyi,2025-06-09,2025-06-15,"Education facility (school, etc.)",1
Nikopolskyi,2025-06-09,2025-06-15,Electricity supply system,9
Nikopolskyi,2025-06-09,2025-06-15,Gas supply system,4
Nikopolskyi,2025-06-09,2025-06-15,Government facilities,4
Nikopolskyi,2025-06-09,2025-06-15,Industrial/Business/Enterprise facilities,3
Nikopolskyi,2025-06-09,2025-06-15,Total,24
Novhorod-Siverskyi,2025-06-09,2025-06-15,"Education facility (school, etc.)",1
Novhorod-Siverskyi,2025-06-09,2025-06-15,"Health facility (hospital, health clinic)",1
Novhorod-Siverskyi,2025-06-09,2025-06-15,Total,2
Obukhivskyi,2025-06-09,2025-06-15,Total,2
Obukhivskyi,2025-06-09,2025-06-15,Warehouse,2
Odeskyi,2025-06-09,2025-06-15,"Cultural facilities (museum, theater etc.)",3
Odeskyi,2025-06-09,2025-06-15,"Health facility (hospital, health clinic)",4
Odeskyi,2025-06-09,2025-06-15,Railway,1
Odeskyi,2025-06-09,2025-06-15,Total,8
Pokrovskyi,2025-06-09,2025-06-15,"Education facility (school, etc.)",3
Pokrovskyi,2025-06-09,2025-06-15,Government facilities,3
Pokrovskyi,2025-06-09,2025-06-15,Industrial/Business/Enterprise facilities,2
Pokrovskyi,2025-06-09,2025-06-15,Total,9
Pokrovskyi,2025-06-09,2025-06-15,Warehouse,1
Poltavskyi,2025-06-09,2025-06-15,Electricity supply system,1
Poltavskyi,2025-06-09,2025-06-15,Gas supply system,1
Poltavskyi,2025-06-09,2025-06-15,Total,2
Shepetivskyi,2025-06-09,2025-06-15,"Cultural facilities (museum, theater etc.)",1
Shepetivskyi,2025-06-09,2025-06-15,Total,1
Shostkynskyi,2025-06-09,2025-06-15,Electricity supply system,1
Shostkynskyi,2025-06-09,2025-06-15,Total,1
Sumskyi,2025-06-09,2025-06-15,Industrial/Business/Enterprise facilities,1
Sumskyi,2025-06-09,2025-06-15,Total,1
Synelnykivskyi,2025-06-09,2025-06-15,Agricultural facilities,2
Synelnykivskyi,2025-06-09,2025-06-15,"Cultural facilities (museum, theater etc.)",1
Synelnykivskyi,2025-06-09,2025-06-15,Electricity supply system,1
Synelnykivskyi,2025-06-09,2025-06-15,Total,4
Zaporizkyi,2025-06-09,2025-06-15,Agricultural facilities,1
Zaporizkyi,2025-06-09,2025-06-15,"Cultural facilities (museum, theater etc.)",1
Zaporizkyi,2025-06-09,2025-06-15,"Education facility (school, etc.)",1
Zaporizkyi,2025-06-09,2025-06-15,Gas supply system,2
Zaporizkyi,2025-06-09,2025-06-15,Industrial/Business/Enterprise facilities,3
Zaporizkyi,2025-06-09,2025-06-15,Road / Highway,1
Zaporizkyi,2025-06-09,2025-06-15,Total,10
Zaporizkyi,2025-06-09,2025-06-15,Warehouse,1
Zolotoniskyi,2025-06-09,2025-06-15,Industrial/Business/Enterprise facilities,1
Zolotoniskyi,2025-06-09,2025-06-15,Total,1
Berdianskyi,2025-06-02,2025-06-08,Electricity supply system,1
Berdianskyi,2025-06-02,2025-06-08,Total,1
Bilhorod-Dnistrovskyi,2025-06-02,2025-06-08,"Education facility (school, etc.)",2
Bilhorod-Dnistrovskyi,2025-06-02,2025-06-08,"Health facility (hospital, health clinic)",1
Bilhorod-Dnistrovskyi,2025-06-02,2025-06-08,Total,3
Bohodukhivskyi,2025-06-02,2025-06-08,Government facilities,2
Bohodukhivskyi,2025-06-02,2025-06-08,Industrial/Business/Enterprise facilities,2
Bohodukhivskyi,2025-06-02,2025-06-08,Total,4
Chernihivskyi,2025-06-02,2025-06-08,"Education facility (school, etc.)",8
Chernihivskyi,2025-06-02,2025-06-08,Electricity supply system,1
Chernihivskyi,2025-06-02,2025-06-08,Government facilities,1
Chernihivskyi,2025-06-02,2025-06-08,"Health facility (hospital, health clinic)",1
Chernihivskyi,2025-06-02,2025-06-08,Industrial/Business/Enterprise facilities,5
Chernihivskyi,2025-06-02,2025-06-08,Total,16
Chuhuivskyi,2025-06-02,2025-06-08,Industrial/Business/Enterprise facilities,2
Chuhuivskyi,2025-06-02,2025-06-08,Total,3
Chuhuivskyi,2025-06-02,2025-06-08,Warehouse,1
Dniprovskyi,2025-06-02,2025-06-08,"Education facility (school, etc.)",1
Dniprovskyi,2025-06-02,2025-06-08,Industrial/Business/Enterprise facilities,1
Dniprovskyi,2025-06-02,2025-06-08,Other,1
Dniprovskyi,2025-06-02,2025-06-08,Total,3
Drohobytskyi,2025-06-02,2025-06-08,Industrial/Business/Enterprise facilities,1
Drohobytskyi,2025-06-02,2025-06-08,Total,1
Henicheskyi,2025-06-02,2025-06-08,Electricity supply system,2
Henicheskyi,2025-06-02,2025-06-08,Total,2
Iziumskyi,2025-06-02,2025-06-08,Agricultural facilities,1
Iziumskyi,2025-06-02,2025-06-08,Industrial/Business/Enterprise facilities,2
Iziumskyi,2025-06-02,2025-06-08,Other,1
Iziumskyi,2025-06-02,2025-06-08,Total,5
Iziumskyi,2025-06-02,2025-06-08,Warehouse,1
Kerchynskyi,2025-06-02,2025-06-08,Bridge,1
Kerchynskyi,2025-06-02,2025-06-08,Total,1
Kharkivskyi,2025-06-02,2025-06-08,Agricultural facilities,2
Kharkivskyi,2025-06-02,2025-06-08,"Cultural facilities (museum, theater etc.)",2
Kharkivskyi,2025-06-02,2025-06-08,"Education facility (school, etc.)",3
Kharkivskyi,2025-06-02,2025-06-08,Electricity supply system,2
Kharkivskyi,2025-06-02,2025-06-08,Fuel depot,2
Kharkivskyi,2025-06-02,2025-06-08,Gas supply system,2
Kharkivskyi,2025-06-02,2025-06-08,Government facilities,2
Kharkivskyi,2025-06-02,2025-06-08,Industrial/Business/Enterprise facilities,8
Kharkivskyi,2025-06-02,2025-06-08,Other,1
Kharkivskyi,2025-06-02,2025-06-08,Total,28
Kharkivskyi,2025-06-02,2025-06-08,Warehouse,4
Khersonskyi,2025-06-02,2025-06-08,"Education facility (school, etc.)",5
Khersonskyi,2025-06-02,2025-06-08,Electricity supply system,1
Khersonskyi,2025-06-02,2025-06-08,Government facilities,1
Khersonskyi,2025-06-02,2025-06-08,"Health facility (hospital, health clinic)",3
Khersonskyi,2025-06-02,2025-06-08,Industrial/Business/Enterprise facilities,2
Khersonskyi,2025-06-02,2025-06-08,Total,12
Kramatorskyi,2025-06-02,2025-06-08,Agricultural facilities,2
Kramatorskyi,2025-06-02,2025-06-08,"Cultural facilities (museum, theater etc.)",1
Kramatorskyi,2025-06-02,2025-06-08,"Education facility (school, etc.)",5
Kramatorskyi,2025-06-02,2025-06-08,Electricity supply system,2
Kramatorskyi,2025-06-02,2025-06-08,Fuel depot,1
Kramatorskyi,2025-06-02,2025-06-08,Gas supply system,3
Kramatorskyi,2025-06-02,2025-06-08,Government facilities,6
Kramatorskyi,2025-06-02,2025-06-08,"Health facility (hospital, health clinic)",1
Kramatorskyi,2025-06-02,2025-06-08,Industrial/Business/Enterprise facilities,6
Kramatorskyi,2025-06-02,2025-06-08,Other,1
Kramatorskyi,2025-06-02,2025-06-08,Railway,1
Kramatorskyi,2025-06-02,2025-06-08,Road / Highway,3
Kramatorskyi,2025-06-02,2025-06-08,Total,34
Kramatorskyi,2025-06-02,2025-06-08,Warehouse,2
Kremenchutskyi,2025-06-02,2025-06-08,Government facilities,1
Kremenchutskyi,2025-06-02,2025-06-08,Industrial/Business/Enterprise facilities,2
Kremenchutskyi,2025-06-02,2025-06-08,Total,5
Kremenchutskyi,2025-06-02,2025-06-08,Warehouse,2
Kupianskyi,2025-06-02,2025-06-08,"Health facility (hospital, health clinic)",1
Kupianskyi,2025-06-02,2025-06-08,Total,1
Kyiv,2025-06-02,2025-06-08,"Cultural facilities (museum, theater etc.)",2
Kyiv,2025-06-02,2025-06-08,"Education facility (school, etc.)",1
Kyiv,2025-06-02,2025-06-08,Fuel depot,1
Kyiv,2025-06-02,2025-06-08,Government facilities,1
Kyiv,2025-06-02,2025-06-08,Industrial/Business/Enterprise facilities,2
Kyiv,2025-06-02,2025-06-08,Other,2
Kyiv,2025-06-02,2025-06-08,Total,11
Kyiv,2025-06-02,2025-06-08,Unspecified,1
Kyiv,2025-06-02,2025-06-08,Warehouse,1
Lutskyi,2025-06-02,2025-06-08,"Education facility (school, etc.)",1
Lutskyi,2025-06-02,2025-06-08,Government facilities,1
Lutskyi,2025-06-02,2025-06-08,Industrial/Business/Enterprise facilities,2
Lutskyi,2025-06-02,2025-06-08,Total,4
Lvivskyi,2025-06-02,2025-06-08,Electricity supply system,1
Lvivskyi,2025-06-02,2025-06-08,Total,1
Melitopolskyi,2025-06-02,2025-06-08,Electricity supply system,1
Melitopolskyi,2025-06-02,2025-06-08,Industrial/Business/Enterprise facilities,1
Melitopolskyi,2025-06-02,2025-06-08,Total,2
Mykolaivskyi,2025-06-02,2025-06-08,Total,1
Mykolaivskyi,2025-06-02,2025-06-08,Warehouse,1
Nikopolskyi,2025-06-02,2025-06-08,"Education facility (school, etc.)",1
Nikopolskyi,2025-06-02,2025-06-08,Electricity supply system,5
Nikopolskyi,2025-06-02,2025-06-08,Gas supply system,1
Nikopolskyi,2025-06-02,2025-06-08,Government facilities,4
Nikopolskyi,2025-06-02,2025-06-08,"Health facility (hospital, health clinic)",2
Nikopolskyi,2025-06-02,2025-06-08,Industrial/Business/Enterprise facilities,9
Nikopolskyi,2025-06-02,2025-06-08,Total,22
Odeskyi,2025-06-02,2025-06-08,Industrial/Business/Enterprise facilities,2
Odeskyi,2025-06-02,2025-06-08,Religious facilities,1
Odeskyi,2025-06-02,2025-06-08,Total,5
Odeskyi,2025-06-02,2025-06-08,Warehouse,2
Pavlohradskyi,2025-06-02,2025-06-08,Industrial/Business/Enterprise facilities,1
Pavlohradskyi,2025-06-02,2025-06-08,Total,1
Pokrovskyi,2025-06-02,2025-06-08,Government facilities,3
Pokrovskyi,2025-06-02,2025-06-08,"Health facility (hospital, health clinic)",1
Pokrovskyi,2025-06-02,2025-06-08,Religious facilities,1
Pokrovskyi,2025-06-02,2025-06-08,Total,6
Pokrovskyi,2025-06-02,2025-06-08,Warehouse,1
Polohivskyi,2025-06-02,2025-06-08,Electricity supply system,1
Polohivskyi,2025-06-02,2025-06-08,Total,1
Poltavskyi,2025-06-02,2025-06-08,Government facilities,1
Poltavskyi,2025-06-02,2025-06-08,Total,1
Prylutskyi,2025-06-02,2025-06-08,"Education facility (school, etc.)",3
Prylutskyi,2025-06-02,2025-06-08,Government facilities,1
Prylutskyi,2025-06-02,2025-06-08,Industrial/Business/Enterprise facilities,1
Prylutskyi,2025-06-02,2025-06-08,Total,5
Romenskyi,2025-06-02,2025-06-08,Industrial/Business/Enterprise facilities,1
Romenskyi,2025-06-02,2025-06-08,Total,1
Sumskyi,2025-06-02,2025-06-08,"Education facility (school, etc.)",2
Sumskyi,2025-06-02,2025-06-08,Electricity supply system,1
Sumskyi,2025-06-02,2025-06-08,Gas supply system,2
Sumskyi,2025-06-02,2025-06-08,"Health facility (hospital, health clinic)",2
Sumskyi,2025-06-02,2025-06-08,Industrial/Business/Enterprise facilities,2
Sumskyi,2025-06-02,2025-06-08,Religious facilities,1
Sumskyi,2025-06-02,2025-06-08,Total,12
Sumskyi,2025-06-02,2025-06-08,Warehouse,2
Synelnykivskyi,2025-06-02,2025-06-08,"Education facility (school, etc.)",3
Synelnykivskyi,2025-06-02,2025-06-08,Electricity supply system,2
Synelnykivskyi,2025-06-02,2025-06-08,Total,5
Ternopilskyi,2025-06-02,2025-06-08,"Education facility (school, etc.)",1
Ternopilskyi,2025-06-02,2025-06-08,Electricity supply system,1
Ternopilskyi,2025-06-02,2025-06-08,Industrial/Business/Enterprise facilities,5
Ternopilskyi,2025-06-02,2025-06-08,Total,7
Vasylivskyi,2025-06-02,2025-06-08,Electricity supply system,1
Vasylivskyi,2025-06-02,2025-06-08,Government facilities,1
Vasylivskyi,2025-06-02,2025-06-08,Total,2
Zhytomyrskyi,2025-06-02,2025-06-08,Industrial/Business/Enterprise facilities,1
Zhytomyrskyi,2025-06-02,2025-06-08,Total,1
Zvenyhorodskyi,2025-06-02,2025-06-08,Electricity supply system,1
Zvenyhorodskyi,2025-06-02,2025-06-08,Total,1
Bashtanskyi,2025-05-26,2025-06-01,Agricultural facilities,1
Bashtanskyi,2025-05-26,2025-06-01,Electricity supply system,1
Bashtanskyi,2025-05-26,2025-06-01,Total,2
Bilhorod-Dnistrovskyi,2025-05-26,2025-06-01,Industrial/Business/Enterprise facilities,1
Bilhorod-Dnistrovskyi,2025-05-26,2025-06-01,Total,1
Chuhuivskyi,2025-05-26,2025-06-01,Agricultural facilities,2
Chuhuivskyi,2025-05-26,2025-06-01,"Education facility (school, etc.)",1
Chuhuivskyi,2025-05-26,2025-06-01,Industrial/Business/Enterprise facilities,2
Chuhuivskyi,2025-05-26,2025-06-01,Total,6
Chuhuivskyi,2025-05-26,2025-06-01,Warehouse,1
Iziumskyi,2025-05-26,2025-06-01,Agricultural facilities,1
Iziumskyi,2025-05-26,2025-06-01,Electricity supply system,1
Iziumskyi,2025-05-26,2025-06-01,Gas supply system,1
Iziumskyi,2025-05-26,2025-06-01,Government facilities,3
Iziumskyi,2025-05-26,2025-06-01,Industrial/Business/Enterprise facilities,4
Iziumskyi,2025-05-26,2025-06-01,Total,16
Iziumskyi,2025-05-26,2025-06-01,Warehouse,6
Izmailskyi,2025-05-26,2025-06-01,Industrial/Business/Enterprise facilities,1
Izmailskyi,2025-05-26,2025-06-01,Total,2
Izmailskyi,2025-05-26,2025-06-01,Warehouse,1
Kharkivskyi,2025-05-26,2025-06-01,Electricity supply system,1
Kharkivskyi,2025-05-26,2025-06-01,Government facilities,3
Kharkivskyi,2025-05-26,2025-06-01,Industrial/Business/Enterprise facilities,5
Kharkivskyi,2025-05-26,2025-06-01,Total,11
Kharkivskyi,2025-05-26,2025-06-01,Warehouse,2
Khersonskyi,2025-05-26,2025-06-01,"Education facility (school, etc.)",3
Khersonskyi,2025-05-26,2025-06-01,Electricity supply system,1
Khersonskyi,2025-05-26,2025-06-01,Gas supply system,2
Khersonskyi,2025-05-26,2025-06-01,Government facilities,4
Khersonskyi,2025-05-26,2025-06-01,Harbor,1
Khersonskyi,2025-05-26,2025-06-01,"Health facility (hospital, health clinic)",2
Khersonskyi,2025-05-26,2025-06-01,Industrial/Business/Enterprise facilities,3
Khersonskyi,2025-05-26,2025-06-01,Other,2
Khersonskyi,2025-05-26,2025-06-01,Total,18
Khmelnytskyi,2025-05-26,2025-06-01,"Education facility (school, etc.)",1
Khmelnytskyi,2025-05-26,2025-06-01,Total,1
Konotopskyi,2025-05-26,2025-06-01,Agricultural facilities,1
Konotopskyi,2025-05-26,2025-06-01,Industrial/Business/Enterprise facilities,1
Konotopskyi,2025-05-26,2025-06-01,Total,2
Koriukivskyi,2025-05-26,2025-06-01,Industrial/Business/Enterprise facilities,1
Koriukivskyi,2025-05-26,2025-06-01,Total,1
Kramatorskyi,2025-05-26,2025-06-01,Agricultural facilities,2
Kramatorskyi,2025-05-26,2025-06-01,"Cultural facilities (museum, theater etc.)",1
Kramatorskyi,2025-05-26,2025-06-01,"Education facility (school, etc.)",3
Kramatorskyi,2025-05-26,2025-06-01,Electricity supply system,4
Kramatorskyi,2025-05-26,2025-06-01,Fuel depot,4
Kramatorskyi,2025-05-26,2025-06-01,Gas supply system,1
Kramatorskyi,2025-05-26,2025-06-01,Government facilities,4
Kramatorskyi,2025-05-26,2025-06-01,"Health facility (hospital, health clinic)",2
Kramatorskyi,2025-05-26,2025-06-01,Heating and water facility,1
Kramatorskyi,2025-05-26,2025-06-01,Industrial/Business/Enterprise facilities,13
Kramatorskyi,2025-05-26,2025-06-01,Other,2
Kramatorskyi,2025-05-26,2025-06-01,Railway,2
Kramatorskyi,2025-05-26,2025-06-01,Road / Highway,3
Kramatorskyi,2025-05-26,2025-06-01,Total,43
Kramatorskyi,2025-05-26,2025-06-01,Warehouse,1
Kryvorizkyi,2025-05-26,2025-06-01,Electricity supply system,1
Kryvorizkyi,2025-05-26,2025-06-01,Total,1
Kupianskyi,2025-05-26,2025-06-01,Government facilities,3
Kupianskyi,2025-05-26,2025-06-01,Industrial/Business/Enterprise facilities,1
Kupianskyi,2025-05-26,2025-06-01,Total,4
Lozivskyi,2025-05-26,2025-06-01,"Education facility (school, etc.)",2
Lozivskyi,2025-05-26,2025-06-01,Electricity supply system,2
Lozivskyi,2025-05-26,2025-06-01,Total,4
Mykolaivskyi,2025-05-26,2025-06-01,Industrial/Business/Enterprise facilities,1
Mykolaivskyi,2025-05-26,2025-06-01,Total,1
Nikopolskyi,2025-05-26,2025-06-01,Agricultural facilities,7
Nikopolskyi,2025-05-26,2025-06-01,Electricity supply system,3
Nikopolskyi,2025-05-26,2025-06-01,Gas supply system,2
Nikopolskyi,2025-05-26,2025-06-01,Government facilities,7
Nikopolskyi,2025-05-26,2025-06-01,Industrial/Business/Enterprise facilities,2
Nikopolskyi,2025-05-26,2025-06-01,Total,21
Nizhynskyi,2025-05-26,2025-06-01,Agricultural facilities,1
Nizhynskyi,2025-05-26,2025-06-01,Industrial/Business/Enterprise facilities,1
Nizhynskyi,2025-05-26,2025-06-01,Total,2
Novhorod-Siverskyi,2025-05-26,2025-06-01,Agricultural facilities,1
Novhorod-Siverskyi,2025-05-26,2025-06-01,"Education facility (school, etc.)",1
Novhorod-Siverskyi,2025-05-26,2025-06-01,Government facilities,1
Novhorod-Siverskyi,2025-05-26,2025-06-01,Industrial/Business/Enterprise facilities,1
Novhorod-Siverskyi,2025-05-26,2025-06-01,Total,6
Novhorod-Siverskyi,2025-05-26,2025-06-01,Warehouse,2
Odeskyi,2025-05-26,2025-06-01,Gas supply system,1
Odeskyi,2025-05-26,2025-06-01,Total,1
Okhtyrskyi,2025-05-26,2025-06-01,Agricultural facilities,2
Okhtyrskyi,2025-05-26,2025-06-01,Government facilities,3
Okhtyrskyi,2025-05-26,2025-06-01,Heating and water facility,1
Okhtyrskyi,2025-05-26,2025-06-01,Industrial/Business/Enterprise facilities,2
Okhtyrskyi,2025-05-26,2025-06-01,Total,9
Okhtyrskyi,2025-05-26,2025-06-01,Warehouse,1
Oleksandriiskyi,2025-05-26,2025-06-01,"Education facility (school, etc.)",1
Oleksandriiskyi,2025-05-26,2025-06-01,Industrial/Business/Enterprise facilities,1
Oleksandriiskyi,2025-05-26,2025-06-01,Total,2
Pokrovskyi,2025-05-26,2025-06-01,Agricultural facilities,2
Pokrovskyi,2025-05-26,2025-06-01,"Education facility (school, etc.)",4
Pokrovskyi,2025-05-26,2025-06-01,Fuel depot,1
Pokrovskyi,2025-05-26,2025-06-01,Government facilities,1
Pokrovskyi,2025-05-26,2025-06-01,Industrial/Business/Enterprise facilities,4
Pokrovskyi,2025-05-26,2025-06-01,Religious facilities,1
Pokrovskyi,2025-05-26,2025-06-01,Total,13
Polohivskyi,2025-05-26,2025-06-01,Agricultural facilities,1
Polohivskyi,2025-05-26,2025-06-01,Electricity supply system,1
Polohivskyi,2025-05-26,2025-06-01,Industrial/Business/Enterprise facilities,2
Polohivskyi,2025-05-26,2025-06-01,Total,4
Romenskyi,2025-05-26,2025-06-01,Agricultural facilities,3
Romenskyi,2025-05-26,2025-06-01,"Cultural facilities (museum, theater etc.)",1
Romenskyi,2025-05-26,2025-06-01,"Education facility (school, etc.)",1
Romenskyi,2025-05-26,2025-06-01,Total,7
Romenskyi,2025-05-26,2025-06-01,Warehouse,2
Shostkynskyi,2025-05-26,2025-06-01,Electricity supply system,1
Shostkynskyi,2025-05-26,2025-06-01,Government facilities,1
Shostkynskyi,2025-05-26,2025-06-01,Industrial/Business/Enterprise facilities,1
Shostkynskyi,2025-05-26,2025-06-01,Total,3
Sumskyi,2025-05-26,2025-06-01,"Cultural facilities (museum, theater etc.)",2
Sumskyi,2025-05-26,2025-06-01,"Education facility (school, etc.)",1
Sumskyi,2025-05-26,2025-06-01,Electricity supply system,2
Sumskyi,2025-05-26,2025-06-01,Gas supply system,1
Sumskyi,2025-05-26,2025-06-01,Government facilities,1
Sumskyi,2025-05-26,2025-06-01,Heating and water facility,1
Sumskyi,2025-05-26,2025-06-01,Industrial/Business/Enterprise facilities,1
Sumskyi,2025-05-26,2025-06-01,Road / Highway,1
Sumskyi,2025-05-26,2025-06-01,Total,10
Synelnykivskyi,2025-05-26,2025-06-01,Agricultural facilities,3
Synelnykivskyi,2025-05-26,2025-06-01,"Education facility (school, etc.)",1
Synelnykivskyi,2025-05-26,2025-06-01,Electricity supply system,1
Synelnykivskyi,2025-05-26,2025-06-01,Total,5
Zaporizkyi,2025-05-26,2025-06-01,Government facilities,1
Zaporizkyi,2025-05-26,2025-06-01,Industrial/Business/Enterprise facilities,3
Zaporizkyi,2025-05-26,2025-06-01,Religious facilities,1
Zaporizkyi,2025-05-26,2025-06-01,Total,5
Zhytomyrskyi,2025-05-26,2025-06-01,Industrial/Business/Enterprise facilities,1
Zhytomyrskyi,2025-05-26,2025-06-01,Total,1
Bashtanskyi,2025-05-19,2025-05-25,Total,1
Bashtanskyi,2025-05-19,2025-05-25,Warehouse,1
Berdychivskyi,2025-05-19,2025-05-25,Electricity supply system,1
Berdychivskyi,2025-05-19,2025-05-25,Government facilities,1
Berdychivskyi,2025-05-19,2025-05-25,Industrial/Business/Enterprise facilities,1
Berdychivskyi,2025-05-19,2025-05-25,Total,4
Berdychivskyi,2025-05-19,2025-05-25,Water supply system,1
Bilotserkivskyi,2025-05-19,2025-05-25,Industrial/Business/Enterprise facilities,1
Bilotserkivskyi,2025-05-19,2025-05-25,Total,2
Bilotserkivskyi,2025-05-19,2025-05-25,Warehouse,1
Bohodukhivskyi,2025-05-19,2025-05-25,Electricity supply system,1
Bohodukhivskyi,2025-05-19,2025-05-25,Total,1
Boryspilskyi,2025-05-19,2025-05-25,Total,1
Boryspilskyi,2025-05-19,2025-05-25,Warehouse,1
Brovarskyi,2025-05-19,2025-05-25,Total,2
Brovarskyi,2025-05-19,2025-05-25,Warehouse,2
Buchanskyi,2025-05-19,2025-05-25,Fuel depot,1
Buchanskyi,2025-05-19,2025-05-25,Industrial/Business/Enterprise facilities,2
Buchanskyi,2025-05-19,2025-05-25,Total,4
Buchanskyi,2025-05-19,2025-05-25,Warehouse,1
Chernihivskyi,2025-05-19,2025-05-25,"Education facility (school, etc.)",1
Chernihivskyi,2025-05-19,2025-05-25,"Health facility (hospital, health clinic)",1
Chernihivskyi,2025-05-19,2025-05-25,Industrial/Business/Enterprise facilities,1
Chernihivskyi,2025-05-19,2025-05-25,Total,4
Chernihivskyi,2025-05-19,2025-05-25,Warehouse,1
Chuhuivskyi,2025-05-19,2025-05-25,"Education facility (school, etc.)",1
Chuhuivskyi,2025-05-19,2025-05-25,Government facilities,3
Chuhuivskyi,2025-05-19,2025-05-25,Industrial/Business/Enterprise facilities,3
Chuhuivskyi,2025-05-19,2025-05-25,Total,8
Chuhuivskyi,2025-05-19,2025-05-25,Warehouse,1
Iziumskyi,2025-05-19,2025-05-25,Agricultural facilities,8
Iziumskyi,2025-05-19,2025-05-25,"Health facility (hospital, health clinic)",1
Iziumskyi,2025-05-19,2025-05-25,Total,9
Kharkivskyi,2025-05-19,2025-05-25,Agricultural facilities,6
Kharkivskyi,2025-05-19,2025-05-25,Gas supply system,2
Kharkivskyi,2025-05-19,2025-05-25,Government facilities,1
Kharkivskyi,2025-05-19,2025-05-25,Industrial/Business/Enterprise facilities,4
Kharkivskyi,2025-05-19,2025-05-25,Total,13
Khersonskyi,2025-05-19,2025-05-25,"Education facility (school, etc.)",4
Khersonskyi,2025-05-19,2025-05-25,Gas supply system,1
Khersonskyi,2025-05-19,2025-05-25,Total,5
Khmelnytskyi,2025-05-19,2025-05-25,"Education facility (school, etc.)",2
Khmelnytskyi,2025-05-19,2025-05-25,Total,2
Konotopskyi,2025-05-19,2025-05-25,Agricultural facilities,1
Konotopskyi,2025-05-19,2025-05-25,Total,1
Kramatorskyi,2025-05-19,2025-05-25,"Cultural facilities (museum, theater etc.)",4
Kramatorskyi,2025-05-19,2025-05-25,"Education facility (school, etc.)",2
Kramatorskyi,2025-05-19,2025-05-25,Electricity supply system,5
Kramatorskyi,2025-05-19,2025-05-25,Gas supply system,4
Kramatorskyi,2025-05-19,2025-05-25,Government facilities,3
Kramatorskyi,2025-05-19,2025-05-25,"Health facility (hospital, health clinic)",2
Kramatorskyi,2025-05-19,2025-05-25,Heating and water facility,2
Kramatorskyi,2025-05-19,2025-05-25,Industrial/Business/Enterprise facilities,17
Kramatorskyi,2025-05-19,2025-05-25,Other,2
Kramatorskyi,2025-05-19,2025-05-25,Religious facilities,1
Kramatorskyi,2025-05-19,2025-05-25,Total,43
Kramatorskyi,2025-05-19,2025-05-25,Water supply system,1
Kremenchutskyi,2025-05-19,2025-05-25,Electricity supply system,1
Kremenchutskyi,2025-05-19,2025-05-25,Industrial/Business/Enterprise facilities,1
Kremenchutskyi,2025-05-19,2025-05-25,Total,3
Kremenchutskyi,2025-05-19,2025-05-25,Warehouse,1
Kupianskyi,2025-05-19,2025-05-25,"Education facility (school, etc.)",1
Kupianskyi,2025-05-19,2025-05-25,Electricity supply system,1
Kupianskyi,2025-05-19,2025-05-25,Government facilities,4
Kupianskyi,2025-05-19,2025-05-25,Industrial/Business/Enterprise facilities,5
Kupianskyi,2025-05-19,2025-05-25,Total,12
Kupianskyi,2025-05-19,2025-05-25,Warehouse,1
Kyiv,2025-05-19,2025-05-25,"Education facility (school, etc.)",5
Kyiv,2025-05-19,2025-05-25,Electricity supply system,1
Kyiv,2025-05-19,2025-05-25,Gas supply system,2
Kyiv,2025-05-19,2025-05-25,Government facilities,1
Kyiv,2025-05-19,2025-05-25,"Health facility (hospital, health clinic)",1
Kyiv,2025-05-19,2025-05-25,Heating and water facility,1
Kyiv,2025-05-19,2025-05-25,Industrial/Business/Enterprise facilities,3
Kyiv,2025-05-19,2025-05-25,Total,15
Kyiv,2025-05-19,2025-05-25,Warehouse,1
Lubenskyi,2025-05-19,2025-05-25,Electricity supply system,1
Lubenskyi,2025-05-19,2025-05-25,Total,1
Mykolaivskyi,2025-05-19,2025-05-25,Electricity supply system,1
Mykolaivskyi,2025-05-19,2025-05-25,Government facilities,1
Mykolaivskyi,2025-05-19,2025-05-25,Industrial/Business/Enterprise facilities,1
Mykolaivskyi,2025-05-19,2025-05-25,Total,3
Nikopolskyi,2025-05-19,2025-05-25,Electricity supply system,5
Nikopolskyi,2025-05-19,2025-05-25,Gas supply system,2
Nikopolskyi,2025-05-19,2025-05-25,Government facilities,4
Nikopolskyi,2025-05-19,2025-05-25,Industrial/Business/Enterprise facilities,1
Nikopolskyi,2025-05-19,2025-05-25,Religious facilities,1
Nikopolskyi,2025-05-19,2025-05-25,Total,13
Nizhynskyi,2025-05-19,2025-05-25,Agricultural facilities,1
Nizhynskyi,2025-05-19,2025-05-25,Total,1
Novhorod-Siverskyi,2025-05-19,2025-05-25,Telecommunications,2
Novhorod-Siverskyi,2025-05-19,2025-05-25,Total,2
Novomoskovskyi,2025-05-19,2025-05-25,Agricultural facilities,1
Novomoskovskyi,2025-05-19,2025-05-25,Total,1
Obukhivskyi,2025-05-19,2025-05-25,"Education facility (school, etc.)",1
Obukhivskyi,2025-05-19,2025-05-25,Industrial/Business/Enterprise facilities,1
Obukhivskyi,2025-05-19,2025-05-25,Total,3
Obukhivskyi,2025-05-19,2025-05-25,Warehouse,1
Odeskyi,2025-05-19,2025-05-25,Government facilities,1
Odeskyi,2025-05-19,2025-05-25,Harbor,1
Odeskyi,2025-05-19,2025-05-25,Industrial/Business/Enterprise facilities,1
Odeskyi,2025-05-19,2025-05-25,Total,3
Okhtyrskyi,2025-05-19,2025-05-25,Bridge,1
Okhtyrskyi,2025-05-19,2025-05-25,Government facilities,1
Okhtyrskyi,2025-05-19,2025-05-25,Industrial/Business/Enterprise facilities,1
Okhtyrskyi,2025-05-19,2025-05-25,Total,4
Okhtyrskyi,2025-05-19,2025-05-25,Water supply system,1
Pavlohradskyi,2025-05-19,2025-05-25,Agricultural facilities,1
Pavlohradskyi,2025-05-19,2025-05-25,Electricity supply system,1
Pavlohradskyi,2025-05-19,2025-05-25,Industrial/Business/Enterprise facilities,2
Pavlohradskyi,2025-05-19,2025-05-25,Total,4
Pokrovskyi,2025-05-19,2025-05-25,Government facilities,2
Pokrovskyi,2025-05-19,2025-05-25,Industrial/Business/Enterprise facilities,1
Pokrovskyi,2025-05-19,2025-05-25,Religious facilities,1
Pokrovskyi,2025-05-19,2025-05-25,Total,4
Polohivskyi,2025-05-19,2025-05-25,Agricultural facilities,1
Polohivskyi,2025-05-19,2025-05-25,Total,1
Poltavskyi,2025-05-19,2025-05-25,Electricity supply system,1
Poltavskyi,2025-05-19,2025-05-25,"Health facility (hospital, health clinic)",1
Poltavskyi,2025-05-19,2025-05-25,Total,2
Shostkynskyi,2025-05-19,2025-05-25,Agricultural facilities,1
Shostkynskyi,2025-05-19,2025-05-25,"Education facility (school, etc.)",1
Shostkynskyi,2025-05-19,2025-05-25,Industrial/Business/Enterprise facilities,2
Shostkynskyi,2025-05-19,2025-05-25,Total,4
Sumskyi,2025-05-19,2025-05-25,"Cultural facilities (museum, theater etc.)",1
Sumskyi,2025-05-19,2025-05-25,Electricity supply system,1
Sumskyi,2025-05-19,2025-05-25,Government facilities,1
Sumskyi,2025-05-19,2025-05-25,Industrial/Business/Enterprise facilities,6
Sumskyi,2025-05-19,2025-05-25,Total,9
Synelnykivskyi,2025-05-19,2025-05-25,Agricultural facilities,1
Synelnykivskyi,2025-05-19,2025-05-25,"Cultural facilities (museum, theater etc.)",1
Synelnykivskyi,2025-05-19,2025-05-25,Fuel depot,1
Synelnykivskyi,2025-05-19,2025-05-25,Government facilities,1
Synelnykivskyi,2025-05-19,2025-05-25,Industrial/Business/Enterprise facilities,5
Synelnykivskyi,2025-05-19,2025-05-25,Total,10
Synelnykivskyi,2025-05-19,2025-05-25,Warehouse,1
Ternopilskyi,2025-05-19,2025-05-25,Industrial/Business/Enterprise facilities,10
Ternopilskyi,2025-05-19,2025-05-25,Total,10
Umanskyi,2025-05-19,2025-05-25,"Education facility (school, etc.)",1
Umanskyi,2025-05-19,2025-05-25,Heating and water facility,1
Umanskyi,2025-05-19,2025-05-25,Total,2
Zvenyhorodskyi,2025-05-19,2025-05-25,Electricity supply system,1
Zvenyhorodskyi,2025-05-19,2025-05-25,Total,1
Bilhorod-Dnistrovskyi,2025-05-12,2025-05-18,Government facilities,2
Bilhorod-Dnistrovskyi,2025-05-12,2025-05-18,Total,2
Bilotserkivskyi,2025-05-12,2025-05-18,"Cultural facilities (museum, theater etc.)",1
Bilotserkivskyi,2025-05-12,2025-05-18,"Education facility (school, etc.)",1
Bilotserkivskyi,2025-05-12,2025-05-18,Government facilities,1
Bilotserkivskyi,2025-05-12,2025-05-18,Industrial/Business/Enterprise facilities,1
Bilotserkivskyi,2025-05-12,2025-05-18,Total,4
Chernihivskyi,2025-05-12,2025-05-18,Industrial/Business/Enterprise facilities,1
Chernihivskyi,2025-05-12,2025-05-18,Total,2
Chernihivskyi,2025-05-12,2025-05-18,Warehouse,1
Chuhuivskyi,2025-05-12,2025-05-18,Agricultural facilities,1
Chuhuivskyi,2025-05-12,2025-05-18,Gas supply system,1
Chuhuivskyi,2025-05-12,2025-05-18,Industrial/Business/Enterprise facilities,1
Chuhuivskyi,2025-05-12,2025-05-18,Total,3
Fastivskyi,2025-05-12,2025-05-18,"Health facility (hospital, health clinic)",1
Fastivskyi,2025-05-12,2025-05-18,Total,3
Fastivskyi,2025-05-12,2025-05-18,Warehouse,2
Iziumskyi,2025-05-12,2025-05-18,Electricity supply system,1
Iziumskyi,2025-05-12,2025-05-18,Industrial/Business/Enterprise facilities,1
Iziumskyi,2025-05-12,2025-05-18,Total,2
Kharkivskyi,2025-05-12,2025-05-18,Electricity supply system,1
Kharkivskyi,2025-05-12,2025-05-18,Total,1
Khersonskyi,2025-05-12,2025-05-18,Electricity supply system,1
Khersonskyi,2025-05-12,2025-05-18,Other,1
Khersonskyi,2025-05-12,2025-05-18,Railway,2
Khersonskyi,2025-05-12,2025-05-18,Road / Highway,1
Khersonskyi,2025-05-12,2025-05-18,Total,5
Konotopskyi,2025-05-12,2025-05-18,Agricultural facilities,16
Konotopskyi,2025-05-12,2025-05-18,Electricity supply system,1
Konotopskyi,2025-05-12,2025-05-18,Industrial/Business/Enterprise facilities,4
Konotopskyi,2025-05-12,2025-05-18,Total,21
Koriukivskyi,2025-05-12,2025-05-18,"Education facility (school, etc.)",1
Koriukivskyi,2025-05-12,2025-05-18,Industrial/Business/Enterprise facilities,1
Koriukivskyi,2025-05-12,2025-05-18,Total,3
Koriukivskyi,2025-05-12,2025-05-18,Warehouse,1
Kramatorskyi,2025-05-12,2025-05-18,Agricultural facilities,2
Kramatorskyi,2025-05-12,2025-05-18,"Education facility (school, etc.)",2
Kramatorskyi,2025-05-12,2025-05-18,Electricity supply system,2
Kramatorskyi,2025-05-12,2025-05-18,Fuel depot,2
Kramatorskyi,2025-05-12,2025-05-18,Gas supply system,1
Kramatorskyi,2025-05-12,2025-05-18,Government facilities,8
Kramatorskyi,2025-05-12,2025-05-18,"Health facility (hospital, health clinic)",3
Kramatorskyi,2025-05-12,2025-05-18,Industrial/Business/Enterprise facilities,7
Kramatorskyi,2025-05-12,2025-05-18,Railway,1
Kramatorskyi,2025-05-12,2025-05-18,Total,29
Kramatorskyi,2025-05-12,2025-05-18,Warehouse,1
Kryvorizkyi,2025-05-12,2025-05-18,Electricity supply system,2
Kryvorizkyi,2025-05-12,2025-05-18,Gas supply system,1
Kryvorizkyi,2025-05-12,2025-05-18,Total,3
Kupianskyi,2025-05-12,2025-05-18,Agricultural facilities,2
Kupianskyi,2025-05-12,2025-05-18,"Cultural facilities (museum, theater etc.)",1
Kupianskyi,2025-05-12,2025-05-18,Electricity supply system,2
Kupianskyi,2025-05-12,2025-05-18,Gas supply system,1
Kupianskyi,2025-05-12,2025-05-18,Government facilities,5
Kupianskyi,2025-05-12,2025-05-18,Industrial/Business/Enterprise facilities,3
Kupianskyi,2025-05-12,2025-05-18,Total,14
Kyiv,2025-05-12,2025-05-18,Heating and water facility,1
Kyiv,2025-05-12,2025-05-18,Road / Highway,1
Kyiv,2025-05-12,2025-05-18,Total,2
Lubenskyi,2025-05-12,2025-05-18,Gas supply system,1
Lubenskyi,2025-05-12,2025-05-18,Total,1
Luhanskyi,2025-05-12,2025-05-18,Industrial/Business/Enterprise facilities,1
Luhanskyi,2025-05-12,2025-05-18,Total,1
Mykolaivskyi,2025-05-12,2025-05-18,Electricity supply system,1
Mykolaivskyi,2025-05-12,2025-05-18,"Health facility (hospital, health clinic)",1
Mykolaivskyi,2025-05-12,2025-05-18,Total,2
Nikopolskyi,2025-05-12,2025-05-18,Agricultural facilities,1
Nikopolskyi,2025-05-12,2025-05-18,"Cultural facilities (museum, theater etc.)",1
Nikopolskyi,2025-05-12,2025-05-18,"Education facility (school, etc.)",2
Nikopolskyi,2025-05-12,2025-05-18,Electricity supply system,4
Nikopolskyi,2025-05-12,2025-05-18,Government facilities,3
Nikopolskyi,2025-05-12,2025-05-18,"Health facility (hospital, health clinic)",2
Nikopolskyi,2025-05-12,2025-05-18,Industrial/Business/Enterprise facilities,11
Nikopolskyi,2025-05-12,2025-05-18,Religious facilities,1
Nikopolskyi,2025-05-12,2025-05-18,Total,25
Obukhivskyi,2025-05-12,2025-05-18,"Education facility (school, etc.)",1
Obukhivskyi,2025-05-12,2025-05-18,Government facilities,2
Obukhivskyi,2025-05-12,2025-05-18,Industrial/Business/Enterprise facilities,2
Obukhivskyi,2025-05-12,2025-05-18,Religious facilities,1
Obukhivskyi,2025-05-12,2025-05-18,Total,7
Obukhivskyi,2025-05-12,2025-05-18,Water supply system,1
Pokrovskyi,2025-05-12,2025-05-18,"Cultural facilities (museum, theater etc.)",1
Pokrovskyi,2025-05-12,2025-05-18,Fuel depot,1
Pokrovskyi,2025-05-12,2025-05-18,Government facilities,4
Pokrovskyi,2025-05-12,2025-05-18,"Health facility (hospital, health clinic)",1
Pokrovskyi,2025-05-12,2025-05-18,Industrial/Business/Enterprise facilities,1
Pokrovskyi,2025-05-12,2025-05-18,Total,10
Pokrovskyi,2025-05-12,2025-05-18,Warehouse,2
Prylutskyi,2025-05-12,2025-05-18,"Cultural facilities (museum, theater etc.)",1
Prylutskyi,2025-05-12,2025-05-18,"Education facility (school, etc.)",1
Prylutskyi,2025-05-12,2025-05-18,Total,2
Shostkynskyi,2025-05-12,2025-05-18,Industrial/Business/Enterprise facilities,1
Shostkynskyi,2025-05-12,2025-05-18,Total,1
Sumskyi,2025-05-12,2025-05-18,"Cultural facilities (museum, theater etc.)",2
Sumskyi,2025-05-12,2025-05-18,"Education facility (school, etc.)",1
Sumskyi,2025-05-12,2025-05-18,Electricity supply system,2
Sumskyi,2025-05-12,2025-05-18,Gas supply system,2
Sumskyi,2025-05-12,2025-05-18,Government facilities,1
Sumskyi,2025-05-12,2025-05-18,"Health facility (hospital, health clinic)",1
Sumskyi,2025-05-12,2025-05-18,Industrial/Business/Enterprise facilities,9
Sumskyi,2025-05-12,2025-05-18,Total,20
Sumskyi,2025-05-12,2025-05-18,Warehouse,2
Synelnykivskyi,2025-05-12,2025-05-18,Agricultural facilities,2
Synelnykivskyi,2025-05-12,2025-05-18,"Cultural facilities (museum, theater etc.)",1
Synelnykivskyi,2025-05-12,2025-05-18,Government facilities,2
Synelnykivskyi,2025-05-12,2025-05-18,Industrial/Business/Enterprise facilities,2
Synelnykivskyi,2025-05-12,2025-05-18,Total,7
Beryslavskyi,2025-05-05,2025-05-11,"Education facility (school, etc.)",2
Beryslavskyi,2025-05-05,2025-05-11,Total,2
Bilotserkivskyi,2025-05-05,2025-05-11,Total,1
Bilotserkivskyi,2025-05-05,2025-05-11,Warehouse,1
Bohodukhivskyi,2025-05-05,2025-05-11,Electricity supply system,2
Bohodukhivskyi,2025-05-05,2025-05-11,Total,2
Cherkaskyi,2025-05-05,2025-05-11,Industrial/Business/Enterprise facilities,2
Cherkaskyi,2025-05-05,2025-05-11,Total,2
Fastivskyi,2025-05-05,2025-05-11,Total,1
Fastivskyi,2025-05-05,2025-05-11,Warehouse,1
Kharkivskyi,2025-05-05,2025-05-11,Government facilities,1
Kharkivskyi,2025-05-05,2025-05-11,Industrial/Business/Enterprise facilities,5
Kharkivskyi,2025-05-05,2025-05-11,Total,6
Khersonskyi,2025-05-05,2025-05-11,Electricity supply system,3
Khersonskyi,2025-05-05,2025-05-11,Gas supply system,3
Khersonskyi,2025-05-05,2025-05-11,Total,6
Konotopskyi,2025-05-05,2025-05-11,Electricity supply system,1
Konotopskyi,2025-05-05,2025-05-11,Total,1
Kramatorskyi,2025-05-05,2025-05-11,Agricultural facilities,7
Kramatorskyi,2025-05-05,2025-05-11,"Cultural facilities (museum, theater etc.)",2
Kramatorskyi,2025-05-05,2025-05-11,Electricity supply system,5
Kramatorskyi,2025-05-05,2025-05-11,Fuel depot,1
Kramatorskyi,2025-05-05,2025-05-11,Gas supply system,4
Kramatorskyi,2025-05-05,2025-05-11,Government facilities,4
Kramatorskyi,2025-05-05,2025-05-11,"Health facility (hospital, health clinic)",1
Kramatorskyi,2025-05-05,2025-05-11,Industrial/Business/Enterprise facilities,9
Kramatorskyi,2025-05-05,2025-05-11,Religious facilities,1
Kramatorskyi,2025-05-05,2025-05-11,Road / Highway,1
Kramatorskyi,2025-05-05,2025-05-11,Total,36
Kramatorskyi,2025-05-05,2025-05-11,Warehouse,1
Kupianskyi,2025-05-05,2025-05-11,Agricultural facilities,1
Kupianskyi,2025-05-05,2025-05-11,"Education facility (school, etc.)",1
Kupianskyi,2025-05-05,2025-05-11,Electricity supply system,1
Kupianskyi,2025-05-05,2025-05-11,Government facilities,4
Kupianskyi,2025-05-05,2025-05-11,"Health facility (hospital, health clinic)",1
Kupianskyi,2025-05-05,2025-05-11,Industrial/Business/Enterprise facilities,2
Kupianskyi,2025-05-05,2025-05-11,Total,11
Kupianskyi,2025-05-05,2025-05-11,Warehouse,1
Kyiv,2025-05-05,2025-05-11,Government facilities,1
Kyiv,2025-05-05,2025-05-11,Industrial/Business/Enterprise facilities,3
Kyiv,2025-05-05,2025-05-11,Total,5
Kyiv,2025-05-05,2025-05-11,Warehouse,1
Lubenskyi,2025-05-05,2025-05-11,Electricity supply system,1
Lubenskyi,2025-05-05,2025-05-11,Total,1
Mykolaivskyi,2025-05-05,2025-05-11,"Health facility (hospital, health clinic)",1
Mykolaivskyi,2025-05-05,2025-05-11,Industrial/Business/Enterprise facilities,1
Mykolaivskyi,2025-05-05,2025-05-11,Total,2
Nikopolskyi,2025-05-05,2025-05-11,Electricity supply system,3
Nikopolskyi,2025-05-05,2025-05-11,Gas supply system,4
Nikopolskyi,2025-05-05,2025-05-11,Government facilities,1
Nikopolskyi,2025-05-05,2025-05-11,Industrial/Business/Enterprise facilities,3
Nikopolskyi,2025-05-05,2025-05-11,Total,11
Odeskyi,2025-05-05,2025-05-11,"Education facility (school, etc.)",1
Odeskyi,2025-05-05,2025-05-11,Electricity supply system,1
Odeskyi,2025-05-05,2025-05-11,Total,3
Odeskyi,2025-05-05,2025-05-11,Warehouse,1
Okhtyrskyi,2025-05-05,2025-05-11,"Cultural facilities (museum, theater etc.)",1
Okhtyrskyi,2025-05-05,2025-05-11,Industrial/Business/Enterprise facilities,1
Okhtyrskyi,2025-05-05,2025-05-11,Total,2
Pokrovskyi,2025-05-05,2025-05-11,Agricultural facilities,2
Pokrovskyi,2025-05-05,2025-05-11,Government facilities,1
Pokrovskyi,2025-05-05,2025-05-11,Heating and water facility,2
Pokrovskyi,2025-05-05,2025-05-11,Religious facilities,1
Pokrovskyi,2025-05-05,2025-05-11,Total,7
Pokrovskyi,2025-05-05,2025-05-11,Warehouse,1
Sumskyi,2025-05-05,2025-05-11,Agricultural facilities,3
Sumskyi,2025-05-05,2025-05-11,Bridge,1
Sumskyi,2025-05-05,2025-05-11,"Education facility (school, etc.)",1
Sumskyi,2025-05-05,2025-05-11,Electricity supply system,3
Sumskyi,2025-05-05,2025-05-11,Gas supply system,2
Sumskyi,2025-05-05,2025-05-11,Government facilities,1
Sumskyi,2025-05-05,2025-05-11,Industrial/Business/Enterprise facilities,5
Sumskyi,2025-05-05,2025-05-11,Religious facilities,2
Sumskyi,2025-05-05,2025-05-11,Road / Highway,1
Sumskyi,2025-05-05,2025-05-11,Total,19
Synelnykivskyi,2025-05-05,2025-05-11,Agricultural facilities,2
Synelnykivskyi,2025-05-05,2025-05-11,Electricity supply system,2
Synelnykivskyi,2025-05-05,2025-05-11,Gas supply system,1
Synelnykivskyi,2025-05-05,2025-05-11,Industrial/Business/Enterprise facilities,3
Synelnykivskyi,2025-05-05,2025-05-11,Total,8
Umanskyi,2025-05-05,2025-05-11,Agricultural facilities,1
Umanskyi,2025-05-05,2025-05-11,"Education facility (school, etc.)",1
Umanskyi,2025-05-05,2025-05-11,Government facilities,1
Umanskyi,2025-05-05,2025-05-11,"Health facility (hospital, health clinic)",2
Umanskyi,2025-05-05,2025-05-11,Industrial/Business/Enterprise facilities,1
Umanskyi,2025-05-05,2025-05-11,Total,6
Volnovaskyi,2025-05-05,2025-05-11,"Health facility (hospital, health clinic)",1
Volnovaskyi,2025-05-05,2025-05-11,Total,1
Zaporizkyi,2025-05-05,2025-05-11,Electricity supply system,1
Zaporizkyi,2025-05-05,2025-05-11,Total,1
Zvenyhorodskyi,2025-05-05,2025-05-11,"Education facility (school, etc.)",1
Zvenyhorodskyi,2025-05-05,2025-05-11,Government facilities,1
Zvenyhorodskyi,2025-05-05,2025-05-11,Total,2
Bashtanskyi,2025-04-28,2025-05-04,Electricity supply system,1
Bashtanskyi,2025-04-28,2025-05-04,Total,1
Beryslavskyi,2025-04-28,2025-05-04,"Health facility (hospital, health clinic)",1
Beryslavskyi,2025-04-28,2025-05-04,Total,1
Bilhorod-Dnistrovskyi,2025-04-28,2025-05-04,Agricultural facilities,1
Bilhorod-Dnistrovskyi,2025-04-28,2025-05-04,Total,1
Bohodukhivskyi,2025-04-28,2025-05-04,Electricity supply system,2
Bohodukhivskyi,2025-04-28,2025-05-04,Total,3
Bohodukhivskyi,2025-04-28,2025-05-04,Warehouse,1
Boryspilskyi,2025-04-28,2025-05-04,Industrial/Business/Enterprise facilities,1
Boryspilskyi,2025-04-28,2025-05-04,Total,1
Cherkaskyi,2025-04-28,2025-05-04,"Education facility (school, etc.)",1
Cherkaskyi,2025-04-28,2025-05-04,Gas supply system,1
Cherkaskyi,2025-04-28,2025-05-04,Other,1
Cherkaskyi,2025-04-28,2025-05-04,Total,7
Cherkaskyi,2025-04-28,2025-05-04,Warehouse,3
Cherkaskyi,2025-04-28,2025-05-04,Water supply system,1
Dniprovskyi,2025-04-28,2025-05-04,Agricultural facilities,1
Dniprovskyi,2025-04-28,2025-05-04,Industrial/Business/Enterprise facilities,3
Dniprovskyi,2025-04-28,2025-05-04,Total,4
Iziumskyi,2025-04-28,2025-05-04,"Cultural facilities (museum, theater etc.)",1
Iziumskyi,2025-04-28,2025-05-04,"Education facility (school, etc.)",3
Iziumskyi,2025-04-28,2025-05-04,Electricity supply system,1
Iziumskyi,2025-04-28,2025-05-04,Government facilities,7
Iziumskyi,2025-04-28,2025-05-04,Industrial/Business/Enterprise facilities,13
Iziumskyi,2025-04-28,2025-05-04,Other,1
Iziumskyi,2025-04-28,2025-05-04,Total,31
Iziumskyi,2025-04-28,2025-05-04,Warehouse,5
Kharkivskyi,2025-04-28,2025-05-04,Agricultural facilities,4
Kharkivskyi,2025-04-28,2025-05-04,"Education facility (school, etc.)",3
Kharkivskyi,2025-04-28,2025-05-04,Fuel depot,1
Kharkivskyi,2025-04-28,2025-05-04,Government facilities,2
Kharkivskyi,2025-04-28,2025-05-04,"Health facility (hospital, health clinic)",2
Kharkivskyi,2025-04-28,2025-05-04,Industrial/Business/Enterprise facilities,8
Kharkivskyi,2025-04-28,2025-05-04,Total,26
Kharkivskyi,2025-04-28,2025-05-04,Warehouse,6
Khersonskyi,2025-04-28,2025-05-04,"Education facility (school, etc.)",3
Khersonskyi,2025-04-28,2025-05-04,Industrial/Business/Enterprise facilities,3
Khersonskyi,2025-04-28,2025-05-04,Road / Highway,1
Khersonskyi,2025-04-28,2025-05-04,Telecommunications,1
Khersonskyi,2025-04-28,2025-05-04,Total,8
Konotopskyi,2025-04-28,2025-05-04,"Cultural facilities (museum, theater etc.)",1
Konotopskyi,2025-04-28,2025-05-04,"Education facility (school, etc.)",1
Konotopskyi,2025-04-28,2025-05-04,Government facilities,1
Konotopskyi,2025-04-28,2025-05-04,Industrial/Business/Enterprise facilities,1
Konotopskyi,2025-04-28,2025-05-04,Total,4
Kramatorskyi,2025-04-28,2025-05-04,Agricultural facilities,2
Kramatorskyi,2025-04-28,2025-05-04,"Cultural facilities (museum, theater etc.)",2
Kramatorskyi,2025-04-28,2025-05-04,"Education facility (school, etc.)",6
Kramatorskyi,2025-04-28,2025-05-04,Electricity supply system,2
Kramatorskyi,2025-04-28,2025-05-04,Gas supply system,1
Kramatorskyi,2025-04-28,2025-05-04,Government facilities,8
Kramatorskyi,2025-04-28,2025-05-04,"Health facility (hospital, health clinic)",1
Kramatorskyi,2025-04-28,2025-05-04,Industrial/Business/Enterprise facilities,12
Kramatorskyi,2025-04-28,2025-05-04,Religious facilities,1
Kramatorskyi,2025-04-28,2025-05-04,Total,36
Kramatorskyi,2025-04-28,2025-05-04,Warehouse,1
Krasnohradskyi,2025-04-28,2025-05-04,Total,1
Krasnohradskyi,2025-04-28,2025-05-04,Warehouse,1
Kupianskyi,2025-04-28,2025-05-04,"Education facility (school, etc.)",1
Kupianskyi,2025-04-28,2025-05-04,Government facilities,2
Kupianskyi,2025-04-28,2025-05-04,Industrial/Business/Enterprise facilities,3
Kupianskyi,2025-04-28,2025-05-04,Total,6
Kyiv,2025-04-28,2025-05-04,"Education facility (school, etc.)",2
Kyiv,2025-04-28,2025-05-04,Electricity supply system,1
Kyiv,2025-04-28,2025-05-04,Industrial/Business/Enterprise facilities,3
Kyiv,2025-04-28,2025-05-04,Road / Highway,1
Kyiv,2025-04-28,2025-05-04,Total,7
Mykolaivskyi,2025-04-28,2025-05-04,Electricity supply system,1
Mykolaivskyi,2025-04-28,2025-05-04,Total,2
Mykolaivskyi,2025-04-28,2025-05-04,Warehouse,1
Nikopolskyi,2025-04-28,2025-05-04,Agricultural facilities,1
Nikopolskyi,2025-04-28,2025-05-04,"Education facility (school, etc.)",1
Nikopolskyi,2025-04-28,2025-05-04,Electricity supply system,3
Nikopolskyi,2025-04-28,2025-05-04,Fuel depot,1
Nikopolskyi,2025-04-28,2025-05-04,Gas supply system,2
Nikopolskyi,2025-04-28,2025-05-04,Government facilities,3
Nikopolskyi,2025-04-28,2025-05-04,Industrial/Business/Enterprise facilities,6
Nikopolskyi,2025-04-28,2025-05-04,Total,17
Novhorod-Siverskyi,2025-04-28,2025-05-04,"Education facility (school, etc.)",1
Novhorod-Siverskyi,2025-04-28,2025-05-04,Government facilities,1
Novhorod-Siverskyi,2025-04-28,2025-05-04,Total,2
Odeskyi,2025-04-28,2025-05-04,"Education facility (school, etc.)",1
Odeskyi,2025-04-28,2025-05-04,Industrial/Business/Enterprise facilities,2
Odeskyi,2025-04-28,2025-05-04,Total,3
Okhtyrskyi,2025-04-28,2025-05-04,"Education facility (school, etc.)",1
Okhtyrskyi,2025-04-28,2025-05-04,"Health facility (hospital, health clinic)",1
Okhtyrskyi,2025-04-28,2025-05-04,Total,2
Pokrovskyi,2025-04-28,2025-05-04,Agricultural facilities,1
Pokrovskyi,2025-04-28,2025-05-04,"Education facility (school, etc.)",5
Pokrovskyi,2025-04-28,2025-05-04,Electricity supply system,1
Pokrovskyi,2025-04-28,2025-05-04,Government facilities,4
Pokrovskyi,2025-04-28,2025-05-04,"Health facility (hospital, health clinic)",2
Pokrovskyi,2025-04-28,2025-05-04,Industrial/Business/Enterprise facilities,6
Pokrovskyi,2025-04-28,2025-05-04,Religious facilities,1
Pokrovskyi,2025-04-28,2025-05-04,Total,21
Pokrovskyi,2025-04-28,2025-05-04,Warehouse,1
Polohivskyi,2025-04-28,2025-05-04,Government facilities,1
Polohivskyi,2025-04-28,2025-05-04,Total,1
Shostkynskyi,2025-04-28,2025-05-04,"Education facility (school, etc.)",2
Shostkynskyi,2025-04-28,2025-05-04,Government facilities,1
Shostkynskyi,2025-04-28,2025-05-04,Industrial/Business/Enterprise facilities,1
Shostkynskyi,2025-04-28,2025-05-04,Religious facilities,2
Shostkynskyi,2025-04-28,2025-05-04,Total,6
Sumskyi,2025-04-28,2025-05-04,Agricultural facilities,1
Sumskyi,2025-04-28,2025-05-04,Electricity supply system,1
Sumskyi,2025-04-28,2025-05-04,Gas supply system,1
Sumskyi,2025-04-28,2025-05-04,Government facilities,1
Sumskyi,2025-04-28,2025-05-04,Industrial/Business/Enterprise facilities,3
Sumskyi,2025-04-28,2025-05-04,Total,8
Sumskyi,2025-04-28,2025-05-04,Warehouse,1
Synelnykivskyi,2025-04-28,2025-05-04,Agricultural facilities,1
Synelnykivskyi,2025-04-28,2025-05-04,"Education facility (school, etc.)",1
Synelnykivskyi,2025-04-28,2025-05-04,Electricity supply system,1
Synelnykivskyi,2025-04-28,2025-05-04,Industrial/Business/Enterprise facilities,2
Synelnykivskyi,2025-04-28,2025-05-04,Religious facilities,1
Synelnykivskyi,2025-04-28,2025-05-04,Total,6
Zaporizkyi,2025-04-28,2025-05-04,"Education facility (school, etc.)",5
Zaporizkyi,2025-04-28,2025-05-04,Industrial/Business/Enterprise facilities,1
Zaporizkyi,2025-04-28,2025-05-04,Other,1
Zaporizkyi,2025-04-28,2025-05-04,Railway,1
Zaporizkyi,2025-04-28,2025-05-04,Total,8
Bohodukhivskyi,2025-04-21,2025-04-27,Electricity supply system,3
Bohodukhivskyi,2025-04-21,2025-04-27,Road / Highway,1
Bohodukhivskyi,2025-04-21,2025-04-27,Total,4
Brovarskyi,2025-04-21,2025-04-27,Industrial/Business/Enterprise facilities,1
Brovarskyi,2025-04-21,2025-04-27,Total,2
Brovarskyi,2025-04-21,2025-04-27,Warehouse,1
Buchanskyi,2025-04-21,2025-04-27,Industrial/Business/Enterprise facilities,6
Buchanskyi,2025-04-21,2025-04-27,Road / Highway,1
Buchanskyi,2025-04-21,2025-04-27,Total,7
Dniprovskyi,2025-04-21,2025-04-27,Industrial/Business/Enterprise facilities,2
Dniprovskyi,2025-04-21,2025-04-27,Road / Highway,1
Dniprovskyi,2025-04-21,2025-04-27,Total,3
Iziumskyi,2025-04-21,2025-04-27,Government facilities,1
Iziumskyi,2025-04-21,2025-04-27,Industrial/Business/Enterprise facilities,7
Iziumskyi,2025-04-21,2025-04-27,Total,9
Iziumskyi,2025-04-21,2025-04-27,Warehouse,1
Kharkivskyi,2025-04-21,2025-04-27,"Education facility (school, etc.)",1
Kharkivskyi,2025-04-21,2025-04-27,Electricity supply system,1
Kharkivskyi,2025-04-21,2025-04-27,Government facilities,1
Kharkivskyi,2025-04-21,2025-04-27,"Health facility (hospital, health clinic)",1
Kharkivskyi,2025-04-21,2025-04-27,Industrial/Business/Enterprise facilities,23
Kharkivskyi,2025-04-21,2025-04-27,Other,2
Kharkivskyi,2025-04-21,2025-04-27,Railway,1
Kharkivskyi,2025-04-21,2025-04-27,Road / Highway,2
Kharkivskyi,2025-04-21,2025-04-27,Total,37
Kharkivskyi,2025-04-21,2025-04-27,Warehouse,5
Khersonskyi,2025-04-21,2025-04-27,"Education facility (school, etc.)",2
Khersonskyi,2025-04-21,2025-04-27,Electricity supply system,1
Khersonskyi,2025-04-21,2025-04-27,Government facilities,1
Khersonskyi,2025-04-21,2025-04-27,"Health facility (hospital, health clinic)",2
Khersonskyi,2025-04-21,2025-04-27,Total,6
Khmelnytskyi,2025-04-21,2025-04-27,Electricity supply system,1
Khmelnytskyi,2025-04-21,2025-04-27,Total,1
Konotopskyi,2025-04-21,2025-04-27,Electricity supply system,1
Konotopskyi,2025-04-21,2025-04-27,"Health facility (hospital, health clinic)",1
Konotopskyi,2025-04-21,2025-04-27,Industrial/Business/Enterprise facilities,1
Konotopskyi,2025-04-21,2025-04-27,Total,3
Kramatorskyi,2025-04-21,2025-04-27,Agricultural facilities,1
Kramatorskyi,2025-04-21,2025-04-27,"Education facility (school, etc.)",4
Kramatorskyi,2025-04-21,2025-04-27,Electricity supply system,4
Kramatorskyi,2025-04-21,2025-04-27,Fuel depot,2
Kramatorskyi,2025-04-21,2025-04-27,Gas supply system,2
Kramatorskyi,2025-04-21,2025-04-27,Government facilities,7
Kramatorskyi,2025-04-21,2025-04-27,"Health facility (hospital, health clinic)",6
Kramatorskyi,2025-04-21,2025-04-27,Heating and water facility,1
Kramatorskyi,2025-04-21,2025-04-27,Industrial/Business/Enterprise facilities,21
Kramatorskyi,2025-04-21,2025-04-27,Railway,2
Kramatorskyi,2025-04-21,2025-04-27,Religious facilities,1
Kramatorskyi,2025-04-21,2025-04-27,Total,58
Kramatorskyi,2025-04-21,2025-04-27,Warehouse,7
Kropyvnytskyi,2025-04-21,2025-04-27,Industrial/Business/Enterprise facilities,1
Kropyvnytskyi,2025-04-21,2025-04-27,Total,2
Kropyvnytskyi,2025-04-21,2025-04-27,Warehouse,1
Kryvorizkyi,2025-04-21,2025-04-27,Electricity supply system,1
Kryvorizkyi,2025-04-21,2025-04-27,Total,1
Kupianskyi,2025-04-21,2025-04-27,"Education facility (school, etc.)",1
Kupianskyi,2025-04-21,2025-04-27,Electricity supply system,1
Kupianskyi,2025-04-21,2025-04-27,Gas supply system,2
Kupianskyi,2025-04-21,2025-04-27,Government facilities,1
Kupianskyi,2025-04-21,2025-04-27,Heating and water facility,1
Kupianskyi,2025-04-21,2025-04-27,Industrial/Business/Enterprise facilities,3
Kupianskyi,2025-04-21,2025-04-27,Total,11
Kupianskyi,2025-04-21,2025-04-27,Warehouse,2
Kyiv,2025-04-21,2025-04-27,"Education facility (school, etc.)",6
Kyiv,2025-04-21,2025-04-27,Gas supply system,1
Kyiv,2025-04-21,2025-04-27,Government facilities,3
Kyiv,2025-04-21,2025-04-27,"Health facility (hospital, health clinic)",1
Kyiv,2025-04-21,2025-04-27,Industrial/Business/Enterprise facilities,1
Kyiv,2025-04-21,2025-04-27,Other,1
Kyiv,2025-04-21,2025-04-27,Railway,1
Kyiv,2025-04-21,2025-04-27,Road / Highway,1
Kyiv,2025-04-21,2025-04-27,Total,16
Kyiv,2025-04-21,2025-04-27,Warehouse,1
Mykolaivskyi,2025-04-21,2025-04-27,Electricity supply system,2
Mykolaivskyi,2025-04-21,2025-04-27,Total,2
Nikopolskyi,2025-04-21,2025-04-27,Agricultural facilities,2
Nikopolskyi,2025-04-21,2025-04-27,Electricity supply system,4
Nikopolskyi,2025-04-21,2025-04-27,Gas supply system,4
Nikopolskyi,2025-04-21,2025-04-27,Government facilities,4
Nikopolskyi,2025-04-21,2025-04-27,Industrial/Business/Enterprise facilities,4
Nikopolskyi,2025-04-21,2025-04-27,Other,1
Nikopolskyi,2025-04-21,2025-04-27,Total,19
Novhorod-Siverskyi,2025-04-21,2025-04-27,Industrial/Business/Enterprise facilities,1
Novhorod-Siverskyi,2025-04-21,2025-04-27,Total,1
Novomoskovskyi,2025-04-21,2025-04-27,Industrial/Business/Enterprise facilities,1
Novomoskovskyi,2025-04-21,2025-04-27,Total,1
Novoukrainskyi,2025-04-21,2025-04-27,Telecommunications,1
Novoukrainskyi,2025-04-21,2025-04-27,Total,1
Odeskyi,2025-04-21,2025-04-27,"Education facility (school, etc.)",4
Odeskyi,2025-04-21,2025-04-27,Industrial/Business/Enterprise facilities,2
Odeskyi,2025-04-21,2025-04-27,Other,7
Odeskyi,2025-04-21,2025-04-27,Total,13
Okhtyrskyi,2025-04-21,2025-04-27,"Education facility (school, etc.)",1
Okhtyrskyi,2025-04-21,2025-04-27,Total,1
Pavlohradskyi,2025-04-21,2025-04-27,Agricultural facilities,1
Pavlohradskyi,2025-04-21,2025-04-27,Government facilities,3
Pavlohradskyi,2025-04-21,2025-04-27,Industrial/Business/Enterprise facilities,2
Pavlohradskyi,2025-04-21,2025-04-27,Total,7
Pavlohradskyi,2025-04-21,2025-04-27,Warehouse,1
Pokrovskyi,2025-04-21,2025-04-27,"Cultural facilities (museum, theater etc.)",1
Pokrovskyi,2025-04-21,2025-04-27,"Education facility (school, etc.)",2
Pokrovskyi,2025-04-21,2025-04-27,Government facilities,1
Pokrovskyi,2025-04-21,2025-04-27,"Health facility (hospital, health clinic)",1
Pokrovskyi,2025-04-21,2025-04-27,Heating and water facility,1
Pokrovskyi,2025-04-21,2025-04-27,Industrial/Business/Enterprise facilities,4
Pokrovskyi,2025-04-21,2025-04-27,Other,1
Pokrovskyi,2025-04-21,2025-04-27,Railway,1
Pokrovskyi,2025-04-21,2025-04-27,Total,12
Poltavskyi,2025-04-21,2025-04-27,Industrial/Business/Enterprise facilities,5
Poltavskyi,2025-04-21,2025-04-27,Total,7
Poltavskyi,2025-04-21,2025-04-27,Warehouse,2
Romenskyi,2025-04-21,2025-04-27,Agricultural facilities,1
Romenskyi,2025-04-21,2025-04-27,Government facilities,2
Romenskyi,2025-04-21,2025-04-27,Industrial/Business/Enterprise facilities,1
Romenskyi,2025-04-21,2025-04-27,Total,4
Shostkynskyi,2025-04-21,2025-04-27,"Cultural facilities (museum, theater etc.)",1
Shostkynskyi,2025-04-21,2025-04-27,"Education facility (school, etc.)",2
Shostkynskyi,2025-04-21,2025-04-27,Industrial/Business/Enterprise facilities,1
Shostkynskyi,2025-04-21,2025-04-27,Railway,1
Shostkynskyi,2025-04-21,2025-04-27,Total,5
Sumskyi,2025-04-21,2025-04-27,Bridge,1
Sumskyi,2025-04-21,2025-04-27,"Cultural facilities (museum, theater etc.)",1
Sumskyi,2025-04-21,2025-04-27,"Education facility (school, etc.)",1
Sumskyi,2025-04-21,2025-04-27,Electricity supply system,3
Sumskyi,2025-04-21,2025-04-27,Gas supply system,2
Sumskyi,2025-04-21,2025-04-27,Government facilities,2
Sumskyi,2025-04-21,2025-04-27,Industrial/Business/Enterprise facilities,2
Sumskyi,2025-04-21,2025-04-27,Other,1
Sumskyi,2025-04-21,2025-04-27,Telecommunications,1
Sumskyi,2025-04-21,2025-04-27,Total,14
Synelnykivskyi,2025-04-21,2025-04-27,Agricultural facilities,3
Synelnykivskyi,2025-04-21,2025-04-27,Electricity supply system,2
Synelnykivskyi,2025-04-21,2025-04-27,Government facilities,1
Synelnykivskyi,2025-04-21,2025-04-27,Industrial/Business/Enterprise facilities,7
Synelnykivskyi,2025-04-21,2025-04-27,Religious facilities,1
Synelnykivskyi,2025-04-21,2025-04-27,Total,14
Vyshhorodskyi,2025-04-21,2025-04-27,Total,1
Vyshhorodskyi,2025-04-21,2025-04-27,Warehouse,1
Zaporizkyi,2025-04-21,2025-04-27,"Education facility (school, etc.)",1
Zaporizkyi,2025-04-21,2025-04-27,Electricity supply system,1
Zaporizkyi,2025-04-21,2025-04-27,Gas supply system,2
Zaporizkyi,2025-04-21,2025-04-27,Government facilities,1
Zaporizkyi,2025-04-21,2025-04-27,Total,5
Zhytomyrskyi,2025-04-21,2025-04-27,"Education facility (school, etc.)",1
Zhytomyrskyi,2025-04-21,2025-04-27,Industrial/Business/Enterprise facilities,1
Zhytomyrskyi,2025-04-21,2025-04-27,Total,3
Zhytomyrskyi,2025-04-21,2025-04-27,Warehouse,1
Beryslavskyi,2025-04-14,2025-04-20,Electricity supply system,1
Beryslavskyi,2025-04-14,2025-04-20,Industrial/Business/Enterprise facilities,1
Beryslavskyi,2025-04-14,2025-04-20,Total,2
Dniprovskyi,2025-04-14,2025-04-20,Agricultural facilities,1
Dniprovskyi,2025-04-14,2025-04-20,"Cultural facilities (museum, theater etc.)",3
Dniprovskyi,2025-04-14,2025-04-20,"Education facility (school, etc.)",8
Dniprovskyi,2025-04-14,2025-04-20,Electricity supply system,1
Dniprovskyi,2025-04-14,2025-04-20,Government facilities,2
Dniprovskyi,2025-04-14,2025-04-20,Industrial/Business/Enterprise facilities,9
Dniprovskyi,2025-04-14,2025-04-20,Other,3
Dniprovskyi,2025-04-14,2025-04-20,Total,27
Iziumskyi,2025-04-14,2025-04-20,"Education facility (school, etc.)",1
Iziumskyi,2025-04-14,2025-04-20,Total,1
Kamianskyi,2025-04-14,2025-04-20,"Education facility (school, etc.)",1
Kamianskyi,2025-04-14,2025-04-20,Gas supply system,1
Kamianskyi,2025-04-14,2025-04-20,Industrial/Business/Enterprise facilities,1
Kamianskyi,2025-04-14,2025-04-20,Total,4
Kamianskyi,2025-04-14,2025-04-20,Water supply system,1
Kharkivskyi,2025-04-14,2025-04-20,"Education facility (school, etc.)",5
Kharkivskyi,2025-04-14,2025-04-20,Electricity supply system,1
Kharkivskyi,2025-04-14,2025-04-20,Gas supply system,1
Kharkivskyi,2025-04-14,2025-04-20,"Health facility (hospital, health clinic)",1
Kharkivskyi,2025-04-14,2025-04-20,Industrial/Business/Enterprise facilities,3
Kharkivskyi,2025-04-14,2025-04-20,Road / Highway,1
Kharkivskyi,2025-04-14,2025-04-20,Total,14
Kharkivskyi,2025-04-14,2025-04-20,Warehouse,1
Kharkivskyi,2025-04-14,2025-04-20,Water supply system,1
Khersonskyi,2025-04-14,2025-04-20,"Education facility (school, etc.)",2
Khersonskyi,2025-04-14,2025-04-20,Electricity supply system,1
Khersonskyi,2025-04-14,2025-04-20,Government facilities,1
Khersonskyi,2025-04-14,2025-04-20,Industrial/Business/Enterprise facilities,7
Khersonskyi,2025-04-14,2025-04-20,Other,1
Khersonskyi,2025-04-14,2025-04-20,Road / Highway,2
Khersonskyi,2025-04-14,2025-04-20,Total,14
Konotopskyi,2025-04-14,2025-04-20,Electricity supply system,1
Konotopskyi,2025-04-14,2025-04-20,Industrial/Business/Enterprise facilities,2
Konotopskyi,2025-04-14,2025-04-20,Other,1
Konotopskyi,2025-04-14,2025-04-20,Total,4
Kramatorskyi,2025-04-14,2025-04-20,"Cultural facilities (museum, theater etc.)",1
Kramatorskyi,2025-04-14,2025-04-20,"Education facility (school, etc.)",4
Kramatorskyi,2025-04-14,2025-04-20,Electricity supply system,5
Kramatorskyi,2025-04-14,2025-04-20,Fuel depot,1
Kramatorskyi,2025-04-14,2025-04-20,Gas supply system,2
Kramatorskyi,2025-04-14,2025-04-20,Government facilities,5
Kramatorskyi,2025-04-14,2025-04-20,"Health facility (hospital, health clinic)",1
Kramatorskyi,2025-04-14,2025-04-20,Industrial/Business/Enterprise facilities,14
Kramatorskyi,2025-04-14,2025-04-20,Total,35
Kramatorskyi,2025-04-14,2025-04-20,Warehouse,2
Kupianskyi,2025-04-14,2025-04-20,Gas supply system,1
Kupianskyi,2025-04-14,2025-04-20,Government facilities,2
Kupianskyi,2025-04-14,2025-04-20,Industrial/Business/Enterprise facilities,1
Kupianskyi,2025-04-14,2025-04-20,Total,4
Mykolaivskyi,2025-04-14,2025-04-20,Industrial/Business/Enterprise facilities,1
Mykolaivskyi,2025-04-14,2025-04-20,Total,3
Mykolaivskyi,2025-04-14,2025-04-20,Warehouse,2
Nikopolskyi,2025-04-14,2025-04-20,Electricity supply system,1
Nikopolskyi,2025-04-14,2025-04-20,Gas supply system,1
Nikopolskyi,2025-04-14,2025-04-20,Government facilities,2
Nikopolskyi,2025-04-14,2025-04-20,Industrial/Business/Enterprise facilities,4
Nikopolskyi,2025-04-14,2025-04-20,Road / Highway,1
Nikopolskyi,2025-04-14,2025-04-20,Total,9
Novhorod-Siverskyi,2025-04-14,2025-04-20,Industrial/Business/Enterprise facilities,2
Novhorod-Siverskyi,2025-04-14,2025-04-20,Total,2
Odeskyi,2025-04-14,2025-04-20,"Education facility (school, etc.)",1
Odeskyi,2025-04-14,2025-04-20,"Health facility (hospital, health clinic)",1
Odeskyi,2025-04-14,2025-04-20,Religious facilities,1
Odeskyi,2025-04-14,2025-04-20,Total,4
Odeskyi,2025-04-14,2025-04-20,Warehouse,1
Pavlohradskyi,2025-04-14,2025-04-20,Industrial/Business/Enterprise facilities,1
Pavlohradskyi,2025-04-14,2025-04-20,Total,1
Pokrovskyi,2025-04-14,2025-04-20,"Health facility (hospital, health clinic)",1
Pokrovskyi,2025-04-14,2025-04-20,Industrial/Business/Enterprise facilities,1
Pokrovskyi,2025-04-14,2025-04-20,Total,2
Poltavskyi,2025-04-14,2025-04-20,Electricity supply system,1
Poltavskyi,2025-04-14,2025-04-20,Total,1
Sumskyi,2025-04-14,2025-04-20,Agricultural facilities,2
Sumskyi,2025-04-14,2025-04-20,"Education facility (school, etc.)",2
Sumskyi,2025-04-14,2025-04-20,Gas supply system,1
Sumskyi,2025-04-14,2025-04-20,Government facilities,1
Sumskyi,2025-04-14,2025-04-20,Industrial/Business/Enterprise facilities,2
Sumskyi,2025-04-14,2025-04-20,Road / Highway,1
Sumskyi,2025-04-14,2025-04-20,Total,9
Synelnykivskyi,2025-04-14,2025-04-20,"Education facility (school, etc.)",2
Synelnykivskyi,2025-04-14,2025-04-20,Electricity supply system,2
Synelnykivskyi,2025-04-14,2025-04-20,Industrial/Business/Enterprise facilities,1
Synelnykivskyi,2025-04-14,2025-04-20,Total,5
Vasylivskyi,2025-04-14,2025-04-20,Electricity supply system,2
Vasylivskyi,2025-04-14,2025-04-20,Total,2
Zaporizkyi,2025-04-14,2025-04-20,Agricultural facilities,1
Zaporizkyi,2025-04-14,2025-04-20,Fuel depot,1
Zaporizkyi,2025-04-14,2025-04-20,Industrial/Business/Enterprise facilities,1
Zaporizkyi,2025-04-14,2025-04-20,Total,3
Bohodukhivskyi,2025-04-07,2025-04-13,Electricity supply system,3
Bohodukhivskyi,2025-04-07,2025-04-13,Total,4
Bohodukhivskyi,2025-04-07,2025-04-13,Water supply system,1
Buchanskyi,2025-04-07,2025-04-13,Total,1
Buchanskyi,2025-04-07,2025-04-13,Warehouse,1
Chuhuivskyi,2025-04-07,2025-04-13,Government facilities,1
Chuhuivskyi,2025-04-07,2025-04-13,Industrial/Business/Enterprise facilities,1
Chuhuivskyi,2025-04-07,2025-04-13,Total,2
Dniprovskyi,2025-04-07,2025-04-13,"Education facility (school, etc.)",1
Dniprovskyi,2025-04-07,2025-04-13,Gas supply system,2
Dniprovskyi,2025-04-07,2025-04-13,Government facilities,1
Dniprovskyi,2025-04-07,2025-04-13,"Health facility (hospital, health clinic)",1
Dniprovskyi,2025-04-07,2025-04-13,Industrial/Business/Enterprise facilities,1
Dniprovskyi,2025-04-07,2025-04-13,Total,7
Dniprovskyi,2025-04-07,2025-04-13,Warehouse,1
Fastivskyi,2025-04-07,2025-04-13,Total,1
Fastivskyi,2025-04-07,2025-04-13,Warehouse,1
Iziumskyi,2025-04-07,2025-04-13,"Education facility (school, etc.)",1
Iziumskyi,2025-04-07,2025-04-13,Government facilities,1
Iziumskyi,2025-04-07,2025-04-13,Industrial/Business/Enterprise facilities,2
Iziumskyi,2025-04-07,2025-04-13,Total,4
Kharkivskyi,2025-04-07,2025-04-13,"Education facility (school, etc.)",1
Kharkivskyi,2025-04-07,2025-04-13,Electricity supply system,1
Kharkivskyi,2025-04-07,2025-04-13,Gas supply system,1
Kharkivskyi,2025-04-07,2025-04-13,Government facilities,1
Kharkivskyi,2025-04-07,2025-04-13,Industrial/Business/Enterprise facilities,14
Kharkivskyi,2025-04-07,2025-04-13,Total,22
Kharkivskyi,2025-04-07,2025-04-13,Warehouse,4
Khersonskyi,2025-04-07,2025-04-13,"Education facility (school, etc.)",3
Khersonskyi,2025-04-07,2025-04-13,Gas supply system,1
Khersonskyi,2025-04-07,2025-04-13,"Health facility (hospital, health clinic)",2
Khersonskyi,2025-04-07,2025-04-13,Industrial/Business/Enterprise facilities,1
Khersonskyi,2025-04-07,2025-04-13,Total,7
Kramatorskyi,2025-04-07,2025-04-13,Agricultural facilities,3
Kramatorskyi,2025-04-07,2025-04-13,"Education facility (school, etc.)",3
Kramatorskyi,2025-04-07,2025-04-13,Electricity supply system,1
Kramatorskyi,2025-04-07,2025-04-13,Government facilities,8
Kramatorskyi,2025-04-07,2025-04-13,Industrial/Business/Enterprise facilities,10
Kramatorskyi,2025-04-07,2025-04-13,Total,26
Kramatorskyi,2025-04-07,2025-04-13,Warehouse,1
Kropyvnytskyi,2025-04-07,2025-04-13,Industrial/Business/Enterprise facilities,1
Kropyvnytskyi,2025-04-07,2025-04-13,Total,1
Kryvorizkyi,2025-04-07,2025-04-13,Electricity supply system,1
Kryvorizkyi,2025-04-07,2025-04-13,Industrial/Business/Enterprise facilities,1
Kryvorizkyi,2025-04-07,2025-04-13,Total,2
Kupianskyi,2025-04-07,2025-04-13,"Health facility (hospital, health clinic)",1
Kupianskyi,2025-04-07,2025-04-13,Road / Highway,1
Kupianskyi,2025-04-07,2025-04-13,Total,3
Kupianskyi,2025-04-07,2025-04-13,Warehouse,1
Kyiv,2025-04-07,2025-04-13,"Health facility (hospital, health clinic)",1
Kyiv,2025-04-07,2025-04-13,Industrial/Business/Enterprise facilities,1
Kyiv,2025-04-07,2025-04-13,Other,1
Kyiv,2025-04-07,2025-04-13,Total,6
Kyiv,2025-04-07,2025-04-13,Warehouse,3
Mykolaivskyi,2025-04-07,2025-04-13,Gas supply system,1
Mykolaivskyi,2025-04-07,2025-04-13,Government facilities,1
Mykolaivskyi,2025-04-07,2025-04-13,Total,2
Nikopolskyi,2025-04-07,2025-04-13,"Cultural facilities (museum, theater etc.)",1
Nikopolskyi,2025-04-07,2025-04-13,"Education facility (school, etc.)",2
Nikopolskyi,2025-04-07,2025-04-13,Electricity supply system,1
Nikopolskyi,2025-04-07,2025-04-13,Government facilities,3
Nikopolskyi,2025-04-07,2025-04-13,Industrial/Business/Enterprise facilities,9
Nikopolskyi,2025-04-07,2025-04-13,Religious facilities,1
Nikopolskyi,2025-04-07,2025-04-13,Total,17
Novhorod-Siverskyi,2025-04-07,2025-04-13,Agricultural facilities,1
Novhorod-Siverskyi,2025-04-07,2025-04-13,"Health facility (hospital, health clinic)",1
Novhorod-Siverskyi,2025-04-07,2025-04-13,Other,1
Novhorod-Siverskyi,2025-04-07,2025-04-13,Total,3
Novomoskovskyi,2025-04-07,2025-04-13,Industrial/Business/Enterprise facilities,1
Novomoskovskyi,2025-04-07,2025-04-13,Total,1
Novoukrainskyi,2025-04-07,2025-04-13,Electricity supply system,1
Novoukrainskyi,2025-04-07,2025-04-13,Total,1
Odeskyi,2025-04-07,2025-04-13,"Health facility (hospital, health clinic)",1
Odeskyi,2025-04-07,2025-04-13,Industrial/Business/Enterprise facilities,3
Odeskyi,2025-04-07,2025-04-13,Road / Highway,1
Odeskyi,2025-04-07,2025-04-13,Total,6
Odeskyi,2025-04-07,2025-04-13,Warehouse,1
Oleksandriiskyi,2025-04-07,2025-04-13,Electricity supply system,2
Oleksandriiskyi,2025-04-07,2025-04-13,Total,2
Pavlohradskyi,2025-04-07,2025-04-13,Agricultural facilities,2
Pavlohradskyi,2025-04-07,2025-04-13,Total,2
Pokrovskyi,2025-04-07,2025-04-13,Government facilities,1
Pokrovskyi,2025-04-07,2025-04-13,Industrial/Business/Enterprise facilities,2
Pokrovskyi,2025-04-07,2025-04-13,Total,3
Shostkynskyi,2025-04-07,2025-04-13,Agricultural facilities,1
Shostkynskyi,2025-04-07,2025-04-13,Electricity supply system,1
Shostkynskyi,2025-04-07,2025-04-13,Total,2
Sumskyi,2025-04-07,2025-04-13,Agricultural facilities,1
Sumskyi,2025-04-07,2025-04-13,"Cultural facilities (museum, theater etc.)",9
Sumskyi,2025-04-07,2025-04-13,"Education facility (school, etc.)",4
Sumskyi,2025-04-07,2025-04-13,Gas supply system,2
Sumskyi,2025-04-07,2025-04-13,Government facilities,4
Sumskyi,2025-04-07,2025-04-13,"Health facility (hospital, health clinic)",1
Sumskyi,2025-04-07,2025-04-13,Industrial/Business/Enterprise facilities,8
Sumskyi,2025-04-07,2025-04-13,Road / Highway,1
Sumskyi,2025-04-07,2025-04-13,Total,31
Sumskyi,2025-04-07,2025-04-13,Warehouse,1
Synelnykivskyi,2025-04-07,2025-04-13,Agricultural facilities,1
Synelnykivskyi,2025-04-07,2025-04-13,Electricity supply system,2
Synelnykivskyi,2025-04-07,2025-04-13,Total,3
Zhytomyrskyi,2025-04-07,2025-04-13,Gas supply system,2
Zhytomyrskyi,2025-04-07,2025-04-13,Industrial/Business/Enterprise facilities,1
Zhytomyrskyi,2025-04-07,2025-04-13,Total,3
Bohodukhivskyi,2025-03-31,2025-04-06,Electricity supply system,1
Bohodukhivskyi,2025-03-31,2025-04-06,Total,1
Brovarskyi,2025-03-31,2025-04-06,Fuel depot,3
Brovarskyi,2025-03-31,2025-04-06,Government facilities,1
Brovarskyi,2025-03-31,2025-04-06,Industrial/Business/Enterprise facilities,10
Brovarskyi,2025-03-31,2025-04-06,Total,14
Chuhuivskyi,2025-03-31,2025-04-06,Total,1
Chuhuivskyi,2025-03-31,2025-04-06,Warehouse,1
Dniprovskyi,2025-03-31,2025-04-06,Electricity supply system,1
Dniprovskyi,2025-03-31,2025-04-06,Gas supply system,1
Dniprovskyi,2025-03-31,2025-04-06,Government facilities,2
Dniprovskyi,2025-03-31,2025-04-06,Total,4
Holovanivskyi,2025-03-31,2025-04-06,"Education facility (school, etc.)",1
Holovanivskyi,2025-03-31,2025-04-06,Electricity supply system,1
Holovanivskyi,2025-03-31,2025-04-06,Total,2
Kharkivskyi,2025-03-31,2025-04-06,"Cultural facilities (museum, theater etc.)",1
Kharkivskyi,2025-03-31,2025-04-06,"Education facility (school, etc.)",2
Kharkivskyi,2025-03-31,2025-04-06,Electricity supply system,1
Kharkivskyi,2025-03-31,2025-04-06,Gas supply system,1
Kharkivskyi,2025-03-31,2025-04-06,Government facilities,1
Kharkivskyi,2025-03-31,2025-04-06,Industrial/Business/Enterprise facilities,5
Kharkivskyi,2025-03-31,2025-04-06,Other,1
Kharkivskyi,2025-03-31,2025-04-06,Total,14
Kharkivskyi,2025-03-31,2025-04-06,Warehouse,2
Khersonskyi,2025-03-31,2025-04-06,"Cultural facilities (museum, theater etc.)",1
Khersonskyi,2025-03-31,2025-04-06,"Education facility (school, etc.)",1
Khersonskyi,2025-03-31,2025-04-06,Electricity supply system,4
Khersonskyi,2025-03-31,2025-04-06,Government facilities,1
Khersonskyi,2025-03-31,2025-04-06,"Health facility (hospital, health clinic)",2
Khersonskyi,2025-03-31,2025-04-06,Industrial/Business/Enterprise facilities,2
Khersonskyi,2025-03-31,2025-04-06,Power plant,1
Khersonskyi,2025-03-31,2025-04-06,Total,12
Kramatorskyi,2025-03-31,2025-04-06,Agricultural facilities,1
Kramatorskyi,2025-03-31,2025-04-06,"Education facility (school, etc.)",2
Kramatorskyi,2025-03-31,2025-04-06,Electricity supply system,5
Kramatorskyi,2025-03-31,2025-04-06,Gas supply system,4
Kramatorskyi,2025-03-31,2025-04-06,Government facilities,2
Kramatorskyi,2025-03-31,2025-04-06,Industrial/Business/Enterprise facilities,1
Kramatorskyi,2025-03-31,2025-04-06,Religious facilities,1
Kramatorskyi,2025-03-31,2025-04-06,Total,18
Kramatorskyi,2025-03-31,2025-04-06,Warehouse,2
Kryvorizkyi,2025-03-31,2025-04-06,"Cultural facilities (museum, theater etc.)",2
Kryvorizkyi,2025-03-31,2025-04-06,"Education facility (school, etc.)",6
Kryvorizkyi,2025-03-31,2025-04-06,Electricity supply system,1
Kryvorizkyi,2025-03-31,2025-04-06,Fuel depot,1
Kryvorizkyi,2025-03-31,2025-04-06,Government facilities,2
Kryvorizkyi,2025-03-31,2025-04-06,Industrial/Business/Enterprise facilities,31
Kryvorizkyi,2025-03-31,2025-04-06,Other,2
Kryvorizkyi,2025-03-31,2025-04-06,Road / Highway,2
Kryvorizkyi,2025-03-31,2025-04-06,Total,47
Kupianskyi,2025-03-31,2025-04-06,"Cultural facilities (museum, theater etc.)",1
Kupianskyi,2025-03-31,2025-04-06,"Education facility (school, etc.)",2
Kupianskyi,2025-03-31,2025-04-06,Government facilities,1
Kupianskyi,2025-03-31,2025-04-06,Total,4
Kyiv,2025-03-31,2025-04-06,Government facilities,1
Kyiv,2025-03-31,2025-04-06,Industrial/Business/Enterprise facilities,2
Kyiv,2025-03-31,2025-04-06,Total,5
Kyiv,2025-03-31,2025-04-06,Warehouse,2
Mykolaivskyi,2025-03-31,2025-04-06,Gas supply system,1
Mykolaivskyi,2025-03-31,2025-04-06,Government facilities,1
Mykolaivskyi,2025-03-31,2025-04-06,Total,2
Nikopolskyi,2025-03-31,2025-04-06,Electricity supply system,6
Nikopolskyi,2025-03-31,2025-04-06,Fuel depot,1
Nikopolskyi,2025-03-31,2025-04-06,Gas supply system,4
Nikopolskyi,2025-03-31,2025-04-06,Government facilities,3
Nikopolskyi,2025-03-31,2025-04-06,Industrial/Business/Enterprise facilities,6
Nikopolskyi,2025-03-31,2025-04-06,Total,21
Nikopolskyi,2025-03-31,2025-04-06,Warehouse,1
Novhorod-Siverskyi,2025-03-31,2025-04-06,Industrial/Business/Enterprise facilities,1
Novhorod-Siverskyi,2025-03-31,2025-04-06,Railway,1
Novhorod-Siverskyi,2025-03-31,2025-04-06,Total,2
Odeskyi,2025-03-31,2025-04-06,"Education facility (school, etc.)",1
Odeskyi,2025-03-31,2025-04-06,Heating and water facility,1
Odeskyi,2025-03-31,2025-04-06,Total,2
Okhtyrskyi,2025-03-31,2025-04-06,Industrial/Business/Enterprise facilities,2
Okhtyrskyi,2025-03-31,2025-04-06,Total,2
Pavlohradskyi,2025-03-31,2025-04-06,Government facilities,1
Pavlohradskyi,2025-03-31,2025-04-06,Total,1
Pokrovskyi,2025-03-31,2025-04-06,"Education facility (school, etc.)",2
Pokrovskyi,2025-03-31,2025-04-06,Government facilities,3
Pokrovskyi,2025-03-31,2025-04-06,Industrial/Business/Enterprise facilities,1
Pokrovskyi,2025-03-31,2025-04-06,Total,8
Pokrovskyi,2025-03-31,2025-04-06,Warehouse,2
Sumskyi,2025-03-31,2025-04-06,"Cultural facilities (museum, theater etc.)",2
Sumskyi,2025-03-31,2025-04-06,"Education facility (school, etc.)",1
Sumskyi,2025-03-31,2025-04-06,Government facilities,2
Sumskyi,2025-03-31,2025-04-06,Industrial/Business/Enterprise facilities,3
Sumskyi,2025-03-31,2025-04-06,Total,9
Sumskyi,2025-03-31,2025-04-06,Warehouse,1
Synelnykivskyi,2025-03-31,2025-04-06,Electricity supply system,1
Synelnykivskyi,2025-03-31,2025-04-06,Government facilities,1
Synelnykivskyi,2025-03-31,2025-04-06,"Health facility (hospital, health clinic)",1
Synelnykivskyi,2025-03-31,2025-04-06,Industrial/Business/Enterprise facilities,7
Synelnykivskyi,2025-03-31,2025-04-06,Total,11
Synelnykivskyi,2025-03-31,2025-04-06,Water supply system,1
Volnovaskyi,2025-03-31,2025-04-06,"Education facility (school, etc.)",1
Volnovaskyi,2025-03-31,2025-04-06,Other,1
Volnovaskyi,2025-03-31,2025-04-06,Total,2
Zaporizkyi,2025-03-31,2025-04-06,"Education facility (school, etc.)",1
Zaporizkyi,2025-03-31,2025-04-06,Government facilities,2
Zaporizkyi,2025-03-31,2025-04-06,Industrial/Business/Enterprise facilities,4
Zaporizkyi,2025-03-31,2025-04-06,Religious facilities,1
Zaporizkyi,2025-03-31,2025-04-06,Road / Highway,1
Zaporizkyi,2025-03-31,2025-04-06,Total,10
Zaporizkyi,2025-03-31,2025-04-06,Warehouse,1
Zolotoniskyi,2025-03-31,2025-04-06,Electricity supply system,1
Zolotoniskyi,2025-03-31,2025-04-06,Total,1
Beryslavskyi,2025-03-24,2025-03-30,"Cultural facilities (museum, theater etc.)",1
Beryslavskyi,2025-03-24,2025-03-30,Government facilities,1
Beryslavskyi,2025-03-24,2025-03-30,Total,2
Bohodukhivskyi,2025-03-24,2025-03-30,"Cultural facilities (museum, theater etc.)",1
Bohodukhivskyi,2025-03-24,2025-03-30,Electricity supply system,2
Bohodukhivskyi,2025-03-24,2025-03-30,Gas supply system,1
Bohodukhivskyi,2025-03-24,2025-03-30,Government facilities,1
Bohodukhivskyi,2025-03-24,2025-03-30,"Health facility (hospital, health clinic)",2
Bohodukhivskyi,2025-03-24,2025-03-30,Total,7
Boryspilskyi,2025-03-24,2025-03-30,Total,1
Boryspilskyi,2025-03-24,2025-03-30,Warehouse,1
Chuhuivskyi,2025-03-24,2025-03-30,Industrial/Business/Enterprise facilities,2
Chuhuivskyi,2025-03-24,2025-03-30,Total,5
Chuhuivskyi,2025-03-24,2025-03-30,Warehouse,3
Dniprovskyi,2025-03-24,2025-03-30,"Cultural facilities (museum, theater etc.)",2
Dniprovskyi,2025-03-24,2025-03-30,"Education facility (school, etc.)",9
Dniprovskyi,2025-03-24,2025-03-30,Government facilities,2
Dniprovskyi,2025-03-24,2025-03-30,"Health facility (hospital, health clinic)",1
Dniprovskyi,2025-03-24,2025-03-30,Industrial/Business/Enterprise facilities,5
Dniprovskyi,2025-03-24,2025-03-30,Total,20
Dniprovskyi,2025-03-24,2025-03-30,Warehouse,1
Fastivskyi,2025-03-24,2025-03-30,Industrial/Business/Enterprise facilities,1
Fastivskyi,2025-03-24,2025-03-30,Total,2
Fastivskyi,2025-03-24,2025-03-30,Warehouse,1
Iziumskyi,2025-03-24,2025-03-30,"Cultural facilities (museum, theater etc.)",1
Iziumskyi,2025-03-24,2025-03-30,Electricity supply system,1
Iziumskyi,2025-03-24,2025-03-30,Industrial/Business/Enterprise facilities,1
Iziumskyi,2025-03-24,2025-03-30,Railway,1
Iziumskyi,2025-03-24,2025-03-30,Total,4
Kharkivskyi,2025-03-24,2025-03-30,"Education facility (school, etc.)",3
Kharkivskyi,2025-03-24,2025-03-30,Government facilities,2
Kharkivskyi,2025-03-24,2025-03-30,"Health facility (hospital, health clinic)",1
Kharkivskyi,2025-03-24,2025-03-30,Heating and water facility,1
Kharkivskyi,2025-03-24,2025-03-30,Industrial/Business/Enterprise facilities,12
Kharkivskyi,2025-03-24,2025-03-30,Other,3
Kharkivskyi,2025-03-24,2025-03-30,Total,23
Kharkivskyi,2025-03-24,2025-03-30,Warehouse,1
Khersonskyi,2025-03-24,2025-03-30,"Education facility (school, etc.)",1
Khersonskyi,2025-03-24,2025-03-30,Electricity supply system,3
Khersonskyi,2025-03-24,2025-03-30,Fuel depot,1
Khersonskyi,2025-03-24,2025-03-30,Gas supply system,1
Khersonskyi,2025-03-24,2025-03-30,Other,1
Khersonskyi,2025-03-24,2025-03-30,Railway,2
Khersonskyi,2025-03-24,2025-03-30,Total,12
Khersonskyi,2025-03-24,2025-03-30,Warehouse,2
Khersonskyi,2025-03-24,2025-03-30,Water supply system,1
Kramatorskyi,2025-03-24,2025-03-30,Agricultural facilities,1
Kramatorskyi,2025-03-24,2025-03-30,"Cultural facilities (museum, theater etc.)",1
Kramatorskyi,2025-03-24,2025-03-30,"Education facility (school, etc.)",2
Kramatorskyi,2025-03-24,2025-03-30,Electricity supply system,8
Kramatorskyi,2025-03-24,2025-03-30,Gas supply system,1
Kramatorskyi,2025-03-24,2025-03-30,Government facilities,1
Kramatorskyi,2025-03-24,2025-03-30,Industrial/Business/Enterprise facilities,3
Kramatorskyi,2025-03-24,2025-03-30,Total,18
Kramatorskyi,2025-03-24,2025-03-30,Warehouse,1
Kryvorizkyi,2025-03-24,2025-03-30,"Education facility (school, etc.)",1
Kryvorizkyi,2025-03-24,2025-03-30,Electricity supply system,1
Kryvorizkyi,2025-03-24,2025-03-30,Gas supply system,1
Kryvorizkyi,2025-03-24,2025-03-30,Government facilities,3
Kryvorizkyi,2025-03-24,2025-03-30,Industrial/Business/Enterprise facilities,4
Kryvorizkyi,2025-03-24,2025-03-30,Total,12
Kryvorizkyi,2025-03-24,2025-03-30,Warehouse,2
Kupianskyi,2025-03-24,2025-03-30,Electricity supply system,1
Kupianskyi,2025-03-24,2025-03-30,Other,1
Kupianskyi,2025-03-24,2025-03-30,Total,2
Mykolaivskyi,2025-03-24,2025-03-30,Electricity supply system,1
Mykolaivskyi,2025-03-24,2025-03-30,Total,1
Myrhorodskyi,2025-03-24,2025-03-30,Total,1
Myrhorodskyi,2025-03-24,2025-03-30,Warehouse,1
Nikopolskyi,2025-03-24,2025-03-30,Agricultural facilities,7
Nikopolskyi,2025-03-24,2025-03-30,"Cultural facilities (museum, theater etc.)",2
Nikopolskyi,2025-03-24,2025-03-30,"Education facility (school, etc.)",2
Nikopolskyi,2025-03-24,2025-03-30,Electricity supply system,2
Nikopolskyi,2025-03-24,2025-03-30,Fuel depot,1
Nikopolskyi,2025-03-24,2025-03-30,Gas supply system,5
Nikopolskyi,2025-03-24,2025-03-30,Government facilities,3
Nikopolskyi,2025-03-24,2025-03-30,"Health facility (hospital, health clinic)",1
Nikopolskyi,2025-03-24,2025-03-30,Industrial/Business/Enterprise facilities,8
Nikopolskyi,2025-03-24,2025-03-30,Total,31
Novhorod-Siverskyi,2025-03-24,2025-03-30,Industrial/Business/Enterprise facilities,1
Novhorod-Siverskyi,2025-03-24,2025-03-30,Total,1
Odeskyi,2025-03-24,2025-03-30,"Education facility (school, etc.)",1
Odeskyi,2025-03-24,2025-03-30,Total,3
Odeskyi,2025-03-24,2025-03-30,Warehouse,2
Okhtyrskyi,2025-03-24,2025-03-30,Industrial/Business/Enterprise facilities,7
Okhtyrskyi,2025-03-24,2025-03-30,Total,7
Pokrovskyi,2025-03-24,2025-03-30,"Education facility (school, etc.)",1
Pokrovskyi,2025-03-24,2025-03-30,Government facilities,1
Pokrovskyi,2025-03-24,2025-03-30,Industrial/Business/Enterprise facilities,1
Pokrovskyi,2025-03-24,2025-03-30,Religious facilities,1
Pokrovskyi,2025-03-24,2025-03-30,Total,4
Poltavskyi,2025-03-24,2025-03-30,Electricity supply system,1
Poltavskyi,2025-03-24,2025-03-30,Government facilities,1
Poltavskyi,2025-03-24,2025-03-30,Industrial/Business/Enterprise facilities,2
Poltavskyi,2025-03-24,2025-03-30,Total,5
Poltavskyi,2025-03-24,2025-03-30,Warehouse,1
Prylutskyi,2025-03-24,2025-03-30,Industrial/Business/Enterprise facilities,1
Prylutskyi,2025-03-24,2025-03-30,Total,1
Shostkynskyi,2025-03-24,2025-03-30,Government facilities,1
Shostkynskyi,2025-03-24,2025-03-30,Religious facilities,1
Shostkynskyi,2025-03-24,2025-03-30,Total,2
Sumskyi,2025-03-24,2025-03-30,"Cultural facilities (museum, theater etc.)",2
Sumskyi,2025-03-24,2025-03-30,"Education facility (school, etc.)",7
Sumskyi,2025-03-24,2025-03-30,Electricity supply system,1
Sumskyi,2025-03-24,2025-03-30,Government facilities,3
Sumskyi,2025-03-24,2025-03-30,"Health facility (hospital, health clinic)",2
Sumskyi,2025-03-24,2025-03-30,Industrial/Business/Enterprise facilities,4
Sumskyi,2025-03-24,2025-03-30,Total,19
Synelnykivskyi,2025-03-24,2025-03-30,Agricultural facilities,1
Synelnykivskyi,2025-03-24,2025-03-30,"Health facility (hospital, health clinic)",1
Synelnykivskyi,2025-03-24,2025-03-30,Total,2
Voznesenskyi,2025-03-24,2025-03-30,Total,1
Voznesenskyi,2025-03-24,2025-03-30,Warehouse,1
Zaporizkyi,2025-03-24,2025-03-30,"Education facility (school, etc.)",1
Zaporizkyi,2025-03-24,2025-03-30,Electricity supply system,1
Zaporizkyi,2025-03-24,2025-03-30,Gas supply system,1
Zaporizkyi,2025-03-24,2025-03-30,Total,3
Bilhorod-Dnistrovskyi,2025-03-17,2025-03-23,Industrial/Business/Enterprise facilities,1
Bilhorod-Dnistrovskyi,2025-03-17,2025-03-23,Total,1
Bohodukhivskyi,2025-03-17,2025-03-23,Industrial/Business/Enterprise facilities,1
Bohodukhivskyi,2025-03-17,2025-03-23,Total,1
Brovarskyi,2025-03-17,2025-03-23,Industrial/Business/Enterprise facilities,1
Brovarskyi,2025-03-17,2025-03-23,Total,1
Buchanskyi,2025-03-17,2025-03-23,Industrial/Business/Enterprise facilities,3
Buchanskyi,2025-03-17,2025-03-23,Total,3
Cherkaskyi,2025-03-17,2025-03-23,Industrial/Business/Enterprise facilities,1
Cherkaskyi,2025-03-17,2025-03-23,Total,2
Cherkaskyi,2025-03-17,2025-03-23,Warehouse,1
Chernihivskyi,2025-03-17,2025-03-23,Total,4
Chernihivskyi,2025-03-17,2025-03-23,Warehouse,4
Chuhuivskyi,2025-03-17,2025-03-23,"Cultural facilities (museum, theater etc.)",1
Chuhuivskyi,2025-03-17,2025-03-23,"Education facility (school, etc.)",3
Chuhuivskyi,2025-03-17,2025-03-23,Electricity supply system,1
Chuhuivskyi,2025-03-17,2025-03-23,Government facilities,1
Chuhuivskyi,2025-03-17,2025-03-23,Industrial/Business/Enterprise facilities,2
Chuhuivskyi,2025-03-17,2025-03-23,Total,9
Chuhuivskyi,2025-03-17,2025-03-23,Warehouse,1
Dniprovskyi,2025-03-17,2025-03-23,Industrial/Business/Enterprise facilities,2
Dniprovskyi,2025-03-17,2025-03-23,Total,2
Iziumskyi,2025-03-17,2025-03-23,Gas supply system,1
Iziumskyi,2025-03-17,2025-03-23,"Health facility (hospital, health clinic)",1
Iziumskyi,2025-03-17,2025-03-23,Total,2
Kamianskyi,2025-03-17,2025-03-23,Industrial/Business/Enterprise facilities,1
Kamianskyi,2025-03-17,2025-03-23,Total,1
Kharkivskyi,2025-03-17,2025-03-23,Oil depot,1
Kharkivskyi,2025-03-17,2025-03-23,Total,1
Khersonskyi,2025-03-17,2025-03-23,"Education facility (school, etc.)",2
Khersonskyi,2025-03-17,2025-03-23,Electricity supply system,1
Khersonskyi,2025-03-17,2025-03-23,Industrial/Business/Enterprise facilities,1
Khersonskyi,2025-03-17,2025-03-23,Telecommunications,1
Khersonskyi,2025-03-17,2025-03-23,Total,5
Koriukivskyi,2025-03-17,2025-03-23,Industrial/Business/Enterprise facilities,2
Koriukivskyi,2025-03-17,2025-03-23,Total,7
Koriukivskyi,2025-03-17,2025-03-23,Warehouse,5
Kramatorskyi,2025-03-17,2025-03-23,"Cultural facilities (museum, theater etc.)",2
Kramatorskyi,2025-03-17,2025-03-23,"Education facility (school, etc.)",8
Kramatorskyi,2025-03-17,2025-03-23,Electricity supply system,16
Kramatorskyi,2025-03-17,2025-03-23,Gas supply system,9
Kramatorskyi,2025-03-17,2025-03-23,Government facilities,10
Kramatorskyi,2025-03-17,2025-03-23,"Health facility (hospital, health clinic)",1
Kramatorskyi,2025-03-17,2025-03-23,Industrial/Business/Enterprise facilities,6
Kramatorskyi,2025-03-17,2025-03-23,Total,53
Kramatorskyi,2025-03-17,2025-03-23,Warehouse,1
Kropyvnytskyi,2025-03-17,2025-03-23,"Education facility (school, etc.)",4
Kropyvnytskyi,2025-03-17,2025-03-23,Electricity supply system,2
Kropyvnytskyi,2025-03-17,2025-03-23,Railway,1
Kropyvnytskyi,2025-03-17,2025-03-23,Religious facilities,1
Kropyvnytskyi,2025-03-17,2025-03-23,Total,8
Kupianskyi,2025-03-17,2025-03-23,Electricity supply system,3
Kupianskyi,2025-03-17,2025-03-23,Government facilities,1
Kupianskyi,2025-03-17,2025-03-23,"Health facility (hospital, health clinic)",1
Kupianskyi,2025-03-17,2025-03-23,Industrial/Business/Enterprise facilities,1
Kupianskyi,2025-03-17,2025-03-23,Total,10
Kupianskyi,2025-03-17,2025-03-23,Warehouse,3
Kupianskyi,2025-03-17,2025-03-23,Water supply system,1
Kyiv,2025-03-17,2025-03-23,"Education facility (school, etc.)",1
Kyiv,2025-03-17,2025-03-23,Industrial/Business/Enterprise facilities,2
Kyiv,2025-03-17,2025-03-23,Other,1
Kyiv,2025-03-17,2025-03-23,Total,5
Kyiv,2025-03-17,2025-03-23,Warehouse,1
Mykolaivskyi,2025-03-17,2025-03-23,Heating and water facility,1
Mykolaivskyi,2025-03-17,2025-03-23,Total,3
Mykolaivskyi,2025-03-17,2025-03-23,Warehouse,2
Myrhorodskyi,2025-03-17,2025-03-23,Total,1
Myrhorodskyi,2025-03-17,2025-03-23,Warehouse,1
Nikopolskyi,2025-03-17,2025-03-23,Agricultural facilities,3
Nikopolskyi,2025-03-17,2025-03-23,Electricity supply system,4
Nikopolskyi,2025-03-17,2025-03-23,Gas supply system,2
Nikopolskyi,2025-03-17,2025-03-23,Industrial/Business/Enterprise facilities,3
Nikopolskyi,2025-03-17,2025-03-23,Total,12
Novhorod-Siverskyi,2025-03-17,2025-03-23,Agricultural facilities,1
Novhorod-Siverskyi,2025-03-17,2025-03-23,Industrial/Business/Enterprise facilities,1
Novhorod-Siverskyi,2025-03-17,2025-03-23,Telecommunications,1
Novhorod-Siverskyi,2025-03-17,2025-03-23,Total,3
Odeskyi,2025-03-17,2025-03-23,"Education facility (school, etc.)",1
Odeskyi,2025-03-17,2025-03-23,Electricity supply system,1
Odeskyi,2025-03-17,2025-03-23,Government facilities,1
Odeskyi,2025-03-17,2025-03-23,Industrial/Business/Enterprise facilities,9
Odeskyi,2025-03-17,2025-03-23,Other,1
Odeskyi,2025-03-17,2025-03-23,Total,13
Okhtyrskyi,2025-03-17,2025-03-23,Fuel depot,1
Okhtyrskyi,2025-03-17,2025-03-23,Road / Highway,2
Okhtyrskyi,2025-03-17,2025-03-23,Total,3
Pokrovskyi,2025-03-17,2025-03-23,Industrial/Business/Enterprise facilities,1
Pokrovskyi,2025-03-17,2025-03-23,Total,1
Prylutskyi,2025-03-17,2025-03-23,Other,1
Prylutskyi,2025-03-17,2025-03-23,Total,1
Shepetivskyi,2025-03-17,2025-03-23,Government facilities,1
Shepetivskyi,2025-03-17,2025-03-23,Total,1
Shostkynskyi,2025-03-17,2025-03-23,Industrial/Business/Enterprise facilities,1
Shostkynskyi,2025-03-17,2025-03-23,Total,1
Sumskyi,2025-03-17,2025-03-23,Agricultural facilities,3
Sumskyi,2025-03-17,2025-03-23,Bridge,1
Sumskyi,2025-03-17,2025-03-23,"Cultural facilities (museum, theater etc.)",2
Sumskyi,2025-03-17,2025-03-23,"Education facility (school, etc.)",4
Sumskyi,2025-03-17,2025-03-23,Gas supply system,1
Sumskyi,2025-03-17,2025-03-23,Government facilities,3
Sumskyi,2025-03-17,2025-03-23,"Health facility (hospital, health clinic)",3
Sumskyi,2025-03-17,2025-03-23,Industrial/Business/Enterprise facilities,8
Sumskyi,2025-03-17,2025-03-23,Religious facilities,1
Sumskyi,2025-03-17,2025-03-23,Total,28
Sumskyi,2025-03-17,2025-03-23,Warehouse,2
Synelnykivskyi,2025-03-17,2025-03-23,Agricultural facilities,2
Synelnykivskyi,2025-03-17,2025-03-23,Total,2
Zaporizkyi,2025-03-17,2025-03-23,"Education facility (school, etc.)",1
Zaporizkyi,2025-03-17,2025-03-23,Gas supply system,2
Zaporizkyi,2025-03-17,2025-03-23,Government facilities,1
Zaporizkyi,2025-03-17,2025-03-23,Industrial/Business/Enterprise facilities,2
Zaporizkyi,2025-03-17,2025-03-23,Other,1
Zaporizkyi,2025-03-17,2025-03-23,Total,7
Bilhorod-Dnistrovskyi,2025-03-10,2025-03-16,"Health facility (hospital, health clinic)",1
Bilhorod-Dnistrovskyi,2025-03-10,2025-03-16,Total,1
Bohodukhivskyi,2025-03-10,2025-03-16,"Education facility (school, etc.)",1
Bohodukhivskyi,2025-03-10,2025-03-16,Electricity supply system,2
Bohodukhivskyi,2025-03-10,2025-03-16,"Health facility (hospital, health clinic)",1
Bohodukhivskyi,2025-03-10,2025-03-16,Industrial/Business/Enterprise facilities,1
Bohodukhivskyi,2025-03-10,2025-03-16,Total,6
Bohodukhivskyi,2025-03-10,2025-03-16,Warehouse,1
Chernihivskyi,2025-03-10,2025-03-16,Industrial/Business/Enterprise facilities,2
Chernihivskyi,2025-03-10,2025-03-16,Total,2
Chuhuivskyi,2025-03-10,2025-03-16,Industrial/Business/Enterprise facilities,1
Chuhuivskyi,2025-03-10,2025-03-16,Total,2
Chuhuivskyi,2025-03-10,2025-03-16,Warehouse,1
Dniprovskyi,2025-03-10,2025-03-16,"Education facility (school, etc.)",4
Dniprovskyi,2025-03-10,2025-03-16,Industrial/Business/Enterprise facilities,1
Dniprovskyi,2025-03-10,2025-03-16,Total,5
Dzhankoiskyi,2025-03-10,2025-03-16,Industrial/Business/Enterprise facilities,1
Dzhankoiskyi,2025-03-10,2025-03-16,Total,1
Fastivskyi,2025-03-10,2025-03-16,Industrial/Business/Enterprise facilities,2
Fastivskyi,2025-03-10,2025-03-16,Total,2
Iziumskyi,2025-03-10,2025-03-16,Electricity supply system,1
Iziumskyi,2025-03-10,2025-03-16,Gas supply system,1
Iziumskyi,2025-03-10,2025-03-16,Total,4
Iziumskyi,2025-03-10,2025-03-16,Warehouse,2
Kharkivskyi,2025-03-10,2025-03-16,Industrial/Business/Enterprise facilities,1
Kharkivskyi,2025-03-10,2025-03-16,Total,2
Kharkivskyi,2025-03-10,2025-03-16,Warehouse,1
Khersonskyi,2025-03-10,2025-03-16,"Education facility (school, etc.)",1
Khersonskyi,2025-03-10,2025-03-16,Electricity supply system,1
Khersonskyi,2025-03-10,2025-03-16,Government facilities,3
Khersonskyi,2025-03-10,2025-03-16,"Health facility (hospital, health clinic)",1
Khersonskyi,2025-03-10,2025-03-16,Industrial/Business/Enterprise facilities,2
Khersonskyi,2025-03-10,2025-03-16,Total,9
Khersonskyi,2025-03-10,2025-03-16,Warehouse,1
Koriukivskyi,2025-03-10,2025-03-16,Industrial/Business/Enterprise facilities,1
Koriukivskyi,2025-03-10,2025-03-16,Total,1
Kramatorskyi,2025-03-10,2025-03-16,"Education facility (school, etc.)",1
Kramatorskyi,2025-03-10,2025-03-16,Electricity supply system,20
Kramatorskyi,2025-03-10,2025-03-16,Gas supply system,11
Kramatorskyi,2025-03-10,2025-03-16,Government facilities,12
Kramatorskyi,2025-03-10,2025-03-16,"Health facility (hospital, health clinic)",5
Kramatorskyi,2025-03-10,2025-03-16,Industrial/Business/Enterprise facilities,10
Kramatorskyi,2025-03-10,2025-03-16,Power plant,1
Kramatorskyi,2025-03-10,2025-03-16,Road / Highway,1
Kramatorskyi,2025-03-10,2025-03-16,Total,61
Kryvorizkyi,2025-03-10,2025-03-16,"Cultural facilities (museum, theater etc.)",1
Kryvorizkyi,2025-03-10,2025-03-16,"Education facility (school, etc.)",7
Kryvorizkyi,2025-03-10,2025-03-16,Government facilities,4
Kryvorizkyi,2025-03-10,2025-03-16,"Health facility (hospital, health clinic)",2
Kryvorizkyi,2025-03-10,2025-03-16,Heating and water facility,1
Kryvorizkyi,2025-03-10,2025-03-16,Industrial/Business/Enterprise facilities,13
Kryvorizkyi,2025-03-10,2025-03-16,Road / Highway,1
Kryvorizkyi,2025-03-10,2025-03-16,Total,29
Kupianskyi,2025-03-10,2025-03-16,Agricultural facilities,1
Kupianskyi,2025-03-10,2025-03-16,Total,1
Mykolaivskyi,2025-03-10,2025-03-16,Electricity supply system,1
Mykolaivskyi,2025-03-10,2025-03-16,Total,2
Mykolaivskyi,2025-03-10,2025-03-16,Warehouse,1
Nikopolskyi,2025-03-10,2025-03-16,Agricultural facilities,3
Nikopolskyi,2025-03-10,2025-03-16,Electricity supply system,3
Nikopolskyi,2025-03-10,2025-03-16,Gas supply system,1
Nikopolskyi,2025-03-10,2025-03-16,Government facilities,1
Nikopolskyi,2025-03-10,2025-03-16,"Health facility (hospital, health clinic)",1
Nikopolskyi,2025-03-10,2025-03-16,Industrial/Business/Enterprise facilities,2
Nikopolskyi,2025-03-10,2025-03-16,Religious facilities,2
Nikopolskyi,2025-03-10,2025-03-16,Total,13
Nizhynskyi,2025-03-10,2025-03-16,Agricultural facilities,2
Nizhynskyi,2025-03-10,2025-03-16,Total,2
Novhorod-Siverskyi,2025-03-10,2025-03-16,Government facilities,1
Novhorod-Siverskyi,2025-03-10,2025-03-16,Telecommunications,1
Novhorod-Siverskyi,2025-03-10,2025-03-16,Total,2
Novomoskovskyi,2025-03-10,2025-03-16,Government facilities,1
Novomoskovskyi,2025-03-10,2025-03-16,Total,1
Odeskyi,2025-03-10,2025-03-16,Electricity supply system,1
Odeskyi,2025-03-10,2025-03-16,Fuel depot,1
Odeskyi,2025-03-10,2025-03-16,Harbor,1
Odeskyi,2025-03-10,2025-03-16,Industrial/Business/Enterprise facilities,5
Odeskyi,2025-03-10,2025-03-16,Total,10
Odeskyi,2025-03-10,2025-03-16,Warehouse,2
Okhtyrskyi,2025-03-10,2025-03-16,Fuel depot,1
Okhtyrskyi,2025-03-10,2025-03-16,"Health facility (hospital, health clinic)",1
Okhtyrskyi,2025-03-10,2025-03-16,Industrial/Business/Enterprise facilities,2
Okhtyrskyi,2025-03-10,2025-03-16,Total,4
Pokrovskyi,2025-03-10,2025-03-16,"Education facility (school, etc.)",4
Pokrovskyi,2025-03-10,2025-03-16,Government facilities,3
Pokrovskyi,2025-03-10,2025-03-16,"Health facility (hospital, health clinic)",1
Pokrovskyi,2025-03-10,2025-03-16,Industrial/Business/Enterprise facilities,2
Pokrovskyi,2025-03-10,2025-03-16,Total,10
Poltavskyi,2025-03-10,2025-03-16,Electricity supply system,1
Poltavskyi,2025-03-10,2025-03-16,Total,1
Shostkynskyi,2025-03-10,2025-03-16,Fuel depot,1
Shostkynskyi,2025-03-10,2025-03-16,Government facilities,1
Shostkynskyi,2025-03-10,2025-03-16,Total,2
Sumskyi,2025-03-10,2025-03-16,Bridge,1
Sumskyi,2025-03-10,2025-03-16,"Cultural facilities (museum, theater etc.)",1
Sumskyi,2025-03-10,2025-03-16,"Education facility (school, etc.)",2
Sumskyi,2025-03-10,2025-03-16,Electricity supply system,1
Sumskyi,2025-03-10,2025-03-16,Industrial/Business/Enterprise facilities,1
Sumskyi,2025-03-10,2025-03-16,Total,7
Sumskyi,2025-03-10,2025-03-16,Warehouse,1
Synelnykivskyi,2025-03-10,2025-03-16,Agricultural facilities,1
Synelnykivskyi,2025-03-10,2025-03-16,"Education facility (school, etc.)",1
Synelnykivskyi,2025-03-10,2025-03-16,Gas supply system,1
Synelnykivskyi,2025-03-10,2025-03-16,Industrial/Business/Enterprise facilities,1
Synelnykivskyi,2025-03-10,2025-03-16,Total,4
Volnovaskyi,2025-03-10,2025-03-16,Religious facilities,1
Volnovaskyi,2025-03-10,2025-03-16,Total,2
Volnovaskyi,2025-03-10,2025-03-16,Warehouse,1
Zaporizkyi,2025-03-10,2025-03-16,Government facilities,1
Zaporizkyi,2025-03-10,2025-03-16,Power plant,1
Zaporizkyi,2025-03-10,2025-03-16,Railway,1
Zaporizkyi,2025-03-10,2025-03-16,Total,3
Beryslavskyi,2025-03-03,2025-03-09,Other,1
Beryslavskyi,2025-03-03,2025-03-09,Total,1
Bilhorod-Dnistrovskyi,2025-03-03,2025-03-09,"Health facility (hospital, health clinic)",1
Bilhorod-Dnistrovskyi,2025-03-03,2025-03-09,Total,1
Bohodukhivskyi,2025-03-03,2025-03-09,Industrial/Business/Enterprise facilities,1
Bohodukhivskyi,2025-03-03,2025-03-09,Total,1
Boryspilskyi,2025-03-03,2025-03-09,"Education facility (school, etc.)",2
Boryspilskyi,2025-03-03,2025-03-09,Industrial/Business/Enterprise facilities,2
Boryspilskyi,2025-03-03,2025-03-09,Total,8
Boryspilskyi,2025-03-03,2025-03-09,Warehouse,4
Cherkaskyi,2025-03-03,2025-03-09,Industrial/Business/Enterprise facilities,3
Cherkaskyi,2025-03-03,2025-03-09,Total,3
Chuhuivskyi,2025-03-03,2025-03-09,"Education facility (school, etc.)",1
Chuhuivskyi,2025-03-03,2025-03-09,Total,2
Chuhuivskyi,2025-03-03,2025-03-09,Warehouse,1
Dniprovskyi,2025-03-03,2025-03-09,Fuel depot,1
Dniprovskyi,2025-03-03,2025-03-09,Total,1
Iziumskyi,2025-03-03,2025-03-09,"Cultural facilities (museum, theater etc.)",1
Iziumskyi,2025-03-03,2025-03-09,"Education facility (school, etc.)",2
Iziumskyi,2025-03-03,2025-03-09,Electricity supply system,1
Iziumskyi,2025-03-03,2025-03-09,Government facilities,3
Iziumskyi,2025-03-03,2025-03-09,"Health facility (hospital, health clinic)",2
Iziumskyi,2025-03-03,2025-03-09,Industrial/Business/Enterprise facilities,4
Iziumskyi,2025-03-03,2025-03-09,Total,13
Kharkivskyi,2025-03-03,2025-03-09,"Cultural facilities (museum, theater etc.)",1
Kharkivskyi,2025-03-03,2025-03-09,"Education facility (school, etc.)",3
Kharkivskyi,2025-03-03,2025-03-09,Electricity supply system,1
Kharkivskyi,2025-03-03,2025-03-09,Gas supply system,1
Kharkivskyi,2025-03-03,2025-03-09,Government facilities,1
Kharkivskyi,2025-03-03,2025-03-09,Industrial/Business/Enterprise facilities,2
Kharkivskyi,2025-03-03,2025-03-09,Total,12
Kharkivskyi,2025-03-03,2025-03-09,Warehouse,3
Khersonskyi,2025-03-03,2025-03-09,"Cultural facilities (museum, theater etc.)",1
Khersonskyi,2025-03-03,2025-03-09,Industrial/Business/Enterprise facilities,1
Khersonskyi,2025-03-03,2025-03-09,Religious facilities,1
Khersonskyi,2025-03-03,2025-03-09,Total,3
Konotopskyi,2025-03-03,2025-03-09,Government facilities,1
Konotopskyi,2025-03-03,2025-03-09,Total,1
Kramatorskyi,2025-03-03,2025-03-09,"Cultural facilities (museum, theater etc.)",1
Kramatorskyi,2025-03-03,2025-03-09,"Education facility (school, etc.)",2
Kramatorskyi,2025-03-03,2025-03-09,Electricity supply system,17
Kramatorskyi,2025-03-03,2025-03-09,Gas supply system,14
Kramatorskyi,2025-03-03,2025-03-09,Government facilities,12
Kramatorskyi,2025-03-03,2025-03-09,"Health facility (hospital, health clinic)",4
Kramatorskyi,2025-03-03,2025-03-09,Industrial/Business/Enterprise facilities,11
Kramatorskyi,2025-03-03,2025-03-09,Total,62
Kramatorskyi,2025-03-03,2025-03-09,Warehouse,1
Kryvorizkyi,2025-03-03,2025-03-09,"Cultural facilities (museum, theater etc.)",1
Kryvorizkyi,2025-03-03,2025-03-09,"Education facility (school, etc.)",6
Kryvorizkyi,2025-03-03,2025-03-09,Government facilities,1
Kryvorizkyi,2025-03-03,2025-03-09,"Health facility (hospital, health clinic)",1
Kryvorizkyi,2025-03-03,2025-03-09,Industrial/Business/Enterprise facilities,14
Kryvorizkyi,2025-03-03,2025-03-09,Road / Highway,1
Kryvorizkyi,2025-03-03,2025-03-09,Total,24
Kupianskyi,2025-03-03,2025-03-09,"Education facility (school, etc.)",2
Kupianskyi,2025-03-03,2025-03-09,Total,3
Kupianskyi,2025-03-03,2025-03-09,Warehouse,1
Mykolaivskyi,2025-03-03,2025-03-09,Electricity supply system,1
Mykolaivskyi,2025-03-03,2025-03-09,Total,1
Myrhorodskyi,2025-03-03,2025-03-09,Gas supply system,1
Myrhorodskyi,2025-03-03,2025-03-09,Total,1
Nikopolskyi,2025-03-03,2025-03-09,"Education facility (school, etc.)",2
Nikopolskyi,2025-03-03,2025-03-09,Electricity supply system,3
Nikopolskyi,2025-03-03,2025-03-09,Government facilities,2
Nikopolskyi,2025-03-03,2025-03-09,Industrial/Business/Enterprise facilities,3
Nikopolskyi,2025-03-03,2025-03-09,Total,10
Odeskyi,2025-03-03,2025-03-09,"Education facility (school, etc.)",1
Odeskyi,2025-03-03,2025-03-09,Electricity supply system,2
Odeskyi,2025-03-03,2025-03-09,Fuel depot,1
Odeskyi,2025-03-03,2025-03-09,Gas supply system,1
Odeskyi,2025-03-03,2025-03-09,Government facilities,2
Odeskyi,2025-03-03,2025-03-09,Harbor,1
Odeskyi,2025-03-03,2025-03-09,Heating and water facility,3
Odeskyi,2025-03-03,2025-03-09,Industrial/Business/Enterprise facilities,6
Odeskyi,2025-03-03,2025-03-09,Other,1
Odeskyi,2025-03-03,2025-03-09,Total,19
Odeskyi,2025-03-03,2025-03-09,Warehouse,1
Okhtyrskyi,2025-03-03,2025-03-09,"Education facility (school, etc.)",2
Okhtyrskyi,2025-03-03,2025-03-09,Industrial/Business/Enterprise facilities,1
Okhtyrskyi,2025-03-03,2025-03-09,Total,3
Pavlohradskyi,2025-03-03,2025-03-09,"Education facility (school, etc.)",2
Pavlohradskyi,2025-03-03,2025-03-09,Industrial/Business/Enterprise facilities,2
Pavlohradskyi,2025-03-03,2025-03-09,Total,4
Pokrovskyi,2025-03-03,2025-03-09,"Cultural facilities (museum, theater etc.)",1
Pokrovskyi,2025-03-03,2025-03-09,"Education facility (school, etc.)",2
Pokrovskyi,2025-03-03,2025-03-09,Government facilities,4
Pokrovskyi,2025-03-03,2025-03-09,"Health facility (hospital, health clinic)",1
Pokrovskyi,2025-03-03,2025-03-09,Industrial/Business/Enterprise facilities,3
Pokrovskyi,2025-03-03,2025-03-09,Total,11
Prylutskyi,2025-03-03,2025-03-09,Gas supply system,1
Prylutskyi,2025-03-03,2025-03-09,Government facilities,1
Prylutskyi,2025-03-03,2025-03-09,Total,2
Shostkynskyi,2025-03-03,2025-03-09,"Education facility (school, etc.)",2
Shostkynskyi,2025-03-03,2025-03-09,Government facilities,1
Shostkynskyi,2025-03-03,2025-03-09,Total,4
Shostkynskyi,2025-03-03,2025-03-09,Warehouse,1
Sumskyi,2025-03-03,2025-03-09,"Cultural facilities (museum, theater etc.)",1
Sumskyi,2025-03-03,2025-03-09,Electricity supply system,1
Sumskyi,2025-03-03,2025-03-09,"Health facility (hospital, health clinic)",1
Sumskyi,2025-03-03,2025-03-09,Industrial/Business/Enterprise facilities,5
Sumskyi,2025-03-03,2025-03-09,Other,1
Sumskyi,2025-03-03,2025-03-09,Total,12
Sumskyi,2025-03-03,2025-03-09,Warehouse,3
Ternopilskyi,2025-03-03,2025-03-09,Gas supply system,2
Ternopilskyi,2025-03-03,2025-03-09,Industrial/Business/Enterprise facilities,1
Ternopilskyi,2025-03-03,2025-03-09,Total,4
Ternopilskyi,2025-03-03,2025-03-09,Water supply system,1
Volnovaskyi,2025-03-03,2025-03-09,"Cultural facilities (museum, theater etc.)",1
Volnovaskyi,2025-03-03,2025-03-09,Total,1
Zaporizkyi,2025-03-03,2025-03-09,Industrial/Business/Enterprise facilities,1
Zaporizkyi,2025-03-03,2025-03-09,Total,1
Bohodukhivskyi,2025-02-24,2025-03-02,Agricultural facilities,2
Bohodukhivskyi,2025-02-24,2025-03-02,"Cultural facilities (museum, theater etc.)",1
Bohodukhivskyi,2025-02-24,2025-03-02,Electricity supply system,7
Bohodukhivskyi,2025-02-24,2025-03-02,Gas supply system,1
Bohodukhivskyi,2025-02-24,2025-03-02,"Health facility (hospital, health clinic)",1
Bohodukhivskyi,2025-02-24,2025-03-02,Industrial/Business/Enterprise facilities,1
Bohodukhivskyi,2025-02-24,2025-03-02,Other,1
Bohodukhivskyi,2025-02-24,2025-03-02,Total,22
Bohodukhivskyi,2025-02-24,2025-03-02,Warehouse,8
Boryspilskyi,2025-02-24,2025-03-02,Industrial/Business/Enterprise facilities,1
Boryspilskyi,2025-02-24,2025-03-02,Total,2
Boryspilskyi,2025-02-24,2025-03-02,Warehouse,1
Cherkaskyi,2025-02-24,2025-03-02,Other,1
Cherkaskyi,2025-02-24,2025-03-02,Total,1
Iziumskyi,2025-02-24,2025-03-02,Electricity supply system,2
Iziumskyi,2025-02-24,2025-03-02,Heating and water facility,1
Iziumskyi,2025-02-24,2025-03-02,Total,5
Iziumskyi,2025-02-24,2025-03-02,Warehouse,2
Kharkivskyi,2025-02-24,2025-03-02,"Cultural facilities (museum, theater etc.)",2
Kharkivskyi,2025-02-24,2025-03-02,"Education facility (school, etc.)",1
Kharkivskyi,2025-02-24,2025-03-02,Electricity supply system,3
Kharkivskyi,2025-02-24,2025-03-02,"Health facility (hospital, health clinic)",1
Kharkivskyi,2025-02-24,2025-03-02,Heating and water facility,1
Kharkivskyi,2025-02-24,2025-03-02,Industrial/Business/Enterprise facilities,8
Kharkivskyi,2025-02-24,2025-03-02,Road / Highway,6
Kharkivskyi,2025-02-24,2025-03-02,Total,24
Kharkivskyi,2025-02-24,2025-03-02,Warehouse,1
Kharkivskyi,2025-02-24,2025-03-02,Water supply system,1
Khersonskyi,2025-02-24,2025-03-02,Government facilities,1
Khersonskyi,2025-02-24,2025-03-02,"Health facility (hospital, health clinic)",1
Khersonskyi,2025-02-24,2025-03-02,Heating and water facility,3
Khersonskyi,2025-02-24,2025-03-02,Industrial/Business/Enterprise facilities,4
Khersonskyi,2025-02-24,2025-03-02,Total,10
Khersonskyi,2025-02-24,2025-03-02,Water supply system,1
Khmelnytskyi,2025-02-24,2025-03-02,Electricity supply system,3
Khmelnytskyi,2025-02-24,2025-03-02,Total,4
Khmelnytskyi,2025-02-24,2025-03-02,Warehouse,1
Koriukivskyi,2025-02-24,2025-03-02,Electricity supply system,1
Koriukivskyi,2025-02-24,2025-03-02,Total,1
Kramatorskyi,2025-02-24,2025-03-02,Bridge,1
Kramatorskyi,2025-02-24,2025-03-02,"Education facility (school, etc.)",10
Kramatorskyi,2025-02-24,2025-03-02,Electricity supply system,31
Kramatorskyi,2025-02-24,2025-03-02,Fuel depot,2
Kramatorskyi,2025-02-24,2025-03-02,Gas supply system,20
Kramatorskyi,2025-02-24,2025-03-02,Government facilities,12
Kramatorskyi,2025-02-24,2025-03-02,"Health facility (hospital, health clinic)",3
Kramatorskyi,2025-02-24,2025-03-02,Heating and water facility,3
Kramatorskyi,2025-02-24,2025-03-02,Industrial/Business/Enterprise facilities,21
Kramatorskyi,2025-02-24,2025-03-02,Other,1
Kramatorskyi,2025-02-24,2025-03-02,Railway,1
Kramatorskyi,2025-02-24,2025-03-02,Religious facilities,1
Kramatorskyi,2025-02-24,2025-03-02,Road / Highway,2
Kramatorskyi,2025-02-24,2025-03-02,Total,110
Kramatorskyi,2025-02-24,2025-03-02,Warehouse,2
Kropyvnytskyi,2025-02-24,2025-03-02,Electricity supply system,1
Kropyvnytskyi,2025-02-24,2025-03-02,Total,1
Kryvorizkyi,2025-02-24,2025-03-02,"Health facility (hospital, health clinic)",1
Kryvorizkyi,2025-02-24,2025-03-02,Industrial/Business/Enterprise facilities,1
Kryvorizkyi,2025-02-24,2025-03-02,Total,2
Mykolaivskyi,2025-02-24,2025-03-02,Agricultural facilities,1
Mykolaivskyi,2025-02-24,2025-03-02,Electricity supply system,3
Mykolaivskyi,2025-02-24,2025-03-02,Industrial/Business/Enterprise facilities,1
Mykolaivskyi,2025-02-24,2025-03-02,Total,7
Mykolaivskyi,2025-02-24,2025-03-02,Warehouse,2
Myrhorodskyi,2025-02-24,2025-03-02,Industrial/Business/Enterprise facilities,1
Myrhorodskyi,2025-02-24,2025-03-02,Total,1
Nikopolskyi,2025-02-24,2025-03-02,"Education facility (school, etc.)",1
Nikopolskyi,2025-02-24,2025-03-02,Electricity supply system,7
Nikopolskyi,2025-02-24,2025-03-02,Fuel depot,1
Nikopolskyi,2025-02-24,2025-03-02,Gas supply system,3
Nikopolskyi,2025-02-24,2025-03-02,Industrial/Business/Enterprise facilities,7
Nikopolskyi,2025-02-24,2025-03-02,Total,19
Novhorod-Siverskyi,2025-02-24,2025-03-02,"Education facility (school, etc.)",1
Novhorod-Siverskyi,2025-02-24,2025-03-02,Electricity supply system,1
Novhorod-Siverskyi,2025-02-24,2025-03-02,"Health facility (hospital, health clinic)",1
Novhorod-Siverskyi,2025-02-24,2025-03-02,Total,3
Odeskyi,2025-02-24,2025-03-02,"Cultural facilities (museum, theater etc.)",1
Odeskyi,2025-02-24,2025-03-02,Harbor,1
Odeskyi,2025-02-24,2025-03-02,Industrial/Business/Enterprise facilities,1
Odeskyi,2025-02-24,2025-03-02,Total,3
Okhtyrskyi,2025-02-24,2025-03-02,Government facilities,1
Okhtyrskyi,2025-02-24,2025-03-02,Industrial/Business/Enterprise facilities,1
Okhtyrskyi,2025-02-24,2025-03-02,Total,3
Okhtyrskyi,2025-02-24,2025-03-02,Warehouse,1
Pokrovskyi,2025-02-24,2025-03-02,"Education facility (school, etc.)",2
Pokrovskyi,2025-02-24,2025-03-02,Government facilities,1
Pokrovskyi,2025-02-24,2025-03-02,Industrial/Business/Enterprise facilities,3
Pokrovskyi,2025-02-24,2025-03-02,Total,6
Polohivskyi,2025-02-24,2025-03-02,"Education facility (school, etc.)",1
Polohivskyi,2025-02-24,2025-03-02,Government facilities,1
Polohivskyi,2025-02-24,2025-03-02,Industrial/Business/Enterprise facilities,1
Polohivskyi,2025-02-24,2025-03-02,Total,3
Romenskyi,2025-02-24,2025-03-02,"Education facility (school, etc.)",1
Romenskyi,2025-02-24,2025-03-02,Government facilities,2
Romenskyi,2025-02-24,2025-03-02,Total,3
Shostkynskyi,2025-02-24,2025-03-02,Electricity supply system,1
Shostkynskyi,2025-02-24,2025-03-02,Gas supply system,1
Shostkynskyi,2025-02-24,2025-03-02,Government facilities,1
Shostkynskyi,2025-02-24,2025-03-02,Industrial/Business/Enterprise facilities,4
Shostkynskyi,2025-02-24,2025-03-02,Total,8
Shostkynskyi,2025-02-24,2025-03-02,Warehouse,1
Sumskyi,2025-02-24,2025-03-02,"Education facility (school, etc.)",2
Sumskyi,2025-02-24,2025-03-02,Electricity supply system,1
Sumskyi,2025-02-24,2025-03-02,Gas supply system,1
Sumskyi,2025-02-24,2025-03-02,Government facilities,1
Sumskyi,2025-02-24,2025-03-02,Industrial/Business/Enterprise facilities,3
Sumskyi,2025-02-24,2025-03-02,Road / Highway,1
Sumskyi,2025-02-24,2025-03-02,Total,9
Synelnykivskyi,2025-02-24,2025-03-02,"Education facility (school, etc.)",1
Synelnykivskyi,2025-02-24,2025-03-02,Electricity supply system,2
Synelnykivskyi,2025-02-24,2025-03-02,Total,3
Umanskyi,2025-02-24,2025-03-02,Electricity supply system,1
Umanskyi,2025-02-24,2025-03-02,Total,1
Volnovaskyi,2025-02-24,2025-03-02,Agricultural facilities,2
Volnovaskyi,2025-02-24,2025-03-02,"Education facility (school, etc.)",4
Volnovaskyi,2025-02-24,2025-03-02,Gas supply system,1
Volnovaskyi,2025-02-24,2025-03-02,Government facilities,4
Volnovaskyi,2025-02-24,2025-03-02,Industrial/Business/Enterprise facilities,9
Volnovaskyi,2025-02-24,2025-03-02,Total,20
Beryslavskyi,2025-02-17,2025-02-23,Government facilities,1
Beryslavskyi,2025-02-17,2025-02-23,Total,1
Bohodukhivskyi,2025-02-17,2025-02-23,"Cultural facilities (museum, theater etc.)",2
Bohodukhivskyi,2025-02-17,2025-02-23,"Education facility (school, etc.)",2
Bohodukhivskyi,2025-02-17,2025-02-23,Electricity supply system,3
Bohodukhivskyi,2025-02-17,2025-02-23,Gas supply system,2
Bohodukhivskyi,2025-02-17,2025-02-23,Government facilities,2
Bohodukhivskyi,2025-02-17,2025-02-23,Industrial/Business/Enterprise facilities,8
Bohodukhivskyi,2025-02-17,2025-02-23,Total,22
Bohodukhivskyi,2025-02-17,2025-02-23,Warehouse,3
Boryspilskyi,2025-02-17,2025-02-23,"Education facility (school, etc.)",2
Boryspilskyi,2025-02-17,2025-02-23,Electricity supply system,1
Boryspilskyi,2025-02-17,2025-02-23,Industrial/Business/Enterprise facilities,5
Boryspilskyi,2025-02-17,2025-02-23,Total,10
Boryspilskyi,2025-02-17,2025-02-23,Warehouse,2
Buchanskyi,2025-02-17,2025-02-23,Electricity supply system,1
Buchanskyi,2025-02-17,2025-02-23,Total,1
Cherkaskyi,2025-02-17,2025-02-23,Agricultural facilities,1
Cherkaskyi,2025-02-17,2025-02-23,Total,1
Chernihivskyi,2025-02-17,2025-02-23,Road / Highway,1
Chernihivskyi,2025-02-17,2025-02-23,Total,1
Chuhuivskyi,2025-02-17,2025-02-23,Electricity supply system,1
Chuhuivskyi,2025-02-17,2025-02-23,Total,1
Fastivskyi,2025-02-17,2025-02-23,Total,1
Fastivskyi,2025-02-17,2025-02-23,Warehouse,1
Iziumskyi,2025-02-17,2025-02-23,Agricultural facilities,1
Iziumskyi,2025-02-17,2025-02-23,Electricity supply system,2
Iziumskyi,2025-02-17,2025-02-23,Telecommunications,1
Iziumskyi,2025-02-17,2025-02-23,Total,5
Iziumskyi,2025-02-17,2025-02-23,Warehouse,1
Kamianskyi,2025-02-17,2025-02-23,Industrial/Business/Enterprise facilities,1
Kamianskyi,2025-02-17,2025-02-23,Total,1
Kharkivskyi,2025-02-17,2025-02-23,"Education facility (school, etc.)",1
Kharkivskyi,2025-02-17,2025-02-23,Electricity supply system,1
Kharkivskyi,2025-02-17,2025-02-23,Government facilities,1
Kharkivskyi,2025-02-17,2025-02-23,Industrial/Business/Enterprise facilities,1
Kharkivskyi,2025-02-17,2025-02-23,Total,4
Khersonskyi,2025-02-17,2025-02-23,"Education facility (school, etc.)",3
Khersonskyi,2025-02-17,2025-02-23,Electricity supply system,2
Khersonskyi,2025-02-17,2025-02-23,Government facilities,2
Khersonskyi,2025-02-17,2025-02-23,"Health facility (hospital, health clinic)",2
Khersonskyi,2025-02-17,2025-02-23,Industrial/Business/Enterprise facilities,2
Khersonskyi,2025-02-17,2025-02-23,Total,11
Kramatorskyi,2025-02-17,2025-02-23,"Education facility (school, etc.)",4
Kramatorskyi,2025-02-17,2025-02-23,Electricity supply system,22
Kramatorskyi,2025-02-17,2025-02-23,Gas supply system,21
Kramatorskyi,2025-02-17,2025-02-23,Government facilities,5
Kramatorskyi,2025-02-17,2025-02-23,"Health facility (hospital, health clinic)",3
Kramatorskyi,2025-02-17,2025-02-23,Heating and water facility,1
Kramatorskyi,2025-02-17,2025-02-23,Industrial/Business/Enterprise facilities,14
Kramatorskyi,2025-02-17,2025-02-23,Railway,1
Kramatorskyi,2025-02-17,2025-02-23,Road / Highway,3
Kramatorskyi,2025-02-17,2025-02-23,Total,76
Kramatorskyi,2025-02-17,2025-02-23,Water supply system,2
Krasnohradskyi,2025-02-17,2025-02-23,Industrial/Business/Enterprise facilities,2
Krasnohradskyi,2025-02-17,2025-02-23,Total,2
Kropyvnytskyi,2025-02-17,2025-02-23,Industrial/Business/Enterprise facilities,1
Kropyvnytskyi,2025-02-17,2025-02-23,Total,1
Kryvorizkyi,2025-02-17,2025-02-23,"Education facility (school, etc.)",4
Kryvorizkyi,2025-02-17,2025-02-23,Fuel depot,1
Kryvorizkyi,2025-02-17,2025-02-23,Government facilities,1
Kryvorizkyi,2025-02-17,2025-02-23,"Health facility (hospital, health clinic)",2
Kryvorizkyi,2025-02-17,2025-02-23,Industrial/Business/Enterprise facilities,2
Kryvorizkyi,2025-02-17,2025-02-23,Religious facilities,1
Kryvorizkyi,2025-02-17,2025-02-23,Total,11
Kupianskyi,2025-02-17,2025-02-23,Total,1
Kupianskyi,2025-02-17,2025-02-23,Warehouse,1
Kyiv,2025-02-17,2025-02-23,"Cultural facilities (museum, theater etc.)",1
Kyiv,2025-02-17,2025-02-23,"Education facility (school, etc.)",1
Kyiv,2025-02-17,2025-02-23,Industrial/Business/Enterprise facilities,1
Kyiv,2025-02-17,2025-02-23,Total,4
Kyiv,2025-02-17,2025-02-23,Warehouse,1
Lozivskyi,2025-02-17,2025-02-23,Electricity supply system,1
Lozivskyi,2025-02-17,2025-02-23,Total,3
Lozivskyi,2025-02-17,2025-02-23,Warehouse,2
Mykolaivskyi,2025-02-17,2025-02-23,Electricity supply system,1
Mykolaivskyi,2025-02-17,2025-02-23,Government facilities,1
Mykolaivskyi,2025-02-17,2025-02-23,Total,2
Nikopolskyi,2025-02-17,2025-02-23,"Education facility (school, etc.)",1
Nikopolskyi,2025-02-17,2025-02-23,Electricity supply system,5
Nikopolskyi,2025-02-17,2025-02-23,Fuel depot,2
Nikopolskyi,2025-02-17,2025-02-23,Gas supply system,2
Nikopolskyi,2025-02-17,2025-02-23,Government facilities,1
Nikopolskyi,2025-02-17,2025-02-23,Industrial/Business/Enterprise facilities,19
Nikopolskyi,2025-02-17,2025-02-23,Total,30
Novhorod-Siverskyi,2025-02-17,2025-02-23,Government facilities,1
Novhorod-Siverskyi,2025-02-17,2025-02-23,Total,1
Obukhivskyi,2025-02-17,2025-02-23,Electricity supply system,1
Obukhivskyi,2025-02-17,2025-02-23,Total,1
Odeskyi,2025-02-17,2025-02-23,"Education facility (school, etc.)",1
Odeskyi,2025-02-17,2025-02-23,Electricity supply system,1
Odeskyi,2025-02-17,2025-02-23,Government facilities,1
Odeskyi,2025-02-17,2025-02-23,Harbor,1
Odeskyi,2025-02-17,2025-02-23,"Health facility (hospital, health clinic)",3
Odeskyi,2025-02-17,2025-02-23,Industrial/Business/Enterprise facilities,4
Odeskyi,2025-02-17,2025-02-23,Road / Highway,1
Odeskyi,2025-02-17,2025-02-23,Total,13
Odeskyi,2025-02-17,2025-02-23,Warehouse,1
Pokrovskyi,2025-02-17,2025-02-23,"Education facility (school, etc.)",2
Pokrovskyi,2025-02-17,2025-02-23,Fuel depot,1
Pokrovskyi,2025-02-17,2025-02-23,Government facilities,2
Pokrovskyi,2025-02-17,2025-02-23,"Health facility (hospital, health clinic)",1
Pokrovskyi,2025-02-17,2025-02-23,Industrial/Business/Enterprise facilities,1
Pokrovskyi,2025-02-17,2025-02-23,Total,8
Pokrovskyi,2025-02-17,2025-02-23,Water supply system,1
Poltavskyi,2025-02-17,2025-02-23,"Cultural facilities (museum, theater etc.)",1
Poltavskyi,2025-02-17,2025-02-23,Total,1
Sumskyi,2025-02-17,2025-02-23,Gas supply system,2
Sumskyi,2025-02-17,2025-02-23,Industrial/Business/Enterprise facilities,1
Sumskyi,2025-02-17,2025-02-23,Other,1
Sumskyi,2025-02-17,2025-02-23,Total,4
Umanskyi,2025-02-17,2025-02-23,Electricity supply system,1
Umanskyi,2025-02-17,2025-02-23,Total,1
Volnovaskyi,2025-02-17,2025-02-23,"Health facility (hospital, health clinic)",1
Volnovaskyi,2025-02-17,2025-02-23,Total,1
Vyshhorodskyi,2025-02-17,2025-02-23,Industrial/Business/Enterprise facilities,1
Vyshhorodskyi,2025-02-17,2025-02-23,Total,1
Zaporizkyi,2025-02-17,2025-02-23,Total,1
Zaporizkyi,2025-02-17,2025-02-23,Warehouse,1
Zolotoniskyi,2025-02-17,2025-02-23,Electricity supply system,1
Zolotoniskyi,2025-02-17,2025-02-23,Industrial/Business/Enterprise facilities,1
Zolotoniskyi,2025-02-17,2025-02-23,Other,1
Zolotoniskyi,2025-02-17,2025-02-23,Total,3
Beryslavskyi,2025-02-10,2025-02-16,Government facilities,1
Beryslavskyi,2025-02-10,2025-02-16,Total,1
Bohodukhivskyi,2025-02-10,2025-02-16,Agricultural facilities,1
Bohodukhivskyi,2025-02-10,2025-02-16,Electricity supply system,1
Bohodukhivskyi,2025-02-10,2025-02-16,Gas supply system,1
Bohodukhivskyi,2025-02-10,2025-02-16,Government facilities,1
Bohodukhivskyi,2025-02-10,2025-02-16,Religious facilities,1
Bohodukhivskyi,2025-02-10,2025-02-16,Total,5
Boryspilskyi,2025-02-10,2025-02-16,"Education facility (school, etc.)",2
Boryspilskyi,2025-02-10,2025-02-16,Other,1
Boryspilskyi,2025-02-10,2025-02-16,Total,4
Boryspilskyi,2025-02-10,2025-02-16,Warehouse,1
Chernihivskyi,2025-02-10,2025-02-16,Electricity supply system,1
Chernihivskyi,2025-02-10,2025-02-16,Total,1
Chornobyl Exclusion Zone,2025-02-10,2025-02-16,Nuclear unit,1
Chornobyl Exclusion Zone,2025-02-10,2025-02-16,Total,1
Chuhuivskyi,2025-02-10,2025-02-16,Agricultural facilities,1
Chuhuivskyi,2025-02-10,2025-02-16,Fuel depot,1
Chuhuivskyi,2025-02-10,2025-02-16,Total,2
Fastivskyi,2025-02-10,2025-02-16,"Education facility (school, etc.)",1
Fastivskyi,2025-02-10,2025-02-16,Total,2
Fastivskyi,2025-02-10,2025-02-16,Warehouse,1
Iziumskyi,2025-02-10,2025-02-16,Industrial/Business/Enterprise facilities,1
Iziumskyi,2025-02-10,2025-02-16,Total,1
Izmailskyi,2025-02-10,2025-02-16,"Education facility (school, etc.)",1
Izmailskyi,2025-02-10,2025-02-16,Harbor,1
Izmailskyi,2025-02-10,2025-02-16,Total,2
Kakhovskyi,2025-02-10,2025-02-16,"Cultural facilities (museum, theater etc.)",2
Kakhovskyi,2025-02-10,2025-02-16,Industrial/Business/Enterprise facilities,1
Kakhovskyi,2025-02-10,2025-02-16,Other,1
Kakhovskyi,2025-02-10,2025-02-16,Total,4
Kharkivskyi,2025-02-10,2025-02-16,Gas supply system,1
Kharkivskyi,2025-02-10,2025-02-16,Government facilities,1
Kharkivskyi,2025-02-10,2025-02-16,Total,3
Kharkivskyi,2025-02-10,2025-02-16,Warehouse,1
Khersonskyi,2025-02-10,2025-02-16,"Education facility (school, etc.)",4
Khersonskyi,2025-02-10,2025-02-16,Electricity supply system,1
Khersonskyi,2025-02-10,2025-02-16,Government facilities,1
Khersonskyi,2025-02-10,2025-02-16,"Health facility (hospital, health clinic)",1
Khersonskyi,2025-02-10,2025-02-16,Total,8
Khersonskyi,2025-02-10,2025-02-16,Water supply system,1
Konotopskyi,2025-02-10,2025-02-16,Agricultural facilities,1
Konotopskyi,2025-02-10,2025-02-16,Total,1
Kramatorskyi,2025-02-10,2025-02-16,"Cultural facilities (museum, theater etc.)",2
Kramatorskyi,2025-02-10,2025-02-16,"Education facility (school, etc.)",2
Kramatorskyi,2025-02-10,2025-02-16,Electricity supply system,14
Kramatorskyi,2025-02-10,2025-02-16,Fuel depot,1
Kramatorskyi,2025-02-10,2025-02-16,Gas supply system,3
Kramatorskyi,2025-02-10,2025-02-16,Government facilities,2
Kramatorskyi,2025-02-10,2025-02-16,Industrial/Business/Enterprise facilities,9
Kramatorskyi,2025-02-10,2025-02-16,Railway,1
Kramatorskyi,2025-02-10,2025-02-16,Road / Highway,1
Kramatorskyi,2025-02-10,2025-02-16,Total,36
Kramatorskyi,2025-02-10,2025-02-16,Warehouse,1
Kropyvnytskyi,2025-02-10,2025-02-16,Electricity supply system,1
Kropyvnytskyi,2025-02-10,2025-02-16,Total,1
Kryvorizkyi,2025-02-10,2025-02-16,"Education facility (school, etc.)",3
Kryvorizkyi,2025-02-10,2025-02-16,Fuel depot,1
Kryvorizkyi,2025-02-10,2025-02-16,Government facilities,1
Kryvorizkyi,2025-02-10,2025-02-16,Industrial/Business/Enterprise facilities,3
Kryvorizkyi,2025-02-10,2025-02-16,Total,8
Kupianskyi,2025-02-10,2025-02-16,"Cultural facilities (museum, theater etc.)",2
Kupianskyi,2025-02-10,2025-02-16,"Education facility (school, etc.)",1
Kupianskyi,2025-02-10,2025-02-16,Total,3
Kyiv,2025-02-10,2025-02-16,"Cultural facilities (museum, theater etc.)",1
Kyiv,2025-02-10,2025-02-16,Gas supply system,1
Kyiv,2025-02-10,2025-02-16,Heating and water facility,3
Kyiv,2025-02-10,2025-02-16,Industrial/Business/Enterprise facilities,4
Kyiv,2025-02-10,2025-02-16,Telecommunications,2
Kyiv,2025-02-10,2025-02-16,Total,12
Kyiv,2025-02-10,2025-02-16,Warehouse,1
Mykolaivskyi,2025-02-10,2025-02-16,Agricultural facilities,1
Mykolaivskyi,2025-02-10,2025-02-16,"Education facility (school, etc.)",1
Mykolaivskyi,2025-02-10,2025-02-16,Government facilities,1
Mykolaivskyi,2025-02-10,2025-02-16,"Health facility (hospital, health clinic)",1
Mykolaivskyi,2025-02-10,2025-02-16,Heating and water facility,1
Mykolaivskyi,2025-02-10,2025-02-16,Industrial/Business/Enterprise facilities,7
Mykolaivskyi,2025-02-10,2025-02-16,Power plant,1
Mykolaivskyi,2025-02-10,2025-02-16,Road / Highway,1
Mykolaivskyi,2025-02-10,2025-02-16,Total,17
Mykolaivskyi,2025-02-10,2025-02-16,Warehouse,1
Mykolaivskyi,2025-02-10,2025-02-16,Water supply system,2
Myrhorodskyi,2025-02-10,2025-02-16,Gas supply system,1
Myrhorodskyi,2025-02-10,2025-02-16,Total,1
Nikopolskyi,2025-02-10,2025-02-16,Agricultural facilities,1
Nikopolskyi,2025-02-10,2025-02-16,"Education facility (school, etc.)",1
Nikopolskyi,2025-02-10,2025-02-16,Electricity supply system,5
Nikopolskyi,2025-02-10,2025-02-16,Fuel depot,2
Nikopolskyi,2025-02-10,2025-02-16,Gas supply system,5
Nikopolskyi,2025-02-10,2025-02-16,Government facilities,2
Nikopolskyi,2025-02-10,2025-02-16,"Health facility (hospital, health clinic)",1
Nikopolskyi,2025-02-10,2025-02-16,Industrial/Business/Enterprise facilities,10
Nikopolskyi,2025-02-10,2025-02-16,Total,27
Nizhynskyi,2025-02-10,2025-02-16,Agricultural facilities,1
Nizhynskyi,2025-02-10,2025-02-16,Total,1
Novhorod-Siverskyi,2025-02-10,2025-02-16,"Cultural facilities (museum, theater etc.)",1
Novhorod-Siverskyi,2025-02-10,2025-02-16,Total,2
Novhorod-Siverskyi,2025-02-10,2025-02-16,Warehouse,1
Odeskyi,2025-02-10,2025-02-16,Harbor,1
Odeskyi,2025-02-10,2025-02-16,Industrial/Business/Enterprise facilities,1
Odeskyi,2025-02-10,2025-02-16,Total,2
Okhtyrskyi,2025-02-10,2025-02-16,"Health facility (hospital, health clinic)",1
Okhtyrskyi,2025-02-10,2025-02-16,Industrial/Business/Enterprise facilities,2
Okhtyrskyi,2025-02-10,2025-02-16,Total,3
Pokrovskyi,2025-02-10,2025-02-16,"Cultural facilities (museum, theater etc.)",1
Pokrovskyi,2025-02-10,2025-02-16,Electricity supply system,2
Pokrovskyi,2025-02-10,2025-02-16,Government facilities,1
Pokrovskyi,2025-02-10,2025-02-16,Industrial/Business/Enterprise facilities,2
Pokrovskyi,2025-02-10,2025-02-16,Total,6
Sumskyi,2025-02-10,2025-02-16,Agricultural facilities,1
Sumskyi,2025-02-10,2025-02-16,"Education facility (school, etc.)",2
Sumskyi,2025-02-10,2025-02-16,Electricity supply system,1
Sumskyi,2025-02-10,2025-02-16,"Health facility (hospital, health clinic)",1
Sumskyi,2025-02-10,2025-02-16,Industrial/Business/Enterprise facilities,2
Sumskyi,2025-02-10,2025-02-16,Total,7
Synelnykivskyi,2025-02-10,2025-02-16,Electricity supply system,1
Synelnykivskyi,2025-02-10,2025-02-16,Total,1
Voznesenskyi,2025-02-10,2025-02-16,"Education facility (school, etc.)",1
Voznesenskyi,2025-02-10,2025-02-16,Total,1
Bakhmutskyi,2025-02-03,2025-02-09,"Health facility (hospital, health clinic)",1
Bakhmutskyi,2025-02-03,2025-02-09,Total,1
Bohodukhivskyi,2025-02-03,2025-02-09,Government facilities,1
Bohodukhivskyi,2025-02-03,2025-02-09,Total,1
Cherkaskyi,2025-02-03,2025-02-09,Industrial/Business/Enterprise facilities,3
Cherkaskyi,2025-02-03,2025-02-09,Total,3
Dniprovskyi,2025-02-03,2025-02-09,Agricultural facilities,1
Dniprovskyi,2025-02-03,2025-02-09,Total,1
Iziumskyi,2025-02-03,2025-02-09,Government facilities,5
Iziumskyi,2025-02-03,2025-02-09,Total,5
Kharkivskyi,2025-02-03,2025-02-09,"Cultural facilities (museum, theater etc.)",1
Kharkivskyi,2025-02-03,2025-02-09,"Education facility (school, etc.)",1
Kharkivskyi,2025-02-03,2025-02-09,Electricity supply system,2
Kharkivskyi,2025-02-03,2025-02-09,Fuel depot,1
Kharkivskyi,2025-02-03,2025-02-09,Government facilities,1
Kharkivskyi,2025-02-03,2025-02-09,Industrial/Business/Enterprise facilities,2
Kharkivskyi,2025-02-03,2025-02-09,Total,8
Khersonskyi,2025-02-03,2025-02-09,Electricity supply system,1
Khersonskyi,2025-02-03,2025-02-09,Industrial/Business/Enterprise facilities,1
Khersonskyi,2025-02-03,2025-02-09,Total,3
Khersonskyi,2025-02-03,2025-02-09,Warehouse,1
Konotopskyi,2025-02-03,2025-02-09,"Education facility (school, etc.)",2
Konotopskyi,2025-02-03,2025-02-09,Total,2
Kramatorskyi,2025-02-03,2025-02-09,"Education facility (school, etc.)",2
Kramatorskyi,2025-02-03,2025-02-09,Electricity supply system,10
Kramatorskyi,2025-02-03,2025-02-09,Gas supply system,9
Kramatorskyi,2025-02-03,2025-02-09,Government facilities,6
Kramatorskyi,2025-02-03,2025-02-09,"Health facility (hospital, health clinic)",1
Kramatorskyi,2025-02-03,2025-02-09,Industrial/Business/Enterprise facilities,20
Kramatorskyi,2025-02-03,2025-02-09,Power plant,1
Kramatorskyi,2025-02-03,2025-02-09,Railway,1
Kramatorskyi,2025-02-03,2025-02-09,Religious facilities,1
Kramatorskyi,2025-02-03,2025-02-09,Road / Highway,1
Kramatorskyi,2025-02-03,2025-02-09,Total,52
Kropyvnytskyi,2025-02-03,2025-02-09,"Education facility (school, etc.)",1
Kropyvnytskyi,2025-02-03,2025-02-09,Total,1
Kupianskyi,2025-02-03,2025-02-09,Industrial/Business/Enterprise facilities,3
Kupianskyi,2025-02-03,2025-02-09,Road / Highway,2
Kupianskyi,2025-02-03,2025-02-09,Total,6
Kupianskyi,2025-02-03,2025-02-09,Warehouse,1
Kyiv,2025-02-03,2025-02-09,"Education facility (school, etc.)",3
Kyiv,2025-02-03,2025-02-09,"Health facility (hospital, health clinic)",1
Kyiv,2025-02-03,2025-02-09,Total,4
Nikopolskyi,2025-02-03,2025-02-09,Agricultural facilities,2
Nikopolskyi,2025-02-03,2025-02-09,"Education facility (school, etc.)",1
Nikopolskyi,2025-02-03,2025-02-09,Electricity supply system,7
Nikopolskyi,2025-02-03,2025-02-09,Fuel depot,2
Nikopolskyi,2025-02-03,2025-02-09,Gas supply system,6
Nikopolskyi,2025-02-03,2025-02-09,Government facilities,2
Nikopolskyi,2025-02-03,2025-02-09,Industrial/Business/Enterprise facilities,8
Nikopolskyi,2025-02-03,2025-02-09,Total,28
Novhorod-Siverskyi,2025-02-03,2025-02-09,Total,1
Novhorod-Siverskyi,2025-02-03,2025-02-09,Warehouse,1
Odeskyi,2025-02-03,2025-02-09,Industrial/Business/Enterprise facilities,2
Odeskyi,2025-02-03,2025-02-09,Total,2
Romenskyi,2025-02-03,2025-02-09,"Education facility (school, etc.)",1
Romenskyi,2025-02-03,2025-02-09,Total,1
Shostkynskyi,2025-02-03,2025-02-09,"Cultural facilities (museum, theater etc.)",1
Shostkynskyi,2025-02-03,2025-02-09,Government facilities,1
Shostkynskyi,2025-02-03,2025-02-09,"Health facility (hospital, health clinic)",1
Shostkynskyi,2025-02-03,2025-02-09,Industrial/Business/Enterprise facilities,1
Shostkynskyi,2025-02-03,2025-02-09,Total,4
Sumskyi,2025-02-03,2025-02-09,Electricity supply system,1
Sumskyi,2025-02-03,2025-02-09,Gas supply system,3
Sumskyi,2025-02-03,2025-02-09,Industrial/Business/Enterprise facilities,1
Sumskyi,2025-02-03,2025-02-09,Road / Highway,1
Sumskyi,2025-02-03,2025-02-09,Total,6
Synelnykivskyi,2025-02-03,2025-02-09,Electricity supply system,1
Synelnykivskyi,2025-02-03,2025-02-09,Gas supply system,1
Synelnykivskyi,2025-02-03,2025-02-09,Government facilities,2
Synelnykivskyi,2025-02-03,2025-02-09,Total,4
Bashtanskyi,2025-01-27,2025-02-02,Electricity supply system,1
Bashtanskyi,2025-01-27,2025-02-02,Total,1
Berdianskyi,2025-01-27,2025-02-02,Harbor,1
Berdianskyi,2025-01-27,2025-02-02,Total,1
Bohodukhivskyi,2025-01-27,2025-02-02,"Education facility (school, etc.)",1
Bohodukhivskyi,2025-01-27,2025-02-02,Total,1
Dniprovskyi,2025-01-27,2025-02-02,Gas supply system,1
Dniprovskyi,2025-01-27,2025-02-02,Total,1
Fastivskyi,2025-01-27,2025-02-02,Total,1
Fastivskyi,2025-01-27,2025-02-02,Warehouse,1
Iziumskyi,2025-01-27,2025-02-02,"Education facility (school, etc.)",1
Iziumskyi,2025-01-27,2025-02-02,Government facilities,1
Iziumskyi,2025-01-27,2025-02-02,Total,2
Izmailskyi,2025-01-27,2025-02-02,"Education facility (school, etc.)",2
Izmailskyi,2025-01-27,2025-02-02,Harbor,1
Izmailskyi,2025-01-27,2025-02-02,"Health facility (hospital, health clinic)",1
Izmailskyi,2025-01-27,2025-02-02,Total,5
Izmailskyi,2025-01-27,2025-02-02,Warehouse,1
Kharkivskyi,2025-01-27,2025-02-02,Electricity supply system,1
Kharkivskyi,2025-01-27,2025-02-02,Gas supply system,1
Kharkivskyi,2025-01-27,2025-02-02,Industrial/Business/Enterprise facilities,4
Kharkivskyi,2025-01-27,2025-02-02,Power plant,1
Kharkivskyi,2025-01-27,2025-02-02,Total,7
Khersonskyi,2025-01-27,2025-02-02,"Education facility (school, etc.)",1
Khersonskyi,2025-01-27,2025-02-02,Gas supply system,1
Khersonskyi,2025-01-27,2025-02-02,Total,2
Konotopskyi,2025-01-27,2025-02-02,Agricultural facilities,1
Konotopskyi,2025-01-27,2025-02-02,Total,1
Kramatorskyi,2025-01-27,2025-02-02,"Cultural facilities (museum, theater etc.)",2
Kramatorskyi,2025-01-27,2025-02-02,"Education facility (school, etc.)",1
Kramatorskyi,2025-01-27,2025-02-02,Electricity supply system,8
Kramatorskyi,2025-01-27,2025-02-02,Fuel depot,1
Kramatorskyi,2025-01-27,2025-02-02,Gas supply system,6
Kramatorskyi,2025-01-27,2025-02-02,Government facilities,2
Kramatorskyi,2025-01-27,2025-02-02,Industrial/Business/Enterprise facilities,3
Kramatorskyi,2025-01-27,2025-02-02,Other,1
Kramatorskyi,2025-01-27,2025-02-02,Road / Highway,2
Kramatorskyi,2025-01-27,2025-02-02,Total,26
Kryvorizkyi,2025-01-27,2025-02-02,Heating and water facility,1
Kryvorizkyi,2025-01-27,2025-02-02,Total,1
Kupianskyi,2025-01-27,2025-02-02,"Cultural facilities (museum, theater etc.)",1
Kupianskyi,2025-01-27,2025-02-02,"Education facility (school, etc.)",1
Kupianskyi,2025-01-27,2025-02-02,Industrial/Business/Enterprise facilities,2
Kupianskyi,2025-01-27,2025-02-02,Road / Highway,1
Kupianskyi,2025-01-27,2025-02-02,Total,5
Kyiv,2025-01-27,2025-02-02,Railway,1
Kyiv,2025-01-27,2025-02-02,Total,1
Mykolaivskyi,2025-01-27,2025-02-02,Electricity supply system,1
Mykolaivskyi,2025-01-27,2025-02-02,Industrial/Business/Enterprise facilities,2
Mykolaivskyi,2025-01-27,2025-02-02,Total,3
Myrhorodskyi,2025-01-27,2025-02-02,Electricity supply system,1
Myrhorodskyi,2025-01-27,2025-02-02,Total,1
Nikopolskyi,2025-01-27,2025-02-02,Agricultural facilities,1
Nikopolskyi,2025-01-27,2025-02-02,Electricity supply system,4
Nikopolskyi,2025-01-27,2025-02-02,Gas supply system,3
Nikopolskyi,2025-01-27,2025-02-02,Government facilities,1
Nikopolskyi,2025-01-27,2025-02-02,"Health facility (hospital, health clinic)",1
Nikopolskyi,2025-01-27,2025-02-02,Industrial/Business/Enterprise facilities,4
Nikopolskyi,2025-01-27,2025-02-02,Total,14
Nizhynskyi,2025-01-27,2025-02-02,Industrial/Business/Enterprise facilities,1
Nizhynskyi,2025-01-27,2025-02-02,Total,1
Novhorod-Siverskyi,2025-01-27,2025-02-02,Agricultural facilities,1
Novhorod-Siverskyi,2025-01-27,2025-02-02,Government facilities,1
Novhorod-Siverskyi,2025-01-27,2025-02-02,Industrial/Business/Enterprise facilities,1
Novhorod-Siverskyi,2025-01-27,2025-02-02,Total,3
Odeskyi,2025-01-27,2025-02-02,"Cultural facilities (museum, theater etc.)",15
Odeskyi,2025-01-27,2025-02-02,"Education facility (school, etc.)",2
Odeskyi,2025-01-27,2025-02-02,Electricity supply system,2
Odeskyi,2025-01-27,2025-02-02,Gas supply system,1
Odeskyi,2025-01-27,2025-02-02,Government facilities,1
Odeskyi,2025-01-27,2025-02-02,"Health facility (hospital, health clinic)",1
Odeskyi,2025-01-27,2025-02-02,Industrial/Business/Enterprise facilities,1
Odeskyi,2025-01-27,2025-02-02,Total,25
Odeskyi,2025-01-27,2025-02-02,Warehouse,2
Okhtyrskyi,2025-01-27,2025-02-02,Total,1
Okhtyrskyi,2025-01-27,2025-02-02,Warehouse,1
Pokrovskyi,2025-01-27,2025-02-02,"Education facility (school, etc.)",3
Pokrovskyi,2025-01-27,2025-02-02,Gas supply system,1
Pokrovskyi,2025-01-27,2025-02-02,Government facilities,1
Pokrovskyi,2025-01-27,2025-02-02,"Health facility (hospital, health clinic)",3
Pokrovskyi,2025-01-27,2025-02-02,Industrial/Business/Enterprise facilities,2
Pokrovskyi,2025-01-27,2025-02-02,Religious facilities,1
Pokrovskyi,2025-01-27,2025-02-02,Total,11
Poltavskyi,2025-01-27,2025-02-02,"Education facility (school, etc.)",1
Poltavskyi,2025-01-27,2025-02-02,Heating and water facility,1
Poltavskyi,2025-01-27,2025-02-02,Total,2
Shostkynskyi,2025-01-27,2025-02-02,Electricity supply system,1
Shostkynskyi,2025-01-27,2025-02-02,Total,1
Sumskyi,2025-01-27,2025-02-02,Electricity supply system,1
Sumskyi,2025-01-27,2025-02-02,Gas supply system,1
Sumskyi,2025-01-27,2025-02-02,Total,2
Synelnykivskyi,2025-01-27,2025-02-02,"Cultural facilities (museum, theater etc.)",1
Synelnykivskyi,2025-01-27,2025-02-02,"Education facility (school, etc.)",1
Synelnykivskyi,2025-01-27,2025-02-02,Electricity supply system,3
Synelnykivskyi,2025-01-27,2025-02-02,Gas supply system,2
Synelnykivskyi,2025-01-27,2025-02-02,Government facilities,1
Synelnykivskyi,2025-01-27,2025-02-02,Industrial/Business/Enterprise facilities,4
Synelnykivskyi,2025-01-27,2025-02-02,Religious facilities,1
Synelnykivskyi,2025-01-27,2025-02-02,Total,13
Umanskyi,2025-01-27,2025-02-02,Electricity supply system,1
Umanskyi,2025-01-27,2025-02-02,Industrial/Business/Enterprise facilities,1
Umanskyi,2025-01-27,2025-02-02,Total,2
Vyshhorodskyi,2025-01-27,2025-02-02,"Cultural facilities (museum, theater etc.)",1
Vyshhorodskyi,2025-01-27,2025-02-02,Total,1
Zaporizkyi,2025-01-27,2025-02-02,"Cultural facilities (museum, theater etc.)",1
Zaporizkyi,2025-01-27,2025-02-02,"Education facility (school, etc.)",2
Zaporizkyi,2025-01-27,2025-02-02,Industrial/Business/Enterprise facilities,4
Zaporizkyi,2025-01-27,2025-02-02,Other,1
Zaporizkyi,2025-01-27,2025-02-02,Total,8
Beryslavskyi,2025-01-20,2025-01-26,Government facilities,1
Beryslavskyi,2025-01-20,2025-01-26,"Health facility (hospital, health clinic)",1
Beryslavskyi,2025-01-20,2025-01-26,Industrial/Business/Enterprise facilities,1
Beryslavskyi,2025-01-20,2025-01-26,Total,3
Bohodukhivskyi,2025-01-20,2025-01-26,Electricity supply system,1
Bohodukhivskyi,2025-01-20,2025-01-26,Total,1
Brovarskyi,2025-01-20,2025-01-26,Industrial/Business/Enterprise facilities,1
Brovarskyi,2025-01-20,2025-01-26,Total,1
Chuhuivskyi,2025-01-20,2025-01-26,Agricultural facilities,1
Chuhuivskyi,2025-01-20,2025-01-26,Total,1
Dniprovskyi,2025-01-20,2025-01-26,"Education facility (school, etc.)",1
Dniprovskyi,2025-01-20,2025-01-26,Industrial/Business/Enterprise facilities,4
Dniprovskyi,2025-01-20,2025-01-26,Total,6
Dniprovskyi,2025-01-20,2025-01-26,Warehouse,1
Fastivskyi,2025-01-20,2025-01-26,"Health facility (hospital, health clinic)",1
Fastivskyi,2025-01-20,2025-01-26,Industrial/Business/Enterprise facilities,1
Fastivskyi,2025-01-20,2025-01-26,Total,2
Kharkivskyi,2025-01-20,2025-01-26,"Education facility (school, etc.)",1
Kharkivskyi,2025-01-20,2025-01-26,Electricity supply system,2
Kharkivskyi,2025-01-20,2025-01-26,Government facilities,1
Kharkivskyi,2025-01-20,2025-01-26,Road / Highway,1
Kharkivskyi,2025-01-20,2025-01-26,Total,5
Khersonskyi,2025-01-20,2025-01-26,"Education facility (school, etc.)",1
Khersonskyi,2025-01-20,2025-01-26,Electricity supply system,2
Khersonskyi,2025-01-20,2025-01-26,Government facilities,1
Khersonskyi,2025-01-20,2025-01-26,Total,4
Khmelnytskyi,2025-01-20,2025-01-26,Industrial/Business/Enterprise facilities,1
Khmelnytskyi,2025-01-20,2025-01-26,Total,1
Kramatorskyi,2025-01-20,2025-01-26,"Education facility (school, etc.)",3
Kramatorskyi,2025-01-20,2025-01-26,Electricity supply system,9
Kramatorskyi,2025-01-20,2025-01-26,Gas supply system,5
Kramatorskyi,2025-01-20,2025-01-26,Government facilities,4
Kramatorskyi,2025-01-20,2025-01-26,"Health facility (hospital, health clinic)",2
Kramatorskyi,2025-01-20,2025-01-26,Industrial/Business/Enterprise facilities,3
Kramatorskyi,2025-01-20,2025-01-26,Other,1
Kramatorskyi,2025-01-20,2025-01-26,Telecommunications,1
Kramatorskyi,2025-01-20,2025-01-26,Total,31
Kramatorskyi,2025-01-20,2025-01-26,Warehouse,3
Kremenchutskyi,2025-01-20,2025-01-26,Electricity supply system,2
Kremenchutskyi,2025-01-20,2025-01-26,Total,2
Kupianskyi,2025-01-20,2025-01-26,"Education facility (school, etc.)",1
Kupianskyi,2025-01-20,2025-01-26,Electricity supply system,1
Kupianskyi,2025-01-20,2025-01-26,Industrial/Business/Enterprise facilities,2
Kupianskyi,2025-01-20,2025-01-26,Road / Highway,1
Kupianskyi,2025-01-20,2025-01-26,Total,5
Mykolaivskyi,2025-01-20,2025-01-26,Government facilities,3
Mykolaivskyi,2025-01-20,2025-01-26,"Health facility (hospital, health clinic)",3
Mykolaivskyi,2025-01-20,2025-01-26,Industrial/Business/Enterprise facilities,1
Mykolaivskyi,2025-01-20,2025-01-26,Other,1
Mykolaivskyi,2025-01-20,2025-01-26,Railway,1
Mykolaivskyi,2025-01-20,2025-01-26,Total,10
Mykolaivskyi,2025-01-20,2025-01-26,Warehouse,1
Nikopolskyi,2025-01-20,2025-01-26,Agricultural facilities,1
Nikopolskyi,2025-01-20,2025-01-26,"Education facility (school, etc.)",1
Nikopolskyi,2025-01-20,2025-01-26,Electricity supply system,4
Nikopolskyi,2025-01-20,2025-01-26,Fuel depot,1
Nikopolskyi,2025-01-20,2025-01-26,Gas supply system,1
Nikopolskyi,2025-01-20,2025-01-26,Industrial/Business/Enterprise facilities,10
Nikopolskyi,2025-01-20,2025-01-26,Other,1
Nikopolskyi,2025-01-20,2025-01-26,Total,19
Novhorod-Siverskyi,2025-01-20,2025-01-26,Gas supply system,1
Novhorod-Siverskyi,2025-01-20,2025-01-26,Total,1
Okhtyrskyi,2025-01-20,2025-01-26,"Cultural facilities (museum, theater etc.)",1
Okhtyrskyi,2025-01-20,2025-01-26,Government facilities,1
Okhtyrskyi,2025-01-20,2025-01-26,Industrial/Business/Enterprise facilities,1
Okhtyrskyi,2025-01-20,2025-01-26,Total,3
Pokrovskyi,2025-01-20,2025-01-26,"Education facility (school, etc.)",1
Pokrovskyi,2025-01-20,2025-01-26,Government facilities,2
Pokrovskyi,2025-01-20,2025-01-26,Industrial/Business/Enterprise facilities,2
Pokrovskyi,2025-01-20,2025-01-26,Road / Highway,1
Pokrovskyi,2025-01-20,2025-01-26,Total,6
Romenskyi,2025-01-20,2025-01-26,Industrial/Business/Enterprise facilities,1
Romenskyi,2025-01-20,2025-01-26,Total,1
Shostkynskyi,2025-01-20,2025-01-26,Agricultural facilities,3
Shostkynskyi,2025-01-20,2025-01-26,"Cultural facilities (museum, theater etc.)",1
Shostkynskyi,2025-01-20,2025-01-26,Heating and water facility,2
Shostkynskyi,2025-01-20,2025-01-26,Total,6
Sumskyi,2025-01-20,2025-01-26,"Education facility (school, etc.)",1
Sumskyi,2025-01-20,2025-01-26,Electricity supply system,1
Sumskyi,2025-01-20,2025-01-26,Government facilities,1
Sumskyi,2025-01-20,2025-01-26,Industrial/Business/Enterprise facilities,1
Sumskyi,2025-01-20,2025-01-26,Other,1
Sumskyi,2025-01-20,2025-01-26,Total,6
Sumskyi,2025-01-20,2025-01-26,Water supply system,1
Synelnykivskyi,2025-01-20,2025-01-26,Agricultural facilities,1
Synelnykivskyi,2025-01-20,2025-01-26,Electricity supply system,1
Synelnykivskyi,2025-01-20,2025-01-26,Industrial/Business/Enterprise facilities,1
Synelnykivskyi,2025-01-20,2025-01-26,Total,3
Volnovaskyi,2025-01-20,2025-01-26,Industrial/Business/Enterprise facilities,1
Volnovaskyi,2025-01-20,2025-01-26,Total,1
Zaporizkyi,2025-01-20,2025-01-26,"Cultural facilities (museum, theater etc.)",4
Zaporizkyi,2025-01-20,2025-01-26,"Education facility (school, etc.)",11
Zaporizkyi,2025-01-20,2025-01-26,Electricity supply system,1
Zaporizkyi,2025-01-20,2025-01-26,Government facilities,7
Zaporizkyi,2025-01-20,2025-01-26,Heating and water facility,1
Zaporizkyi,2025-01-20,2025-01-26,Industrial/Business/Enterprise facilities,4
Zaporizkyi,2025-01-20,2025-01-26,Power plant,1
Zaporizkyi,2025-01-20,2025-01-26,Total,30
Zaporizkyi,2025-01-20,2025-01-26,Water supply system,1
Zvenyhorodskyi,2025-01-20,2025-01-26,"Education facility (school, etc.)",1
Zvenyhorodskyi,2025-01-20,2025-01-26,Electricity supply system,1
Zvenyhorodskyi,2025-01-20,2025-01-26,Industrial/Business/Enterprise facilities,1
Zvenyhorodskyi,2025-01-20,2025-01-26,Total,3
Bohodukhivskyi,2025-01-13,2025-01-19,Electricity supply system,3
Bohodukhivskyi,2025-01-13,2025-01-19,Industrial/Business/Enterprise facilities,3
Bohodukhivskyi,2025-01-13,2025-01-19,Total,6
Brovarskyi,2025-01-13,2025-01-19,"Education facility (school, etc.)",1
Brovarskyi,2025-01-13,2025-01-19,Total,1
Buchanskyi,2025-01-13,2025-01-19,Heating and water facility,1
Buchanskyi,2025-01-13,2025-01-19,Industrial/Business/Enterprise facilities,1
Buchanskyi,2025-01-13,2025-01-19,Total,2
Cherkaskyi,2025-01-13,2025-01-19,Industrial/Business/Enterprise facilities,1
Cherkaskyi,2025-01-13,2025-01-19,Total,1
Chuhuivskyi,2025-01-13,2025-01-19,Gas supply system,1
Chuhuivskyi,2025-01-13,2025-01-19,Total,1
Drohobytskyi,2025-01-13,2025-01-19,Electricity supply system,1
Drohobytskyi,2025-01-13,2025-01-19,Total,1
Iziumskyi,2025-01-13,2025-01-19,Industrial/Business/Enterprise facilities,1
Iziumskyi,2025-01-13,2025-01-19,Total,1
Izmailskyi,2025-01-13,2025-01-19,Harbor,1
Izmailskyi,2025-01-13,2025-01-19,Total,1
Kharkivskyi,2025-01-13,2025-01-19,Gas supply system,1
Kharkivskyi,2025-01-13,2025-01-19,Industrial/Business/Enterprise facilities,2
Kharkivskyi,2025-01-13,2025-01-19,Road / Highway,2
Kharkivskyi,2025-01-13,2025-01-19,Total,6
Kharkivskyi,2025-01-13,2025-01-19,Warehouse,1
Khersonskyi,2025-01-13,2025-01-19,Electricity supply system,2
Khersonskyi,2025-01-13,2025-01-19,"Health facility (hospital, health clinic)",1
Khersonskyi,2025-01-13,2025-01-19,Industrial/Business/Enterprise facilities,1
Khersonskyi,2025-01-13,2025-01-19,Total,5
Khersonskyi,2025-01-13,2025-01-19,Water supply system,1
Konotopskyi,2025-01-13,2025-01-19,Electricity supply system,1
Konotopskyi,2025-01-13,2025-01-19,Total,1
Kramatorskyi,2025-01-13,2025-01-19,"Cultural facilities (museum, theater etc.)",2
Kramatorskyi,2025-01-13,2025-01-19,"Education facility (school, etc.)",3
Kramatorskyi,2025-01-13,2025-01-19,Electricity supply system,5
Kramatorskyi,2025-01-13,2025-01-19,Gas supply system,4
Kramatorskyi,2025-01-13,2025-01-19,"Health facility (hospital, health clinic)",1
Kramatorskyi,2025-01-13,2025-01-19,Heating and water facility,1
Kramatorskyi,2025-01-13,2025-01-19,Industrial/Business/Enterprise facilities,1
Kramatorskyi,2025-01-13,2025-01-19,Total,17
Kryvorizkyi,2025-01-13,2025-01-19,"Education facility (school, etc.)",1
Kryvorizkyi,2025-01-13,2025-01-19,Total,1
Kyiv,2025-01-13,2025-01-19,Government facilities,1
Kyiv,2025-01-13,2025-01-19,"Health facility (hospital, health clinic)",1
Kyiv,2025-01-13,2025-01-19,Industrial/Business/Enterprise facilities,6
Kyiv,2025-01-13,2025-01-19,Other,1
Kyiv,2025-01-13,2025-01-19,Road / Highway,2
Kyiv,2025-01-13,2025-01-19,Total,12
Kyiv,2025-01-13,2025-01-19,Water supply system,1
Mykolaivskyi,2025-01-13,2025-01-19,Gas supply system,1
Mykolaivskyi,2025-01-13,2025-01-19,Total,1
Nikopolskyi,2025-01-13,2025-01-19,Electricity supply system,5
Nikopolskyi,2025-01-13,2025-01-19,Gas supply system,2
Nikopolskyi,2025-01-13,2025-01-19,Government facilities,2
Nikopolskyi,2025-01-13,2025-01-19,Industrial/Business/Enterprise facilities,6
Nikopolskyi,2025-01-13,2025-01-19,Religious facilities,1
Nikopolskyi,2025-01-13,2025-01-19,Total,16
Novhorod-Siverskyi,2025-01-13,2025-01-19,Agricultural facilities,1
Novhorod-Siverskyi,2025-01-13,2025-01-19,Total,1
Odeskyi,2025-01-13,2025-01-19,Electricity supply system,1
Odeskyi,2025-01-13,2025-01-19,Total,1
Pavlohradskyi,2025-01-13,2025-01-19,Industrial/Business/Enterprise facilities,1
Pavlohradskyi,2025-01-13,2025-01-19,Total,1
Pokrovskyi,2025-01-13,2025-01-19,"Education facility (school, etc.)",1
Pokrovskyi,2025-01-13,2025-01-19,Government facilities,2
Pokrovskyi,2025-01-13,2025-01-19,Industrial/Business/Enterprise facilities,1
Pokrovskyi,2025-01-13,2025-01-19,Total,4
Prylutskyi,2025-01-13,2025-01-19,Agricultural facilities,1
Prylutskyi,2025-01-13,2025-01-19,Total,3
Prylutskyi,2025-01-13,2025-01-19,Warehouse,2
Shostkynskyi,2025-01-13,2025-01-19,Government facilities,1
Shostkynskyi,2025-01-13,2025-01-19,Total,1
Stryiskyi,2025-01-13,2025-01-19,Gas supply system,1
Stryiskyi,2025-01-13,2025-01-19,Total,1
Sumskyi,2025-01-13,2025-01-19,Government facilities,1
Sumskyi,2025-01-13,2025-01-19,Heating and water facility,1
Sumskyi,2025-01-13,2025-01-19,Industrial/Business/Enterprise facilities,4
Sumskyi,2025-01-13,2025-01-19,Total,7
Sumskyi,2025-01-13,2025-01-19,Warehouse,1
Volnovaskyi,2025-01-13,2025-01-19,"Education facility (school, etc.)",1
Volnovaskyi,2025-01-13,2025-01-19,Total,1
Zaporizkyi,2025-01-13,2025-01-19,Government facilities,1
Zaporizkyi,2025-01-13,2025-01-19,Industrial/Business/Enterprise facilities,2
Zaporizkyi,2025-01-13,2025-01-19,Religious facilities,1
Zaporizkyi,2025-01-13,2025-01-19,Total,4
Zhytomyrskyi,2025-01-13,2025-01-19,Fuel depot,1
Zhytomyrskyi,2025-01-13,2025-01-19,Total,1
Bakhmutskyi,2025-01-06,2025-01-12,Industrial/Business/Enterprise facilities,1
Bakhmutskyi,2025-01-06,2025-01-12,Total,1
Berdianskyi,2025-01-06,2025-01-12,Industrial/Business/Enterprise facilities,1
Berdianskyi,2025-01-06,2025-01-12,Total,1
Bohodukhivskyi,2025-01-06,2025-01-12,"Cultural facilities (museum, theater etc.)",1
Bohodukhivskyi,2025-01-06,2025-01-12,Electricity supply system,2
Bohodukhivskyi,2025-01-06,2025-01-12,Gas supply system,1
Bohodukhivskyi,2025-01-06,2025-01-12,Industrial/Business/Enterprise facilities,1
Bohodukhivskyi,2025-01-06,2025-01-12,Total,5
Cherkaskyi,2025-01-06,2025-01-12,Agricultural facilities,1
Cherkaskyi,2025-01-06,2025-01-12,Industrial/Business/Enterprise facilities,1
Cherkaskyi,2025-01-06,2025-01-12,Total,3
Cherkaskyi,2025-01-06,2025-01-12,Warehouse,1
Chernihivskyi,2025-01-06,2025-01-12,Electricity supply system,1
Chernihivskyi,2025-01-06,2025-01-12,Total,1
Chuhuivskyi,2025-01-06,2025-01-12,Industrial/Business/Enterprise facilities,1
Chuhuivskyi,2025-01-06,2025-01-12,Total,1
Donetskyi,2025-01-06,2025-01-12,Industrial/Business/Enterprise facilities,2
Donetskyi,2025-01-06,2025-01-12,Road / Highway,1
Donetskyi,2025-01-06,2025-01-12,Total,3
Kharkivskyi,2025-01-06,2025-01-12,Electricity supply system,1
Kharkivskyi,2025-01-06,2025-01-12,Industrial/Business/Enterprise facilities,2
Kharkivskyi,2025-01-06,2025-01-12,Total,3
Khersonskyi,2025-01-06,2025-01-12,Agricultural facilities,1
Khersonskyi,2025-01-06,2025-01-12,"Education facility (school, etc.)",2
Khersonskyi,2025-01-06,2025-01-12,Electricity supply system,1
Khersonskyi,2025-01-06,2025-01-12,Gas supply system,2
Khersonskyi,2025-01-06,2025-01-12,Heating and water facility,1
Khersonskyi,2025-01-06,2025-01-12,Industrial/Business/Enterprise facilities,4
Khersonskyi,2025-01-06,2025-01-12,Total,11
Konotopskyi,2025-01-06,2025-01-12,Electricity supply system,1
Konotopskyi,2025-01-06,2025-01-12,Total,1
Kramatorskyi,2025-01-06,2025-01-12,Electricity supply system,10
Kramatorskyi,2025-01-06,2025-01-12,Gas supply system,2
Kramatorskyi,2025-01-06,2025-01-12,Government facilities,2
Kramatorskyi,2025-01-06,2025-01-12,"Health facility (hospital, health clinic)",2
Kramatorskyi,2025-01-06,2025-01-12,Industrial/Business/Enterprise facilities,2
Kramatorskyi,2025-01-06,2025-01-12,Railway,1
Kramatorskyi,2025-01-06,2025-01-12,Total,19
Kropyvnytskyi,2025-01-06,2025-01-12,"Education facility (school, etc.)",1
Kropyvnytskyi,2025-01-06,2025-01-12,Electricity supply system,1
Kropyvnytskyi,2025-01-06,2025-01-12,Total,2
Kupianskyi,2025-01-06,2025-01-12,Bridge,1
Kupianskyi,2025-01-06,2025-01-12,Total,1
Mykolaivskyi,2025-01-06,2025-01-12,Electricity supply system,3
Mykolaivskyi,2025-01-06,2025-01-12,Total,3
Nikopolskyi,2025-01-06,2025-01-12,Agricultural facilities,2
Nikopolskyi,2025-01-06,2025-01-12,Electricity supply system,5
Nikopolskyi,2025-01-06,2025-01-12,Fuel depot,1
Nikopolskyi,2025-01-06,2025-01-12,Gas supply system,2
Nikopolskyi,2025-01-06,2025-01-12,Government facilities,2
Nikopolskyi,2025-01-06,2025-01-12,Industrial/Business/Enterprise facilities,10
Nikopolskyi,2025-01-06,2025-01-12,Total,22
Novhorod-Siverskyi,2025-01-06,2025-01-12,Government facilities,1
Novhorod-Siverskyi,2025-01-06,2025-01-12,Industrial/Business/Enterprise facilities,3
Novhorod-Siverskyi,2025-01-06,2025-01-12,Total,4
Pokrovskyi,2025-01-06,2025-01-12,"Education facility (school, etc.)",2
Pokrovskyi,2025-01-06,2025-01-12,Fuel depot,1
Pokrovskyi,2025-01-06,2025-01-12,Gas supply system,2
Pokrovskyi,2025-01-06,2025-01-12,Government facilities,2
Pokrovskyi,2025-01-06,2025-01-12,"Health facility (hospital, health clinic)",1
Pokrovskyi,2025-01-06,2025-01-12,Industrial/Business/Enterprise facilities,5
Pokrovskyi,2025-01-06,2025-01-12,Total,13
Shostkynskyi,2025-01-06,2025-01-12,Government facilities,2
Shostkynskyi,2025-01-06,2025-01-12,Industrial/Business/Enterprise facilities,1
Shostkynskyi,2025-01-06,2025-01-12,Total,3
Sumskyi,2025-01-06,2025-01-12,"Health facility (hospital, health clinic)",1
Sumskyi,2025-01-06,2025-01-12,Total,1
Synelnykivskyi,2025-01-06,2025-01-12,"Education facility (school, etc.)",2
Synelnykivskyi,2025-01-06,2025-01-12,Government facilities,2
Synelnykivskyi,2025-01-06,2025-01-12,"Health facility (hospital, health clinic)",1
Synelnykivskyi,2025-01-06,2025-01-12,Industrial/Business/Enterprise facilities,4
Synelnykivskyi,2025-01-06,2025-01-12,Total,9
Vasylivskyi,2025-01-06,2025-01-12,Government facilities,1
Vasylivskyi,2025-01-06,2025-01-12,Total,1
Volnovaskyi,2025-01-06,2025-01-12,"Education facility (school, etc.)",1
Volnovaskyi,2025-01-06,2025-01-12,Total,1
Zaporizkyi,2025-01-06,2025-01-12,Electricity supply system,1
Zaporizkyi,2025-01-06,2025-01-12,Gas supply system,1
Zaporizkyi,2025-01-06,2025-01-12,Government facilities,4
Zaporizkyi,2025-01-06,2025-01-12,Industrial/Business/Enterprise facilities,3
Zaporizkyi,2025-01-06,2025-01-12,Road / Highway,2
Zaporizkyi,2025-01-06,2025-01-12,Telecommunications,1
Zaporizkyi,2025-01-06,2025-01-12,Total,12
Beryslavskyi,2024-12-30,2025-01-05,"Cultural facilities (museum, theater etc.)",1
Beryslavskyi,2024-12-30,2025-01-05,Total,1
Bilhorod-Dnistrovskyi,2024-12-30,2025-01-05,Industrial/Business/Enterprise facilities,1
Bilhorod-Dnistrovskyi,2024-12-30,2025-01-05,Total,1
Bohodukhivskyi,2024-12-30,2025-01-05,Electricity supply system,3
Bohodukhivskyi,2024-12-30,2025-01-05,Total,4
Bohodukhivskyi,2024-12-30,2025-01-05,Warehouse,1
Iziumskyi,2024-12-30,2025-01-05,"Cultural facilities (museum, theater etc.)",1
Iziumskyi,2024-12-30,2025-01-05,"Education facility (school, etc.)",1
Iziumskyi,2024-12-30,2025-01-05,Government facilities,1
Iziumskyi,2024-12-30,2025-01-05,Total,3
Kharkivskyi,2024-12-30,2025-01-05,Industrial/Business/Enterprise facilities,1
Kharkivskyi,2024-12-30,2025-01-05,Total,1
Khersonskyi,2024-12-30,2025-01-05,"Education facility (school, etc.)",3
Khersonskyi,2024-12-30,2025-01-05,Electricity supply system,1
Khersonskyi,2024-12-30,2025-01-05,Gas supply system,2
Khersonskyi,2024-12-30,2025-01-05,Total,6
Koriukivskyi,2024-12-30,2025-01-05,Agricultural facilities,1
Koriukivskyi,2024-12-30,2025-01-05,Industrial/Business/Enterprise facilities,2
Koriukivskyi,2024-12-30,2025-01-05,Total,3
Kramatorskyi,2024-12-30,2025-01-05,Electricity supply system,7
Kramatorskyi,2024-12-30,2025-01-05,Gas supply system,6
Kramatorskyi,2024-12-30,2025-01-05,Government facilities,1
Kramatorskyi,2024-12-30,2025-01-05,"Health facility (hospital, health clinic)",2
Kramatorskyi,2024-12-30,2025-01-05,Heating and water facility,1
Kramatorskyi,2024-12-30,2025-01-05,Industrial/Business/Enterprise facilities,6
Kramatorskyi,2024-12-30,2025-01-05,Religious facilities,1
Kramatorskyi,2024-12-30,2025-01-05,Total,24
Kyiv,2024-12-30,2025-01-05,"Cultural facilities (museum, theater etc.)",2
Kyiv,2024-12-30,2025-01-05,"Education facility (school, etc.)",1
Kyiv,2024-12-30,2025-01-05,Government facilities,1
Kyiv,2024-12-30,2025-01-05,Industrial/Business/Enterprise facilities,2
Kyiv,2024-12-30,2025-01-05,Railway,1
Kyiv,2024-12-30,2025-01-05,Road / Highway,1
Kyiv,2024-12-30,2025-01-05,Total,8
Mykolaivskyi,2024-12-30,2025-01-05,Electricity supply system,1
Mykolaivskyi,2024-12-30,2025-01-05,Total,1
Nikopolskyi,2024-12-30,2025-01-05,Agricultural facilities,3
Nikopolskyi,2024-12-30,2025-01-05,Electricity supply system,3
Nikopolskyi,2024-12-30,2025-01-05,Fuel depot,4
Nikopolskyi,2024-12-30,2025-01-05,Gas supply system,2
Nikopolskyi,2024-12-30,2025-01-05,Government facilities,8
Nikopolskyi,2024-12-30,2025-01-05,Industrial/Business/Enterprise facilities,10
Nikopolskyi,2024-12-30,2025-01-05,Total,30
Novhorod-Siverskyi,2024-12-30,2025-01-05,Electricity supply system,1
Novhorod-Siverskyi,2024-12-30,2025-01-05,Gas supply system,1
Novhorod-Siverskyi,2024-12-30,2025-01-05,Government facilities,5
Novhorod-Siverskyi,2024-12-30,2025-01-05,"Health facility (hospital, health clinic)",1
Novhorod-Siverskyi,2024-12-30,2025-01-05,Industrial/Business/Enterprise facilities,4
Novhorod-Siverskyi,2024-12-30,2025-01-05,Total,12
Pokrovskyi,2024-12-30,2025-01-05,Agricultural facilities,1
Pokrovskyi,2024-12-30,2025-01-05,"Education facility (school, etc.)",2
Pokrovskyi,2024-12-30,2025-01-05,Government facilities,2
Pokrovskyi,2024-12-30,2025-01-05,Industrial/Business/Enterprise facilities,1
Pokrovskyi,2024-12-30,2025-01-05,Total,6
Shostkynskyi,2024-12-30,2025-01-05,"Education facility (school, etc.)",3
Shostkynskyi,2024-12-30,2025-01-05,Electricity supply system,2
Shostkynskyi,2024-12-30,2025-01-05,Government facilities,2
Shostkynskyi,2024-12-30,2025-01-05,"Health facility (hospital, health clinic)",1
Shostkynskyi,2024-12-30,2025-01-05,Heating and water facility,4
Shostkynskyi,2024-12-30,2025-01-05,Total,13
Shostkynskyi,2024-12-30,2025-01-05,Water supply system,1
Sumskyi,2024-12-30,2025-01-05,"Education facility (school, etc.)",1
Sumskyi,2024-12-30,2025-01-05,"Health facility (hospital, health clinic)",1
Sumskyi,2024-12-30,2025-01-05,Total,2
Synelnykivskyi,2024-12-30,2025-01-05,Electricity supply system,1
Synelnykivskyi,2024-12-30,2025-01-05,Gas supply system,1
Synelnykivskyi,2024-12-30,2025-01-05,Total,2
Vasylivskyi,2024-12-30,2025-01-05,Power plant,1
Vasylivskyi,2024-12-30,2025-01-05,Total,1
Zaporizkyi,2024-12-30,2025-01-05,Electricity supply system,1
Zaporizkyi,2024-12-30,2025-01-05,Total,1
Bakhmutskyi,2024-12-23,2024-12-29,Industrial/Business/Enterprise facilities,1
Bakhmutskyi,2024-12-23,2024-12-29,Total,3
Bakhmutskyi,2024-12-23,2024-12-29,Warehouse,2
Beryslavskyi,2024-12-23,2024-12-29,"Education facility (school, etc.)",1
Beryslavskyi,2024-12-23,2024-12-29,Total,1
Bohodukhivskyi,2024-12-23,2024-12-29,Agricultural facilities,1
Bohodukhivskyi,2024-12-23,2024-12-29,Electricity supply system,1
Bohodukhivskyi,2024-12-23,2024-12-29,Gas supply system,1
Bohodukhivskyi,2024-12-23,2024-12-29,Total,3
Chuhuivskyi,2024-12-23,2024-12-29,Industrial/Business/Enterprise facilities,1
Chuhuivskyi,2024-12-23,2024-12-29,Total,1
Dniprovskyi,2024-12-23,2024-12-29,"Cultural facilities (museum, theater etc.)",1
Dniprovskyi,2024-12-23,2024-12-29,"Education facility (school, etc.)",13
Dniprovskyi,2024-12-23,2024-12-29,Government facilities,1
Dniprovskyi,2024-12-23,2024-12-29,"Health facility (hospital, health clinic)",1
Dniprovskyi,2024-12-23,2024-12-29,Power plant,1
Dniprovskyi,2024-12-23,2024-12-29,Total,17
Kamianskyi,2024-12-23,2024-12-29,Industrial/Business/Enterprise facilities,2
Kamianskyi,2024-12-23,2024-12-29,Total,2
Kharkivskyi,2024-12-23,2024-12-29,Agricultural facilities,1
Kharkivskyi,2024-12-23,2024-12-29,Electricity supply system,1
Kharkivskyi,2024-12-23,2024-12-29,Heating and water facility,2
Kharkivskyi,2024-12-23,2024-12-29,Power plant,1
Kharkivskyi,2024-12-23,2024-12-29,Total,5
Khersonskyi,2024-12-23,2024-12-29,Electricity supply system,4
Khersonskyi,2024-12-23,2024-12-29,Government facilities,3
Khersonskyi,2024-12-23,2024-12-29,Total,9
Khersonskyi,2024-12-23,2024-12-29,Water supply system,2
Khmelnytskyi,2024-12-23,2024-12-29,Electricity supply system,1
Khmelnytskyi,2024-12-23,2024-12-29,Total,1
Konotopskyi,2024-12-23,2024-12-29,Agricultural facilities,1
Konotopskyi,2024-12-23,2024-12-29,Total,1
Kramatorskyi,2024-12-23,2024-12-29,Gas supply system,1
Kramatorskyi,2024-12-23,2024-12-29,Industrial/Business/Enterprise facilities,2
Kramatorskyi,2024-12-23,2024-12-29,Total,3
Kremenchutskyi,2024-12-23,2024-12-29,Electricity supply system,1
Kremenchutskyi,2024-12-23,2024-12-29,Total,1
Kryvorizkyi,2024-12-23,2024-12-29,Industrial/Business/Enterprise facilities,12
Kryvorizkyi,2024-12-23,2024-12-29,Road / Highway,1
Kryvorizkyi,2024-12-23,2024-12-29,Total,13
Kupianskyi,2024-12-23,2024-12-29,Road / Highway,1
Kupianskyi,2024-12-23,2024-12-29,Total,1
Mykolaivskyi,2024-12-23,2024-12-29,Agricultural facilities,1
Mykolaivskyi,2024-12-23,2024-12-29,Electricity supply system,1
Mykolaivskyi,2024-12-23,2024-12-29,Government facilities,1
Mykolaivskyi,2024-12-23,2024-12-29,"Health facility (hospital, health clinic)",1
Mykolaivskyi,2024-12-23,2024-12-29,Industrial/Business/Enterprise facilities,1
Mykolaivskyi,2024-12-23,2024-12-29,Total,5
Nikopolskyi,2024-12-23,2024-12-29,Agricultural facilities,1
Nikopolskyi,2024-12-23,2024-12-29,"Education facility (school, etc.)",1
Nikopolskyi,2024-12-23,2024-12-29,Electricity supply system,13
Nikopolskyi,2024-12-23,2024-12-29,Fuel depot,3
Nikopolskyi,2024-12-23,2024-12-29,Gas supply system,6
Nikopolskyi,2024-12-23,2024-12-29,Government facilities,1
Nikopolskyi,2024-12-23,2024-12-29,"Health facility (hospital, health clinic)",1
Nikopolskyi,2024-12-23,2024-12-29,Industrial/Business/Enterprise facilities,11
Nikopolskyi,2024-12-23,2024-12-29,Total,37
Pavlohradskyi,2024-12-23,2024-12-29,Electricity supply system,1
Pavlohradskyi,2024-12-23,2024-12-29,Total,1
Pokrovskyi,2024-12-23,2024-12-29,"Cultural facilities (museum, theater etc.)",1
Pokrovskyi,2024-12-23,2024-12-29,"Education facility (school, etc.)",2
Pokrovskyi,2024-12-23,2024-12-29,Industrial/Business/Enterprise facilities,2
Pokrovskyi,2024-12-23,2024-12-29,Total,5
Sumskyi,2024-12-23,2024-12-29,"Education facility (school, etc.)",1
Sumskyi,2024-12-23,2024-12-29,Total,1
Zaporizkyi,2024-12-23,2024-12-29,Industrial/Business/Enterprise facilities,1
Zaporizkyi,2024-12-23,2024-12-29,Other,1
Zaporizkyi,2024-12-23,2024-12-29,Total,2
Beryslavskyi,2024-12-16,2024-12-22,Industrial/Business/Enterprise facilities,2
Beryslavskyi,2024-12-16,2024-12-22,Total,2
Bohodukhivskyi,2024-12-16,2024-12-22,Agricultural facilities,1
Bohodukhivskyi,2024-12-16,2024-12-22,Electricity supply system,1
Bohodukhivskyi,2024-12-16,2024-12-22,Gas supply system,1
Bohodukhivskyi,2024-12-16,2024-12-22,Road / Highway,1
Bohodukhivskyi,2024-12-16,2024-12-22,Total,5
Bohodukhivskyi,2024-12-16,2024-12-22,Warehouse,1
Boryspilskyi,2024-12-16,2024-12-22,Total,1
Boryspilskyi,2024-12-16,2024-12-22,Warehouse,1
Chuhuivskyi,2024-12-16,2024-12-22,Government facilities,1
Chuhuivskyi,2024-12-16,2024-12-22,Total,1
Donetskyi,2024-12-16,2024-12-22,Government facilities,1
Donetskyi,2024-12-16,2024-12-22,Total,1
Kharkivskyi,2024-12-16,2024-12-22,Gas supply system,1
Kharkivskyi,2024-12-16,2024-12-22,Industrial/Business/Enterprise facilities,2
Kharkivskyi,2024-12-16,2024-12-22,Total,3
Khersonskyi,2024-12-16,2024-12-22,"Cultural facilities (museum, theater etc.)",1
Khersonskyi,2024-12-16,2024-12-22,"Education facility (school, etc.)",11
Khersonskyi,2024-12-16,2024-12-22,Electricity supply system,1
Khersonskyi,2024-12-16,2024-12-22,Government facilities,1
Khersonskyi,2024-12-16,2024-12-22,"Health facility (hospital, health clinic)",4
Khersonskyi,2024-12-16,2024-12-22,Heating and water facility,1
Khersonskyi,2024-12-16,2024-12-22,Railway,1
Khersonskyi,2024-12-16,2024-12-22,Religious facilities,1
Khersonskyi,2024-12-16,2024-12-22,Road / Highway,1
Khersonskyi,2024-12-16,2024-12-22,Total,23
Khersonskyi,2024-12-16,2024-12-22,Warehouse,1
Konotopskyi,2024-12-16,2024-12-22,Government facilities,1
Konotopskyi,2024-12-16,2024-12-22,Industrial/Business/Enterprise facilities,1
Konotopskyi,2024-12-16,2024-12-22,Total,2
Koriukivskyi,2024-12-16,2024-12-22,Government facilities,1
Koriukivskyi,2024-12-16,2024-12-22,Industrial/Business/Enterprise facilities,1
Koriukivskyi,2024-12-16,2024-12-22,Total,2
Kramatorskyi,2024-12-16,2024-12-22,"Education facility (school, etc.)",1
Kramatorskyi,2024-12-16,2024-12-22,Electricity supply system,3
Kramatorskyi,2024-12-16,2024-12-22,Fuel depot,1
Kramatorskyi,2024-12-16,2024-12-22,Gas supply system,3
Kramatorskyi,2024-12-16,2024-12-22,Government facilities,2
Kramatorskyi,2024-12-16,2024-12-22,"Health facility (hospital, health clinic)",1
Kramatorskyi,2024-12-16,2024-12-22,Industrial/Business/Enterprise facilities,7
Kramatorskyi,2024-12-16,2024-12-22,Railway,1
Kramatorskyi,2024-12-16,2024-12-22,Road / Highway,1
Kramatorskyi,2024-12-16,2024-12-22,Total,20
Kryvorizkyi,2024-12-16,2024-12-22,"Education facility (school, etc.)",1
Kryvorizkyi,2024-12-16,2024-12-22,Electricity supply system,1
Kryvorizkyi,2024-12-16,2024-12-22,Government facilities,1
Kryvorizkyi,2024-12-16,2024-12-22,"Health facility (hospital, health clinic)",2
Kryvorizkyi,2024-12-16,2024-12-22,Heating and water facility,1
Kryvorizkyi,2024-12-16,2024-12-22,Industrial/Business/Enterprise facilities,2
Kryvorizkyi,2024-12-16,2024-12-22,Other,1
Kryvorizkyi,2024-12-16,2024-12-22,Total,10
Kryvorizkyi,2024-12-16,2024-12-22,Water supply system,1
Kupianskyi,2024-12-16,2024-12-22,Industrial/Business/Enterprise facilities,2
Kupianskyi,2024-12-16,2024-12-22,Total,2
Kyiv,2024-12-16,2024-12-22,"Cultural facilities (museum, theater etc.)",1
Kyiv,2024-12-16,2024-12-22,"Education facility (school, etc.)",1
Kyiv,2024-12-16,2024-12-22,Gas supply system,1
Kyiv,2024-12-16,2024-12-22,Government facilities,7
Kyiv,2024-12-16,2024-12-22,Heating and water facility,1
Kyiv,2024-12-16,2024-12-22,Industrial/Business/Enterprise facilities,4
Kyiv,2024-12-16,2024-12-22,Religious facilities,1
Kyiv,2024-12-16,2024-12-22,Road / Highway,4
Kyiv,2024-12-16,2024-12-22,Total,21
Kyiv,2024-12-16,2024-12-22,Warehouse,1
Mykolaivskyi,2024-12-16,2024-12-22,Industrial/Business/Enterprise facilities,1
Mykolaivskyi,2024-12-16,2024-12-22,Total,1
Nikopolskyi,2024-12-16,2024-12-22,Agricultural facilities,2
Nikopolskyi,2024-12-16,2024-12-22,"Education facility (school, etc.)",1
Nikopolskyi,2024-12-16,2024-12-22,Electricity supply system,4
Nikopolskyi,2024-12-16,2024-12-22,Gas supply system,4
Nikopolskyi,2024-12-16,2024-12-22,Government facilities,1
Nikopolskyi,2024-12-16,2024-12-22,Industrial/Business/Enterprise facilities,15
Nikopolskyi,2024-12-16,2024-12-22,Religious facilities,1
Nikopolskyi,2024-12-16,2024-12-22,Total,29
Nikopolskyi,2024-12-16,2024-12-22,Water supply system,1
Novhorod-Siverskyi,2024-12-16,2024-12-22,Electricity supply system,1
Novhorod-Siverskyi,2024-12-16,2024-12-22,Industrial/Business/Enterprise facilities,1
Novhorod-Siverskyi,2024-12-16,2024-12-22,Other,1
Novhorod-Siverskyi,2024-12-16,2024-12-22,Total,3
Pokrovskyi,2024-12-16,2024-12-22,"Cultural facilities (museum, theater etc.)",1
Pokrovskyi,2024-12-16,2024-12-22,Electricity supply system,1
Pokrovskyi,2024-12-16,2024-12-22,Fuel depot,1
Pokrovskyi,2024-12-16,2024-12-22,Government facilities,1
Pokrovskyi,2024-12-16,2024-12-22,Industrial/Business/Enterprise facilities,2
Pokrovskyi,2024-12-16,2024-12-22,Total,6
Romenskyi,2024-12-16,2024-12-22,Government facilities,1
Romenskyi,2024-12-16,2024-12-22,Total,1
Shostkynskyi,2024-12-16,2024-12-22,Electricity supply system,1
Shostkynskyi,2024-12-16,2024-12-22,Government facilities,2
Shostkynskyi,2024-12-16,2024-12-22,Total,3
Sumskyi,2024-12-16,2024-12-22,Gas supply system,1
Sumskyi,2024-12-16,2024-12-22,Industrial/Business/Enterprise facilities,1
Sumskyi,2024-12-16,2024-12-22,Total,3
Sumskyi,2024-12-16,2024-12-22,Warehouse,1
Synelnykivskyi,2024-12-16,2024-12-22,Electricity supply system,1
Synelnykivskyi,2024-12-16,2024-12-22,Government facilities,1
Synelnykivskyi,2024-12-16,2024-12-22,Total,2
Zaporizkyi,2024-12-16,2024-12-22,Industrial/Business/Enterprise facilities,2
Zaporizkyi,2024-12-16,2024-12-22,Total,2
Bakhmutskyi,2024-12-09,2024-12-15,Industrial/Business/Enterprise facilities,3
Bakhmutskyi,2024-12-09,2024-12-15,Total,3
Bohodukhivskyi,2024-12-09,2024-12-15,Electricity supply system,1
Bohodukhivskyi,2024-12-09,2024-12-15,Total,1
Dniprovskyi,2024-12-09,2024-12-15,Electricity supply system,3
Dniprovskyi,2024-12-09,2024-12-15,Gas supply system,2
Dniprovskyi,2024-12-09,2024-12-15,Total,5
Drohobytskyi,2024-12-09,2024-12-15,Power plant,1
Drohobytskyi,2024-12-09,2024-12-15,Total,1
Ivano-Frankivskyi,2024-12-09,2024-12-15,Power plant,1
Ivano-Frankivskyi,2024-12-09,2024-12-15,Total,1
Kharkivskyi,2024-12-09,2024-12-15,"Cultural facilities (museum, theater etc.)",1
Kharkivskyi,2024-12-09,2024-12-15,Industrial/Business/Enterprise facilities,2
Kharkivskyi,2024-12-09,2024-12-15,Total,4
Kharkivskyi,2024-12-09,2024-12-15,Warehouse,1
Khersonskyi,2024-12-09,2024-12-15,Electricity supply system,1
Khersonskyi,2024-12-09,2024-12-15,"Health facility (hospital, health clinic)",1
Khersonskyi,2024-12-09,2024-12-15,Total,2
Kramatorskyi,2024-12-09,2024-12-15,"Cultural facilities (museum, theater etc.)",1
Kramatorskyi,2024-12-09,2024-12-15,Electricity supply system,6
Kramatorskyi,2024-12-09,2024-12-15,Gas supply system,2
Kramatorskyi,2024-12-09,2024-12-15,Government facilities,4
Kramatorskyi,2024-12-09,2024-12-15,Heating and water facility,1
Kramatorskyi,2024-12-09,2024-12-15,Industrial/Business/Enterprise facilities,4
Kramatorskyi,2024-12-09,2024-12-15,Total,18
Krasnohradskyi,2024-12-09,2024-12-15,Industrial/Business/Enterprise facilities,2
Krasnohradskyi,2024-12-09,2024-12-15,Total,2
Kupianskyi,2024-12-09,2024-12-15,"Education facility (school, etc.)",1
Kupianskyi,2024-12-09,2024-12-15,Industrial/Business/Enterprise facilities,1
Kupianskyi,2024-12-09,2024-12-15,Total,2
Lozivskyi,2024-12-09,2024-12-15,Electricity supply system,1
Lozivskyi,2024-12-09,2024-12-15,Government facilities,1
Lozivskyi,2024-12-09,2024-12-15,Industrial/Business/Enterprise facilities,1
Lozivskyi,2024-12-09,2024-12-15,Total,3
Mykolaivskyi,2024-12-09,2024-12-15,Electricity supply system,1
Mykolaivskyi,2024-12-09,2024-12-15,Total,1
Nikopolskyi,2024-12-09,2024-12-15,Agricultural facilities,2
Nikopolskyi,2024-12-09,2024-12-15,"Education facility (school, etc.)",4
Nikopolskyi,2024-12-09,2024-12-15,Electricity supply system,4
Nikopolskyi,2024-12-09,2024-12-15,Gas supply system,4
Nikopolskyi,2024-12-09,2024-12-15,Government facilities,2
Nikopolskyi,2024-12-09,2024-12-15,Industrial/Business/Enterprise facilities,5
Nikopolskyi,2024-12-09,2024-12-15,Total,21
Nizhynskyi,2024-12-09,2024-12-15,Agricultural facilities,1
Nizhynskyi,2024-12-09,2024-12-15,Electricity supply system,1
Nizhynskyi,2024-12-09,2024-12-15,Total,2
Novomoskovskyi,2024-12-09,2024-12-15,Electricity supply system,1
Novomoskovskyi,2024-12-09,2024-12-15,Industrial/Business/Enterprise facilities,1
Novomoskovskyi,2024-12-09,2024-12-15,Total,2
Odeskyi,2024-12-09,2024-12-15,Industrial/Business/Enterprise facilities,1
Odeskyi,2024-12-09,2024-12-15,Total,2
Odeskyi,2024-12-09,2024-12-15,Warehouse,1
Pokrovskyi,2024-12-09,2024-12-15,Electricity supply system,1
Pokrovskyi,2024-12-09,2024-12-15,Gas supply system,2
Pokrovskyi,2024-12-09,2024-12-15,Industrial/Business/Enterprise facilities,3
Pokrovskyi,2024-12-09,2024-12-15,Total,6
Polohivskyi,2024-12-09,2024-12-15,Railway,1
Polohivskyi,2024-12-09,2024-12-15,Total,1
Prylutskyi,2024-12-09,2024-12-15,"Cultural facilities (museum, theater etc.)",1
Prylutskyi,2024-12-09,2024-12-15,"Education facility (school, etc.)",3
Prylutskyi,2024-12-09,2024-12-15,Electricity supply system,1
Prylutskyi,2024-12-09,2024-12-15,Total,5
Sevastopol,2024-12-09,2024-12-15,Harbor,1
Sevastopol,2024-12-09,2024-12-15,Total,1
Shostkynskyi,2024-12-09,2024-12-15,Government facilities,1
Shostkynskyi,2024-12-09,2024-12-15,Total,1
Sumskyi,2024-12-09,2024-12-15,Government facilities,1
Sumskyi,2024-12-09,2024-12-15,Industrial/Business/Enterprise facilities,1
Sumskyi,2024-12-09,2024-12-15,Total,2
Zaporizkyi,2024-12-09,2024-12-15,"Education facility (school, etc.)",2
Zaporizkyi,2024-12-09,2024-12-15,Fuel depot,1
Zaporizkyi,2024-12-09,2024-12-15,"Health facility (hospital, health clinic)",1
Zaporizkyi,2024-12-09,2024-12-15,Industrial/Business/Enterprise facilities,4
Zaporizkyi,2024-12-09,2024-12-15,Total,8
Bakhmutskyi,2024-12-02,2024-12-08,Industrial/Business/Enterprise facilities,2
Bakhmutskyi,2024-12-02,2024-12-08,Total,2
Beryslavskyi,2024-12-02,2024-12-08,Agricultural facilities,1
Beryslavskyi,2024-12-02,2024-12-08,"Education facility (school, etc.)",1
Beryslavskyi,2024-12-02,2024-12-08,Electricity supply system,1
Beryslavskyi,2024-12-02,2024-12-08,Fuel depot,1
Beryslavskyi,2024-12-02,2024-12-08,Gas supply system,1
Beryslavskyi,2024-12-02,2024-12-08,Government facilities,1
Beryslavskyi,2024-12-02,2024-12-08,Total,6
Bohodukhivskyi,2024-12-02,2024-12-08,Electricity supply system,1
Bohodukhivskyi,2024-12-02,2024-12-08,Total,1
Kamianskyi,2024-12-02,2024-12-08,"Education facility (school, etc.)",1
Kamianskyi,2024-12-02,2024-12-08,Electricity supply system,1
Kamianskyi,2024-12-02,2024-12-08,Government facilities,1
Kamianskyi,2024-12-02,2024-12-08,Total,3
Kerchynskyi,2024-12-02,2024-12-08,Industrial/Business/Enterprise facilities,1
Kerchynskyi,2024-12-02,2024-12-08,Total,1
Khersonskyi,2024-12-02,2024-12-08,"Education facility (school, etc.)",1
Khersonskyi,2024-12-02,2024-12-08,Electricity supply system,1
Khersonskyi,2024-12-02,2024-12-08,Total,2
Koriukivskyi,2024-12-02,2024-12-08,Electricity supply system,1
Koriukivskyi,2024-12-02,2024-12-08,Total,1
Kramatorskyi,2024-12-02,2024-12-08,"Education facility (school, etc.)",1
Kramatorskyi,2024-12-02,2024-12-08,Electricity supply system,4
Kramatorskyi,2024-12-02,2024-12-08,Gas supply system,2
Kramatorskyi,2024-12-02,2024-12-08,Government facilities,3
Kramatorskyi,2024-12-02,2024-12-08,Industrial/Business/Enterprise facilities,8
Kramatorskyi,2024-12-02,2024-12-08,Railway,12
Kramatorskyi,2024-12-02,2024-12-08,Road / Highway,1
Kramatorskyi,2024-12-02,2024-12-08,Total,31
Kryvorizkyi,2024-12-02,2024-12-08,"Cultural facilities (museum, theater etc.)",1
Kryvorizkyi,2024-12-02,2024-12-08,"Education facility (school, etc.)",1
Kryvorizkyi,2024-12-02,2024-12-08,Government facilities,3
Kryvorizkyi,2024-12-02,2024-12-08,Total,5
Kyiv,2024-12-02,2024-12-08,Road / Highway,1
Kyiv,2024-12-02,2024-12-08,Total,1
Lozivskyi,2024-12-02,2024-12-08,Industrial/Business/Enterprise facilities,1
Lozivskyi,2024-12-02,2024-12-08,Total,1
Mykolaivskyi,2024-12-02,2024-12-08,Electricity supply system,1
Mykolaivskyi,2024-12-02,2024-12-08,Total,1
Nikopolskyi,2024-12-02,2024-12-08,Agricultural facilities,8
Nikopolskyi,2024-12-02,2024-12-08,"Education facility (school, etc.)",2
Nikopolskyi,2024-12-02,2024-12-08,Electricity supply system,39
Nikopolskyi,2024-12-02,2024-12-08,Fuel depot,3
Nikopolskyi,2024-12-02,2024-12-08,Gas supply system,7
Nikopolskyi,2024-12-02,2024-12-08,"Health facility (hospital, health clinic)",1
Nikopolskyi,2024-12-02,2024-12-08,Industrial/Business/Enterprise facilities,6
Nikopolskyi,2024-12-02,2024-12-08,Road / Highway,1
Nikopolskyi,2024-12-02,2024-12-08,Total,67
Nizhynskyi,2024-12-02,2024-12-08,Electricity supply system,1
Nizhynskyi,2024-12-02,2024-12-08,Total,1
Pokrovskyi,2024-12-02,2024-12-08,"Education facility (school, etc.)",1
Pokrovskyi,2024-12-02,2024-12-08,Electricity supply system,1
Pokrovskyi,2024-12-02,2024-12-08,Gas supply system,3
Pokrovskyi,2024-12-02,2024-12-08,Industrial/Business/Enterprise facilities,1
Pokrovskyi,2024-12-02,2024-12-08,Total,6
Shostkynskyi,2024-12-02,2024-12-08,"Education facility (school, etc.)",1
Shostkynskyi,2024-12-02,2024-12-08,Government facilities,1
Shostkynskyi,2024-12-02,2024-12-08,Total,2
Ternopilskyi,2024-12-02,2024-12-08,"Education facility (school, etc.)",1
Ternopilskyi,2024-12-02,2024-12-08,Electricity supply system,1
Ternopilskyi,2024-12-02,2024-12-08,Industrial/Business/Enterprise facilities,1
Ternopilskyi,2024-12-02,2024-12-08,Total,3
Voznesenskyi,2024-12-02,2024-12-08,Electricity supply system,1
Voznesenskyi,2024-12-02,2024-12-08,Government facilities,2
Voznesenskyi,2024-12-02,2024-12-08,Total,3
Vyshhorodskyi,2024-12-02,2024-12-08,Gas supply system,1
Vyshhorodskyi,2024-12-02,2024-12-08,Total,1
Zaporizkyi,2024-12-02,2024-12-08,"Education facility (school, etc.)",1
Zaporizkyi,2024-12-02,2024-12-08,Electricity supply system,3
Zaporizkyi,2024-12-02,2024-12-08,Industrial/Business/Enterprise facilities,4
Zaporizkyi,2024-12-02,2024-12-08,Total,8
Bakhchysaraiskyi,2024-11-25,2024-12-01,Road / Highway,1
Bakhchysaraiskyi,2024-11-25,2024-12-01,Total,1
Berdianskyi,2024-11-25,2024-12-01,Electricity supply system,1
Berdianskyi,2024-11-25,2024-12-01,Telecommunications,1
Berdianskyi,2024-11-25,2024-12-01,Total,2
Dniprovskyi,2024-11-25,2024-12-01,Industrial/Business/Enterprise facilities,1
Dniprovskyi,2024-11-25,2024-12-01,Total,1
Drohobytskyi,2024-11-25,2024-12-01,Electricity supply system,1
Drohobytskyi,2024-11-25,2024-12-01,Total,1
Kakhovskyi,2024-11-25,2024-12-01,Other,1
Kakhovskyi,2024-11-25,2024-12-01,Total,1
Kharkivskyi,2024-11-25,2024-12-01,"Cultural facilities (museum, theater etc.)",1
Kharkivskyi,2024-11-25,2024-12-01,"Education facility (school, etc.)",2
Kharkivskyi,2024-11-25,2024-12-01,Government facilities,3
Kharkivskyi,2024-11-25,2024-12-01,Industrial/Business/Enterprise facilities,4
Kharkivskyi,2024-11-25,2024-12-01,Other,1
Kharkivskyi,2024-11-25,2024-12-01,Total,11
Khersonskyi,2024-11-25,2024-12-01,Government facilities,1
Khersonskyi,2024-11-25,2024-12-01,"Health facility (hospital, health clinic)",1
Khersonskyi,2024-11-25,2024-12-01,Road / Highway,1
Khersonskyi,2024-11-25,2024-12-01,Total,3
Kramatorskyi,2024-11-25,2024-12-01,Electricity supply system,3
Kramatorskyi,2024-11-25,2024-12-01,Gas supply system,2
Kramatorskyi,2024-11-25,2024-12-01,Government facilities,1
Kramatorskyi,2024-11-25,2024-12-01,Industrial/Business/Enterprise facilities,1
Kramatorskyi,2024-11-25,2024-12-01,Total,7
Krasnohradskyi,2024-11-25,2024-12-01,Agricultural facilities,1
Krasnohradskyi,2024-11-25,2024-12-01,Total,1
Kupianskyi,2024-11-25,2024-12-01,"Education facility (school, etc.)",2
Kupianskyi,2024-11-25,2024-12-01,Government facilities,1
Kupianskyi,2024-11-25,2024-12-01,Industrial/Business/Enterprise facilities,1
Kupianskyi,2024-11-25,2024-12-01,Total,5
Kupianskyi,2024-11-25,2024-12-01,Warehouse,1
Kyiv,2024-11-25,2024-12-01,"Health facility (hospital, health clinic)",1
Kyiv,2024-11-25,2024-12-01,Industrial/Business/Enterprise facilities,1
Kyiv,2024-11-25,2024-12-01,Other,1
Kyiv,2024-11-25,2024-12-01,Total,3
Mykolaivskyi,2024-11-25,2024-12-01,Agricultural facilities,1
Mykolaivskyi,2024-11-25,2024-12-01,Total,1
Nikopolskyi,2024-11-25,2024-12-01,Agricultural facilities,3
Nikopolskyi,2024-11-25,2024-12-01,"Education facility (school, etc.)",1
Nikopolskyi,2024-11-25,2024-12-01,Electricity supply system,7
Nikopolskyi,2024-11-25,2024-12-01,Fuel depot,2
Nikopolskyi,2024-11-25,2024-12-01,Gas supply system,4
Nikopolskyi,2024-11-25,2024-12-01,Government facilities,1
Nikopolskyi,2024-11-25,2024-12-01,Industrial/Business/Enterprise facilities,1
Nikopolskyi,2024-11-25,2024-12-01,Total,19
Odeskyi,2024-11-25,2024-12-01,"Education facility (school, etc.)",2
Odeskyi,2024-11-25,2024-12-01,Gas supply system,2
Odeskyi,2024-11-25,2024-12-01,Government facilities,4
Odeskyi,2024-11-25,2024-12-01,Harbor,1
Odeskyi,2024-11-25,2024-12-01,"Health facility (hospital, health clinic)",2
Odeskyi,2024-11-25,2024-12-01,Industrial/Business/Enterprise facilities,5
Odeskyi,2024-11-25,2024-12-01,Railway,1
Odeskyi,2024-11-25,2024-12-01,Road / Highway,1
Odeskyi,2024-11-25,2024-12-01,Total,18
Pokrovskyi,2024-11-25,2024-12-01,"Education facility (school, etc.)",1
Pokrovskyi,2024-11-25,2024-12-01,Gas supply system,3
Pokrovskyi,2024-11-25,2024-12-01,Government facilities,1
Pokrovskyi,2024-11-25,2024-12-01,Industrial/Business/Enterprise facilities,4
Pokrovskyi,2024-11-25,2024-12-01,Total,9
Sevastopol,2024-11-25,2024-12-01,"Education facility (school, etc.)",1
Sevastopol,2024-11-25,2024-12-01,Total,1
Shostkynskyi,2024-11-25,2024-12-01,"Cultural facilities (museum, theater etc.)",1
Shostkynskyi,2024-11-25,2024-12-01,"Education facility (school, etc.)",1
Shostkynskyi,2024-11-25,2024-12-01,Government facilities,1
Shostkynskyi,2024-11-25,2024-12-01,"Health facility (hospital, health clinic)",1
Shostkynskyi,2024-11-25,2024-12-01,Industrial/Business/Enterprise facilities,1
Shostkynskyi,2024-11-25,2024-12-01,Total,6
Shostkynskyi,2024-11-25,2024-12-01,Water supply system,1
Sumskyi,2024-11-25,2024-12-01,"Education facility (school, etc.)",2
Sumskyi,2024-11-25,2024-12-01,Industrial/Business/Enterprise facilities,1
Sumskyi,2024-11-25,2024-12-01,Total,3
Ternopilskyi,2024-11-25,2024-12-01,Electricity supply system,2
Ternopilskyi,2024-11-25,2024-12-01,Total,2
Zaporizkyi,2024-11-25,2024-12-01,Industrial/Business/Enterprise facilities,1
Zaporizkyi,2024-11-25,2024-12-01,Total,1
Berdianskyi,2024-11-18,2024-11-24,Harbor,1
Berdianskyi,2024-11-18,2024-11-24,Total,1
Beryslavskyi,2024-11-18,2024-11-24,Industrial/Business/Enterprise facilities,1
Beryslavskyi,2024-11-18,2024-11-24,Total,1
Cherkaskyi,2024-11-18,2024-11-24,Electricity supply system,1
Cherkaskyi,2024-11-18,2024-11-24,Total,1
Chuhuivskyi,2024-11-18,2024-11-24,Road / Highway,1
Chuhuivskyi,2024-11-18,2024-11-24,Total,1
Dniprovskyi,2024-11-18,2024-11-24,Electricity supply system,1
Dniprovskyi,2024-11-18,2024-11-24,"Health facility (hospital, health clinic)",1
Dniprovskyi,2024-11-18,2024-11-24,Heating and water facility,1
Dniprovskyi,2024-11-18,2024-11-24,Industrial/Business/Enterprise facilities,1
Dniprovskyi,2024-11-18,2024-11-24,Total,4
Horlivskyi,2024-11-18,2024-11-24,Agricultural facilities,1
Horlivskyi,2024-11-18,2024-11-24,Total,1
Kharkivskyi,2024-11-18,2024-11-24,Fuel depot,1
Kharkivskyi,2024-11-18,2024-11-24,Government facilities,1
Kharkivskyi,2024-11-18,2024-11-24,Industrial/Business/Enterprise facilities,1
Kharkivskyi,2024-11-18,2024-11-24,Total,3
Khersonskyi,2024-11-18,2024-11-24,"Cultural facilities (museum, theater etc.)",1
Khersonskyi,2024-11-18,2024-11-24,"Health facility (hospital, health clinic)",3
Khersonskyi,2024-11-18,2024-11-24,Industrial/Business/Enterprise facilities,3
Khersonskyi,2024-11-18,2024-11-24,Total,7
Konotopskyi,2024-11-18,2024-11-24,Industrial/Business/Enterprise facilities,1
Konotopskyi,2024-11-18,2024-11-24,Total,1
Koriukivskyi,2024-11-18,2024-11-24,Total,1
Koriukivskyi,2024-11-18,2024-11-24,Warehouse,1
Kramatorskyi,2024-11-18,2024-11-24,"Cultural facilities (museum, theater etc.)",1
Kramatorskyi,2024-11-18,2024-11-24,"Education facility (school, etc.)",3
Kramatorskyi,2024-11-18,2024-11-24,Electricity supply system,2
Kramatorskyi,2024-11-18,2024-11-24,Gas supply system,2
Kramatorskyi,2024-11-18,2024-11-24,Government facilities,1
Kramatorskyi,2024-11-18,2024-11-24,Heating and water facility,2
Kramatorskyi,2024-11-18,2024-11-24,Industrial/Business/Enterprise facilities,4
Kramatorskyi,2024-11-18,2024-11-24,Total,15
Kryvorizkyi,2024-11-18,2024-11-24,Electricity supply system,1
Kryvorizkyi,2024-11-18,2024-11-24,Government facilities,3
Kryvorizkyi,2024-11-18,2024-11-24,"Health facility (hospital, health clinic)",1
Kryvorizkyi,2024-11-18,2024-11-24,Heating and water facility,1
Kryvorizkyi,2024-11-18,2024-11-24,Industrial/Business/Enterprise facilities,2
Kryvorizkyi,2024-11-18,2024-11-24,Total,8
Kupianskyi,2024-11-18,2024-11-24,"Education facility (school, etc.)",1
Kupianskyi,2024-11-18,2024-11-24,Industrial/Business/Enterprise facilities,1
Kupianskyi,2024-11-18,2024-11-24,Total,2
Nikopolskyi,2024-11-18,2024-11-24,"Education facility (school, etc.)",1
Nikopolskyi,2024-11-18,2024-11-24,Electricity supply system,3
Nikopolskyi,2024-11-18,2024-11-24,Fuel depot,1
Nikopolskyi,2024-11-18,2024-11-24,Government facilities,1
Nikopolskyi,2024-11-18,2024-11-24,Total,6
Odeskyi,2024-11-18,2024-11-24,"Education facility (school, etc.)",3
Odeskyi,2024-11-18,2024-11-24,Government facilities,2
Odeskyi,2024-11-18,2024-11-24,Industrial/Business/Enterprise facilities,1
Odeskyi,2024-11-18,2024-11-24,Total,6
Prylutskyi,2024-11-18,2024-11-24,Government facilities,1
Prylutskyi,2024-11-18,2024-11-24,Total,1
Romenskyi,2024-11-18,2024-11-24,Religious facilities,1
Romenskyi,2024-11-18,2024-11-24,Total,1
Shostkynskyi,2024-11-18,2024-11-24,"Education facility (school, etc.)",1
Shostkynskyi,2024-11-18,2024-11-24,"Health facility (hospital, health clinic)",1
Shostkynskyi,2024-11-18,2024-11-24,Industrial/Business/Enterprise facilities,4
Shostkynskyi,2024-11-18,2024-11-24,Total,6
Sumskyi,2024-11-18,2024-11-24,"Education facility (school, etc.)",2
Sumskyi,2024-11-18,2024-11-24,Electricity supply system,1
Sumskyi,2024-11-18,2024-11-24,Gas supply system,1
Sumskyi,2024-11-18,2024-11-24,Government facilities,1
Sumskyi,2024-11-18,2024-11-24,Industrial/Business/Enterprise facilities,3
Sumskyi,2024-11-18,2024-11-24,Total,8
Zaporizkyi,2024-11-18,2024-11-24,Agricultural facilities,1
Zaporizkyi,2024-11-18,2024-11-24,Heating and water facility,4
Zaporizkyi,2024-11-18,2024-11-24,Total,6
Zaporizkyi,2024-11-18,2024-11-24,Warehouse,1
Brovarskyi,2024-11-11,2024-11-17,Total,1
Brovarskyi,2024-11-11,2024-11-17,Warehouse,1
Chervonohradskyi,2024-11-11,2024-11-17,Heating and water facility,1
Chervonohradskyi,2024-11-11,2024-11-17,Total,1
Dniprovskyi,2024-11-11,2024-11-17,"Education facility (school, etc.)",1
Dniprovskyi,2024-11-11,2024-11-17,Total,1
Haisynskyi,2024-11-11,2024-11-17,"Education facility (school, etc.)",1
Haisynskyi,2024-11-11,2024-11-17,Total,1
Iziumskyi,2024-11-11,2024-11-17,Total,1
Iziumskyi,2024-11-11,2024-11-17,Warehouse,1
Kharkivskyi,2024-11-11,2024-11-17,Electricity supply system,3
Kharkivskyi,2024-11-11,2024-11-17,Gas supply system,1
Kharkivskyi,2024-11-11,2024-11-17,Industrial/Business/Enterprise facilities,1
Kharkivskyi,2024-11-11,2024-11-17,Road / Highway,1
Kharkivskyi,2024-11-11,2024-11-17,Total,7
Kharkivskyi,2024-11-11,2024-11-17,Warehouse,1
Khersonskyi,2024-11-11,2024-11-17,"Cultural facilities (museum, theater etc.)",1
Khersonskyi,2024-11-11,2024-11-17,Electricity supply system,1
Khersonskyi,2024-11-11,2024-11-17,Total,2
Konotopskyi,2024-11-11,2024-11-17,Agricultural facilities,1
Konotopskyi,2024-11-11,2024-11-17,Total,1
Kramatorskyi,2024-11-11,2024-11-17,"Cultural facilities (museum, theater etc.)",2
Kramatorskyi,2024-11-11,2024-11-17,"Education facility (school, etc.)",4
Kramatorskyi,2024-11-11,2024-11-17,Electricity supply system,8
Kramatorskyi,2024-11-11,2024-11-17,Gas supply system,3
Kramatorskyi,2024-11-11,2024-11-17,Government facilities,6
Kramatorskyi,2024-11-11,2024-11-17,"Health facility (hospital, health clinic)",2
Kramatorskyi,2024-11-11,2024-11-17,Industrial/Business/Enterprise facilities,7
Kramatorskyi,2024-11-11,2024-11-17,Railway,1
Kramatorskyi,2024-11-11,2024-11-17,Religious facilities,1
Kramatorskyi,2024-11-11,2024-11-17,Road / Highway,2
Kramatorskyi,2024-11-11,2024-11-17,Total,36
Kryvorizkyi,2024-11-11,2024-11-17,"Education facility (school, etc.)",2
Kryvorizkyi,2024-11-11,2024-11-17,Total,2
Kupianskyi,2024-11-11,2024-11-17,Agricultural facilities,1
Kupianskyi,2024-11-11,2024-11-17,"Education facility (school, etc.)",1
Kupianskyi,2024-11-11,2024-11-17,Electricity supply system,1
Kupianskyi,2024-11-11,2024-11-17,Government facilities,3
Kupianskyi,2024-11-11,2024-11-17,"Health facility (hospital, health clinic)",1
Kupianskyi,2024-11-11,2024-11-17,Industrial/Business/Enterprise facilities,1
Kupianskyi,2024-11-11,2024-11-17,Total,8
Kyiv,2024-11-11,2024-11-17,Other,1
Kyiv,2024-11-11,2024-11-17,Total,1
Mykolaivskyi,2024-11-11,2024-11-17,"Cultural facilities (museum, theater etc.)",3
Mykolaivskyi,2024-11-11,2024-11-17,Gas supply system,1
Mykolaivskyi,2024-11-11,2024-11-17,Heating and water facility,2
Mykolaivskyi,2024-11-11,2024-11-17,Industrial/Business/Enterprise facilities,5
Mykolaivskyi,2024-11-11,2024-11-17,Road / Highway,1
Mykolaivskyi,2024-11-11,2024-11-17,Total,12
Myrhorodskyi,2024-11-11,2024-11-17,Industrial/Business/Enterprise facilities,1
Myrhorodskyi,2024-11-11,2024-11-17,Total,1
Nikopolskyi,2024-11-11,2024-11-17,Agricultural facilities,1
Nikopolskyi,2024-11-11,2024-11-17,Electricity supply system,8
Nikopolskyi,2024-11-11,2024-11-17,Gas supply system,5
Nikopolskyi,2024-11-11,2024-11-17,Government facilities,4
Nikopolskyi,2024-11-11,2024-11-17,"Health facility (hospital, health clinic)",2
Nikopolskyi,2024-11-11,2024-11-17,Industrial/Business/Enterprise facilities,10
Nikopolskyi,2024-11-11,2024-11-17,Railway,1
Nikopolskyi,2024-11-11,2024-11-17,Total,31
Odeskyi,2024-11-11,2024-11-17,"Cultural facilities (museum, theater etc.)",23
Odeskyi,2024-11-11,2024-11-17,"Education facility (school, etc.)",5
Odeskyi,2024-11-11,2024-11-17,Harbor,1
Odeskyi,2024-11-11,2024-11-17,Heating and water facility,1
Odeskyi,2024-11-11,2024-11-17,Industrial/Business/Enterprise facilities,3
Odeskyi,2024-11-11,2024-11-17,Other,1
Odeskyi,2024-11-11,2024-11-17,Religious facilities,1
Odeskyi,2024-11-11,2024-11-17,Total,35
Rivnenskyi,2024-11-11,2024-11-17,Industrial/Business/Enterprise facilities,1
Rivnenskyi,2024-11-11,2024-11-17,Total,1
Shostkynskyi,2024-11-11,2024-11-17,Industrial/Business/Enterprise facilities,2
Shostkynskyi,2024-11-11,2024-11-17,Total,2
Sumskyi,2024-11-11,2024-11-17,"Education facility (school, etc.)",2
Sumskyi,2024-11-11,2024-11-17,Total,2
Synelnykivskyi,2024-11-11,2024-11-17,Agricultural facilities,1
Synelnykivskyi,2024-11-11,2024-11-17,Total,1
Vasylivskyi,2024-11-11,2024-11-17,Electricity supply system,1
Vasylivskyi,2024-11-11,2024-11-17,Industrial/Business/Enterprise facilities,1
Vasylivskyi,2024-11-11,2024-11-17,Total,2
Volnovaskyi,2024-11-11,2024-11-17,Government facilities,1
Volnovaskyi,2024-11-11,2024-11-17,Total,1
Vyshhorodskyi,2024-11-11,2024-11-17,Total,1
Vyshhorodskyi,2024-11-11,2024-11-17,Water supply system,1
Zaporizkyi,2024-11-11,2024-11-17,"Education facility (school, etc.)",1
Zaporizkyi,2024-11-11,2024-11-17,Electricity supply system,1
Zaporizkyi,2024-11-11,2024-11-17,Industrial/Business/Enterprise facilities,2
Zaporizkyi,2024-11-11,2024-11-17,Road / Highway,1
Zaporizkyi,2024-11-11,2024-11-17,Total,5
Bakhmutskyi,2024-11-04,2024-11-10,Industrial/Business/Enterprise facilities,1
Bakhmutskyi,2024-11-04,2024-11-10,Total,1
Bolhradskyi,2024-11-04,2024-11-10,"Cultural facilities (museum, theater etc.)",1
Bolhradskyi,2024-11-04,2024-11-10,Total,1
Iziumskyi,2024-11-04,2024-11-10,Industrial/Business/Enterprise facilities,2
Iziumskyi,2024-11-04,2024-11-10,Total,3
Iziumskyi,2024-11-04,2024-11-10,Warehouse,1
Kharkivskyi,2024-11-04,2024-11-10,"Cultural facilities (museum, theater etc.)",1
Kharkivskyi,2024-11-04,2024-11-10,"Education facility (school, etc.)",1
Kharkivskyi,2024-11-04,2024-11-10,Electricity supply system,2
Kharkivskyi,2024-11-04,2024-11-10,Fuel depot,2
Kharkivskyi,2024-11-04,2024-11-10,Government facilities,8
Kharkivskyi,2024-11-04,2024-11-10,Industrial/Business/Enterprise facilities,10
Kharkivskyi,2024-11-04,2024-11-10,Other,5
Kharkivskyi,2024-11-04,2024-11-10,Road / Highway,3
Kharkivskyi,2024-11-04,2024-11-10,Total,32
Khersonskyi,2024-11-04,2024-11-10,"Education facility (school, etc.)",1
Khersonskyi,2024-11-04,2024-11-10,"Health facility (hospital, health clinic)",1
Khersonskyi,2024-11-04,2024-11-10,Industrial/Business/Enterprise facilities,1
Khersonskyi,2024-11-04,2024-11-10,Total,3
Korostenskyi,2024-11-04,2024-11-10,Electricity supply system,1
Korostenskyi,2024-11-04,2024-11-10,Total,1
Kramatorskyi,2024-11-04,2024-11-10,Electricity supply system,2
Kramatorskyi,2024-11-04,2024-11-10,"Health facility (hospital, health clinic)",1
Kramatorskyi,2024-11-04,2024-11-10,Heating and water facility,1
Kramatorskyi,2024-11-04,2024-11-10,Industrial/Business/Enterprise facilities,2
Kramatorskyi,2024-11-04,2024-11-10,Total,6
Kryvorizkyi,2024-11-04,2024-11-10,Industrial/Business/Enterprise facilities,1
Kryvorizkyi,2024-11-04,2024-11-10,Total,1
Kupianskyi,2024-11-04,2024-11-10,Agricultural facilities,1
Kupianskyi,2024-11-04,2024-11-10,Electricity supply system,1
Kupianskyi,2024-11-04,2024-11-10,Government facilities,1
Kupianskyi,2024-11-04,2024-11-10,Industrial/Business/Enterprise facilities,1
Kupianskyi,2024-11-04,2024-11-10,Total,4
Kyiv,2024-11-04,2024-11-10,Government facilities,1
Kyiv,2024-11-04,2024-11-10,"Health facility (hospital, health clinic)",1
Kyiv,2024-11-04,2024-11-10,Industrial/Business/Enterprise facilities,5
Kyiv,2024-11-04,2024-11-10,Other,2
Kyiv,2024-11-04,2024-11-10,Total,11
Kyiv,2024-11-04,2024-11-10,Warehouse,2
Nikopolskyi,2024-11-04,2024-11-10,Agricultural facilities,1
Nikopolskyi,2024-11-04,2024-11-10,"Cultural facilities (museum, theater etc.)",1
Nikopolskyi,2024-11-04,2024-11-10,Electricity supply system,2
Nikopolskyi,2024-11-04,2024-11-10,Fuel depot,1
Nikopolskyi,2024-11-04,2024-11-10,Gas supply system,1
Nikopolskyi,2024-11-04,2024-11-10,Industrial/Business/Enterprise facilities,1
Nikopolskyi,2024-11-04,2024-11-10,Total,7
Odeskyi,2024-11-04,2024-11-10,"Education facility (school, etc.)",2
Odeskyi,2024-11-04,2024-11-10,Fuel depot,1
Odeskyi,2024-11-04,2024-11-10,Gas supply system,4
Odeskyi,2024-11-04,2024-11-10,Government facilities,1
Odeskyi,2024-11-04,2024-11-10,"Health facility (hospital, health clinic)",1
Odeskyi,2024-11-04,2024-11-10,Industrial/Business/Enterprise facilities,13
Odeskyi,2024-11-04,2024-11-10,Total,23
Odeskyi,2024-11-04,2024-11-10,Warehouse,1
Pervomaiskyi,2024-11-04,2024-11-10,Electricity supply system,1
Pervomaiskyi,2024-11-04,2024-11-10,Total,1
Pokrovskyi,2024-11-04,2024-11-10,Electricity supply system,1
Pokrovskyi,2024-11-04,2024-11-10,Industrial/Business/Enterprise facilities,1
Pokrovskyi,2024-11-04,2024-11-10,Total,2
Shostkynskyi,2024-11-04,2024-11-10,Fuel depot,2
Shostkynskyi,2024-11-04,2024-11-10,Industrial/Business/Enterprise facilities,1
Shostkynskyi,2024-11-04,2024-11-10,Railway,1
Shostkynskyi,2024-11-04,2024-11-10,Total,4
Sumskyi,2024-11-04,2024-11-10,"Cultural facilities (museum, theater etc.)",1
Sumskyi,2024-11-04,2024-11-10,"Education facility (school, etc.)",3
Sumskyi,2024-11-04,2024-11-10,Government facilities,1
Sumskyi,2024-11-04,2024-11-10,Industrial/Business/Enterprise facilities,4
Sumskyi,2024-11-04,2024-11-10,Total,9
Zaporizkyi,2024-11-04,2024-11-10,"Health facility (hospital, health clinic)",1
Zaporizkyi,2024-11-04,2024-11-10,Total,2
Zaporizkyi,2024-11-04,2024-11-10,Water supply system,1
Bakhmutskyi,2024-10-28,2024-11-03,Industrial/Business/Enterprise facilities,1
Bakhmutskyi,2024-10-28,2024-11-03,Total,1
Berdianskyi,2024-10-28,2024-11-03,Government facilities,1
Berdianskyi,2024-10-28,2024-11-03,Harbor,1
Berdianskyi,2024-10-28,2024-11-03,Total,2
Bilhorod-Dnistrovskyi,2024-10-28,2024-11-03,Bridge,1
Bilhorod-Dnistrovskyi,2024-10-28,2024-11-03,Total,1
Bohodukhivskyi,2024-10-28,2024-11-03,Agricultural facilities,2
Bohodukhivskyi,2024-10-28,2024-11-03,Electricity supply system,2
Bohodukhivskyi,2024-10-28,2024-11-03,Government facilities,1
Bohodukhivskyi,2024-10-28,2024-11-03,Other,1
Bohodukhivskyi,2024-10-28,2024-11-03,Total,6
Buchanskyi,2024-10-28,2024-11-03,Electricity supply system,1
Buchanskyi,2024-10-28,2024-11-03,Road / Highway,1
Buchanskyi,2024-10-28,2024-11-03,Total,2
Cherkaskyi,2024-10-28,2024-11-03,Industrial/Business/Enterprise facilities,1
Cherkaskyi,2024-10-28,2024-11-03,Total,1
Chuhuivskyi,2024-10-28,2024-11-03,"Education facility (school, etc.)",1
Chuhuivskyi,2024-10-28,2024-11-03,Total,1
Dniprovskyi,2024-10-28,2024-11-03,"Education facility (school, etc.)",1
Dniprovskyi,2024-10-28,2024-11-03,Total,1
Kharkivskyi,2024-10-28,2024-11-03,"Cultural facilities (museum, theater etc.)",1
Kharkivskyi,2024-10-28,2024-11-03,"Education facility (school, etc.)",2
Kharkivskyi,2024-10-28,2024-11-03,Electricity supply system,3
Kharkivskyi,2024-10-28,2024-11-03,Government facilities,2
Kharkivskyi,2024-10-28,2024-11-03,"Health facility (hospital, health clinic)",2
Kharkivskyi,2024-10-28,2024-11-03,Heating and water facility,1
Kharkivskyi,2024-10-28,2024-11-03,Industrial/Business/Enterprise facilities,34
Kharkivskyi,2024-10-28,2024-11-03,Other,1
Kharkivskyi,2024-10-28,2024-11-03,Railway,1
Kharkivskyi,2024-10-28,2024-11-03,Road / Highway,1
Kharkivskyi,2024-10-28,2024-11-03,Total,49
Kharkivskyi,2024-10-28,2024-11-03,Water supply system,1
Khersonskyi,2024-10-28,2024-11-03,"Education facility (school, etc.)",1
Khersonskyi,2024-10-28,2024-11-03,Electricity supply system,3
Khersonskyi,2024-10-28,2024-11-03,Gas supply system,2
Khersonskyi,2024-10-28,2024-11-03,Government facilities,2
Khersonskyi,2024-10-28,2024-11-03,"Health facility (hospital, health clinic)",3
Khersonskyi,2024-10-28,2024-11-03,Industrial/Business/Enterprise facilities,1
Khersonskyi,2024-10-28,2024-11-03,Total,12
Konotopskyi,2024-10-28,2024-11-03,Electricity supply system,1
Konotopskyi,2024-10-28,2024-11-03,Total,1
Kramatorskyi,2024-10-28,2024-11-03,Agricultural facilities,1
Kramatorskyi,2024-10-28,2024-11-03,Electricity supply system,1
Kramatorskyi,2024-10-28,2024-11-03,Gas supply system,2
Kramatorskyi,2024-10-28,2024-11-03,Government facilities,2
Kramatorskyi,2024-10-28,2024-11-03,"Health facility (hospital, health clinic)",1
Kramatorskyi,2024-10-28,2024-11-03,Industrial/Business/Enterprise facilities,4
Kramatorskyi,2024-10-28,2024-11-03,Total,11
Kryvorizkyi,2024-10-28,2024-11-03,"Cultural facilities (museum, theater etc.)",1
Kryvorizkyi,2024-10-28,2024-11-03,"Education facility (school, etc.)",1
Kryvorizkyi,2024-10-28,2024-11-03,Electricity supply system,1
Kryvorizkyi,2024-10-28,2024-11-03,Gas supply system,2
Kryvorizkyi,2024-10-28,2024-11-03,Government facilities,1
Kryvorizkyi,2024-10-28,2024-11-03,"Health facility (hospital, health clinic)",1
Kryvorizkyi,2024-10-28,2024-11-03,Industrial/Business/Enterprise facilities,3
Kryvorizkyi,2024-10-28,2024-11-03,Total,10
Kyiv,2024-10-28,2024-11-03,"Education facility (school, etc.)",4
Kyiv,2024-10-28,2024-11-03,Electricity supply system,3
Kyiv,2024-10-28,2024-11-03,Gas supply system,2
Kyiv,2024-10-28,2024-11-03,Government facilities,3
Kyiv,2024-10-28,2024-11-03,Industrial/Business/Enterprise facilities,6
Kyiv,2024-10-28,2024-11-03,Other,1
Kyiv,2024-10-28,2024-11-03,Road / Highway,1
Kyiv,2024-10-28,2024-11-03,Total,20
Lozivskyi,2024-10-28,2024-11-03,Road / Highway,1
Lozivskyi,2024-10-28,2024-11-03,Telecommunications,1
Lozivskyi,2024-10-28,2024-11-03,Total,2
Mykolaivskyi,2024-10-28,2024-11-03,Electricity supply system,1
Mykolaivskyi,2024-10-28,2024-11-03,Total,1
Nikopolskyi,2024-10-28,2024-11-03,Agricultural facilities,1
Nikopolskyi,2024-10-28,2024-11-03,Electricity supply system,16
Nikopolskyi,2024-10-28,2024-11-03,Fuel depot,2
Nikopolskyi,2024-10-28,2024-11-03,Gas supply system,3
Nikopolskyi,2024-10-28,2024-11-03,Government facilities,2
Nikopolskyi,2024-10-28,2024-11-03,Industrial/Business/Enterprise facilities,5
Nikopolskyi,2024-10-28,2024-11-03,Total,29
Odeskyi,2024-10-28,2024-11-03,Government facilities,1
Odeskyi,2024-10-28,2024-11-03,Other,1
Odeskyi,2024-10-28,2024-11-03,Road / Highway,1
Odeskyi,2024-10-28,2024-11-03,Total,3
Okhtyrskyi,2024-10-28,2024-11-03,Industrial/Business/Enterprise facilities,1
Okhtyrskyi,2024-10-28,2024-11-03,Total,1
Pokrovskyi,2024-10-28,2024-11-03,Gas supply system,1
Pokrovskyi,2024-10-28,2024-11-03,Total,1
Shostkynskyi,2024-10-28,2024-11-03,"Education facility (school, etc.)",1
Shostkynskyi,2024-10-28,2024-11-03,Total,1
Sumskyi,2024-10-28,2024-11-03,Agricultural facilities,1
Sumskyi,2024-10-28,2024-11-03,Government facilities,9
Sumskyi,2024-10-28,2024-11-03,Industrial/Business/Enterprise facilities,6
Sumskyi,2024-10-28,2024-11-03,Other,1
Sumskyi,2024-10-28,2024-11-03,Total,17
Volnovaskyi,2024-10-28,2024-11-03,"Education facility (school, etc.)",1
Volnovaskyi,2024-10-28,2024-11-03,Electricity supply system,1
Volnovaskyi,2024-10-28,2024-11-03,Industrial/Business/Enterprise facilities,3
Volnovaskyi,2024-10-28,2024-11-03,Total,5
Vyshhorodskyi,2024-10-28,2024-11-03,Electricity supply system,1
Vyshhorodskyi,2024-10-28,2024-11-03,Total,1
Zolotoniskyi,2024-10-28,2024-11-03,Government facilities,1
Zolotoniskyi,2024-10-28,2024-11-03,Industrial/Business/Enterprise facilities,1
Zolotoniskyi,2024-10-28,2024-11-03,Total,2
Bakhmutskyi,2024-10-21,2024-10-27,"Health facility (hospital, health clinic)",1
Bakhmutskyi,2024-10-21,2024-10-27,Industrial/Business/Enterprise facilities,1
Bakhmutskyi,2024-10-21,2024-10-27,Total,2
Berdianskyi,2024-10-21,2024-10-27,Bridge,1
Berdianskyi,2024-10-21,2024-10-27,Total,1
Boryspilskyi,2024-10-21,2024-10-27,"Education facility (school, etc.)",1
Boryspilskyi,2024-10-21,2024-10-27,Total,1
Buchanskyi,2024-10-21,2024-10-27,Total,1
Buchanskyi,2024-10-21,2024-10-27,Warehouse,1
Cherkaskyi,2024-10-21,2024-10-27,Government facilities,1
Cherkaskyi,2024-10-21,2024-10-27,Industrial/Business/Enterprise facilities,1
Cherkaskyi,2024-10-21,2024-10-27,Other,1
Cherkaskyi,2024-10-21,2024-10-27,Total,3
Chuhuivskyi,2024-10-21,2024-10-27,Agricultural facilities,1
Chuhuivskyi,2024-10-21,2024-10-27,Total,1
Dniprovskyi,2024-10-21,2024-10-27,"Health facility (hospital, health clinic)",1
Dniprovskyi,2024-10-21,2024-10-27,Total,1
Iziumskyi,2024-10-21,2024-10-27,Gas supply system,1
Iziumskyi,2024-10-21,2024-10-27,Power plant,1
Iziumskyi,2024-10-21,2024-10-27,Total,2
Kharkivskyi,2024-10-21,2024-10-27,"Education facility (school, etc.)",1
Kharkivskyi,2024-10-21,2024-10-27,Electricity supply system,1
Kharkivskyi,2024-10-21,2024-10-27,Government facilities,1
Kharkivskyi,2024-10-21,2024-10-27,Industrial/Business/Enterprise facilities,1
Kharkivskyi,2024-10-21,2024-10-27,Other,1
Kharkivskyi,2024-10-21,2024-10-27,Total,5
Khersonskyi,2024-10-21,2024-10-27,"Education facility (school, etc.)",1
Khersonskyi,2024-10-21,2024-10-27,Electricity supply system,1
Khersonskyi,2024-10-21,2024-10-27,Fuel depot,1
Khersonskyi,2024-10-21,2024-10-27,Gas supply system,3
Khersonskyi,2024-10-21,2024-10-27,"Health facility (hospital, health clinic)",2
Khersonskyi,2024-10-21,2024-10-27,Industrial/Business/Enterprise facilities,2
Khersonskyi,2024-10-21,2024-10-27,Other,2
Khersonskyi,2024-10-21,2024-10-27,Total,12
Khmelnytskyi,2024-10-21,2024-10-27,Agricultural facilities,1
Khmelnytskyi,2024-10-21,2024-10-27,"Cultural facilities (museum, theater etc.)",1
Khmelnytskyi,2024-10-21,2024-10-27,Electricity supply system,2
Khmelnytskyi,2024-10-21,2024-10-27,Industrial/Business/Enterprise facilities,4
Khmelnytskyi,2024-10-21,2024-10-27,Other,1
Khmelnytskyi,2024-10-21,2024-10-27,Total,9
Kramatorskyi,2024-10-21,2024-10-27,"Education facility (school, etc.)",3
Kramatorskyi,2024-10-21,2024-10-27,Electricity supply system,6
Kramatorskyi,2024-10-21,2024-10-27,Fuel depot,1
Kramatorskyi,2024-10-21,2024-10-27,Gas supply system,4
Kramatorskyi,2024-10-21,2024-10-27,Government facilities,6
Kramatorskyi,2024-10-21,2024-10-27,Heating and water facility,1
Kramatorskyi,2024-10-21,2024-10-27,Industrial/Business/Enterprise facilities,8
Kramatorskyi,2024-10-21,2024-10-27,Total,29
Kryvorizkyi,2024-10-21,2024-10-27,"Cultural facilities (museum, theater etc.)",1
Kryvorizkyi,2024-10-21,2024-10-27,"Health facility (hospital, health clinic)",1
Kryvorizkyi,2024-10-21,2024-10-27,Industrial/Business/Enterprise facilities,7
Kryvorizkyi,2024-10-21,2024-10-27,Total,9
Kupianskyi,2024-10-21,2024-10-27,Bridge,1
Kupianskyi,2024-10-21,2024-10-27,"Education facility (school, etc.)",1
Kupianskyi,2024-10-21,2024-10-27,Gas supply system,1
Kupianskyi,2024-10-21,2024-10-27,Government facilities,1
Kupianskyi,2024-10-21,2024-10-27,Industrial/Business/Enterprise facilities,14
Kupianskyi,2024-10-21,2024-10-27,Total,18
Kyiv,2024-10-21,2024-10-27,Electricity supply system,1
Kyiv,2024-10-21,2024-10-27,Total,1
Nikopolskyi,2024-10-21,2024-10-27,Agricultural facilities,4
Nikopolskyi,2024-10-21,2024-10-27,"Cultural facilities (museum, theater etc.)",1
Nikopolskyi,2024-10-21,2024-10-27,Electricity supply system,14
Nikopolskyi,2024-10-21,2024-10-27,Fuel depot,2
Nikopolskyi,2024-10-21,2024-10-27,Gas supply system,3
Nikopolskyi,2024-10-21,2024-10-27,Government facilities,3
Nikopolskyi,2024-10-21,2024-10-27,"Health facility (hospital, health clinic)",2
Nikopolskyi,2024-10-21,2024-10-27,Industrial/Business/Enterprise facilities,21
Nikopolskyi,2024-10-21,2024-10-27,Oil depot,4
Nikopolskyi,2024-10-21,2024-10-27,Religious facilities,1
Nikopolskyi,2024-10-21,2024-10-27,Total,55
Odeskyi,2024-10-21,2024-10-27,"Education facility (school, etc.)",1
Odeskyi,2024-10-21,2024-10-27,Harbor,1
Odeskyi,2024-10-21,2024-10-27,Total,2
Pokrovskyi,2024-10-21,2024-10-27,Gas supply system,1
Pokrovskyi,2024-10-21,2024-10-27,Government facilities,2
Pokrovskyi,2024-10-21,2024-10-27,Industrial/Business/Enterprise facilities,2
Pokrovskyi,2024-10-21,2024-10-27,Total,5
Romenskyi,2024-10-21,2024-10-27,Electricity supply system,2
Romenskyi,2024-10-21,2024-10-27,Total,2
Sumskyi,2024-10-21,2024-10-27,"Education facility (school, etc.)",1
Sumskyi,2024-10-21,2024-10-27,Electricity supply system,1
Sumskyi,2024-10-21,2024-10-27,Government facilities,2
Sumskyi,2024-10-21,2024-10-27,Industrial/Business/Enterprise facilities,2
Sumskyi,2024-10-21,2024-10-27,Total,7
Sumskyi,2024-10-21,2024-10-27,Warehouse,1
Vasylivskyi,2024-10-21,2024-10-27,Power plant,1
Vasylivskyi,2024-10-21,2024-10-27,Total,1
Zaporizkyi,2024-10-21,2024-10-27,"Education facility (school, etc.)",2
Zaporizkyi,2024-10-21,2024-10-27,Electricity supply system,1
Zaporizkyi,2024-10-21,2024-10-27,Total,3
Bakhmutskyi,2024-10-14,2024-10-20,"Education facility (school, etc.)",1
Bakhmutskyi,2024-10-14,2024-10-20,Total,1
Cherkaskyi,2024-10-14,2024-10-20,"Education facility (school, etc.)",1
Cherkaskyi,2024-10-14,2024-10-20,Industrial/Business/Enterprise facilities,1
Cherkaskyi,2024-10-14,2024-10-20,Total,3
Cherkaskyi,2024-10-14,2024-10-20,Warehouse,1
Chernihivskyi,2024-10-14,2024-10-20,Electricity supply system,1
Chernihivskyi,2024-10-14,2024-10-20,Total,1
Chuhuivskyi,2024-10-14,2024-10-20,Industrial/Business/Enterprise facilities,1
Chuhuivskyi,2024-10-14,2024-10-20,Total,1
Horlivskyi,2024-10-14,2024-10-20,"Education facility (school, etc.)",1
Horlivskyi,2024-10-14,2024-10-20,Total,1
Iziumskyi,2024-10-14,2024-10-20,Road / Highway,1
Iziumskyi,2024-10-14,2024-10-20,Total,1
Kharkivskyi,2024-10-14,2024-10-20,"Education facility (school, etc.)",1
Kharkivskyi,2024-10-14,2024-10-20,Electricity supply system,1
Kharkivskyi,2024-10-14,2024-10-20,"Health facility (hospital, health clinic)",1
Kharkivskyi,2024-10-14,2024-10-20,Industrial/Business/Enterprise facilities,6
Kharkivskyi,2024-10-14,2024-10-20,Oil depot,1
Kharkivskyi,2024-10-14,2024-10-20,Total,10
Khersonskyi,2024-10-14,2024-10-20,Bridge,1
Khersonskyi,2024-10-14,2024-10-20,"Education facility (school, etc.)",1
Khersonskyi,2024-10-14,2024-10-20,Electricity supply system,2
Khersonskyi,2024-10-14,2024-10-20,"Health facility (hospital, health clinic)",1
Khersonskyi,2024-10-14,2024-10-20,Industrial/Business/Enterprise facilities,3
Khersonskyi,2024-10-14,2024-10-20,Other,1
Khersonskyi,2024-10-14,2024-10-20,Total,9
Kramatorskyi,2024-10-14,2024-10-20,"Education facility (school, etc.)",1
Kramatorskyi,2024-10-14,2024-10-20,Electricity supply system,1
Kramatorskyi,2024-10-14,2024-10-20,Government facilities,6
Kramatorskyi,2024-10-14,2024-10-20,"Health facility (hospital, health clinic)",1
Kramatorskyi,2024-10-14,2024-10-20,Total,9
Kryvorizkyi,2024-10-14,2024-10-20,"Cultural facilities (museum, theater etc.)",1
Kryvorizkyi,2024-10-14,2024-10-20,"Education facility (school, etc.)",3
Kryvorizkyi,2024-10-14,2024-10-20,Gas supply system,1
Kryvorizkyi,2024-10-14,2024-10-20,Government facilities,3
Kryvorizkyi,2024-10-14,2024-10-20,Industrial/Business/Enterprise facilities,14
Kryvorizkyi,2024-10-14,2024-10-20,Religious facilities,1
Kryvorizkyi,2024-10-14,2024-10-20,Total,23
Kyiv,2024-10-14,2024-10-20,"Education facility (school, etc.)",1
Kyiv,2024-10-14,2024-10-20,Industrial/Business/Enterprise facilities,1
Kyiv,2024-10-14,2024-10-20,Total,2
Mykolaivskyi,2024-10-14,2024-10-20,"Education facility (school, etc.)",8
Mykolaivskyi,2024-10-14,2024-10-20,Electricity supply system,1
Mykolaivskyi,2024-10-14,2024-10-20,Government facilities,2
Mykolaivskyi,2024-10-14,2024-10-20,"Health facility (hospital, health clinic)",2
Mykolaivskyi,2024-10-14,2024-10-20,Industrial/Business/Enterprise facilities,6
Mykolaivskyi,2024-10-14,2024-10-20,Religious facilities,1
Mykolaivskyi,2024-10-14,2024-10-20,Total,20
Nikopolskyi,2024-10-14,2024-10-20,Electricity supply system,5
Nikopolskyi,2024-10-14,2024-10-20,Gas supply system,2
Nikopolskyi,2024-10-14,2024-10-20,"Health facility (hospital, health clinic)",1
Nikopolskyi,2024-10-14,2024-10-20,Industrial/Business/Enterprise facilities,3
Nikopolskyi,2024-10-14,2024-10-20,Total,11
Novhorod-Siverskyi,2024-10-14,2024-10-20,Gas supply system,1
Novhorod-Siverskyi,2024-10-14,2024-10-20,Total,1
Odeskyi,2024-10-14,2024-10-20,Government facilities,1
Odeskyi,2024-10-14,2024-10-20,Harbor,3
Odeskyi,2024-10-14,2024-10-20,"Health facility (hospital, health clinic)",1
Odeskyi,2024-10-14,2024-10-20,Total,7
Odeskyi,2024-10-14,2024-10-20,Warehouse,2
Pokrovskyi,2024-10-14,2024-10-20,"Cultural facilities (museum, theater etc.)",1
Pokrovskyi,2024-10-14,2024-10-20,"Education facility (school, etc.)",1
Pokrovskyi,2024-10-14,2024-10-20,Electricity supply system,1
Pokrovskyi,2024-10-14,2024-10-20,Gas supply system,1
Pokrovskyi,2024-10-14,2024-10-20,Government facilities,2
Pokrovskyi,2024-10-14,2024-10-20,"Health facility (hospital, health clinic)",1
Pokrovskyi,2024-10-14,2024-10-20,Industrial/Business/Enterprise facilities,4
Pokrovskyi,2024-10-14,2024-10-20,Other,1
Pokrovskyi,2024-10-14,2024-10-20,Railway,1
Pokrovskyi,2024-10-14,2024-10-20,Total,13
Romenskyi,2024-10-14,2024-10-20,Electricity supply system,1
Romenskyi,2024-10-14,2024-10-20,Total,1
Shostkynskyi,2024-10-14,2024-10-20,"Education facility (school, etc.)",5
Shostkynskyi,2024-10-14,2024-10-20,Electricity supply system,1
Shostkynskyi,2024-10-14,2024-10-20,Government facilities,6
Shostkynskyi,2024-10-14,2024-10-20,"Health facility (hospital, health clinic)",2
Shostkynskyi,2024-10-14,2024-10-20,Industrial/Business/Enterprise facilities,1
Shostkynskyi,2024-10-14,2024-10-20,Total,15
Sumskyi,2024-10-14,2024-10-20,Government facilities,2
Sumskyi,2024-10-14,2024-10-20,Industrial/Business/Enterprise facilities,1
Sumskyi,2024-10-14,2024-10-20,Total,4
Sumskyi,2024-10-14,2024-10-20,Water supply system,1
Zaporizkyi,2024-10-14,2024-10-20,Industrial/Business/Enterprise facilities,2
Zaporizkyi,2024-10-14,2024-10-20,Total,3
Zaporizkyi,2024-10-14,2024-10-20,Warehouse,1
Bashtanskyi,2024-10-07,2024-10-13,Agricultural facilities,1
Bashtanskyi,2024-10-07,2024-10-13,Total,1
Bohodukhivskyi,2024-10-07,2024-10-13,Electricity supply system,1
Bohodukhivskyi,2024-10-07,2024-10-13,Total,1
Dniprovskyi,2024-10-07,2024-10-13,Electricity supply system,1
Dniprovskyi,2024-10-07,2024-10-13,Industrial/Business/Enterprise facilities,2
Dniprovskyi,2024-10-07,2024-10-13,Total,3
Feodosiiskyi,2024-10-07,2024-10-13,Oil depot,1
Feodosiiskyi,2024-10-07,2024-10-13,Total,1
Iziumskyi,2024-10-07,2024-10-13,Government facilities,1
Iziumskyi,2024-10-07,2024-10-13,Industrial/Business/Enterprise facilities,1
Iziumskyi,2024-10-07,2024-10-13,Total,2
Kharkivskyi,2024-10-07,2024-10-13,Agricultural facilities,1
Kharkivskyi,2024-10-07,2024-10-13,"Education facility (school, etc.)",1
Kharkivskyi,2024-10-07,2024-10-13,Electricity supply system,1
Kharkivskyi,2024-10-07,2024-10-13,Gas supply system,1
Kharkivskyi,2024-10-07,2024-10-13,Industrial/Business/Enterprise facilities,3
Kharkivskyi,2024-10-07,2024-10-13,Total,7
Khersonskyi,2024-10-07,2024-10-13,"Education facility (school, etc.)",3
Khersonskyi,2024-10-07,2024-10-13,Electricity supply system,2
Khersonskyi,2024-10-07,2024-10-13,Gas supply system,1
Khersonskyi,2024-10-07,2024-10-13,"Health facility (hospital, health clinic)",2
Khersonskyi,2024-10-07,2024-10-13,Industrial/Business/Enterprise facilities,6
Khersonskyi,2024-10-07,2024-10-13,Road / Highway,1
Khersonskyi,2024-10-07,2024-10-13,Telecommunications,1
Khersonskyi,2024-10-07,2024-10-13,Total,18
Khersonskyi,2024-10-07,2024-10-13,Warehouse,2
Konotopskyi,2024-10-07,2024-10-13,"Health facility (hospital, health clinic)",1
Konotopskyi,2024-10-07,2024-10-13,Total,1
Kramatorskyi,2024-10-07,2024-10-13,"Education facility (school, etc.)",4
Kramatorskyi,2024-10-07,2024-10-13,Gas supply system,3
Kramatorskyi,2024-10-07,2024-10-13,Government facilities,3
Kramatorskyi,2024-10-07,2024-10-13,"Health facility (hospital, health clinic)",1
Kramatorskyi,2024-10-07,2024-10-13,Industrial/Business/Enterprise facilities,5
Kramatorskyi,2024-10-07,2024-10-13,Total,16
Kryvorizkyi,2024-10-07,2024-10-13,Gas supply system,2
Kryvorizkyi,2024-10-07,2024-10-13,Government facilities,1
Kryvorizkyi,2024-10-07,2024-10-13,Total,3
Kupianskyi,2024-10-07,2024-10-13,"Education facility (school, etc.)",1
Kupianskyi,2024-10-07,2024-10-13,Total,2
Kupianskyi,2024-10-07,2024-10-13,Warehouse,1
Kyiv,2024-10-07,2024-10-13,Industrial/Business/Enterprise facilities,1
Kyiv,2024-10-07,2024-10-13,Total,1
Mykolaivskyi,2024-10-07,2024-10-13,"Education facility (school, etc.)",1
Mykolaivskyi,2024-10-07,2024-10-13,Electricity supply system,1
Mykolaivskyi,2024-10-07,2024-10-13,Gas supply system,1
Mykolaivskyi,2024-10-07,2024-10-13,Total,4
Mykolaivskyi,2024-10-07,2024-10-13,Warehouse,1
Nikopolskyi,2024-10-07,2024-10-13,Industrial/Business/Enterprise facilities,1
Nikopolskyi,2024-10-07,2024-10-13,Total,1
Odeskyi,2024-10-07,2024-10-13,Government facilities,1
Odeskyi,2024-10-07,2024-10-13,Harbor,2
Odeskyi,2024-10-07,2024-10-13,"Health facility (hospital, health clinic)",1
Odeskyi,2024-10-07,2024-10-13,Industrial/Business/Enterprise facilities,1
Odeskyi,2024-10-07,2024-10-13,Total,5
Pavlohradskyi,2024-10-07,2024-10-13,Industrial/Business/Enterprise facilities,1
Pavlohradskyi,2024-10-07,2024-10-13,Total,1
Pokrovskyi,2024-10-07,2024-10-13,Government facilities,3
Pokrovskyi,2024-10-07,2024-10-13,Industrial/Business/Enterprise facilities,1
Pokrovskyi,2024-10-07,2024-10-13,Total,7
Pokrovskyi,2024-10-07,2024-10-13,Warehouse,3
Polohivskyi,2024-10-07,2024-10-13,Government facilities,1
Polohivskyi,2024-10-07,2024-10-13,Total,1
Rovenkivskyi,2024-10-07,2024-10-13,Oil depot,1
Rovenkivskyi,2024-10-07,2024-10-13,Total,1
Shostkynskyi,2024-10-07,2024-10-13,"Cultural facilities (museum, theater etc.)",1
Shostkynskyi,2024-10-07,2024-10-13,Electricity supply system,1
Shostkynskyi,2024-10-07,2024-10-13,Gas supply system,1
Shostkynskyi,2024-10-07,2024-10-13,Government facilities,1
Shostkynskyi,2024-10-07,2024-10-13,Total,4
Synelnykivskyi,2024-10-07,2024-10-13,Agricultural facilities,1
Synelnykivskyi,2024-10-07,2024-10-13,Total,1
Voznesenskyi,2024-10-07,2024-10-13,Other,1
Voznesenskyi,2024-10-07,2024-10-13,Total,1
Zaporizkyi,2024-10-07,2024-10-13,"Cultural facilities (museum, theater etc.)",1
Zaporizkyi,2024-10-07,2024-10-13,Industrial/Business/Enterprise facilities,2
Zaporizkyi,2024-10-07,2024-10-13,Total,4
Zaporizkyi,2024-10-07,2024-10-13,Warehouse,1
Bakhmutskyi,2024-09-30,2024-10-06,Government facilities,1
Bakhmutskyi,2024-09-30,2024-10-06,Industrial/Business/Enterprise facilities,2
Bakhmutskyi,2024-09-30,2024-10-06,Total,3
Berezivskyi,2024-09-30,2024-10-06,Electricity supply system,1
Berezivskyi,2024-09-30,2024-10-06,Total,1
Bohodukhivskyi,2024-09-30,2024-10-06,Electricity supply system,1
Bohodukhivskyi,2024-09-30,2024-10-06,Total,1
Cherkaskyi,2024-09-30,2024-10-06,Electricity supply system,1
Cherkaskyi,2024-09-30,2024-10-06,Total,1
Holovanivskyi,2024-09-30,2024-10-06,Government facilities,1
Holovanivskyi,2024-09-30,2024-10-06,Industrial/Business/Enterprise facilities,1
Holovanivskyi,2024-09-30,2024-10-06,Total,2
Iziumskyi,2024-09-30,2024-10-06,"Cultural facilities (museum, theater etc.)",1
Iziumskyi,2024-09-30,2024-10-06,"Education facility (school, etc.)",1
Iziumskyi,2024-09-30,2024-10-06,Total,2
Izmailskyi,2024-09-30,2024-10-06,Harbor,1
Izmailskyi,2024-09-30,2024-10-06,Other,1
Izmailskyi,2024-09-30,2024-10-06,Total,2
Kharkivskyi,2024-09-30,2024-10-06,Electricity supply system,1
Kharkivskyi,2024-09-30,2024-10-06,Gas supply system,1
Kharkivskyi,2024-09-30,2024-10-06,Other,1
Kharkivskyi,2024-09-30,2024-10-06,Railway,1
Kharkivskyi,2024-09-30,2024-10-06,Total,4
Khersonskyi,2024-09-30,2024-10-06,Gas supply system,1
Khersonskyi,2024-09-30,2024-10-06,Industrial/Business/Enterprise facilities,1
Khersonskyi,2024-09-30,2024-10-06,Other,1
Khersonskyi,2024-09-30,2024-10-06,Total,4
Khersonskyi,2024-09-30,2024-10-06,Warehouse,1
Kramatorskyi,2024-09-30,2024-10-06,"Education facility (school, etc.)",2
Kramatorskyi,2024-09-30,2024-10-06,Electricity supply system,10
Kramatorskyi,2024-09-30,2024-10-06,Gas supply system,3
Kramatorskyi,2024-09-30,2024-10-06,Government facilities,15
Kramatorskyi,2024-09-30,2024-10-06,"Health facility (hospital, health clinic)",1
Kramatorskyi,2024-09-30,2024-10-06,Heating and water facility,2
Kramatorskyi,2024-09-30,2024-10-06,Industrial/Business/Enterprise facilities,15
Kramatorskyi,2024-09-30,2024-10-06,Total,48
Kryvorizkyi,2024-09-30,2024-10-06,Electricity supply system,20
Kryvorizkyi,2024-09-30,2024-10-06,Total,20
Kupianskyi,2024-09-30,2024-10-06,"Education facility (school, etc.)",2
Kupianskyi,2024-09-30,2024-10-06,Government facilities,1
Kupianskyi,2024-09-30,2024-10-06,"Health facility (hospital, health clinic)",1
Kupianskyi,2024-09-30,2024-10-06,Industrial/Business/Enterprise facilities,2
Kupianskyi,2024-09-30,2024-10-06,Other,2
Kupianskyi,2024-09-30,2024-10-06,Road / Highway,1
Kupianskyi,2024-09-30,2024-10-06,Total,9
Nikopolskyi,2024-09-30,2024-10-06,Agricultural facilities,2
Nikopolskyi,2024-09-30,2024-10-06,Electricity supply system,3
Nikopolskyi,2024-09-30,2024-10-06,"Health facility (hospital, health clinic)",1
Nikopolskyi,2024-09-30,2024-10-06,Industrial/Business/Enterprise facilities,2
Nikopolskyi,2024-09-30,2024-10-06,Other,1
Nikopolskyi,2024-09-30,2024-10-06,Total,9
Novhorod-Siverskyi,2024-09-30,2024-10-06,Agricultural facilities,1
Novhorod-Siverskyi,2024-09-30,2024-10-06,Total,1
Odeskyi,2024-09-30,2024-10-06,Gas supply system,1
Odeskyi,2024-09-30,2024-10-06,Total,2
Odeskyi,2024-09-30,2024-10-06,Warehouse,1
Pokrovskyi,2024-09-30,2024-10-06,Electricity supply system,1
Pokrovskyi,2024-09-30,2024-10-06,Government facilities,10
Pokrovskyi,2024-09-30,2024-10-06,"Health facility (hospital, health clinic)",1
Pokrovskyi,2024-09-30,2024-10-06,Industrial/Business/Enterprise facilities,12
Pokrovskyi,2024-09-30,2024-10-06,Total,24
Shostkynskyi,2024-09-30,2024-10-06,"Health facility (hospital, health clinic)",1
Shostkynskyi,2024-09-30,2024-10-06,Total,1
Sumskyi,2024-09-30,2024-10-06,"Education facility (school, etc.)",3
Sumskyi,2024-09-30,2024-10-06,Road / Highway,1
Sumskyi,2024-09-30,2024-10-06,Total,4
Synelnykivskyi,2024-09-30,2024-10-06,Agricultural facilities,1
Synelnykivskyi,2024-09-30,2024-10-06,Gas supply system,1
Synelnykivskyi,2024-09-30,2024-10-06,Total,2
Volnovaskyi,2024-09-30,2024-10-06,"Cultural facilities (museum, theater etc.)",1
Volnovaskyi,2024-09-30,2024-10-06,Industrial/Business/Enterprise facilities,2
Volnovaskyi,2024-09-30,2024-10-06,Total,3
Bakhmutskyi,2024-09-23,2024-09-29,Industrial/Business/Enterprise facilities,5
Bakhmutskyi,2024-09-23,2024-09-29,Religious facilities,1
Bakhmutskyi,2024-09-23,2024-09-29,Total,6
Beryslavskyi,2024-09-23,2024-09-29,"Cultural facilities (museum, theater etc.)",1
Beryslavskyi,2024-09-23,2024-09-29,"Education facility (school, etc.)",2
Beryslavskyi,2024-09-23,2024-09-29,Government facilities,1
Beryslavskyi,2024-09-23,2024-09-29,Total,4
Bilhorod-Dnistrovskyi,2024-09-23,2024-09-29,"Cultural facilities (museum, theater etc.)",1
Bilhorod-Dnistrovskyi,2024-09-23,2024-09-29,Total,1
Bohodukhivskyi,2024-09-23,2024-09-29,"Cultural facilities (museum, theater etc.)",1
Bohodukhivskyi,2024-09-23,2024-09-29,Electricity supply system,2
Bohodukhivskyi,2024-09-23,2024-09-29,Gas supply system,1
Bohodukhivskyi,2024-09-23,2024-09-29,Government facilities,1
Bohodukhivskyi,2024-09-23,2024-09-29,"Health facility (hospital, health clinic)",1
Bohodukhivskyi,2024-09-23,2024-09-29,Total,6
Chuhuivskyi,2024-09-23,2024-09-29,Government facilities,1
Chuhuivskyi,2024-09-23,2024-09-29,Industrial/Business/Enterprise facilities,1
Chuhuivskyi,2024-09-23,2024-09-29,Total,2
Dniprovskyi,2024-09-23,2024-09-29,Industrial/Business/Enterprise facilities,1
Dniprovskyi,2024-09-23,2024-09-29,Total,1
Iziumskyi,2024-09-23,2024-09-29,Agricultural facilities,1
Iziumskyi,2024-09-23,2024-09-29,Total,1
Kharkivskyi,2024-09-23,2024-09-29,Agricultural facilities,3
Kharkivskyi,2024-09-23,2024-09-29,"Cultural facilities (museum, theater etc.)",2
Kharkivskyi,2024-09-23,2024-09-29,"Education facility (school, etc.)",7
Kharkivskyi,2024-09-23,2024-09-29,Industrial/Business/Enterprise facilities,4
Kharkivskyi,2024-09-23,2024-09-29,Other,1
Kharkivskyi,2024-09-23,2024-09-29,Total,17
Khersonskyi,2024-09-23,2024-09-29,Agricultural facilities,2
Khersonskyi,2024-09-23,2024-09-29,"Cultural facilities (museum, theater etc.)",1
Khersonskyi,2024-09-23,2024-09-29,"Education facility (school, etc.)",2
Khersonskyi,2024-09-23,2024-09-29,Gas supply system,2
Khersonskyi,2024-09-23,2024-09-29,"Health facility (hospital, health clinic)",1
Khersonskyi,2024-09-23,2024-09-29,Industrial/Business/Enterprise facilities,2
Khersonskyi,2024-09-23,2024-09-29,Total,10
Kramatorskyi,2024-09-23,2024-09-29,"Education facility (school, etc.)",1
Kramatorskyi,2024-09-23,2024-09-29,Electricity supply system,7
Kramatorskyi,2024-09-23,2024-09-29,Gas supply system,6
Kramatorskyi,2024-09-23,2024-09-29,Government facilities,4
Kramatorskyi,2024-09-23,2024-09-29,"Health facility (hospital, health clinic)",1
Kramatorskyi,2024-09-23,2024-09-29,Heating and water facility,2
Kramatorskyi,2024-09-23,2024-09-29,Industrial/Business/Enterprise facilities,102
Kramatorskyi,2024-09-23,2024-09-29,Total,123
Kryvorizkyi,2024-09-23,2024-09-29,"Education facility (school, etc.)",1
Kryvorizkyi,2024-09-23,2024-09-29,Government facilities,1
Kryvorizkyi,2024-09-23,2024-09-29,Total,2
Kupianskyi,2024-09-23,2024-09-29,"Education facility (school, etc.)",1
Kupianskyi,2024-09-23,2024-09-29,Industrial/Business/Enterprise facilities,6
Kupianskyi,2024-09-23,2024-09-29,Total,9
Kupianskyi,2024-09-23,2024-09-29,Warehouse,2
Mykolaivskyi,2024-09-23,2024-09-29,"Education facility (school, etc.)",1
Mykolaivskyi,2024-09-23,2024-09-29,Total,1
Nikopolskyi,2024-09-23,2024-09-29,Agricultural facilities,3
Nikopolskyi,2024-09-23,2024-09-29,"Education facility (school, etc.)",3
Nikopolskyi,2024-09-23,2024-09-29,Electricity supply system,26
Nikopolskyi,2024-09-23,2024-09-29,Gas supply system,3
Nikopolskyi,2024-09-23,2024-09-29,Other,1
Nikopolskyi,2024-09-23,2024-09-29,Total,36
Pokrovskyi,2024-09-23,2024-09-29,Government facilities,11
Pokrovskyi,2024-09-23,2024-09-29,"Health facility (hospital, health clinic)",1
Pokrovskyi,2024-09-23,2024-09-29,Industrial/Business/Enterprise facilities,11
Pokrovskyi,2024-09-23,2024-09-29,Total,23
Shostkynskyi,2024-09-23,2024-09-29,"Education facility (school, etc.)",2
Shostkynskyi,2024-09-23,2024-09-29,Industrial/Business/Enterprise facilities,2
Shostkynskyi,2024-09-23,2024-09-29,Railway,1
Shostkynskyi,2024-09-23,2024-09-29,Total,5
Sumskyi,2024-09-23,2024-09-29,Government facilities,1
Sumskyi,2024-09-23,2024-09-29,"Health facility (hospital, health clinic)",2
Sumskyi,2024-09-23,2024-09-29,Total,3
Zaporizkyi,2024-09-23,2024-09-29,"Education facility (school, etc.)",1
Zaporizkyi,2024-09-23,2024-09-29,Industrial/Business/Enterprise facilities,4
Zaporizkyi,2024-09-23,2024-09-29,Other,1
Zaporizkyi,2024-09-23,2024-09-29,Railway,1
Zaporizkyi,2024-09-23,2024-09-29,Total,7
Zolotoniskyi,2024-09-23,2024-09-29,Electricity supply system,1
Zolotoniskyi,2024-09-23,2024-09-29,Total,1
Bakhmutskyi,2024-09-16,2024-09-22,"Education facility (school, etc.)",1
Bakhmutskyi,2024-09-16,2024-09-22,Government facilities,1
Bakhmutskyi,2024-09-16,2024-09-22,Industrial/Business/Enterprise facilities,2
Bakhmutskyi,2024-09-16,2024-09-22,Total,4
Bashtanskyi,2024-09-16,2024-09-22,Agricultural facilities,1
Bashtanskyi,2024-09-16,2024-09-22,Total,1
Beryslavskyi,2024-09-16,2024-09-22,"Cultural facilities (museum, theater etc.)",1
Beryslavskyi,2024-09-16,2024-09-22,Government facilities,2
Beryslavskyi,2024-09-16,2024-09-22,Other,2
Beryslavskyi,2024-09-16,2024-09-22,Total,6
Beryslavskyi,2024-09-16,2024-09-22,Warehouse,1
Bohodukhivskyi,2024-09-16,2024-09-22,Electricity supply system,1
Bohodukhivskyi,2024-09-16,2024-09-22,Gas supply system,1
Bohodukhivskyi,2024-09-16,2024-09-22,Industrial/Business/Enterprise facilities,1
Bohodukhivskyi,2024-09-16,2024-09-22,Oil depot,1
Bohodukhivskyi,2024-09-16,2024-09-22,Total,5
Bohodukhivskyi,2024-09-16,2024-09-22,Warehouse,1
Chernihivskyi,2024-09-16,2024-09-22,Agricultural facilities,1
Chernihivskyi,2024-09-16,2024-09-22,Total,1
Chuhuivskyi,2024-09-16,2024-09-22,Government facilities,1
Chuhuivskyi,2024-09-16,2024-09-22,Total,2
Chuhuivskyi,2024-09-16,2024-09-22,Warehouse,1
Dniprovskyi,2024-09-16,2024-09-22,"Education facility (school, etc.)",1
Dniprovskyi,2024-09-16,2024-09-22,Total,1
Iziumskyi,2024-09-16,2024-09-22,"Education facility (school, etc.)",2
Iziumskyi,2024-09-16,2024-09-22,Other,1
Iziumskyi,2024-09-16,2024-09-22,Total,5
Iziumskyi,2024-09-16,2024-09-22,Warehouse,2
Kharkivskyi,2024-09-16,2024-09-22,"Education facility (school, etc.)",3
Kharkivskyi,2024-09-16,2024-09-22,Government facilities,1
Kharkivskyi,2024-09-16,2024-09-22,"Health facility (hospital, health clinic)",1
Kharkivskyi,2024-09-16,2024-09-22,Industrial/Business/Enterprise facilities,5
Kharkivskyi,2024-09-16,2024-09-22,Total,10
Khersonskyi,2024-09-16,2024-09-22,"Education facility (school, etc.)",2
Khersonskyi,2024-09-16,2024-09-22,Gas supply system,1
Khersonskyi,2024-09-16,2024-09-22,Government facilities,1
Khersonskyi,2024-09-16,2024-09-22,Industrial/Business/Enterprise facilities,1
Khersonskyi,2024-09-16,2024-09-22,Total,6
Khersonskyi,2024-09-16,2024-09-22,Warehouse,1
Kramatorskyi,2024-09-16,2024-09-22,Electricity supply system,6
Kramatorskyi,2024-09-16,2024-09-22,Gas supply system,3
Kramatorskyi,2024-09-16,2024-09-22,Government facilities,3
Kramatorskyi,2024-09-16,2024-09-22,"Health facility (hospital, health clinic)",1
Kramatorskyi,2024-09-16,2024-09-22,Industrial/Business/Enterprise facilities,13
Kramatorskyi,2024-09-16,2024-09-22,Total,27
Kramatorskyi,2024-09-16,2024-09-22,Warehouse,1
Kryvorizkyi,2024-09-16,2024-09-22,"Education facility (school, etc.)",1
Kryvorizkyi,2024-09-16,2024-09-22,Total,1
Kupianskyi,2024-09-16,2024-09-22,"Education facility (school, etc.)",2
Kupianskyi,2024-09-16,2024-09-22,Gas supply system,1
Kupianskyi,2024-09-16,2024-09-22,Industrial/Business/Enterprise facilities,1
Kupianskyi,2024-09-16,2024-09-22,Road / Highway,3
Kupianskyi,2024-09-16,2024-09-22,Total,7
Lvivskyi,2024-09-16,2024-09-22,Agricultural facilities,1
Lvivskyi,2024-09-16,2024-09-22,Total,1
Mykolaivskyi,2024-09-16,2024-09-22,"Cultural facilities (museum, theater etc.)",1
Mykolaivskyi,2024-09-16,2024-09-22,"Health facility (hospital, health clinic)",1
Mykolaivskyi,2024-09-16,2024-09-22,Total,2
Nikopolskyi,2024-09-16,2024-09-22,Agricultural facilities,2
Nikopolskyi,2024-09-16,2024-09-22,"Education facility (school, etc.)",2
Nikopolskyi,2024-09-16,2024-09-22,Electricity supply system,2
Nikopolskyi,2024-09-16,2024-09-22,Fuel depot,2
Nikopolskyi,2024-09-16,2024-09-22,Gas supply system,1
Nikopolskyi,2024-09-16,2024-09-22,Government facilities,4
Nikopolskyi,2024-09-16,2024-09-22,"Health facility (hospital, health clinic)",1
Nikopolskyi,2024-09-16,2024-09-22,Industrial/Business/Enterprise facilities,10
Nikopolskyi,2024-09-16,2024-09-22,Telecommunications,1
Nikopolskyi,2024-09-16,2024-09-22,Total,25
Novhorod-Siverskyi,2024-09-16,2024-09-22,Agricultural facilities,1
Novhorod-Siverskyi,2024-09-16,2024-09-22,Total,1
Odeskyi,2024-09-16,2024-09-22,Harbor,1
Odeskyi,2024-09-16,2024-09-22,Total,1
Okhtyrskyi,2024-09-16,2024-09-22,Fuel depot,1
Okhtyrskyi,2024-09-16,2024-09-22,"Health facility (hospital, health clinic)",1
Okhtyrskyi,2024-09-16,2024-09-22,Total,2
Pokrovskyi,2024-09-16,2024-09-22,"Education facility (school, etc.)",1
Pokrovskyi,2024-09-16,2024-09-22,Electricity supply system,1
Pokrovskyi,2024-09-16,2024-09-22,Government facilities,7
Pokrovskyi,2024-09-16,2024-09-22,Industrial/Business/Enterprise facilities,13
Pokrovskyi,2024-09-16,2024-09-22,Total,22
Polohivskyi,2024-09-16,2024-09-22,"Education facility (school, etc.)",1
Polohivskyi,2024-09-16,2024-09-22,Total,1
Shostkynskyi,2024-09-16,2024-09-22,Government facilities,1
Shostkynskyi,2024-09-16,2024-09-22,"Health facility (hospital, health clinic)",1
Shostkynskyi,2024-09-16,2024-09-22,Industrial/Business/Enterprise facilities,1
Shostkynskyi,2024-09-16,2024-09-22,Total,3
Sumskyi,2024-09-16,2024-09-22,Agricultural facilities,2
Sumskyi,2024-09-16,2024-09-22,"Education facility (school, etc.)",1
Sumskyi,2024-09-16,2024-09-22,Electricity supply system,1
Sumskyi,2024-09-16,2024-09-22,Fuel depot,2
Sumskyi,2024-09-16,2024-09-22,Gas supply system,1
Sumskyi,2024-09-16,2024-09-22,Government facilities,1
Sumskyi,2024-09-16,2024-09-22,"Health facility (hospital, health clinic)",2
Sumskyi,2024-09-16,2024-09-22,Industrial/Business/Enterprise facilities,1
Sumskyi,2024-09-16,2024-09-22,Total,11
Zaporizkyi,2024-09-16,2024-09-22,"Education facility (school, etc.)",2
Zaporizkyi,2024-09-16,2024-09-22,Industrial/Business/Enterprise facilities,3
Zaporizkyi,2024-09-16,2024-09-22,Total,5
Zvenyhorodskyi,2024-09-16,2024-09-22,"Education facility (school, etc.)",1
Zvenyhorodskyi,2024-09-16,2024-09-22,Total,1
Bakhmutskyi,2024-09-09,2024-09-15,Industrial/Business/Enterprise facilities,1
Bakhmutskyi,2024-09-09,2024-09-15,Total,1
Beryslavskyi,2024-09-09,2024-09-15,"Education facility (school, etc.)",1
Beryslavskyi,2024-09-09,2024-09-15,"Health facility (hospital, health clinic)",2
Beryslavskyi,2024-09-09,2024-09-15,Total,3
Bohodukhivskyi,2024-09-09,2024-09-15,Gas supply system,1
Bohodukhivskyi,2024-09-09,2024-09-15,Total,1
Cherkaskyi,2024-09-09,2024-09-15,Fuel depot,1
Cherkaskyi,2024-09-09,2024-09-15,Industrial/Business/Enterprise facilities,1
Cherkaskyi,2024-09-09,2024-09-15,Oil depot,1
Cherkaskyi,2024-09-09,2024-09-15,Total,4
Cherkaskyi,2024-09-09,2024-09-15,Warehouse,1
Iziumskyi,2024-09-09,2024-09-15,Industrial/Business/Enterprise facilities,1
Iziumskyi,2024-09-09,2024-09-15,Total,1
Kamianskyi,2024-09-09,2024-09-15,Industrial/Business/Enterprise facilities,1
Kamianskyi,2024-09-09,2024-09-15,Total,1
Kharkivskyi,2024-09-09,2024-09-15,"Cultural facilities (museum, theater etc.)",1
Kharkivskyi,2024-09-09,2024-09-15,"Education facility (school, etc.)",1
Kharkivskyi,2024-09-09,2024-09-15,Electricity supply system,1
Kharkivskyi,2024-09-09,2024-09-15,Fuel depot,1
Kharkivskyi,2024-09-09,2024-09-15,"Health facility (hospital, health clinic)",1
Kharkivskyi,2024-09-09,2024-09-15,Industrial/Business/Enterprise facilities,3
Kharkivskyi,2024-09-09,2024-09-15,Total,8
Khersonskyi,2024-09-09,2024-09-15,"Education facility (school, etc.)",1
Khersonskyi,2024-09-09,2024-09-15,"Health facility (hospital, health clinic)",1
Khersonskyi,2024-09-09,2024-09-15,Other,1
Khersonskyi,2024-09-09,2024-09-15,Total,3
Konotopskyi,2024-09-09,2024-09-15,"Cultural facilities (museum, theater etc.)",1
Konotopskyi,2024-09-09,2024-09-15,"Education facility (school, etc.)",1
Konotopskyi,2024-09-09,2024-09-15,"Health facility (hospital, health clinic)",1
Konotopskyi,2024-09-09,2024-09-15,Heating and water facility,1
Konotopskyi,2024-09-09,2024-09-15,Industrial/Business/Enterprise facilities,3
Konotopskyi,2024-09-09,2024-09-15,Road / Highway,1
Konotopskyi,2024-09-09,2024-09-15,Total,8
Kramatorskyi,2024-09-09,2024-09-15,Electricity supply system,2
Kramatorskyi,2024-09-09,2024-09-15,Gas supply system,1
Kramatorskyi,2024-09-09,2024-09-15,Government facilities,1
Kramatorskyi,2024-09-09,2024-09-15,Industrial/Business/Enterprise facilities,4
Kramatorskyi,2024-09-09,2024-09-15,Total,8
Kryvorizkyi,2024-09-09,2024-09-15,Agricultural facilities,1
Kryvorizkyi,2024-09-09,2024-09-15,Total,1
Kupianskyi,2024-09-09,2024-09-15,"Cultural facilities (museum, theater etc.)",1
Kupianskyi,2024-09-09,2024-09-15,Industrial/Business/Enterprise facilities,2
Kupianskyi,2024-09-09,2024-09-15,Total,3
Mykolaivskyi,2024-09-09,2024-09-15,Industrial/Business/Enterprise facilities,2
Mykolaivskyi,2024-09-09,2024-09-15,Total,2
Nikopolskyi,2024-09-09,2024-09-15,"Education facility (school, etc.)",4
Nikopolskyi,2024-09-09,2024-09-15,Electricity supply system,6
Nikopolskyi,2024-09-09,2024-09-15,Gas supply system,2
Nikopolskyi,2024-09-09,2024-09-15,Government facilities,2
Nikopolskyi,2024-09-09,2024-09-15,Industrial/Business/Enterprise facilities,1
Nikopolskyi,2024-09-09,2024-09-15,Religious facilities,1
Nikopolskyi,2024-09-09,2024-09-15,Total,16
Novhorod-Siverskyi,2024-09-09,2024-09-15,Electricity supply system,1
Novhorod-Siverskyi,2024-09-09,2024-09-15,"Health facility (hospital, health clinic)",1
Novhorod-Siverskyi,2024-09-09,2024-09-15,Total,2
Odeskyi,2024-09-09,2024-09-15,Total,1
Odeskyi,2024-09-09,2024-09-15,Warehouse,1
Okhtyrskyi,2024-09-09,2024-09-15,"Health facility (hospital, health clinic)",1
Okhtyrskyi,2024-09-09,2024-09-15,Industrial/Business/Enterprise facilities,1
Okhtyrskyi,2024-09-09,2024-09-15,Total,2
Pokrovskyi,2024-09-09,2024-09-15,Agricultural facilities,1
Pokrovskyi,2024-09-09,2024-09-15,Bridge,2
Pokrovskyi,2024-09-09,2024-09-15,"Cultural facilities (museum, theater etc.)",1
Pokrovskyi,2024-09-09,2024-09-15,"Education facility (school, etc.)",1
Pokrovskyi,2024-09-09,2024-09-15,Electricity supply system,3
Pokrovskyi,2024-09-09,2024-09-15,Gas supply system,3
Pokrovskyi,2024-09-09,2024-09-15,Government facilities,2
Pokrovskyi,2024-09-09,2024-09-15,Industrial/Business/Enterprise facilities,3
Pokrovskyi,2024-09-09,2024-09-15,Religious facilities,1
Pokrovskyi,2024-09-09,2024-09-15,Road / Highway,1
Pokrovskyi,2024-09-09,2024-09-15,Total,21
Pokrovskyi,2024-09-09,2024-09-15,Warehouse,1
Pokrovskyi,2024-09-09,2024-09-15,Water supply system,2
Polohivskyi,2024-09-09,2024-09-15,Agricultural facilities,1
Polohivskyi,2024-09-09,2024-09-15,Total,1
Shostkynskyi,2024-09-09,2024-09-15,"Education facility (school, etc.)",1
Shostkynskyi,2024-09-09,2024-09-15,Electricity supply system,1
Shostkynskyi,2024-09-09,2024-09-15,"Health facility (hospital, health clinic)",2
Shostkynskyi,2024-09-09,2024-09-15,Total,4
Sumskyi,2024-09-09,2024-09-15,Agricultural facilities,1
Sumskyi,2024-09-09,2024-09-15,Total,1
Volnovaskyi,2024-09-09,2024-09-15,Electricity supply system,1
Volnovaskyi,2024-09-09,2024-09-15,Government facilities,1
Volnovaskyi,2024-09-09,2024-09-15,Industrial/Business/Enterprise facilities,2
Volnovaskyi,2024-09-09,2024-09-15,Total,4
Bohodukhivskyi,2024-09-02,2024-09-08,Electricity supply system,2
Bohodukhivskyi,2024-09-02,2024-09-08,Total,2
Dniprovskyi,2024-09-02,2024-09-08,"Education facility (school, etc.)",1
Dniprovskyi,2024-09-02,2024-09-08,Industrial/Business/Enterprise facilities,1
Dniprovskyi,2024-09-02,2024-09-08,Total,2
Izmailskyi,2024-09-02,2024-09-08,Industrial/Business/Enterprise facilities,1
Izmailskyi,2024-09-02,2024-09-08,Total,1
Kharkivskyi,2024-09-02,2024-09-08,Agricultural facilities,1
Kharkivskyi,2024-09-02,2024-09-08,"Cultural facilities (museum, theater etc.)",2
Kharkivskyi,2024-09-02,2024-09-08,"Education facility (school, etc.)",1
Kharkivskyi,2024-09-02,2024-09-08,Electricity supply system,1
Kharkivskyi,2024-09-02,2024-09-08,Heating and water facility,1
Kharkivskyi,2024-09-02,2024-09-08,Industrial/Business/Enterprise facilities,2
Kharkivskyi,2024-09-02,2024-09-08,Total,10
Kharkivskyi,2024-09-02,2024-09-08,Warehouse,2
Khersonskyi,2024-09-02,2024-09-08,Electricity supply system,1
Khersonskyi,2024-09-02,2024-09-08,"Health facility (hospital, health clinic)",1
Khersonskyi,2024-09-02,2024-09-08,Heating and water facility,1
Khersonskyi,2024-09-02,2024-09-08,Telecommunications,1
Khersonskyi,2024-09-02,2024-09-08,Total,5
Khersonskyi,2024-09-02,2024-09-08,Water supply system,1
Konotopskyi,2024-09-02,2024-09-08,"Health facility (hospital, health clinic)",1
Konotopskyi,2024-09-02,2024-09-08,Industrial/Business/Enterprise facilities,1
Konotopskyi,2024-09-02,2024-09-08,Total,2
Kramatorskyi,2024-09-02,2024-09-08,Electricity supply system,6
Kramatorskyi,2024-09-02,2024-09-08,Fuel depot,1
Kramatorskyi,2024-09-02,2024-09-08,Government facilities,1
Kramatorskyi,2024-09-02,2024-09-08,"Health facility (hospital, health clinic)",2
Kramatorskyi,2024-09-02,2024-09-08,Industrial/Business/Enterprise facilities,3
Kramatorskyi,2024-09-02,2024-09-08,Total,14
Kramatorskyi,2024-09-02,2024-09-08,Warehouse,1
Kryvorizkyi,2024-09-02,2024-09-08,"Cultural facilities (museum, theater etc.)",2
Kryvorizkyi,2024-09-02,2024-09-08,"Education facility (school, etc.)",5
Kryvorizkyi,2024-09-02,2024-09-08,"Health facility (hospital, health clinic)",1
Kryvorizkyi,2024-09-02,2024-09-08,Industrial/Business/Enterprise facilities,13
Kryvorizkyi,2024-09-02,2024-09-08,Total,21
Kupianskyi,2024-09-02,2024-09-08,Gas supply system,2
Kupianskyi,2024-09-02,2024-09-08,Religious facilities,1
Kupianskyi,2024-09-02,2024-09-08,Total,3
Kyiv,2024-09-02,2024-09-08,"Cultural facilities (museum, theater etc.)",1
Kyiv,2024-09-02,2024-09-08,"Education facility (school, etc.)",2
Kyiv,2024-09-02,2024-09-08,Heating and water facility,1
Kyiv,2024-09-02,2024-09-08,Industrial/Business/Enterprise facilities,2
Kyiv,2024-09-02,2024-09-08,Other,5
Kyiv,2024-09-02,2024-09-08,Religious facilities,1
Kyiv,2024-09-02,2024-09-08,Total,13
Kyiv,2024-09-02,2024-09-08,Warehouse,1
Lvivskyi,2024-09-02,2024-09-08,"Cultural facilities (museum, theater etc.)",8
Lvivskyi,2024-09-02,2024-09-08,"Education facility (school, etc.)",3
Lvivskyi,2024-09-02,2024-09-08,"Health facility (hospital, health clinic)",2
Lvivskyi,2024-09-02,2024-09-08,Religious facilities,1
Lvivskyi,2024-09-02,2024-09-08,Total,14
Nikopolskyi,2024-09-02,2024-09-08,Agricultural facilities,1
Nikopolskyi,2024-09-02,2024-09-08,Electricity supply system,4
Nikopolskyi,2024-09-02,2024-09-08,Gas supply system,1
Nikopolskyi,2024-09-02,2024-09-08,Government facilities,2
Nikopolskyi,2024-09-02,2024-09-08,Industrial/Business/Enterprise facilities,6
Nikopolskyi,2024-09-02,2024-09-08,Total,15
Nikopolskyi,2024-09-02,2024-09-08,Warehouse,1
Pavlohradskyi,2024-09-02,2024-09-08,"Education facility (school, etc.)",1
Pavlohradskyi,2024-09-02,2024-09-08,Government facilities,4
Pavlohradskyi,2024-09-02,2024-09-08,Industrial/Business/Enterprise facilities,30
Pavlohradskyi,2024-09-02,2024-09-08,Total,35
Pokrovskyi,2024-09-02,2024-09-08,Government facilities,1
Pokrovskyi,2024-09-02,2024-09-08,Total,1
Poltavskyi,2024-09-02,2024-09-08,"Education facility (school, etc.)",1
Poltavskyi,2024-09-02,2024-09-08,"Health facility (hospital, health clinic)",1
Poltavskyi,2024-09-02,2024-09-08,Total,2
Shostkynskyi,2024-09-02,2024-09-08,Government facilities,1
Shostkynskyi,2024-09-02,2024-09-08,Total,1
Sumskyi,2024-09-02,2024-09-08,"Education facility (school, etc.)",1
Sumskyi,2024-09-02,2024-09-08,Industrial/Business/Enterprise facilities,1
Sumskyi,2024-09-02,2024-09-08,Total,2
Zaporizkyi,2024-09-02,2024-09-08,"Education facility (school, etc.)",1
Zaporizkyi,2024-09-02,2024-09-08,Industrial/Business/Enterprise facilities,1
Zaporizkyi,2024-09-02,2024-09-08,Total,2
Bohodukhivskyi,2024-08-26,2024-09-01,"Cultural facilities (museum, theater etc.)",1
Bohodukhivskyi,2024-08-26,2024-09-01,Government facilities,1
Bohodukhivskyi,2024-08-26,2024-09-01,"Health facility (hospital, health clinic)",1
Bohodukhivskyi,2024-08-26,2024-09-01,Industrial/Business/Enterprise facilities,1
Bohodukhivskyi,2024-08-26,2024-09-01,Total,4
Cherkaskyi,2024-08-26,2024-09-01,Industrial/Business/Enterprise facilities,1
Cherkaskyi,2024-08-26,2024-09-01,Total,1
Feodosiiskyi,2024-08-26,2024-09-01,Railway,1
Feodosiiskyi,2024-08-26,2024-09-01,Total,1
Ivano-Frankivskyi,2024-08-26,2024-09-01,Industrial/Business/Enterprise facilities,1
Ivano-Frankivskyi,2024-08-26,2024-09-01,Total,1
Iziumskyi,2024-08-26,2024-09-01,Industrial/Business/Enterprise facilities,2
Iziumskyi,2024-08-26,2024-09-01,Total,2
Kharkivskyi,2024-08-26,2024-09-01,Agricultural facilities,1
Kharkivskyi,2024-08-26,2024-09-01,"Cultural facilities (museum, theater etc.)",2
Kharkivskyi,2024-08-26,2024-09-01,"Education facility (school, etc.)",1
Kharkivskyi,2024-08-26,2024-09-01,Fuel depot,1
Kharkivskyi,2024-08-26,2024-09-01,Gas supply system,1
Kharkivskyi,2024-08-26,2024-09-01,Government facilities,1
Kharkivskyi,2024-08-26,2024-09-01,Industrial/Business/Enterprise facilities,6
Kharkivskyi,2024-08-26,2024-09-01,Other,2
Kharkivskyi,2024-08-26,2024-09-01,Road / Highway,1
Kharkivskyi,2024-08-26,2024-09-01,Total,18
Kharkivskyi,2024-08-26,2024-09-01,Warehouse,1
Kharkivskyi,2024-08-26,2024-09-01,Water supply system,1
Khersonskyi,2024-08-26,2024-09-01,"Education facility (school, etc.)",2
Khersonskyi,2024-08-26,2024-09-01,Gas supply system,1
Khersonskyi,2024-08-26,2024-09-01,Government facilities,1
Khersonskyi,2024-08-26,2024-09-01,Total,4
Konotopskyi,2024-08-26,2024-09-01,Electricity supply system,1
Konotopskyi,2024-08-26,2024-09-01,Total,1
Kramatorskyi,2024-08-26,2024-09-01,Electricity supply system,1
Kramatorskyi,2024-08-26,2024-09-01,Fuel depot,1
Kramatorskyi,2024-08-26,2024-09-01,Gas supply system,1
Kramatorskyi,2024-08-26,2024-09-01,Industrial/Business/Enterprise facilities,2
Kramatorskyi,2024-08-26,2024-09-01,Total,6
Kramatorskyi,2024-08-26,2024-09-01,Water supply system,1
Kryvorizkyi,2024-08-26,2024-09-01,Industrial/Business/Enterprise facilities,6
Kryvorizkyi,2024-08-26,2024-09-01,Road / Highway,1
Kryvorizkyi,2024-08-26,2024-09-01,Total,7
Kupianskyi,2024-08-26,2024-09-01,Government facilities,3
Kupianskyi,2024-08-26,2024-09-01,Industrial/Business/Enterprise facilities,2
Kupianskyi,2024-08-26,2024-09-01,Total,5
Kyiv,2024-08-26,2024-09-01,Other,1
Kyiv,2024-08-26,2024-09-01,Total,1
Lutskyi,2024-08-26,2024-09-01,Electricity supply system,1
Lutskyi,2024-08-26,2024-09-01,Total,1
Nikopolskyi,2024-08-26,2024-09-01,Agricultural facilities,1
Nikopolskyi,2024-08-26,2024-09-01,"Cultural facilities (museum, theater etc.)",1
Nikopolskyi,2024-08-26,2024-09-01,Electricity supply system,3
Nikopolskyi,2024-08-26,2024-09-01,Fuel depot,3
Nikopolskyi,2024-08-26,2024-09-01,Gas supply system,2
Nikopolskyi,2024-08-26,2024-09-01,Government facilities,2
Nikopolskyi,2024-08-26,2024-09-01,Industrial/Business/Enterprise facilities,6
Nikopolskyi,2024-08-26,2024-09-01,Total,19
Nikopolskyi,2024-08-26,2024-09-01,Warehouse,1
Novhorod-Siverskyi,2024-08-26,2024-09-01,Industrial/Business/Enterprise facilities,1
Novhorod-Siverskyi,2024-08-26,2024-09-01,Total,1
Odeskyi,2024-08-26,2024-09-01,Electricity supply system,1
Odeskyi,2024-08-26,2024-09-01,Total,1
Okhtyrskyi,2024-08-26,2024-09-01,Electricity supply system,1
Okhtyrskyi,2024-08-26,2024-09-01,Total,1
Pokrovskyi,2024-08-26,2024-09-01,"Education facility (school, etc.)",1
Pokrovskyi,2024-08-26,2024-09-01,Government facilities,2
Pokrovskyi,2024-08-26,2024-09-01,"Health facility (hospital, health clinic)",1
Pokrovskyi,2024-08-26,2024-09-01,Industrial/Business/Enterprise facilities,2
Pokrovskyi,2024-08-26,2024-09-01,Total,6
Poltavskyi,2024-08-26,2024-09-01,Industrial/Business/Enterprise facilities,1
Poltavskyi,2024-08-26,2024-09-01,Total,1
Shostkynskyi,2024-08-26,2024-09-01,"Education facility (school, etc.)",1
Shostkynskyi,2024-08-26,2024-09-01,Electricity supply system,1
Shostkynskyi,2024-08-26,2024-09-01,Total,2
Sumskyi,2024-08-26,2024-09-01,Agricultural facilities,1
Sumskyi,2024-08-26,2024-09-01,"Education facility (school, etc.)",1
Sumskyi,2024-08-26,2024-09-01,Electricity supply system,1
Sumskyi,2024-08-26,2024-09-01,Government facilities,1
Sumskyi,2024-08-26,2024-09-01,"Health facility (hospital, health clinic)",1
Sumskyi,2024-08-26,2024-09-01,Industrial/Business/Enterprise facilities,2
Sumskyi,2024-08-26,2024-09-01,Total,8
Sumskyi,2024-08-26,2024-09-01,Warehouse,1
Vyshhorodskyi,2024-08-26,2024-09-01,Power plant,1
Vyshhorodskyi,2024-08-26,2024-09-01,Total,1
Zolotoniskyi,2024-08-26,2024-09-01,Electricity supply system,1
Zolotoniskyi,2024-08-26,2024-09-01,Total,1
Bohodukhivskyi,2024-08-19,2024-08-25,Industrial/Business/Enterprise facilities,2
Bohodukhivskyi,2024-08-19,2024-08-25,Total,2
Cherkaskyi,2024-08-19,2024-08-25,Industrial/Business/Enterprise facilities,2
Cherkaskyi,2024-08-19,2024-08-25,Total,2
Kharkivskyi,2024-08-19,2024-08-25,Electricity supply system,1
Kharkivskyi,2024-08-19,2024-08-25,Gas supply system,1
Kharkivskyi,2024-08-19,2024-08-25,Government facilities,1
Kharkivskyi,2024-08-19,2024-08-25,Total,3
Khersonskyi,2024-08-19,2024-08-25,Electricity supply system,1
Khersonskyi,2024-08-19,2024-08-25,Fuel depot,1
Khersonskyi,2024-08-19,2024-08-25,Industrial/Business/Enterprise facilities,2
Khersonskyi,2024-08-19,2024-08-25,Other,1
Khersonskyi,2024-08-19,2024-08-25,Total,5
Kramatorskyi,2024-08-19,2024-08-25,Electricity supply system,3
Kramatorskyi,2024-08-19,2024-08-25,Gas supply system,1
Kramatorskyi,2024-08-19,2024-08-25,Government facilities,4
Kramatorskyi,2024-08-19,2024-08-25,Industrial/Business/Enterprise facilities,5
Kramatorskyi,2024-08-19,2024-08-25,Total,13
Kryvorizkyi,2024-08-19,2024-08-25,Electricity supply system,1
Kryvorizkyi,2024-08-19,2024-08-25,Total,1
Kupianskyi,2024-08-19,2024-08-25,"Education facility (school, etc.)",1
Kupianskyi,2024-08-19,2024-08-25,Government facilities,1
Kupianskyi,2024-08-19,2024-08-25,Total,2
Nikopolskyi,2024-08-19,2024-08-25,Agricultural facilities,1
Nikopolskyi,2024-08-19,2024-08-25,Electricity supply system,5
Nikopolskyi,2024-08-19,2024-08-25,Fuel depot,1
Nikopolskyi,2024-08-19,2024-08-25,Gas supply system,2
Nikopolskyi,2024-08-19,2024-08-25,"Health facility (hospital, health clinic)",1
Nikopolskyi,2024-08-19,2024-08-25,Industrial/Business/Enterprise facilities,3
Nikopolskyi,2024-08-19,2024-08-25,Total,13
Polohivskyi,2024-08-19,2024-08-25,"Cultural facilities (museum, theater etc.)",1
Polohivskyi,2024-08-19,2024-08-25,Total,1
Shostkynskyi,2024-08-19,2024-08-25,Agricultural facilities,1
Shostkynskyi,2024-08-19,2024-08-25,Electricity supply system,1
Shostkynskyi,2024-08-19,2024-08-25,Government facilities,1
Shostkynskyi,2024-08-19,2024-08-25,Industrial/Business/Enterprise facilities,1
Shostkynskyi,2024-08-19,2024-08-25,Total,4
Sumskyi,2024-08-19,2024-08-25,Agricultural facilities,1
Sumskyi,2024-08-19,2024-08-25,"Education facility (school, etc.)",1
Sumskyi,2024-08-19,2024-08-25,Total,2
Ternopilskyi,2024-08-19,2024-08-25,Industrial/Business/Enterprise facilities,1
Ternopilskyi,2024-08-19,2024-08-25,Total,1
Vasylivskyi,2024-08-19,2024-08-25,Electricity supply system,1
Vasylivskyi,2024-08-19,2024-08-25,Total,1
Volnovaskyi,2024-08-19,2024-08-25,Electricity supply system,1
Volnovaskyi,2024-08-19,2024-08-25,Total,1
Zaporizkyi,2024-08-19,2024-08-25,Industrial/Business/Enterprise facilities,1
Zaporizkyi,2024-08-19,2024-08-25,Total,1
Bohodukhivskyi,2024-08-12,2024-08-18,"Cultural facilities (museum, theater etc.)",1
Bohodukhivskyi,2024-08-12,2024-08-18,"Education facility (school, etc.)",2
Bohodukhivskyi,2024-08-12,2024-08-18,Electricity supply system,3
Bohodukhivskyi,2024-08-12,2024-08-18,Gas supply system,1
Bohodukhivskyi,2024-08-12,2024-08-18,Government facilities,1
Bohodukhivskyi,2024-08-12,2024-08-18,Industrial/Business/Enterprise facilities,5
Bohodukhivskyi,2024-08-12,2024-08-18,Total,13
Donetskyi,2024-08-12,2024-08-18,Industrial/Business/Enterprise facilities,1
Donetskyi,2024-08-12,2024-08-18,Total,1
Kerchynskyi,2024-08-12,2024-08-18,Harbor,1
Kerchynskyi,2024-08-12,2024-08-18,Total,1
Khersonskyi,2024-08-12,2024-08-18,"Education facility (school, etc.)",1
Khersonskyi,2024-08-12,2024-08-18,Total,2
Khersonskyi,2024-08-12,2024-08-18,Water supply system,1
Kramatorskyi,2024-08-12,2024-08-18,Electricity supply system,2
Kramatorskyi,2024-08-12,2024-08-18,Gas supply system,1
Kramatorskyi,2024-08-12,2024-08-18,Industrial/Business/Enterprise facilities,1
Kramatorskyi,2024-08-12,2024-08-18,Total,4
Kupianskyi,2024-08-12,2024-08-18,"Education facility (school, etc.)",1
Kupianskyi,2024-08-12,2024-08-18,Government facilities,1
Kupianskyi,2024-08-12,2024-08-18,Other,2
Kupianskyi,2024-08-12,2024-08-18,Total,5
Kupianskyi,2024-08-12,2024-08-18,Warehouse,1
Nikopolskyi,2024-08-12,2024-08-18,Agricultural facilities,2
Nikopolskyi,2024-08-12,2024-08-18,Electricity supply system,3
Nikopolskyi,2024-08-12,2024-08-18,Gas supply system,1
Nikopolskyi,2024-08-12,2024-08-18,Government facilities,2
Nikopolskyi,2024-08-12,2024-08-18,Industrial/Business/Enterprise facilities,5
Nikopolskyi,2024-08-12,2024-08-18,Other,1
Nikopolskyi,2024-08-12,2024-08-18,Total,14
Nizhynskyi,2024-08-12,2024-08-18,Electricity supply system,1
Nizhynskyi,2024-08-12,2024-08-18,Total,1
Odeskyi,2024-08-12,2024-08-18,Harbor,1
Odeskyi,2024-08-12,2024-08-18,Total,1
Pokrovskyi,2024-08-12,2024-08-18,"Cultural facilities (museum, theater etc.)",1
Pokrovskyi,2024-08-12,2024-08-18,Fuel depot,1
Pokrovskyi,2024-08-12,2024-08-18,"Health facility (hospital, health clinic)",1
Pokrovskyi,2024-08-12,2024-08-18,Industrial/Business/Enterprise facilities,1
Pokrovskyi,2024-08-12,2024-08-18,Total,4
Sumskyi,2024-08-12,2024-08-18,Electricity supply system,1
Sumskyi,2024-08-12,2024-08-18,Gas supply system,1
Sumskyi,2024-08-12,2024-08-18,"Health facility (hospital, health clinic)",2
Sumskyi,2024-08-12,2024-08-18,Industrial/Business/Enterprise facilities,3
Sumskyi,2024-08-12,2024-08-18,Road / Highway,1
Sumskyi,2024-08-12,2024-08-18,Total,8
Vasylivskyi,2024-08-12,2024-08-18,Electricity supply system,1
Vasylivskyi,2024-08-12,2024-08-18,Total,1
Beryslavskyi,2024-08-05,2024-08-11,Government facilities,1
Beryslavskyi,2024-08-05,2024-08-11,Total,1
Bohodukhivskyi,2024-08-05,2024-08-11,"Cultural facilities (museum, theater etc.)",1
Bohodukhivskyi,2024-08-05,2024-08-11,Gas supply system,1
Bohodukhivskyi,2024-08-05,2024-08-11,Total,2
Brovarskyi,2024-08-05,2024-08-11,Industrial/Business/Enterprise facilities,1
Brovarskyi,2024-08-05,2024-08-11,Total,1
Kharkivskyi,2024-08-05,2024-08-11,Government facilities,1
Kharkivskyi,2024-08-05,2024-08-11,"Health facility (hospital, health clinic)",1
Kharkivskyi,2024-08-05,2024-08-11,Total,2
Khersonskyi,2024-08-05,2024-08-11,"Education facility (school, etc.)",1
Khersonskyi,2024-08-05,2024-08-11,Other,1
Khersonskyi,2024-08-05,2024-08-11,Total,2
Kramatorskyi,2024-08-05,2024-08-11,"Education facility (school, etc.)",1
Kramatorskyi,2024-08-05,2024-08-11,Gas supply system,1
Kramatorskyi,2024-08-05,2024-08-11,Government facilities,5
Kramatorskyi,2024-08-05,2024-08-11,Industrial/Business/Enterprise facilities,20
Kramatorskyi,2024-08-05,2024-08-11,Total,27
Kupianskyi,2024-08-05,2024-08-11,"Health facility (hospital, health clinic)",1
Kupianskyi,2024-08-05,2024-08-11,Industrial/Business/Enterprise facilities,1
Kupianskyi,2024-08-05,2024-08-11,Total,2
Kyiv,2024-08-05,2024-08-11,Road / Highway,1
Kyiv,2024-08-05,2024-08-11,Total,1
Mykolaivskyi,2024-08-05,2024-08-11,"Health facility (hospital, health clinic)",2
Mykolaivskyi,2024-08-05,2024-08-11,Other,1
Mykolaivskyi,2024-08-05,2024-08-11,Total,3
Nikopolskyi,2024-08-05,2024-08-11,Agricultural facilities,1
Nikopolskyi,2024-08-05,2024-08-11,"Cultural facilities (museum, theater etc.)",1
Nikopolskyi,2024-08-05,2024-08-11,"Education facility (school, etc.)",2
Nikopolskyi,2024-08-05,2024-08-11,Electricity supply system,8
Nikopolskyi,2024-08-05,2024-08-11,Gas supply system,2
Nikopolskyi,2024-08-05,2024-08-11,Government facilities,6
Nikopolskyi,2024-08-05,2024-08-11,"Health facility (hospital, health clinic)",4
Nikopolskyi,2024-08-05,2024-08-11,Industrial/Business/Enterprise facilities,6
Nikopolskyi,2024-08-05,2024-08-11,Other,1
Nikopolskyi,2024-08-05,2024-08-11,Total,32
Nikopolskyi,2024-08-05,2024-08-11,Water supply system,1
Pokrovskyi,2024-08-05,2024-08-11,Electricity supply system,1
Pokrovskyi,2024-08-05,2024-08-11,Government facilities,6
Pokrovskyi,2024-08-05,2024-08-11,Industrial/Business/Enterprise facilities,3
Pokrovskyi,2024-08-05,2024-08-11,Total,10
Simferopolskyi,2024-08-05,2024-08-11,Airport,1
Simferopolskyi,2024-08-05,2024-08-11,Total,1
Sumskyi,2024-08-05,2024-08-11,"Education facility (school, etc.)",1
Sumskyi,2024-08-05,2024-08-11,Total,1
Vasylivskyi,2024-08-05,2024-08-11,Power plant,1
Vasylivskyi,2024-08-05,2024-08-11,Total,1
Bohodukhivskyi,2024-07-29,2024-08-04,"Education facility (school, etc.)",1
Bohodukhivskyi,2024-07-29,2024-08-04,Total,1
Khersonskyi,2024-07-29,2024-08-04,Electricity supply system,1
Khersonskyi,2024-07-29,2024-08-04,Telecommunications,1
Khersonskyi,2024-07-29,2024-08-04,Total,2
Kramatorskyi,2024-07-29,2024-08-04,Electricity supply system,1
Kramatorskyi,2024-07-29,2024-08-04,Government facilities,2
Kramatorskyi,2024-07-29,2024-08-04,Total,3
Nikopolskyi,2024-07-29,2024-08-04,Agricultural facilities,2
Nikopolskyi,2024-07-29,2024-08-04,"Education facility (school, etc.)",2
Nikopolskyi,2024-07-29,2024-08-04,Electricity supply system,7
Nikopolskyi,2024-07-29,2024-08-04,Gas supply system,2
Nikopolskyi,2024-07-29,2024-08-04,Government facilities,2
Nikopolskyi,2024-07-29,2024-08-04,Industrial/Business/Enterprise facilities,7
Nikopolskyi,2024-07-29,2024-08-04,Total,22
Pokrovskyi,2024-07-29,2024-08-04,"Education facility (school, etc.)",3
Pokrovskyi,2024-07-29,2024-08-04,Government facilities,2
Pokrovskyi,2024-07-29,2024-08-04,"Health facility (hospital, health clinic)",3
Pokrovskyi,2024-07-29,2024-08-04,Industrial/Business/Enterprise facilities,9
Pokrovskyi,2024-07-29,2024-08-04,Total,17
Sevastopol,2024-07-29,2024-08-04,Electricity supply system,1
Sevastopol,2024-07-29,2024-08-04,Total,1
Sumskyi,2024-07-29,2024-08-04,"Education facility (school, etc.)",1
Sumskyi,2024-07-29,2024-08-04,Total,1
Volnovaskyi,2024-07-29,2024-08-04,"Cultural facilities (museum, theater etc.)",1
Volnovaskyi,2024-07-29,2024-08-04,Government facilities,2
Volnovaskyi,2024-07-29,2024-08-04,Total,3
Zaporizkyi,2024-07-29,2024-08-04,Gas supply system,1
Zaporizkyi,2024-07-29,2024-08-04,Total,1
Chuhuivskyi,2024-07-22,2024-07-28,"Cultural facilities (museum, theater etc.)",1
Chuhuivskyi,2024-07-22,2024-07-28,Total,1
Iziumskyi,2024-07-22,2024-07-28,Agricultural facilities,1
Iziumskyi,2024-07-22,2024-07-28,Industrial/Business/Enterprise facilities,1
Iziumskyi,2024-07-22,2024-07-28,Total,2
Izmailskyi,2024-07-22,2024-07-28,Government facilities,1
Izmailskyi,2024-07-22,2024-07-28,Harbor,2
Izmailskyi,2024-07-22,2024-07-28,Total,3
Kharkivskyi,2024-07-22,2024-07-28,"Education facility (school, etc.)",1
Kharkivskyi,2024-07-22,2024-07-28,Electricity supply system,1
Kharkivskyi,2024-07-22,2024-07-28,Industrial/Business/Enterprise facilities,3
Kharkivskyi,2024-07-22,2024-07-28,Other,2
Kharkivskyi,2024-07-22,2024-07-28,Total,7
Khersonskyi,2024-07-22,2024-07-28,"Education facility (school, etc.)",1
Khersonskyi,2024-07-22,2024-07-28,Electricity supply system,5
Khersonskyi,2024-07-22,2024-07-28,Total,9
Khersonskyi,2024-07-22,2024-07-28,Water supply system,3
Kramatorskyi,2024-07-22,2024-07-28,"Education facility (school, etc.)",1
Kramatorskyi,2024-07-22,2024-07-28,Gas supply system,2
Kramatorskyi,2024-07-22,2024-07-28,Total,3
Kryvorizkyi,2024-07-22,2024-07-28,Fuel depot,1
Kryvorizkyi,2024-07-22,2024-07-28,Total,1
Kupianskyi,2024-07-22,2024-07-28,Electricity supply system,1
Kupianskyi,2024-07-22,2024-07-28,Industrial/Business/Enterprise facilities,1
Kupianskyi,2024-07-22,2024-07-28,Total,2
Nikopolskyi,2024-07-22,2024-07-28,Agricultural facilities,1
Nikopolskyi,2024-07-22,2024-07-28,"Education facility (school, etc.)",2
Nikopolskyi,2024-07-22,2024-07-28,Electricity supply system,6
Nikopolskyi,2024-07-22,2024-07-28,Gas supply system,3
Nikopolskyi,2024-07-22,2024-07-28,Government facilities,3
Nikopolskyi,2024-07-22,2024-07-28,"Health facility (hospital, health clinic)",1
Nikopolskyi,2024-07-22,2024-07-28,Industrial/Business/Enterprise facilities,8
Nikopolskyi,2024-07-22,2024-07-28,Other,1
Nikopolskyi,2024-07-22,2024-07-28,Total,25
Nizhynskyi,2024-07-22,2024-07-28,Electricity supply system,1
Nizhynskyi,2024-07-22,2024-07-28,Gas supply system,1
Nizhynskyi,2024-07-22,2024-07-28,Other,1
Nizhynskyi,2024-07-22,2024-07-28,Total,3
Pokrovskyi,2024-07-22,2024-07-28,"Education facility (school, etc.)",1
Pokrovskyi,2024-07-22,2024-07-28,Electricity supply system,3
Pokrovskyi,2024-07-22,2024-07-28,"Health facility (hospital, health clinic)",1
Pokrovskyi,2024-07-22,2024-07-28,Industrial/Business/Enterprise facilities,1
Pokrovskyi,2024-07-22,2024-07-28,Total,6
Shostkynskyi,2024-07-22,2024-07-28,"Education facility (school, etc.)",1
Shostkynskyi,2024-07-22,2024-07-28,Industrial/Business/Enterprise facilities,1
Shostkynskyi,2024-07-22,2024-07-28,Total,2
Bohodukhivskyi,2024-07-15,2024-07-21,Electricity supply system,1
Bohodukhivskyi,2024-07-15,2024-07-21,Total,4
Bohodukhivskyi,2024-07-15,2024-07-21,Warehouse,3
Chuhuivskyi,2024-07-15,2024-07-21,Agricultural facilities,1
Chuhuivskyi,2024-07-15,2024-07-21,Government facilities,1
Chuhuivskyi,2024-07-15,2024-07-21,Industrial/Business/Enterprise facilities,2
Chuhuivskyi,2024-07-15,2024-07-21,Total,4
Iziumskyi,2024-07-15,2024-07-21,Industrial/Business/Enterprise facilities,2
Iziumskyi,2024-07-15,2024-07-21,Total,2
Khersonskyi,2024-07-15,2024-07-21,Gas supply system,1
Khersonskyi,2024-07-15,2024-07-21,"Health facility (hospital, health clinic)",1
Khersonskyi,2024-07-15,2024-07-21,Total,2
Konotopskyi,2024-07-15,2024-07-21,Electricity supply system,1
Konotopskyi,2024-07-15,2024-07-21,Total,1
Kramatorskyi,2024-07-15,2024-07-21,Industrial/Business/Enterprise facilities,4
Kramatorskyi,2024-07-15,2024-07-21,Railway,2
Kramatorskyi,2024-07-15,2024-07-21,Total,6
Kupianskyi,2024-07-15,2024-07-21,Bridge,1
Kupianskyi,2024-07-15,2024-07-21,Total,1
Mykolaivskyi,2024-07-15,2024-07-21,Other,1
Mykolaivskyi,2024-07-15,2024-07-21,Total,1
Nikopolskyi,2024-07-15,2024-07-21,Agricultural facilities,2
Nikopolskyi,2024-07-15,2024-07-21,"Education facility (school, etc.)",1
Nikopolskyi,2024-07-15,2024-07-21,Electricity supply system,4
Nikopolskyi,2024-07-15,2024-07-21,Gas supply system,3
Nikopolskyi,2024-07-15,2024-07-21,Industrial/Business/Enterprise facilities,3
Nikopolskyi,2024-07-15,2024-07-21,Other,1
Nikopolskyi,2024-07-15,2024-07-21,Total,14
Pokrovskyi,2024-07-15,2024-07-21,Gas supply system,1
Pokrovskyi,2024-07-15,2024-07-21,Government facilities,3
Pokrovskyi,2024-07-15,2024-07-21,Industrial/Business/Enterprise facilities,1
Pokrovskyi,2024-07-15,2024-07-21,Other,1
Pokrovskyi,2024-07-15,2024-07-21,Total,6
Sumskyi,2024-07-15,2024-07-21,Electricity supply system,1
Sumskyi,2024-07-15,2024-07-21,Industrial/Business/Enterprise facilities,2
Sumskyi,2024-07-15,2024-07-21,Other,1
Sumskyi,2024-07-15,2024-07-21,Total,4
Bakhmutskyi,2024-07-08,2024-07-14,Government facilities,1
Bakhmutskyi,2024-07-08,2024-07-14,Total,1
Dniprovskyi,2024-07-08,2024-07-14,Industrial/Business/Enterprise facilities,1
Dniprovskyi,2024-07-08,2024-07-14,Total,1
Kharkivskyi,2024-07-08,2024-07-14,Government facilities,1
Kharkivskyi,2024-07-08,2024-07-14,Railway,1
Kharkivskyi,2024-07-08,2024-07-14,Total,2
Khersonskyi,2024-07-08,2024-07-14,Agricultural facilities,1
Khersonskyi,2024-07-08,2024-07-14,"Education facility (school, etc.)",1
Khersonskyi,2024-07-08,2024-07-14,"Health facility (hospital, health clinic)",1
Khersonskyi,2024-07-08,2024-07-14,Total,3
Kryvorizkyi,2024-07-08,2024-07-14,Industrial/Business/Enterprise facilities,2
Kryvorizkyi,2024-07-08,2024-07-14,Total,2
Kupianskyi,2024-07-08,2024-07-14,Industrial/Business/Enterprise facilities,1
Kupianskyi,2024-07-08,2024-07-14,Total,2
Kupianskyi,2024-07-08,2024-07-14,Warehouse,1
Kyiv,2024-07-08,2024-07-14,"Health facility (hospital, health clinic)",2
Kyiv,2024-07-08,2024-07-14,Industrial/Business/Enterprise facilities,2
Kyiv,2024-07-08,2024-07-14,Total,4
Mykolaivskyi,2024-07-08,2024-07-14,Electricity supply system,1
Mykolaivskyi,2024-07-08,2024-07-14,Telecommunications,1
Mykolaivskyi,2024-07-08,2024-07-14,Total,2
Nikopolskyi,2024-07-08,2024-07-14,Electricity supply system,1
Nikopolskyi,2024-07-08,2024-07-14,Fuel depot,1
Nikopolskyi,2024-07-08,2024-07-14,Total,2
Odeskyi,2024-07-08,2024-07-14,Total,1
Odeskyi,2024-07-08,2024-07-14,Warehouse,1
Pokrovskyi,2024-07-08,2024-07-14,"Education facility (school, etc.)",1
Pokrovskyi,2024-07-08,2024-07-14,Electricity supply system,1
Pokrovskyi,2024-07-08,2024-07-14,Government facilities,2
Pokrovskyi,2024-07-08,2024-07-14,Industrial/Business/Enterprise facilities,2
Pokrovskyi,2024-07-08,2024-07-14,Total,6
Sumskyi,2024-07-08,2024-07-14,"Education facility (school, etc.)",1
Sumskyi,2024-07-08,2024-07-14,"Health facility (hospital, health clinic)",1
Sumskyi,2024-07-08,2024-07-14,Total,2
Volnovaskyi,2024-07-08,2024-07-14,Electricity supply system,1
Volnovaskyi,2024-07-08,2024-07-14,Industrial/Business/Enterprise facilities,1
Volnovaskyi,2024-07-08,2024-07-14,Total,2
Zaporizkyi,2024-07-08,2024-07-14,Agricultural facilities,1
Zaporizkyi,2024-07-08,2024-07-14,Government facilities,1
Zaporizkyi,2024-07-08,2024-07-14,Industrial/Business/Enterprise facilities,3
Zaporizkyi,2024-07-08,2024-07-14,Total,5
Beryslavskyi,2024-07-01,2024-07-07,"Health facility (hospital, health clinic)",1
Beryslavskyi,2024-07-01,2024-07-07,Total,1
Bohodukhivskyi,2024-07-01,2024-07-07,Government facilities,2
Bohodukhivskyi,2024-07-01,2024-07-07,Industrial/Business/Enterprise facilities,1
Bohodukhivskyi,2024-07-01,2024-07-07,Total,3
Dniprovskyi,2024-07-01,2024-07-07,"Education facility (school, etc.)",8
Dniprovskyi,2024-07-01,2024-07-07,Industrial/Business/Enterprise facilities,1
Dniprovskyi,2024-07-01,2024-07-07,Total,9
Iziumskyi,2024-07-01,2024-07-07,Industrial/Business/Enterprise facilities,1
Iziumskyi,2024-07-01,2024-07-07,Total,1
Kharkivskyi,2024-07-01,2024-07-07,Industrial/Business/Enterprise facilities,1
Kharkivskyi,2024-07-01,2024-07-07,Total,2
Kharkivskyi,2024-07-01,2024-07-07,Warehouse,1
Khersonskyi,2024-07-01,2024-07-07,Agricultural facilities,1
Khersonskyi,2024-07-01,2024-07-07,"Education facility (school, etc.)",4
Khersonskyi,2024-07-01,2024-07-07,Government facilities,1
Khersonskyi,2024-07-01,2024-07-07,"Health facility (hospital, health clinic)",1
Khersonskyi,2024-07-01,2024-07-07,Industrial/Business/Enterprise facilities,1
Khersonskyi,2024-07-01,2024-07-07,Religious facilities,1
Khersonskyi,2024-07-01,2024-07-07,Total,10
Khersonskyi,2024-07-01,2024-07-07,Water supply system,1
Koriukivskyi,2024-07-01,2024-07-07,Government facilities,2
Koriukivskyi,2024-07-01,2024-07-07,Total,2
Kupianskyi,2024-07-01,2024-07-07,"Education facility (school, etc.)",1
Kupianskyi,2024-07-01,2024-07-07,Industrial/Business/Enterprise facilities,1
Kupianskyi,2024-07-01,2024-07-07,Total,2
Melitopolskyi,2024-07-01,2024-07-07,Airport,1
Melitopolskyi,2024-07-01,2024-07-07,Total,1
Myrhorodskyi,2024-07-01,2024-07-07,Airport,1
Myrhorodskyi,2024-07-01,2024-07-07,Total,1
Nikopolskyi,2024-07-01,2024-07-07,Agricultural facilities,1
Nikopolskyi,2024-07-01,2024-07-07,"Cultural facilities (museum, theater etc.)",1
Nikopolskyi,2024-07-01,2024-07-07,"Education facility (school, etc.)",4
Nikopolskyi,2024-07-01,2024-07-07,Electricity supply system,5
Nikopolskyi,2024-07-01,2024-07-07,Gas supply system,3
Nikopolskyi,2024-07-01,2024-07-07,Government facilities,2
Nikopolskyi,2024-07-01,2024-07-07,"Health facility (hospital, health clinic)",2
Nikopolskyi,2024-07-01,2024-07-07,Industrial/Business/Enterprise facilities,8
Nikopolskyi,2024-07-01,2024-07-07,Other,2
Nikopolskyi,2024-07-01,2024-07-07,Total,28
Pokrovskyi,2024-07-01,2024-07-07,Government facilities,9
Pokrovskyi,2024-07-01,2024-07-07,Industrial/Business/Enterprise facilities,10
Pokrovskyi,2024-07-01,2024-07-07,Total,19
Poltavskyi,2024-07-01,2024-07-07,"Education facility (school, etc.)",2
Poltavskyi,2024-07-01,2024-07-07,Total,2
Volnovaskyi,2024-07-01,2024-07-07,Agricultural facilities,1
Volnovaskyi,2024-07-01,2024-07-07,Total,1
Zaporizkyi,2024-07-01,2024-07-07,Power plant,1
Zaporizkyi,2024-07-01,2024-07-07,Total,1
Beryslavskyi,2024-06-24,2024-06-30,"Cultural facilities (museum, theater etc.)",1
Beryslavskyi,2024-06-24,2024-06-30,Other,1
Beryslavskyi,2024-06-24,2024-06-30,Total,2
Bohodukhivskyi,2024-06-24,2024-06-30,"Education facility (school, etc.)",1
Bohodukhivskyi,2024-06-24,2024-06-30,Electricity supply system,1
Bohodukhivskyi,2024-06-24,2024-06-30,Total,2
Chernihivskyi,2024-06-24,2024-06-30,Government facilities,1
Chernihivskyi,2024-06-24,2024-06-30,Industrial/Business/Enterprise facilities,2
Chernihivskyi,2024-06-24,2024-06-30,Total,3
Chuhuivskyi,2024-06-24,2024-06-30,Industrial/Business/Enterprise facilities,1
Chuhuivskyi,2024-06-24,2024-06-30,Total,2
Chuhuivskyi,2024-06-24,2024-06-30,Warehouse,1
Iziumskyi,2024-06-24,2024-06-30,"Education facility (school, etc.)",1
Iziumskyi,2024-06-24,2024-06-30,"Health facility (hospital, health clinic)",2
Iziumskyi,2024-06-24,2024-06-30,Industrial/Business/Enterprise facilities,1
Iziumskyi,2024-06-24,2024-06-30,Total,4
Kharkivskyi,2024-06-24,2024-06-30,"Education facility (school, etc.)",2
Kharkivskyi,2024-06-24,2024-06-30,Government facilities,1
Kharkivskyi,2024-06-24,2024-06-30,"Health facility (hospital, health clinic)",1
Kharkivskyi,2024-06-24,2024-06-30,Industrial/Business/Enterprise facilities,3
Kharkivskyi,2024-06-24,2024-06-30,Other,1
Kharkivskyi,2024-06-24,2024-06-30,Total,11
Kharkivskyi,2024-06-24,2024-06-30,Warehouse,3
Khersonskyi,2024-06-24,2024-06-30,Government facilities,1
Khersonskyi,2024-06-24,2024-06-30,Total,1
Kramatorskyi,2024-06-24,2024-06-30,Industrial/Business/Enterprise facilities,2
Kramatorskyi,2024-06-24,2024-06-30,Total,2
Kupianskyi,2024-06-24,2024-06-30,Industrial/Business/Enterprise facilities,1
Kupianskyi,2024-06-24,2024-06-30,Total,1
Kyiv,2024-06-24,2024-06-30,Government facilities,2
Kyiv,2024-06-24,2024-06-30,Total,3
Kyiv,2024-06-24,2024-06-30,Warehouse,1
Nikopolskyi,2024-06-24,2024-06-30,Agricultural facilities,2
Nikopolskyi,2024-06-24,2024-06-30,"Education facility (school, etc.)",2
Nikopolskyi,2024-06-24,2024-06-30,Electricity supply system,3
Nikopolskyi,2024-06-24,2024-06-30,Gas supply system,2
Nikopolskyi,2024-06-24,2024-06-30,Government facilities,1
Nikopolskyi,2024-06-24,2024-06-30,Other,1
Nikopolskyi,2024-06-24,2024-06-30,Religious facilities,1
Nikopolskyi,2024-06-24,2024-06-30,Total,12
Odeskyi,2024-06-24,2024-06-30,Government facilities,1
Odeskyi,2024-06-24,2024-06-30,Industrial/Business/Enterprise facilities,1
Odeskyi,2024-06-24,2024-06-30,Total,3
Odeskyi,2024-06-24,2024-06-30,Warehouse,1
Pokrovskyi,2024-06-24,2024-06-30,Government facilities,1
Pokrovskyi,2024-06-24,2024-06-30,Railway,1
Pokrovskyi,2024-06-24,2024-06-30,Total,2
Zaporizkyi,2024-06-24,2024-06-30,Industrial/Business/Enterprise facilities,12
Zaporizkyi,2024-06-24,2024-06-30,Total,12
Chuhuivskyi,2024-06-17,2024-06-23,"Cultural facilities (museum, theater etc.)",1
Chuhuivskyi,2024-06-17,2024-06-23,"Education facility (school, etc.)",1
Chuhuivskyi,2024-06-17,2024-06-23,Government facilities,1
Chuhuivskyi,2024-06-17,2024-06-23,Industrial/Business/Enterprise facilities,3
Chuhuivskyi,2024-06-17,2024-06-23,Total,6
Donetskyi,2024-06-17,2024-06-23,Industrial/Business/Enterprise facilities,1
Donetskyi,2024-06-17,2024-06-23,Total,2
Donetskyi,2024-06-17,2024-06-23,Warehouse,1
Ivano-Frankivskyi,2024-06-17,2024-06-23,"Education facility (school, etc.)",3
Ivano-Frankivskyi,2024-06-17,2024-06-23,Total,3
Iziumskyi,2024-06-17,2024-06-23,"Education facility (school, etc.)",1
Iziumskyi,2024-06-17,2024-06-23,Industrial/Business/Enterprise facilities,4
Iziumskyi,2024-06-17,2024-06-23,Total,5
Kharkivskyi,2024-06-17,2024-06-23,"Cultural facilities (museum, theater etc.)",1
Kharkivskyi,2024-06-17,2024-06-23,"Education facility (school, etc.)",1
Kharkivskyi,2024-06-17,2024-06-23,Electricity supply system,1
Kharkivskyi,2024-06-17,2024-06-23,Government facilities,1
Kharkivskyi,2024-06-17,2024-06-23,Other,1
Kharkivskyi,2024-06-17,2024-06-23,Total,5
Khersonskyi,2024-06-17,2024-06-23,Gas supply system,1
Khersonskyi,2024-06-17,2024-06-23,Government facilities,2
Khersonskyi,2024-06-17,2024-06-23,"Health facility (hospital, health clinic)",1
Khersonskyi,2024-06-17,2024-06-23,Other,1
Khersonskyi,2024-06-17,2024-06-23,Total,5
Kryvorizkyi,2024-06-17,2024-06-23,"Education facility (school, etc.)",1
Kryvorizkyi,2024-06-17,2024-06-23,Total,2
Kryvorizkyi,2024-06-17,2024-06-23,Warehouse,1
Nikopolskyi,2024-06-17,2024-06-23,Agricultural facilities,2
Nikopolskyi,2024-06-17,2024-06-23,Electricity supply system,10
Nikopolskyi,2024-06-17,2024-06-23,Gas supply system,4
Nikopolskyi,2024-06-17,2024-06-23,Government facilities,1
Nikopolskyi,2024-06-17,2024-06-23,Industrial/Business/Enterprise facilities,5
Nikopolskyi,2024-06-17,2024-06-23,Total,22
Pokrovskyi,2024-06-17,2024-06-23,Government facilities,1
Pokrovskyi,2024-06-17,2024-06-23,Total,1
Poltavskyi,2024-06-17,2024-06-23,"Education facility (school, etc.)",1
Poltavskyi,2024-06-17,2024-06-23,Electricity supply system,2
Poltavskyi,2024-06-17,2024-06-23,Total,3
Bohodukhivskyi,2024-06-10,2024-06-16,Industrial/Business/Enterprise facilities,1
Bohodukhivskyi,2024-06-10,2024-06-16,Total,1
Chuhuivskyi,2024-06-10,2024-06-16,Industrial/Business/Enterprise facilities,1
Chuhuivskyi,2024-06-10,2024-06-16,Total,1
Donetskyi,2024-06-10,2024-06-16,"Health facility (hospital, health clinic)",1
Donetskyi,2024-06-10,2024-06-16,Total,1
Kakhovskyi,2024-06-10,2024-06-16,Government facilities,1
Kakhovskyi,2024-06-10,2024-06-16,Total,1
Kharkivskyi,2024-06-10,2024-06-16,Agricultural facilities,1
Kharkivskyi,2024-06-10,2024-06-16,"Cultural facilities (museum, theater etc.)",1
Kharkivskyi,2024-06-10,2024-06-16,Government facilities,1
Kharkivskyi,2024-06-10,2024-06-16,Total,3
Khersonskyi,2024-06-10,2024-06-16,"Health facility (hospital, health clinic)",1
Khersonskyi,2024-06-10,2024-06-16,Total,1
Kupianskyi,2024-06-10,2024-06-16,Industrial/Business/Enterprise facilities,1
Kupianskyi,2024-06-10,2024-06-16,Total,1
Mykolaivskyi,2024-06-10,2024-06-16,Electricity supply system,1
Mykolaivskyi,2024-06-10,2024-06-16,Total,1
Nikopolskyi,2024-06-10,2024-06-16,Agricultural facilities,2
Nikopolskyi,2024-06-10,2024-06-16,Electricity supply system,4
Nikopolskyi,2024-06-10,2024-06-16,Gas supply system,2
Nikopolskyi,2024-06-10,2024-06-16,Government facilities,2
Nikopolskyi,2024-06-10,2024-06-16,"Health facility (hospital, health clinic)",1
Nikopolskyi,2024-06-10,2024-06-16,Industrial/Business/Enterprise facilities,5
Nikopolskyi,2024-06-10,2024-06-16,Total,16
Novomoskovskyi,2024-06-10,2024-06-16,"Education facility (school, etc.)",5
Novomoskovskyi,2024-06-10,2024-06-16,Gas supply system,1
Novomoskovskyi,2024-06-10,2024-06-16,Total,6
Sumskyi,2024-06-10,2024-06-16,Electricity supply system,1
Sumskyi,2024-06-10,2024-06-16,Gas supply system,1
Sumskyi,2024-06-10,2024-06-16,Heating and water facility,1
Sumskyi,2024-06-10,2024-06-16,Total,3
Beryslavskyi,2024-06-03,2024-06-09,Other,1
Beryslavskyi,2024-06-03,2024-06-09,Total,1
Bohodukhivskyi,2024-06-03,2024-06-09,Industrial/Business/Enterprise facilities,1
Bohodukhivskyi,2024-06-03,2024-06-09,Total,1
Chuhuivskyi,2024-06-03,2024-06-09,Agricultural facilities,1
Chuhuivskyi,2024-06-03,2024-06-09,"Cultural facilities (museum, theater etc.)",2
Chuhuivskyi,2024-06-03,2024-06-09,Total,3
Khersonskyi,2024-06-03,2024-06-09,"Cultural facilities (museum, theater etc.)",1
Khersonskyi,2024-06-03,2024-06-09,"Education facility (school, etc.)",1
Khersonskyi,2024-06-03,2024-06-09,Electricity supply system,1
Khersonskyi,2024-06-03,2024-06-09,Industrial/Business/Enterprise facilities,6
Khersonskyi,2024-06-03,2024-06-09,Other,1
Khersonskyi,2024-06-03,2024-06-09,Total,10
Kryvorizkyi,2024-06-03,2024-06-09,Fuel depot,1
Kryvorizkyi,2024-06-03,2024-06-09,Total,1
Kupianskyi,2024-06-03,2024-06-09,Agricultural facilities,1
Kupianskyi,2024-06-03,2024-06-09,Total,1
Nikopolskyi,2024-06-03,2024-06-09,Agricultural facilities,3
Nikopolskyi,2024-06-03,2024-06-09,"Cultural facilities (museum, theater etc.)",1
Nikopolskyi,2024-06-03,2024-06-09,Electricity supply system,7
Nikopolskyi,2024-06-03,2024-06-09,Gas supply system,2
Nikopolskyi,2024-06-03,2024-06-09,Government facilities,4
Nikopolskyi,2024-06-03,2024-06-09,Industrial/Business/Enterprise facilities,4
Nikopolskyi,2024-06-03,2024-06-09,Religious facilities,2
Nikopolskyi,2024-06-03,2024-06-09,Total,23
Pokrovskyi,2024-06-03,2024-06-09,"Health facility (hospital, health clinic)",1
Pokrovskyi,2024-06-03,2024-06-09,Industrial/Business/Enterprise facilities,5
Pokrovskyi,2024-06-03,2024-06-09,Total,6
Sumskyi,2024-06-03,2024-06-09,Gas supply system,1
Sumskyi,2024-06-03,2024-06-09,Total,1
Bakhmutskyi,2024-05-27,2024-06-02,Government facilities,2
Bakhmutskyi,2024-05-27,2024-06-02,Heating and water facility,1
Bakhmutskyi,2024-05-27,2024-06-02,Industrial/Business/Enterprise facilities,1
Bakhmutskyi,2024-05-27,2024-06-02,Total,4
Bashtanskyi,2024-05-27,2024-06-02,Industrial/Business/Enterprise facilities,4
Bashtanskyi,2024-05-27,2024-06-02,Total,4
Bohodukhivskyi,2024-05-27,2024-06-02,Electricity supply system,1
Bohodukhivskyi,2024-05-27,2024-06-02,Total,1
Iziumskyi,2024-05-27,2024-06-02,"Education facility (school, etc.)",1
Iziumskyi,2024-05-27,2024-06-02,Total,1
Kharkivskyi,2024-05-27,2024-06-02,"Cultural facilities (museum, theater etc.)",2
Kharkivskyi,2024-05-27,2024-06-02,"Education facility (school, etc.)",1
Kharkivskyi,2024-05-27,2024-06-02,"Health facility (hospital, health clinic)",1
Kharkivskyi,2024-05-27,2024-06-02,Industrial/Business/Enterprise facilities,5
Kharkivskyi,2024-05-27,2024-06-02,Road / Highway,1
Kharkivskyi,2024-05-27,2024-06-02,Total,10
Khersonskyi,2024-05-27,2024-06-02,"Health facility (hospital, health clinic)",2
Khersonskyi,2024-05-27,2024-06-02,Total,2
Kramatorskyi,2024-05-27,2024-06-02,Gas supply system,1
Kramatorskyi,2024-05-27,2024-06-02,Government facilities,4
Kramatorskyi,2024-05-27,2024-06-02,"Health facility (hospital, health clinic)",1
Kramatorskyi,2024-05-27,2024-06-02,Industrial/Business/Enterprise facilities,4
Kramatorskyi,2024-05-27,2024-06-02,Religious facilities,2
Kramatorskyi,2024-05-27,2024-06-02,Road / Highway,1
Kramatorskyi,2024-05-27,2024-06-02,Total,13
Kyiv,2024-05-27,2024-06-02,Electricity supply system,1
Kyiv,2024-05-27,2024-06-02,Industrial/Business/Enterprise facilities,2
Kyiv,2024-05-27,2024-06-02,Total,4
Kyiv,2024-05-27,2024-06-02,Warehouse,1
Nikopolskyi,2024-05-27,2024-06-02,"Cultural facilities (museum, theater etc.)",1
Nikopolskyi,2024-05-27,2024-06-02,Electricity supply system,4
Nikopolskyi,2024-05-27,2024-06-02,Gas supply system,1
Nikopolskyi,2024-05-27,2024-06-02,"Health facility (hospital, health clinic)",1
Nikopolskyi,2024-05-27,2024-06-02,Industrial/Business/Enterprise facilities,6
Nikopolskyi,2024-05-27,2024-06-02,Total,13
Odeskyi,2024-05-27,2024-06-02,Other,1
Odeskyi,2024-05-27,2024-06-02,Total,1
Pokrovskyi,2024-05-27,2024-06-02,"Education facility (school, etc.)",1
Pokrovskyi,2024-05-27,2024-06-02,Government facilities,1
Pokrovskyi,2024-05-27,2024-06-02,Total,2
Rivnenskyi,2024-05-27,2024-06-02,Electricity supply system,1
Rivnenskyi,2024-05-27,2024-06-02,Total,1
Sumskyi,2024-05-27,2024-06-02,"Cultural facilities (museum, theater etc.)",1
Sumskyi,2024-05-27,2024-06-02,Government facilities,1
Sumskyi,2024-05-27,2024-06-02,Total,2
Bakhmutskyi,2024-05-20,2024-05-26,Government facilities,1
Bakhmutskyi,2024-05-20,2024-05-26,Industrial/Business/Enterprise facilities,1
Bakhmutskyi,2024-05-20,2024-05-26,Total,2
Bohodukhivskyi,2024-05-20,2024-05-26,Industrial/Business/Enterprise facilities,1
Bohodukhivskyi,2024-05-20,2024-05-26,Total,1
Chuhuivskyi,2024-05-20,2024-05-26,"Education facility (school, etc.)",2
Chuhuivskyi,2024-05-20,2024-05-26,Total,2
Iziumskyi,2024-05-20,2024-05-26,"Cultural facilities (museum, theater etc.)",1
Iziumskyi,2024-05-20,2024-05-26,Total,1
Kharkivskyi,2024-05-20,2024-05-26,"Education facility (school, etc.)",2
Kharkivskyi,2024-05-20,2024-05-26,Fuel depot,1
Kharkivskyi,2024-05-20,2024-05-26,Industrial/Business/Enterprise facilities,7
Kharkivskyi,2024-05-20,2024-05-26,Other,3
Kharkivskyi,2024-05-20,2024-05-26,Total,13
Khersonskyi,2024-05-20,2024-05-26,Industrial/Business/Enterprise facilities,1
Khersonskyi,2024-05-20,2024-05-26,Total,1
Konotopskyi,2024-05-20,2024-05-26,Electricity supply system,1
Konotopskyi,2024-05-20,2024-05-26,Government facilities,1
Konotopskyi,2024-05-20,2024-05-26,Total,3
Konotopskyi,2024-05-20,2024-05-26,Warehouse,1
Kramatorskyi,2024-05-20,2024-05-26,Gas supply system,2
Kramatorskyi,2024-05-20,2024-05-26,Total,2
Kupianskyi,2024-05-20,2024-05-26,"Education facility (school, etc.)",1
Kupianskyi,2024-05-20,2024-05-26,Total,1
Nikopolskyi,2024-05-20,2024-05-26,Agricultural facilities,3
Nikopolskyi,2024-05-20,2024-05-26,Electricity supply system,4
Nikopolskyi,2024-05-20,2024-05-26,Gas supply system,1
Nikopolskyi,2024-05-20,2024-05-26,Government facilities,1
Nikopolskyi,2024-05-20,2024-05-26,"Health facility (hospital, health clinic)",1
Nikopolskyi,2024-05-20,2024-05-26,Industrial/Business/Enterprise facilities,2
Nikopolskyi,2024-05-20,2024-05-26,Total,12
Pokrovskyi,2024-05-20,2024-05-26,Gas supply system,3
Pokrovskyi,2024-05-20,2024-05-26,Industrial/Business/Enterprise facilities,1
Pokrovskyi,2024-05-20,2024-05-26,Total,4
Shostkynskyi,2024-05-20,2024-05-26,Electricity supply system,1
Shostkynskyi,2024-05-20,2024-05-26,Government facilities,1
Shostkynskyi,2024-05-20,2024-05-26,Total,3
Shostkynskyi,2024-05-20,2024-05-26,Warehouse,1
Zaporizkyi,2024-05-20,2024-05-26,Airport,1
Zaporizkyi,2024-05-20,2024-05-26,Total,1
Beryslavskyi,2024-05-13,2024-05-19,Industrial/Business/Enterprise facilities,1
Beryslavskyi,2024-05-13,2024-05-19,Total,1
Bohodukhivskyi,2024-05-13,2024-05-19,Industrial/Business/Enterprise facilities,1
Bohodukhivskyi,2024-05-13,2024-05-19,Total,1
Iziumskyi,2024-05-13,2024-05-19,"Education facility (school, etc.)",1
Iziumskyi,2024-05-13,2024-05-19,Total,1
Kharkivskyi,2024-05-13,2024-05-19,"Cultural facilities (museum, theater etc.)",2
Kharkivskyi,2024-05-13,2024-05-19,"Education facility (school, etc.)",2
Kharkivskyi,2024-05-13,2024-05-19,Electricity supply system,1
Kharkivskyi,2024-05-13,2024-05-19,Fuel depot,1
Kharkivskyi,2024-05-13,2024-05-19,Government facilities,1
Kharkivskyi,2024-05-13,2024-05-19,"Health facility (hospital, health clinic)",1
Kharkivskyi,2024-05-13,2024-05-19,Industrial/Business/Enterprise facilities,2
Kharkivskyi,2024-05-13,2024-05-19,Other,2
Kharkivskyi,2024-05-13,2024-05-19,Total,12
Khersonskyi,2024-05-13,2024-05-19,"Education facility (school, etc.)",3
Khersonskyi,2024-05-13,2024-05-19,"Health facility (hospital, health clinic)",1
Khersonskyi,2024-05-13,2024-05-19,Total,4
Kramatorskyi,2024-05-13,2024-05-19,Government facilities,1
Kramatorskyi,2024-05-13,2024-05-19,Total,1
Kryvorizkyi,2024-05-13,2024-05-19,Electricity supply system,1
Kryvorizkyi,2024-05-13,2024-05-19,Total,1
Kupianskyi,2024-05-13,2024-05-19,"Education facility (school, etc.)",1
Kupianskyi,2024-05-13,2024-05-19,Electricity supply system,1
Kupianskyi,2024-05-13,2024-05-19,Gas supply system,1
Kupianskyi,2024-05-13,2024-05-19,"Health facility (hospital, health clinic)",1
Kupianskyi,2024-05-13,2024-05-19,Total,4
Nikopolskyi,2024-05-13,2024-05-19,Agricultural facilities,2
Nikopolskyi,2024-05-13,2024-05-19,"Education facility (school, etc.)",1
Nikopolskyi,2024-05-13,2024-05-19,Electricity supply system,8
Nikopolskyi,2024-05-13,2024-05-19,Gas supply system,2
Nikopolskyi,2024-05-13,2024-05-19,Industrial/Business/Enterprise facilities,5
Nikopolskyi,2024-05-13,2024-05-19,Total,18
Novhorod-Siverskyi,2024-05-13,2024-05-19,"Education facility (school, etc.)",1
Novhorod-Siverskyi,2024-05-13,2024-05-19,Gas supply system,1
Novhorod-Siverskyi,2024-05-13,2024-05-19,Government facilities,1
Novhorod-Siverskyi,2024-05-13,2024-05-19,Total,3
Pokrovskyi,2024-05-13,2024-05-19,"Education facility (school, etc.)",2
Pokrovskyi,2024-05-13,2024-05-19,Industrial/Business/Enterprise facilities,2
Pokrovskyi,2024-05-13,2024-05-19,Total,4
Sevastopol,2024-05-13,2024-05-19,Electricity supply system,1
Sevastopol,2024-05-13,2024-05-19,Total,1
Bohodukhivskyi,2024-05-06,2024-05-12,"Cultural facilities (museum, theater etc.)",3
Bohodukhivskyi,2024-05-06,2024-05-12,Government facilities,3
Bohodukhivskyi,2024-05-06,2024-05-12,Heating and water facility,1
Bohodukhivskyi,2024-05-06,2024-05-12,Total,7
Chuhuivskyi,2024-05-06,2024-05-12,Industrial/Business/Enterprise facilities,1
Chuhuivskyi,2024-05-06,2024-05-12,Total,2
Chuhuivskyi,2024-05-06,2024-05-12,Warehouse,1
Donetskyi,2024-05-06,2024-05-12,Industrial/Business/Enterprise facilities,1
Donetskyi,2024-05-06,2024-05-12,Total,1
Kharkivskyi,2024-05-06,2024-05-12,"Education facility (school, etc.)",1
Kharkivskyi,2024-05-06,2024-05-12,Fuel depot,1
Kharkivskyi,2024-05-06,2024-05-12,Industrial/Business/Enterprise facilities,33
Kharkivskyi,2024-05-06,2024-05-12,Total,35
Khersonskyi,2024-05-06,2024-05-12,Electricity supply system,1
Khersonskyi,2024-05-06,2024-05-12,Gas supply system,2
Khersonskyi,2024-05-06,2024-05-12,Railway,2
Khersonskyi,2024-05-06,2024-05-12,Total,5
Kramatorskyi,2024-05-06,2024-05-12,Agricultural facilities,1
Kramatorskyi,2024-05-06,2024-05-12,Total,1
Kupianskyi,2024-05-06,2024-05-12,Industrial/Business/Enterprise facilities,1
Kupianskyi,2024-05-06,2024-05-12,Total,1
Mykolaivskyi,2024-05-06,2024-05-12,"Cultural facilities (museum, theater etc.)",1
Mykolaivskyi,2024-05-06,2024-05-12,Total,1
Nikopolskyi,2024-05-06,2024-05-12,Agricultural facilities,3
Nikopolskyi,2024-05-06,2024-05-12,"Education facility (school, etc.)",1
Nikopolskyi,2024-05-06,2024-05-12,Electricity supply system,6
Nikopolskyi,2024-05-06,2024-05-12,Gas supply system,5
Nikopolskyi,2024-05-06,2024-05-12,Government facilities,2
Nikopolskyi,2024-05-06,2024-05-12,Industrial/Business/Enterprise facilities,9
Nikopolskyi,2024-05-06,2024-05-12,Other,1
Nikopolskyi,2024-05-06,2024-05-12,Total,27
Okhtyrskyi,2024-05-06,2024-05-12,"Cultural facilities (museum, theater etc.)",1
Okhtyrskyi,2024-05-06,2024-05-12,Total,1
Rovenkivskyi,2024-05-06,2024-05-12,Oil depot,1
Rovenkivskyi,2024-05-06,2024-05-12,Total,1
Shostkynskyi,2024-05-06,2024-05-12,Electricity supply system,1
Shostkynskyi,2024-05-06,2024-05-12,Total,1
Sumskyi,2024-05-06,2024-05-12,Government facilities,1
Sumskyi,2024-05-06,2024-05-12,Industrial/Business/Enterprise facilities,1
Sumskyi,2024-05-06,2024-05-12,Telecommunications,1
Sumskyi,2024-05-06,2024-05-12,Total,3
Zaporizkyi,2024-05-06,2024-05-12,"Education facility (school, etc.)",3
Zaporizkyi,2024-05-06,2024-05-12,Government facilities,1
Zaporizkyi,2024-05-06,2024-05-12,"Health facility (hospital, health clinic)",1
Zaporizkyi,2024-05-06,2024-05-12,Industrial/Business/Enterprise facilities,1
Zaporizkyi,2024-05-06,2024-05-12,Other,2
Zaporizkyi,2024-05-06,2024-05-12,Total,8
Bakhmutskyi,2024-04-29,2024-05-05,Government facilities,1
Bakhmutskyi,2024-04-29,2024-05-05,Industrial/Business/Enterprise facilities,1
Bakhmutskyi,2024-04-29,2024-05-05,Total,2
Beryslavskyi,2024-04-29,2024-05-05,Telecommunications,1
Beryslavskyi,2024-04-29,2024-05-05,Total,1
Chuhuivskyi,2024-04-29,2024-05-05,Agricultural facilities,1
Chuhuivskyi,2024-04-29,2024-05-05,Industrial/Business/Enterprise facilities,3
Chuhuivskyi,2024-04-29,2024-05-05,Total,4
Dniprovskyi,2024-04-29,2024-05-05,Industrial/Business/Enterprise facilities,1
Dniprovskyi,2024-04-29,2024-05-05,Total,1
Kharkivskyi,2024-04-29,2024-05-05,Government facilities,1
Kharkivskyi,2024-04-29,2024-05-05,"Health facility (hospital, health clinic)",3
Kharkivskyi,2024-04-29,2024-05-05,Industrial/Business/Enterprise facilities,7
Kharkivskyi,2024-04-29,2024-05-05,Railway,1
Kharkivskyi,2024-04-29,2024-05-05,Total,13
Kharkivskyi,2024-04-29,2024-05-05,Warehouse,1
Khersonskyi,2024-04-29,2024-05-05,"Education facility (school, etc.)",1
Khersonskyi,2024-04-29,2024-05-05,Industrial/Business/Enterprise facilities,1
Khersonskyi,2024-04-29,2024-05-05,Total,2
Kramatorskyi,2024-04-29,2024-05-05,Industrial/Business/Enterprise facilities,1
Kramatorskyi,2024-04-29,2024-05-05,Power plant,1
Kramatorskyi,2024-04-29,2024-05-05,Telecommunications,1
Kramatorskyi,2024-04-29,2024-05-05,Total,3
Kupianskyi,2024-04-29,2024-05-05,Other,1
Kupianskyi,2024-04-29,2024-05-05,Total,1
Mykolaivskyi,2024-04-29,2024-05-05,Industrial/Business/Enterprise facilities,1
Mykolaivskyi,2024-04-29,2024-05-05,Total,1
Nikopolskyi,2024-04-29,2024-05-05,Agricultural facilities,2
Nikopolskyi,2024-04-29,2024-05-05,"Cultural facilities (museum, theater etc.)",1
Nikopolskyi,2024-04-29,2024-05-05,"Education facility (school, etc.)",5
Nikopolskyi,2024-04-29,2024-05-05,Electricity supply system,5
Nikopolskyi,2024-04-29,2024-05-05,Fuel depot,1
Nikopolskyi,2024-04-29,2024-05-05,Government facilities,4
Nikopolskyi,2024-04-29,2024-05-05,Industrial/Business/Enterprise facilities,4
Nikopolskyi,2024-04-29,2024-05-05,Road / Highway,1
Nikopolskyi,2024-04-29,2024-05-05,Total,23
Novhorod-Siverskyi,2024-04-29,2024-05-05,Agricultural facilities,1
Novhorod-Siverskyi,2024-04-29,2024-05-05,Total,1
Odeskyi,2024-04-29,2024-05-05,"Education facility (school, etc.)",1
Odeskyi,2024-04-29,2024-05-05,Government facilities,1
Odeskyi,2024-04-29,2024-05-05,Industrial/Business/Enterprise facilities,1
Odeskyi,2024-04-29,2024-05-05,Total,3
Pokrovskyi,2024-04-29,2024-05-05,Government facilities,4
Pokrovskyi,2024-04-29,2024-05-05,Other,1
Pokrovskyi,2024-04-29,2024-05-05,Total,5
Shostkynskyi,2024-04-29,2024-05-05,"Education facility (school, etc.)",1
Shostkynskyi,2024-04-29,2024-05-05,Total,1
Beryslavskyi,2024-04-22,2024-04-28,"Education facility (school, etc.)",1
Beryslavskyi,2024-04-22,2024-04-28,Total,1
Chuhuivskyi,2024-04-22,2024-04-28,"Education facility (school, etc.)",2
Chuhuivskyi,2024-04-22,2024-04-28,Government facilities,1
Chuhuivskyi,2024-04-22,2024-04-28,"Health facility (hospital, health clinic)",1
Chuhuivskyi,2024-04-22,2024-04-28,Industrial/Business/Enterprise facilities,3
Chuhuivskyi,2024-04-22,2024-04-28,Total,7
Dniprovskyi,2024-04-22,2024-04-28,Electricity supply system,2
Dniprovskyi,2024-04-22,2024-04-28,Gas supply system,1
Dniprovskyi,2024-04-22,2024-04-28,Government facilities,1
Dniprovskyi,2024-04-22,2024-04-28,Industrial/Business/Enterprise facilities,1
Dniprovskyi,2024-04-22,2024-04-28,Total,5
Kharkivskyi,2024-04-22,2024-04-28,Electricity supply system,1
Kharkivskyi,2024-04-22,2024-04-28,"Health facility (hospital, health clinic)",1
Kharkivskyi,2024-04-22,2024-04-28,Total,2
Khersonskyi,2024-04-22,2024-04-28,Agricultural facilities,1
Khersonskyi,2024-04-22,2024-04-28,"Education facility (school, etc.)",4
Khersonskyi,2024-04-22,2024-04-28,Industrial/Business/Enterprise facilities,1
Khersonskyi,2024-04-22,2024-04-28,Total,6
Kramatorskyi,2024-04-22,2024-04-28,Electricity supply system,1
Kramatorskyi,2024-04-22,2024-04-28,Total,1
Kryvorizkyi,2024-04-22,2024-04-28,Electricity supply system,1
Kryvorizkyi,2024-04-22,2024-04-28,Total,1
Kupianskyi,2024-04-22,2024-04-28,Industrial/Business/Enterprise facilities,2
Kupianskyi,2024-04-22,2024-04-28,Total,2
Mykolaivskyi,2024-04-22,2024-04-28,Heating and water facility,1
Mykolaivskyi,2024-04-22,2024-04-28,Industrial/Business/Enterprise facilities,3
Mykolaivskyi,2024-04-22,2024-04-28,Total,4
Nikopolskyi,2024-04-22,2024-04-28,"Education facility (school, etc.)",1
Nikopolskyi,2024-04-22,2024-04-28,Electricity supply system,3
Nikopolskyi,2024-04-22,2024-04-28,Gas supply system,1
Nikopolskyi,2024-04-22,2024-04-28,Total,5
Odeskyi,2024-04-22,2024-04-28,Agricultural facilities,1
Odeskyi,2024-04-22,2024-04-28,Total,1
Pokrovskyi,2024-04-22,2024-04-28,Electricity supply system,1
Pokrovskyi,2024-04-22,2024-04-28,Total,1
Sumskyi,2024-04-22,2024-04-28,Industrial/Business/Enterprise facilities,1
Sumskyi,2024-04-22,2024-04-28,Total,1
Berdianskyi,2024-04-15,2024-04-21,Industrial/Business/Enterprise facilities,1
Berdianskyi,2024-04-15,2024-04-21,Total,1
Beryslavskyi,2024-04-15,2024-04-21,Agricultural facilities,1
Beryslavskyi,2024-04-15,2024-04-21,"Education facility (school, etc.)",1
Beryslavskyi,2024-04-15,2024-04-21,Total,2
Bohodukhivskyi,2024-04-15,2024-04-21,Government facilities,1
Bohodukhivskyi,2024-04-15,2024-04-21,Total,1
Chernihivskyi,2024-04-15,2024-04-21,"Health facility (hospital, health clinic)",1
Chernihivskyi,2024-04-15,2024-04-21,Total,1
Dniprovskyi,2024-04-15,2024-04-21,Industrial/Business/Enterprise facilities,1
Dniprovskyi,2024-04-15,2024-04-21,Railway,1
Dniprovskyi,2024-04-15,2024-04-21,Total,2
Khersonskyi,2024-04-15,2024-04-21,Government facilities,1
Khersonskyi,2024-04-15,2024-04-21,Heating and water facility,1
Khersonskyi,2024-04-15,2024-04-21,Industrial/Business/Enterprise facilities,1
Khersonskyi,2024-04-15,2024-04-21,Total,3
Kramatorskyi,2024-04-15,2024-04-21,Gas supply system,1
Kramatorskyi,2024-04-15,2024-04-21,Total,1
Mariupolskyi,2024-04-15,2024-04-21,Industrial/Business/Enterprise facilities,1
Mariupolskyi,2024-04-15,2024-04-21,Total,1
Nikopolskyi,2024-04-15,2024-04-21,Agricultural facilities,1
Nikopolskyi,2024-04-15,2024-04-21,Electricity supply system,4
Nikopolskyi,2024-04-15,2024-04-21,Gas supply system,1
Nikopolskyi,2024-04-15,2024-04-21,Total,6
Odeskyi,2024-04-15,2024-04-21,Agricultural facilities,1
Odeskyi,2024-04-15,2024-04-21,Total,1
Sumskyi,2024-04-15,2024-04-21,Electricity supply system,1
Sumskyi,2024-04-15,2024-04-21,Gas supply system,1
Sumskyi,2024-04-15,2024-04-21,Industrial/Business/Enterprise facilities,1
Sumskyi,2024-04-15,2024-04-21,Total,3
Synelnykivskyi,2024-04-15,2024-04-21,Gas supply system,1
Synelnykivskyi,2024-04-15,2024-04-21,Power plant,1
Synelnykivskyi,2024-04-15,2024-04-21,Total,2
Beryslavskyi,2024-04-08,2024-04-14,Government facilities,1
Beryslavskyi,2024-04-08,2024-04-14,Telecommunications,1
Beryslavskyi,2024-04-08,2024-04-14,Total,2
Kharkivskyi,2024-04-08,2024-04-14,Industrial/Business/Enterprise facilities,1
Kharkivskyi,2024-04-08,2024-04-14,Total,1
Khersonskyi,2024-04-08,2024-04-14,"Education facility (school, etc.)",1
Khersonskyi,2024-04-08,2024-04-14,Gas supply system,1
Khersonskyi,2024-04-08,2024-04-14,Other,1
Khersonskyi,2024-04-08,2024-04-14,Total,3
Kramatorskyi,2024-04-08,2024-04-14,Electricity supply system,1
Kramatorskyi,2024-04-08,2024-04-14,Gas supply system,6
Kramatorskyi,2024-04-08,2024-04-14,Total,7
Kryvorizkyi,2024-04-08,2024-04-14,Electricity supply system,2
Kryvorizkyi,2024-04-08,2024-04-14,Total,2
Mykolaivskyi,2024-04-08,2024-04-14,Industrial/Business/Enterprise facilities,1
Mykolaivskyi,2024-04-08,2024-04-14,Total,1
Nikopolskyi,2024-04-08,2024-04-14,Electricity supply system,4
Nikopolskyi,2024-04-08,2024-04-14,Gas supply system,2
Nikopolskyi,2024-04-08,2024-04-14,Government facilities,1
Nikopolskyi,2024-04-08,2024-04-14,Total,7
Obukhivskyi,2024-04-08,2024-04-14,Power plant,1
Obukhivskyi,2024-04-08,2024-04-14,Total,1
Odeskyi,2024-04-08,2024-04-14,Fuel depot,1
Odeskyi,2024-04-08,2024-04-14,Government facilities,1
Odeskyi,2024-04-08,2024-04-14,Industrial/Business/Enterprise facilities,1
Odeskyi,2024-04-08,2024-04-14,Total,4
Odeskyi,2024-04-08,2024-04-14,Warehouse,1
Pokrovskyi,2024-04-08,2024-04-14,Agricultural facilities,2
Pokrovskyi,2024-04-08,2024-04-14,"Education facility (school, etc.)",2
Pokrovskyi,2024-04-08,2024-04-14,Government facilities,3
Pokrovskyi,2024-04-08,2024-04-14,Total,7
Stryiskyi,2024-04-08,2024-04-14,Electricity supply system,1
Stryiskyi,2024-04-08,2024-04-14,Gas supply system,1
Stryiskyi,2024-04-08,2024-04-14,Total,2
Sumskyi,2024-04-08,2024-04-14,Electricity supply system,1
Sumskyi,2024-04-08,2024-04-14,Government facilities,3
Sumskyi,2024-04-08,2024-04-14,Other,1
Sumskyi,2024-04-08,2024-04-14,Power plant,1
Sumskyi,2024-04-08,2024-04-14,Total,6
Bakhmutskyi,2024-04-01,2024-04-07,Government facilities,8
Bakhmutskyi,2024-04-01,2024-04-07,Industrial/Business/Enterprise facilities,2
Bakhmutskyi,2024-04-01,2024-04-07,Total,10
Beryslavskyi,2024-04-01,2024-04-07,Religious facilities,1
Beryslavskyi,2024-04-01,2024-04-07,Total,1
Bohodukhivskyi,2024-04-01,2024-04-07,Electricity supply system,1
Bohodukhivskyi,2024-04-01,2024-04-07,Total,1
Dniprovskyi,2024-04-01,2024-04-07,"Education facility (school, etc.)",4
Dniprovskyi,2024-04-01,2024-04-07,Electricity supply system,1
Dniprovskyi,2024-04-01,2024-04-07,Total,5
Iziumskyi,2024-04-01,2024-04-07,"Education facility (school, etc.)",1
Iziumskyi,2024-04-01,2024-04-07,"Health facility (hospital, health clinic)",1
Iziumskyi,2024-04-01,2024-04-07,Industrial/Business/Enterprise facilities,2
Iziumskyi,2024-04-01,2024-04-07,Total,4
Kharkivskyi,2024-04-01,2024-04-07,"Education facility (school, etc.)",4
Kharkivskyi,2024-04-01,2024-04-07,Electricity supply system,1
Kharkivskyi,2024-04-01,2024-04-07,Fuel depot,1
Kharkivskyi,2024-04-01,2024-04-07,Government facilities,2
Kharkivskyi,2024-04-01,2024-04-07,Industrial/Business/Enterprise facilities,7
Kharkivskyi,2024-04-01,2024-04-07,Road / Highway,1
Kharkivskyi,2024-04-01,2024-04-07,Total,16
Khersonskyi,2024-04-01,2024-04-07,Gas supply system,1
Khersonskyi,2024-04-01,2024-04-07,Total,1
Kramatorskyi,2024-04-01,2024-04-07,"Cultural facilities (museum, theater etc.)",2
Kramatorskyi,2024-04-01,2024-04-07,Government facilities,1
Kramatorskyi,2024-04-01,2024-04-07,Industrial/Business/Enterprise facilities,1
Kramatorskyi,2024-04-01,2024-04-07,Total,4
Kryvorizkyi,2024-04-01,2024-04-07,Electricity supply system,1
Kryvorizkyi,2024-04-01,2024-04-07,Total,1
Mykolaivskyi,2024-04-01,2024-04-07,Electricity supply system,1
Mykolaivskyi,2024-04-01,2024-04-07,Telecommunications,1
Mykolaivskyi,2024-04-01,2024-04-07,Total,2
Nikopolskyi,2024-04-01,2024-04-07,"Cultural facilities (museum, theater etc.)",1
Nikopolskyi,2024-04-01,2024-04-07,"Education facility (school, etc.)",1
Nikopolskyi,2024-04-01,2024-04-07,Electricity supply system,3
Nikopolskyi,2024-04-01,2024-04-07,Gas supply system,1
Nikopolskyi,2024-04-01,2024-04-07,Industrial/Business/Enterprise facilities,1
Nikopolskyi,2024-04-01,2024-04-07,Total,7
Pokrovskyi,2024-04-01,2024-04-07,Government facilities,7
Pokrovskyi,2024-04-01,2024-04-07,Total,7
Sumskyi,2024-04-01,2024-04-07,"Cultural facilities (museum, theater etc.)",1
Sumskyi,2024-04-01,2024-04-07,Industrial/Business/Enterprise facilities,1
Sumskyi,2024-04-01,2024-04-07,Total,2
Volnovaskyi,2024-04-01,2024-04-07,Agricultural facilities,1
Volnovaskyi,2024-04-01,2024-04-07,Total,1
Zaporizkyi,2024-04-01,2024-04-07,Industrial/Business/Enterprise facilities,2
Zaporizkyi,2024-04-01,2024-04-07,Other,1
Zaporizkyi,2024-04-01,2024-04-07,Total,3
Bohodukhivskyi,2024-03-25,2024-03-31,"Education facility (school, etc.)",1
Bohodukhivskyi,2024-03-25,2024-03-31,Government facilities,1
Bohodukhivskyi,2024-03-25,2024-03-31,"Health facility (hospital, health clinic)",1
Bohodukhivskyi,2024-03-25,2024-03-31,Total,3
Iziumskyi,2024-03-25,2024-03-31,"Education facility (school, etc.)",1
Iziumskyi,2024-03-25,2024-03-31,Total,1
Kharkivskyi,2024-03-25,2024-03-31,Industrial/Business/Enterprise facilities,3
Kharkivskyi,2024-03-25,2024-03-31,Total,3
Khersonskyi,2024-03-25,2024-03-31,Electricity supply system,1
Khersonskyi,2024-03-25,2024-03-31,Industrial/Business/Enterprise facilities,4
Khersonskyi,2024-03-25,2024-03-31,Total,5
Kramatorskyi,2024-03-25,2024-03-31,Government facilities,1
Kramatorskyi,2024-03-25,2024-03-31,Total,1
Kyiv,2024-03-25,2024-03-31,"Cultural facilities (museum, theater etc.)",1
Kyiv,2024-03-25,2024-03-31,Total,1
Mykolaivskyi,2024-03-25,2024-03-31,Industrial/Business/Enterprise facilities,1
Mykolaivskyi,2024-03-25,2024-03-31,Total,1
Nikopolskyi,2024-03-25,2024-03-31,"Education facility (school, etc.)",1
Nikopolskyi,2024-03-25,2024-03-31,Electricity supply system,4
Nikopolskyi,2024-03-25,2024-03-31,Government facilities,1
Nikopolskyi,2024-03-25,2024-03-31,"Health facility (hospital, health clinic)",1
Nikopolskyi,2024-03-25,2024-03-31,Industrial/Business/Enterprise facilities,2
Nikopolskyi,2024-03-25,2024-03-31,Other,1
Nikopolskyi,2024-03-25,2024-03-31,Total,10
Odeskyi,2024-03-25,2024-03-31,Other,1
Odeskyi,2024-03-25,2024-03-31,Total,1
Okhtyrskyi,2024-03-25,2024-03-31,"Education facility (school, etc.)",1
Okhtyrskyi,2024-03-25,2024-03-31,Total,1
Pokrovskyi,2024-03-25,2024-03-31,Electricity supply system,1
Pokrovskyi,2024-03-25,2024-03-31,Industrial/Business/Enterprise facilities,1
Pokrovskyi,2024-03-25,2024-03-31,Total,2
Sumskyi,2024-03-25,2024-03-31,"Cultural facilities (museum, theater etc.)",1
Sumskyi,2024-03-25,2024-03-31,Total,1
Chuhuivskyi,2024-03-18,2024-03-24,Industrial/Business/Enterprise facilities,2
Chuhuivskyi,2024-03-18,2024-03-24,Total,2
Dniprovskyi,2024-03-18,2024-03-24,Electricity supply system,1
Dniprovskyi,2024-03-18,2024-03-24,Total,1
Kamianskyi,2024-03-18,2024-03-24,Electricity supply system,1
Kamianskyi,2024-03-18,2024-03-24,Total,1
Kharkivskyi,2024-03-18,2024-03-24,Agricultural facilities,1
Kharkivskyi,2024-03-18,2024-03-24,"Education facility (school, etc.)",1
Kharkivskyi,2024-03-18,2024-03-24,Electricity supply system,1
Kharkivskyi,2024-03-18,2024-03-24,Industrial/Business/Enterprise facilities,3
Kharkivskyi,2024-03-18,2024-03-24,Power plant,1
Kharkivskyi,2024-03-18,2024-03-24,Telecommunications,1
Kharkivskyi,2024-03-18,2024-03-24,Total,8
Khersonskyi,2024-03-18,2024-03-24,"Education facility (school, etc.)",1
Khersonskyi,2024-03-18,2024-03-24,Government facilities,2
Khersonskyi,2024-03-18,2024-03-24,Industrial/Business/Enterprise facilities,1
Khersonskyi,2024-03-18,2024-03-24,Other,1
Khersonskyi,2024-03-18,2024-03-24,Total,5
Kryvorizkyi,2024-03-18,2024-03-24,Electricity supply system,1
Kryvorizkyi,2024-03-18,2024-03-24,Fuel depot,1
Kryvorizkyi,2024-03-18,2024-03-24,Heating and water facility,1
Kryvorizkyi,2024-03-18,2024-03-24,Total,3
Kupianskyi,2024-03-18,2024-03-24,"Cultural facilities (museum, theater etc.)",1
Kupianskyi,2024-03-18,2024-03-24,Government facilities,1
Kupianskyi,2024-03-18,2024-03-24,Heating and water facility,2
Kupianskyi,2024-03-18,2024-03-24,Industrial/Business/Enterprise facilities,3
Kupianskyi,2024-03-18,2024-03-24,Religious facilities,1
Kupianskyi,2024-03-18,2024-03-24,Total,8
Kyiv,2024-03-18,2024-03-24,"Education facility (school, etc.)",1
Kyiv,2024-03-18,2024-03-24,Electricity supply system,1
Kyiv,2024-03-18,2024-03-24,Religious facilities,1
Kyiv,2024-03-18,2024-03-24,Total,4
Kyiv,2024-03-18,2024-03-24,Warehouse,1
Lvivskyi,2024-03-18,2024-03-24,Electricity supply system,2
Lvivskyi,2024-03-18,2024-03-24,Total,2
Mykolaivskyi,2024-03-18,2024-03-24,Electricity supply system,1
Mykolaivskyi,2024-03-18,2024-03-24,Total,1
Nikopolskyi,2024-03-18,2024-03-24,"Education facility (school, etc.)",2
Nikopolskyi,2024-03-18,2024-03-24,Electricity supply system,5
Nikopolskyi,2024-03-18,2024-03-24,Gas supply system,1
Nikopolskyi,2024-03-18,2024-03-24,Government facilities,1
Nikopolskyi,2024-03-18,2024-03-24,"Health facility (hospital, health clinic)",2
Nikopolskyi,2024-03-18,2024-03-24,Industrial/Business/Enterprise facilities,7
Nikopolskyi,2024-03-18,2024-03-24,Total,18
Novhorod-Siverskyi,2024-03-18,2024-03-24,"Cultural facilities (museum, theater etc.)",1
Novhorod-Siverskyi,2024-03-18,2024-03-24,Total,1
Odeskyi,2024-03-18,2024-03-24,"Cultural facilities (museum, theater etc.)",1
Odeskyi,2024-03-18,2024-03-24,Electricity supply system,1
Odeskyi,2024-03-18,2024-03-24,Other,1
Odeskyi,2024-03-18,2024-03-24,Religious facilities,1
Odeskyi,2024-03-18,2024-03-24,Road / Highway,1
Odeskyi,2024-03-18,2024-03-24,Total,5
Okhtyrskyi,2024-03-18,2024-03-24,"Education facility (school, etc.)",1
Okhtyrskyi,2024-03-18,2024-03-24,Total,1
Pavlohradskyi,2024-03-18,2024-03-24,Electricity supply system,1
Pavlohradskyi,2024-03-18,2024-03-24,Total,1
Sumskyi,2024-03-18,2024-03-24,Electricity supply system,1
Sumskyi,2024-03-18,2024-03-24,Total,1
Synelnykivskyi,2024-03-18,2024-03-24,Electricity supply system,1
Synelnykivskyi,2024-03-18,2024-03-24,Gas supply system,1
Synelnykivskyi,2024-03-18,2024-03-24,Total,2
Zaporizkyi,2024-03-18,2024-03-24,Electricity supply system,1
Zaporizkyi,2024-03-18,2024-03-24,Road / Highway,1
Zaporizkyi,2024-03-18,2024-03-24,Total,2
Berdianskyi,2024-03-11,2024-03-17,"Education facility (school, etc.)",1
Berdianskyi,2024-03-11,2024-03-17,Total,1
Bohodukhivskyi,2024-03-11,2024-03-17,Electricity supply system,1
Bohodukhivskyi,2024-03-11,2024-03-17,"Health facility (hospital, health clinic)",1
Bohodukhivskyi,2024-03-11,2024-03-17,Total,2
Cherkaskyi,2024-03-11,2024-03-17,Electricity supply system,1
Cherkaskyi,2024-03-11,2024-03-17,Total,1
Chuhuivskyi,2024-03-11,2024-03-17,"Health facility (hospital, health clinic)",1
Chuhuivskyi,2024-03-11,2024-03-17,Industrial/Business/Enterprise facilities,1
Chuhuivskyi,2024-03-11,2024-03-17,Total,2
Iziumskyi,2024-03-11,2024-03-17,Industrial/Business/Enterprise facilities,1
Iziumskyi,2024-03-11,2024-03-17,Total,1
Kharkivskyi,2024-03-11,2024-03-17,Airport,2
Kharkivskyi,2024-03-11,2024-03-17,"Education facility (school, etc.)",1
Kharkivskyi,2024-03-11,2024-03-17,Gas supply system,1
Kharkivskyi,2024-03-11,2024-03-17,Government facilities,1
Kharkivskyi,2024-03-11,2024-03-17,Industrial/Business/Enterprise facilities,1
Kharkivskyi,2024-03-11,2024-03-17,Total,8
Kharkivskyi,2024-03-11,2024-03-17,Warehouse,2
Khersonskyi,2024-03-11,2024-03-17,"Cultural facilities (museum, theater etc.)",1
Khersonskyi,2024-03-11,2024-03-17,"Education facility (school, etc.)",2
Khersonskyi,2024-03-11,2024-03-17,Gas supply system,1
Khersonskyi,2024-03-11,2024-03-17,Government facilities,2
Khersonskyi,2024-03-11,2024-03-17,Industrial/Business/Enterprise facilities,5
Khersonskyi,2024-03-11,2024-03-17,Other,1
Khersonskyi,2024-03-11,2024-03-17,Total,12
Koriukivskyi,2024-03-11,2024-03-17,Agricultural facilities,2
Koriukivskyi,2024-03-11,2024-03-17,Total,2
Kramatorskyi,2024-03-11,2024-03-17,Industrial/Business/Enterprise facilities,1
Kramatorskyi,2024-03-11,2024-03-17,Total,1
Kryvorizkyi,2024-03-11,2024-03-17,"Education facility (school, etc.)",9
Kryvorizkyi,2024-03-11,2024-03-17,Government facilities,1
Kryvorizkyi,2024-03-11,2024-03-17,Industrial/Business/Enterprise facilities,2
Kryvorizkyi,2024-03-11,2024-03-17,Total,12
Kupianskyi,2024-03-11,2024-03-17,"Education facility (school, etc.)",1
Kupianskyi,2024-03-11,2024-03-17,Total,1
Mykolaivskyi,2024-03-11,2024-03-17,Electricity supply system,2
Mykolaivskyi,2024-03-11,2024-03-17,Gas supply system,1
Mykolaivskyi,2024-03-11,2024-03-17,Road / Highway,1
Mykolaivskyi,2024-03-11,2024-03-17,Total,4
Nikopolskyi,2024-03-11,2024-03-17,"Education facility (school, etc.)",2
Nikopolskyi,2024-03-11,2024-03-17,Electricity supply system,3
Nikopolskyi,2024-03-11,2024-03-17,Fuel depot,1
Nikopolskyi,2024-03-11,2024-03-17,Gas supply system,2
Nikopolskyi,2024-03-11,2024-03-17,Government facilities,3
Nikopolskyi,2024-03-11,2024-03-17,"Health facility (hospital, health clinic)",1
Nikopolskyi,2024-03-11,2024-03-17,Industrial/Business/Enterprise facilities,4
Nikopolskyi,2024-03-11,2024-03-17,Total,16
Novhorod-Siverskyi,2024-03-11,2024-03-17,Gas supply system,1
Novhorod-Siverskyi,2024-03-11,2024-03-17,Total,1
Odeskyi,2024-03-11,2024-03-17,Agricultural facilities,2
Odeskyi,2024-03-11,2024-03-17,"Cultural facilities (museum, theater etc.)",1
Odeskyi,2024-03-11,2024-03-17,Electricity supply system,1
Odeskyi,2024-03-11,2024-03-17,Gas supply system,1
Odeskyi,2024-03-11,2024-03-17,Industrial/Business/Enterprise facilities,1
Odeskyi,2024-03-11,2024-03-17,Total,6
Okhtyrskyi,2024-03-11,2024-03-17,Bridge,1
Okhtyrskyi,2024-03-11,2024-03-17,"Education facility (school, etc.)",1
Okhtyrskyi,2024-03-11,2024-03-17,Electricity supply system,1
Okhtyrskyi,2024-03-11,2024-03-17,Industrial/Business/Enterprise facilities,2
Okhtyrskyi,2024-03-11,2024-03-17,Total,5
Pokrovskyi,2024-03-11,2024-03-17,"Education facility (school, etc.)",2
Pokrovskyi,2024-03-11,2024-03-17,Electricity supply system,3
Pokrovskyi,2024-03-11,2024-03-17,Government facilities,7
Pokrovskyi,2024-03-11,2024-03-17,Heating and water facility,1
Pokrovskyi,2024-03-11,2024-03-17,Industrial/Business/Enterprise facilities,4
Pokrovskyi,2024-03-11,2024-03-17,Total,17
Sumskyi,2024-03-11,2024-03-17,Industrial/Business/Enterprise facilities,1
Sumskyi,2024-03-11,2024-03-17,Total,1
Bakhmutskyi,2024-03-04,2024-03-10,Religious facilities,1
Bakhmutskyi,2024-03-04,2024-03-10,Total,1
Bohodukhivskyi,2024-03-04,2024-03-10,Agricultural facilities,2
Bohodukhivskyi,2024-03-04,2024-03-10,"Cultural facilities (museum, theater etc.)",2
Bohodukhivskyi,2024-03-04,2024-03-10,Electricity supply system,1
Bohodukhivskyi,2024-03-04,2024-03-10,Government facilities,1
Bohodukhivskyi,2024-03-04,2024-03-10,"Health facility (hospital, health clinic)",1
Bohodukhivskyi,2024-03-04,2024-03-10,Other,1
Bohodukhivskyi,2024-03-04,2024-03-10,Total,8
Chuhuivskyi,2024-03-04,2024-03-10,"Education facility (school, etc.)",1
Chuhuivskyi,2024-03-04,2024-03-10,Industrial/Business/Enterprise facilities,15
Chuhuivskyi,2024-03-04,2024-03-10,Total,16
Khersonskyi,2024-03-04,2024-03-10,Airport,1
Khersonskyi,2024-03-04,2024-03-10,"Cultural facilities (museum, theater etc.)",4
Khersonskyi,2024-03-04,2024-03-10,"Education facility (school, etc.)",4
Khersonskyi,2024-03-04,2024-03-10,Electricity supply system,1
Khersonskyi,2024-03-04,2024-03-10,Gas supply system,6
Khersonskyi,2024-03-04,2024-03-10,Government facilities,4
Khersonskyi,2024-03-04,2024-03-10,"Health facility (hospital, health clinic)",2
Khersonskyi,2024-03-04,2024-03-10,Industrial/Business/Enterprise facilities,3
Khersonskyi,2024-03-04,2024-03-10,Other,5
Khersonskyi,2024-03-04,2024-03-10,Total,31
Khersonskyi,2024-03-04,2024-03-10,Warehouse,1
Mykolaivskyi,2024-03-04,2024-03-10,Agricultural facilities,1
Mykolaivskyi,2024-03-04,2024-03-10,Total,1
Nikopolskyi,2024-03-04,2024-03-10,Electricity supply system,6
Nikopolskyi,2024-03-04,2024-03-10,Gas supply system,3
Nikopolskyi,2024-03-04,2024-03-10,Industrial/Business/Enterprise facilities,3
Nikopolskyi,2024-03-04,2024-03-10,Total,12
Novhorod-Siverskyi,2024-03-04,2024-03-10,Industrial/Business/Enterprise facilities,1
Novhorod-Siverskyi,2024-03-04,2024-03-10,Total,1
Novomoskovskyi,2024-03-04,2024-03-10,Industrial/Business/Enterprise facilities,1
Novomoskovskyi,2024-03-04,2024-03-10,Total,1
Odeskyi,2024-03-04,2024-03-10,"Cultural facilities (museum, theater etc.)",1
Odeskyi,2024-03-04,2024-03-10,Gas supply system,1
Odeskyi,2024-03-04,2024-03-10,Other,1
Odeskyi,2024-03-04,2024-03-10,Total,3
Pokrovskyi,2024-03-04,2024-03-10,Government facilities,2
Pokrovskyi,2024-03-04,2024-03-10,Total,2
Shostkynskyi,2024-03-04,2024-03-10,Gas supply system,1
Shostkynskyi,2024-03-04,2024-03-10,Total,1
Sumskyi,2024-03-04,2024-03-10,Agricultural facilities,1
Sumskyi,2024-03-04,2024-03-10,"Cultural facilities (museum, theater etc.)",1
Sumskyi,2024-03-04,2024-03-10,"Education facility (school, etc.)",2
Sumskyi,2024-03-04,2024-03-10,"Health facility (hospital, health clinic)",5
Sumskyi,2024-03-04,2024-03-10,Heating and water facility,1
Sumskyi,2024-03-04,2024-03-10,Industrial/Business/Enterprise facilities,1
Sumskyi,2024-03-04,2024-03-10,Total,12
Sumskyi,2024-03-04,2024-03-10,Water supply system,1
Berdychivskyi,2024-02-26,2024-03-03,Electricity supply system,1
Berdychivskyi,2024-02-26,2024-03-03,Total,1
Beryslavskyi,2024-02-26,2024-03-03,"Education facility (school, etc.)",1
Beryslavskyi,2024-02-26,2024-03-03,Total,1
Bohodukhivskyi,2024-02-26,2024-03-03,"Education facility (school, etc.)",2
Bohodukhivskyi,2024-02-26,2024-03-03,Total,2
Chuhuivskyi,2024-02-26,2024-03-03,"Cultural facilities (museum, theater etc.)",1
Chuhuivskyi,2024-02-26,2024-03-03,"Health facility (hospital, health clinic)",1
Chuhuivskyi,2024-02-26,2024-03-03,Total,7
Chuhuivskyi,2024-02-26,2024-03-03,Warehouse,5
Feodosiiskyi,2024-02-26,2024-03-03,Oil depot,1
Feodosiiskyi,2024-02-26,2024-03-03,Road / Highway,1
Feodosiiskyi,2024-02-26,2024-03-03,Total,2
Kharkivskyi,2024-02-26,2024-03-03,Agricultural facilities,2
Kharkivskyi,2024-02-26,2024-03-03,Total,2
Khersonskyi,2024-02-26,2024-03-03,Agricultural facilities,3
Khersonskyi,2024-02-26,2024-03-03,Gas supply system,1
Khersonskyi,2024-02-26,2024-03-03,Government facilities,3
Khersonskyi,2024-02-26,2024-03-03,Industrial/Business/Enterprise facilities,2
Khersonskyi,2024-02-26,2024-03-03,Telecommunications,1
Khersonskyi,2024-02-26,2024-03-03,Total,10
Kupianskyi,2024-02-26,2024-03-03,Agricultural facilities,1
Kupianskyi,2024-02-26,2024-03-03,Electricity supply system,1
Kupianskyi,2024-02-26,2024-03-03,Industrial/Business/Enterprise facilities,1
Kupianskyi,2024-02-26,2024-03-03,Other,1
Kupianskyi,2024-02-26,2024-03-03,Religious facilities,1
Kupianskyi,2024-02-26,2024-03-03,Telecommunications,1
Kupianskyi,2024-02-26,2024-03-03,Total,7
Kupianskyi,2024-02-26,2024-03-03,Warehouse,1
Mykolaivskyi,2024-02-26,2024-03-03,Agricultural facilities,1
Mykolaivskyi,2024-02-26,2024-03-03,Total,1
Nikopolskyi,2024-02-26,2024-03-03,"Education facility (school, etc.)",1
Nikopolskyi,2024-02-26,2024-03-03,Electricity supply system,5
Nikopolskyi,2024-02-26,2024-03-03,Gas supply system,3
Nikopolskyi,2024-02-26,2024-03-03,Government facilities,2
Nikopolskyi,2024-02-26,2024-03-03,Industrial/Business/Enterprise facilities,2
Nikopolskyi,2024-02-26,2024-03-03,Total,13
Novhorod-Siverskyi,2024-02-26,2024-03-03,Electricity supply system,1
Novhorod-Siverskyi,2024-02-26,2024-03-03,Telecommunications,1
Novhorod-Siverskyi,2024-02-26,2024-03-03,Total,2
Odeskyi,2024-02-26,2024-03-03,Electricity supply system,1
Odeskyi,2024-02-26,2024-03-03,Total,1
Pokrovskyi,2024-02-26,2024-03-03,Electricity supply system,1
Pokrovskyi,2024-02-26,2024-03-03,Government facilities,1
Pokrovskyi,2024-02-26,2024-03-03,Total,2
Sumskyi,2024-02-26,2024-03-03,Industrial/Business/Enterprise facilities,1
Sumskyi,2024-02-26,2024-03-03,Total,1
Beryslavskyi,2024-02-19,2024-02-25,Government facilities,1
Beryslavskyi,2024-02-19,2024-02-25,Telecommunications,2
Beryslavskyi,2024-02-19,2024-02-25,Total,3
Chuhuivskyi,2024-02-19,2024-02-25,Agricultural facilities,2
Chuhuivskyi,2024-02-19,2024-02-25,Industrial/Business/Enterprise facilities,1
Chuhuivskyi,2024-02-19,2024-02-25,Total,3
Dniprovskyi,2024-02-19,2024-02-25,Industrial/Business/Enterprise facilities,1
Dniprovskyi,2024-02-19,2024-02-25,Total,1
Donetskyi,2024-02-19,2024-02-25,Oil depot,1
Donetskyi,2024-02-19,2024-02-25,Total,1
Iziumskyi,2024-02-19,2024-02-25,Government facilities,2
Iziumskyi,2024-02-19,2024-02-25,"Health facility (hospital, health clinic)",1
Iziumskyi,2024-02-19,2024-02-25,Total,3
Kharkivskyi,2024-02-19,2024-02-25,Agricultural facilities,3
Kharkivskyi,2024-02-19,2024-02-25,Total,3
Khersonskyi,2024-02-19,2024-02-25,Agricultural facilities,2
Khersonskyi,2024-02-19,2024-02-25,"Education facility (school, etc.)",4
Khersonskyi,2024-02-19,2024-02-25,Electricity supply system,1
Khersonskyi,2024-02-19,2024-02-25,Government facilities,6
Khersonskyi,2024-02-19,2024-02-25,Industrial/Business/Enterprise facilities,2
Khersonskyi,2024-02-19,2024-02-25,Other,2
Khersonskyi,2024-02-19,2024-02-25,Total,20
Khersonskyi,2024-02-19,2024-02-25,Warehouse,3
Kramatorskyi,2024-02-19,2024-02-25,Total,1
Kramatorskyi,2024-02-19,2024-02-25,Water supply system,1
Kropyvnytskyi,2024-02-19,2024-02-25,Industrial/Business/Enterprise facilities,1
Kropyvnytskyi,2024-02-19,2024-02-25,Total,1
Kupianskyi,2024-02-19,2024-02-25,"Cultural facilities (museum, theater etc.)",1
Kupianskyi,2024-02-19,2024-02-25,"Education facility (school, etc.)",2
Kupianskyi,2024-02-19,2024-02-25,Government facilities,1
Kupianskyi,2024-02-19,2024-02-25,Industrial/Business/Enterprise facilities,4
Kupianskyi,2024-02-19,2024-02-25,Total,8
Mykolaivskyi,2024-02-19,2024-02-25,Electricity supply system,1
Mykolaivskyi,2024-02-19,2024-02-25,Total,1
Nikopolskyi,2024-02-19,2024-02-25,Agricultural facilities,1
Nikopolskyi,2024-02-19,2024-02-25,Electricity supply system,5
Nikopolskyi,2024-02-19,2024-02-25,Gas supply system,2
Nikopolskyi,2024-02-19,2024-02-25,Industrial/Business/Enterprise facilities,3
Nikopolskyi,2024-02-19,2024-02-25,Other,1
Nikopolskyi,2024-02-19,2024-02-25,Total,12
Odeskyi,2024-02-19,2024-02-25,Industrial/Business/Enterprise facilities,1
Odeskyi,2024-02-19,2024-02-25,Total,1
Pokrovskyi,2024-02-19,2024-02-25,Power plant,1
Pokrovskyi,2024-02-19,2024-02-25,Total,1
Polohivskyi,2024-02-19,2024-02-25,Industrial/Business/Enterprise facilities,1
Polohivskyi,2024-02-19,2024-02-25,Other,1
Polohivskyi,2024-02-19,2024-02-25,Religious facilities,1
Polohivskyi,2024-02-19,2024-02-25,Total,3
Vasylivskyi,2024-02-19,2024-02-25,"Education facility (school, etc.)",1
Vasylivskyi,2024-02-19,2024-02-25,Total,1
Zaporizkyi,2024-02-19,2024-02-25,Agricultural facilities,1
Zaporizkyi,2024-02-19,2024-02-25,Total,1
Chuhuivskyi,2024-02-12,2024-02-18,Electricity supply system,1
Chuhuivskyi,2024-02-12,2024-02-18,Gas supply system,1
Chuhuivskyi,2024-02-12,2024-02-18,Total,2
Dniprovskyi,2024-02-12,2024-02-18,"Education facility (school, etc.)",1
Dniprovskyi,2024-02-12,2024-02-18,Government facilities,1
Dniprovskyi,2024-02-12,2024-02-18,Industrial/Business/Enterprise facilities,1
Dniprovskyi,2024-02-12,2024-02-18,Total,4
Dniprovskyi,2024-02-12,2024-02-18,Warehouse,1
Iziumskyi,2024-02-12,2024-02-18,"Cultural facilities (museum, theater etc.)",1
Iziumskyi,2024-02-12,2024-02-18,"Education facility (school, etc.)",2
Iziumskyi,2024-02-12,2024-02-18,Government facilities,1
Iziumskyi,2024-02-12,2024-02-18,"Health facility (hospital, health clinic)",1
Iziumskyi,2024-02-12,2024-02-18,Total,5
Kharkivskyi,2024-02-12,2024-02-18,Gas supply system,1
Kharkivskyi,2024-02-12,2024-02-18,Government facilities,1
Kharkivskyi,2024-02-12,2024-02-18,Industrial/Business/Enterprise facilities,1
Kharkivskyi,2024-02-12,2024-02-18,Oil depot,1
Kharkivskyi,2024-02-12,2024-02-18,Total,4
Khersonskyi,2024-02-12,2024-02-18,"Education facility (school, etc.)",2
Khersonskyi,2024-02-12,2024-02-18,Government facilities,1
Khersonskyi,2024-02-12,2024-02-18,"Health facility (hospital, health clinic)",1
Khersonskyi,2024-02-12,2024-02-18,Industrial/Business/Enterprise facilities,1
Khersonskyi,2024-02-12,2024-02-18,Total,6
Khersonskyi,2024-02-12,2024-02-18,Water supply system,1
Kramatorskyi,2024-02-12,2024-02-18,Industrial/Business/Enterprise facilities,1
Kramatorskyi,2024-02-12,2024-02-18,Total,1
Kupianskyi,2024-02-12,2024-02-18,"Education facility (school, etc.)",2
Kupianskyi,2024-02-12,2024-02-18,Government facilities,2
Kupianskyi,2024-02-12,2024-02-18,Industrial/Business/Enterprise facilities,2
Kupianskyi,2024-02-12,2024-02-18,Total,6
Lvivskyi,2024-02-12,2024-02-18,"Education facility (school, etc.)",3
Lvivskyi,2024-02-12,2024-02-18,Electricity supply system,1
Lvivskyi,2024-02-12,2024-02-18,Total,4
Myrhorodskyi,2024-02-12,2024-02-18,Total,1
Myrhorodskyi,2024-02-12,2024-02-18,Warehouse,1
Nikopolskyi,2024-02-12,2024-02-18,Agricultural facilities,1
Nikopolskyi,2024-02-12,2024-02-18,Electricity supply system,1
Nikopolskyi,2024-02-12,2024-02-18,Gas supply system,1
Nikopolskyi,2024-02-12,2024-02-18,Industrial/Business/Enterprise facilities,1
Nikopolskyi,2024-02-12,2024-02-18,Total,4
Pokrovskyi,2024-02-12,2024-02-18,Electricity supply system,1
Pokrovskyi,2024-02-12,2024-02-18,"Health facility (hospital, health clinic)",2
Pokrovskyi,2024-02-12,2024-02-18,Industrial/Business/Enterprise facilities,1
Pokrovskyi,2024-02-12,2024-02-18,Total,4
Shostkynskyi,2024-02-12,2024-02-18,Gas supply system,1
Shostkynskyi,2024-02-12,2024-02-18,Total,1
Sumskyi,2024-02-12,2024-02-18,Agricultural facilities,1
Sumskyi,2024-02-12,2024-02-18,Total,1
Vasylivskyi,2024-02-12,2024-02-18,Electricity supply system,1
Vasylivskyi,2024-02-12,2024-02-18,Total,1
Zaporizkyi,2024-02-12,2024-02-18,"Education facility (school, etc.)",1
Zaporizkyi,2024-02-12,2024-02-18,Heating and water facility,1
Zaporizkyi,2024-02-12,2024-02-18,Industrial/Business/Enterprise facilities,1
Zaporizkyi,2024-02-12,2024-02-18,Total,3
Bashtanskyi,2024-02-05,2024-02-11,Agricultural facilities,1
Bashtanskyi,2024-02-05,2024-02-11,Total,2
Bashtanskyi,2024-02-05,2024-02-11,Warehouse,1
Bohodukhivskyi,2024-02-05,2024-02-11,Gas supply system,1
Bohodukhivskyi,2024-02-05,2024-02-11,Government facilities,2
Bohodukhivskyi,2024-02-05,2024-02-11,Industrial/Business/Enterprise facilities,4
Bohodukhivskyi,2024-02-05,2024-02-11,Total,7
Chuhuivskyi,2024-02-05,2024-02-11,"Education facility (school, etc.)",1
Chuhuivskyi,2024-02-05,2024-02-11,Government facilities,1
Chuhuivskyi,2024-02-05,2024-02-11,Industrial/Business/Enterprise facilities,3
Chuhuivskyi,2024-02-05,2024-02-11,Other,2
Chuhuivskyi,2024-02-05,2024-02-11,Total,7
Izmailskyi,2024-02-05,2024-02-11,Industrial/Business/Enterprise facilities,2
Izmailskyi,2024-02-05,2024-02-11,Road / Highway,1
Izmailskyi,2024-02-05,2024-02-11,Total,3
Kharkivskyi,2024-02-05,2024-02-11,Fuel depot,1
Kharkivskyi,2024-02-05,2024-02-11,Total,1
Khersonskyi,2024-02-05,2024-02-11,Government facilities,1
Khersonskyi,2024-02-05,2024-02-11,"Health facility (hospital, health clinic)",2
Khersonskyi,2024-02-05,2024-02-11,Other,2
Khersonskyi,2024-02-05,2024-02-11,Total,5
Kupianskyi,2024-02-05,2024-02-11,Agricultural facilities,5
Kupianskyi,2024-02-05,2024-02-11,Electricity supply system,2
Kupianskyi,2024-02-05,2024-02-11,Gas supply system,1
Kupianskyi,2024-02-05,2024-02-11,Government facilities,1
Kupianskyi,2024-02-05,2024-02-11,"Health facility (hospital, health clinic)",1
Kupianskyi,2024-02-05,2024-02-11,Industrial/Business/Enterprise facilities,2
Kupianskyi,2024-02-05,2024-02-11,Total,14
Kupianskyi,2024-02-05,2024-02-11,Warehouse,2
Kyiv,2024-02-05,2024-02-11,Government facilities,1
Kyiv,2024-02-05,2024-02-11,Industrial/Business/Enterprise facilities,1
Kyiv,2024-02-05,2024-02-11,Total,4
Kyiv,2024-02-05,2024-02-11,Warehouse,2
Mykolaivskyi,2024-02-05,2024-02-11,Gas supply system,1
Mykolaivskyi,2024-02-05,2024-02-11,Government facilities,1
Mykolaivskyi,2024-02-05,2024-02-11,Total,2
Nikopolskyi,2024-02-05,2024-02-11,Agricultural facilities,1
Nikopolskyi,2024-02-05,2024-02-11,Electricity supply system,6
Nikopolskyi,2024-02-05,2024-02-11,Gas supply system,4
Nikopolskyi,2024-02-05,2024-02-11,Government facilities,1
Nikopolskyi,2024-02-05,2024-02-11,Total,12
Novhorod-Siverskyi,2024-02-05,2024-02-11,Electricity supply system,1
Novhorod-Siverskyi,2024-02-05,2024-02-11,Government facilities,1
Novhorod-Siverskyi,2024-02-05,2024-02-11,Industrial/Business/Enterprise facilities,1
Novhorod-Siverskyi,2024-02-05,2024-02-11,Total,3
Odeskyi,2024-02-05,2024-02-11,"Education facility (school, etc.)",1
Odeskyi,2024-02-05,2024-02-11,Other,2
Odeskyi,2024-02-05,2024-02-11,Total,3
Shostkynskyi,2024-02-05,2024-02-11,Government facilities,1
Shostkynskyi,2024-02-05,2024-02-11,Industrial/Business/Enterprise facilities,1
Shostkynskyi,2024-02-05,2024-02-11,Total,2
Sumskyi,2024-02-05,2024-02-11,Agricultural facilities,1
Sumskyi,2024-02-05,2024-02-11,Electricity supply system,1
Sumskyi,2024-02-05,2024-02-11,Telecommunications,1
Sumskyi,2024-02-05,2024-02-11,Total,3
Bashtanskyi,2024-01-29,2024-02-04,Agricultural facilities,1
Bashtanskyi,2024-01-29,2024-02-04,Industrial/Business/Enterprise facilities,1
Bashtanskyi,2024-01-29,2024-02-04,Total,2
Beryslavskyi,2024-01-29,2024-02-04,"Education facility (school, etc.)",3
Beryslavskyi,2024-01-29,2024-02-04,Government facilities,1
Beryslavskyi,2024-01-29,2024-02-04,Telecommunications,1
Beryslavskyi,2024-01-29,2024-02-04,Total,5
Bohodukhivskyi,2024-01-29,2024-02-04,Electricity supply system,1
Bohodukhivskyi,2024-01-29,2024-02-04,Other,1
Bohodukhivskyi,2024-01-29,2024-02-04,Total,3
Bohodukhivskyi,2024-01-29,2024-02-04,Warehouse,1
Chuhuivskyi,2024-01-29,2024-02-04,Electricity supply system,1
Chuhuivskyi,2024-01-29,2024-02-04,Government facilities,2
Chuhuivskyi,2024-01-29,2024-02-04,Industrial/Business/Enterprise facilities,1
Chuhuivskyi,2024-01-29,2024-02-04,Total,4
Kharkivskyi,2024-01-29,2024-02-04,Industrial/Business/Enterprise facilities,2
Kharkivskyi,2024-01-29,2024-02-04,Oil depot,1
Kharkivskyi,2024-01-29,2024-02-04,Total,3
Khersonskyi,2024-01-29,2024-02-04,"Education facility (school, etc.)",2
Khersonskyi,2024-01-29,2024-02-04,Electricity supply system,2
Khersonskyi,2024-01-29,2024-02-04,Government facilities,3
Khersonskyi,2024-01-29,2024-02-04,"Health facility (hospital, health clinic)",1
Khersonskyi,2024-01-29,2024-02-04,Industrial/Business/Enterprise facilities,5
Khersonskyi,2024-01-29,2024-02-04,Total,13
Kramatorskyi,2024-01-29,2024-02-04,Electricity supply system,2
Kramatorskyi,2024-01-29,2024-02-04,Gas supply system,2
Kramatorskyi,2024-01-29,2024-02-04,Total,4
Kryvorizkyi,2024-01-29,2024-02-04,Electricity supply system,2
Kryvorizkyi,2024-01-29,2024-02-04,Government facilities,1
Kryvorizkyi,2024-01-29,2024-02-04,Other,1
Kryvorizkyi,2024-01-29,2024-02-04,Total,5
Kryvorizkyi,2024-01-29,2024-02-04,Water supply system,1
Kupianskyi,2024-01-29,2024-02-04,Agricultural facilities,2
Kupianskyi,2024-01-29,2024-02-04,Electricity supply system,1
Kupianskyi,2024-01-29,2024-02-04,Fuel depot,1
Kupianskyi,2024-01-29,2024-02-04,"Health facility (hospital, health clinic)",1
Kupianskyi,2024-01-29,2024-02-04,Industrial/Business/Enterprise facilities,1
Kupianskyi,2024-01-29,2024-02-04,Total,8
Kupianskyi,2024-01-29,2024-02-04,Warehouse,2
Kyiv,2024-01-29,2024-02-04,Industrial/Business/Enterprise facilities,1
Kyiv,2024-01-29,2024-02-04,Total,1
Mykolaivskyi,2024-01-29,2024-02-04,Electricity supply system,1
Mykolaivskyi,2024-01-29,2024-02-04,Gas supply system,1
Mykolaivskyi,2024-01-29,2024-02-04,Total,2
Nikopolskyi,2024-01-29,2024-02-04,Agricultural facilities,2
Nikopolskyi,2024-01-29,2024-02-04,"Education facility (school, etc.)",2
Nikopolskyi,2024-01-29,2024-02-04,Electricity supply system,4
Nikopolskyi,2024-01-29,2024-02-04,Gas supply system,3
Nikopolskyi,2024-01-29,2024-02-04,Government facilities,1
Nikopolskyi,2024-01-29,2024-02-04,"Health facility (hospital, health clinic)",1
Nikopolskyi,2024-01-29,2024-02-04,Industrial/Business/Enterprise facilities,2
Nikopolskyi,2024-01-29,2024-02-04,Total,15
Pervomaiskyi,2024-01-29,2024-02-04,"Education facility (school, etc.)",1
Pervomaiskyi,2024-01-29,2024-02-04,Government facilities,1
Pervomaiskyi,2024-01-29,2024-02-04,Total,2
Pokrovskyi,2024-01-29,2024-02-04,"Education facility (school, etc.)",2
Pokrovskyi,2024-01-29,2024-02-04,Government facilities,1
Pokrovskyi,2024-01-29,2024-02-04,Total,3
Shostkynskyi,2024-01-29,2024-02-04,Electricity supply system,1
Shostkynskyi,2024-01-29,2024-02-04,Gas supply system,1
Shostkynskyi,2024-01-29,2024-02-04,Government facilities,1
Shostkynskyi,2024-01-29,2024-02-04,Industrial/Business/Enterprise facilities,7
Shostkynskyi,2024-01-29,2024-02-04,Total,10
Synelnykivskyi,2024-01-29,2024-02-04,Agricultural facilities,1
Synelnykivskyi,2024-01-29,2024-02-04,Electricity supply system,1
Synelnykivskyi,2024-01-29,2024-02-04,Total,2
Beryslavskyi,2024-01-22,2024-01-28,"Education facility (school, etc.)",3
Beryslavskyi,2024-01-22,2024-01-28,Industrial/Business/Enterprise facilities,1
Beryslavskyi,2024-01-22,2024-01-28,Telecommunications,3
Beryslavskyi,2024-01-22,2024-01-28,Total,7
Chuhuivskyi,2024-01-22,2024-01-28,Total,2
Chuhuivskyi,2024-01-22,2024-01-28,Warehouse,2
Dniprovskyi,2024-01-22,2024-01-28,Industrial/Business/Enterprise facilities,2
Dniprovskyi,2024-01-22,2024-01-28,Total,2
Iziumskyi,2024-01-22,2024-01-28,"Education facility (school, etc.)",1
Iziumskyi,2024-01-22,2024-01-28,Government facilities,1
Iziumskyi,2024-01-22,2024-01-28,Total,2
Kharkivskyi,2024-01-22,2024-01-28,"Education facility (school, etc.)",3
Kharkivskyi,2024-01-22,2024-01-28,Gas supply system,2
Kharkivskyi,2024-01-22,2024-01-28,Government facilities,1
Kharkivskyi,2024-01-22,2024-01-28,"Health facility (hospital, health clinic)",1
Kharkivskyi,2024-01-22,2024-01-28,Industrial/Business/Enterprise facilities,6
Kharkivskyi,2024-01-22,2024-01-28,Telecommunications,1
Kharkivskyi,2024-01-22,2024-01-28,Total,14
Khersonskyi,2024-01-22,2024-01-28,"Education facility (school, etc.)",4
Khersonskyi,2024-01-22,2024-01-28,Industrial/Business/Enterprise facilities,3
Khersonskyi,2024-01-22,2024-01-28,Total,7
Kremenchutskyi,2024-01-22,2024-01-28,Industrial/Business/Enterprise facilities,1
Kremenchutskyi,2024-01-22,2024-01-28,Total,1
Kryvorizkyi,2024-01-22,2024-01-28,Industrial/Business/Enterprise facilities,1
Kryvorizkyi,2024-01-22,2024-01-28,Total,1
Kupianskyi,2024-01-22,2024-01-28,Agricultural facilities,1
Kupianskyi,2024-01-22,2024-01-28,"Education facility (school, etc.)",1
Kupianskyi,2024-01-22,2024-01-28,Fuel depot,1
Kupianskyi,2024-01-22,2024-01-28,Industrial/Business/Enterprise facilities,1
Kupianskyi,2024-01-22,2024-01-28,Other,1
Kupianskyi,2024-01-22,2024-01-28,Total,5
Mykolaivskyi,2024-01-22,2024-01-28,Industrial/Business/Enterprise facilities,1
Mykolaivskyi,2024-01-22,2024-01-28,Total,1
Nikopolskyi,2024-01-22,2024-01-28,Agricultural facilities,2
Nikopolskyi,2024-01-22,2024-01-28,"Education facility (school, etc.)",1
Nikopolskyi,2024-01-22,2024-01-28,Electricity supply system,6
Nikopolskyi,2024-01-22,2024-01-28,Gas supply system,5
Nikopolskyi,2024-01-22,2024-01-28,Government facilities,1
Nikopolskyi,2024-01-22,2024-01-28,"Health facility (hospital, health clinic)",2
Nikopolskyi,2024-01-22,2024-01-28,Industrial/Business/Enterprise facilities,2
Nikopolskyi,2024-01-22,2024-01-28,Total,19
Odeskyi,2024-01-22,2024-01-28,Total,1
Odeskyi,2024-01-22,2024-01-28,Warehouse,1
Okhtyrskyi,2024-01-22,2024-01-28,Electricity supply system,1
Okhtyrskyi,2024-01-22,2024-01-28,Total,1
Pavlohradskyi,2024-01-22,2024-01-28,"Cultural facilities (museum, theater etc.)",1
Pavlohradskyi,2024-01-22,2024-01-28,"Education facility (school, etc.)",4
Pavlohradskyi,2024-01-22,2024-01-28,"Health facility (hospital, health clinic)",1
Pavlohradskyi,2024-01-22,2024-01-28,Other,1
Pavlohradskyi,2024-01-22,2024-01-28,Total,7
Sumskyi,2024-01-22,2024-01-28,Electricity supply system,1
Sumskyi,2024-01-22,2024-01-28,Gas supply system,1
Sumskyi,2024-01-22,2024-01-28,Total,2
Bakhmutskyi,2024-01-15,2024-01-21,Government facilities,2
Bakhmutskyi,2024-01-15,2024-01-21,Industrial/Business/Enterprise facilities,1
Bakhmutskyi,2024-01-15,2024-01-21,Total,3
Beryslavskyi,2024-01-15,2024-01-21,Government facilities,1
Beryslavskyi,2024-01-15,2024-01-21,Other,1
Beryslavskyi,2024-01-15,2024-01-21,Total,2
Chuhuivskyi,2024-01-15,2024-01-21,"Education facility (school, etc.)",1
Chuhuivskyi,2024-01-15,2024-01-21,Telecommunications,1
Chuhuivskyi,2024-01-15,2024-01-21,Total,2
Kharkivskyi,2024-01-15,2024-01-21,"Cultural facilities (museum, theater etc.)",1
Kharkivskyi,2024-01-15,2024-01-21,"Education facility (school, etc.)",1
Kharkivskyi,2024-01-15,2024-01-21,Electricity supply system,1
Kharkivskyi,2024-01-15,2024-01-21,"Health facility (hospital, health clinic)",1
Kharkivskyi,2024-01-15,2024-01-21,Total,4
Khersonskyi,2024-01-15,2024-01-21,"Education facility (school, etc.)",2
Khersonskyi,2024-01-15,2024-01-21,Electricity supply system,1
Khersonskyi,2024-01-15,2024-01-21,Gas supply system,1
Khersonskyi,2024-01-15,2024-01-21,Government facilities,3
Khersonskyi,2024-01-15,2024-01-21,"Health facility (hospital, health clinic)",1
Khersonskyi,2024-01-15,2024-01-21,Heating and water facility,2
Khersonskyi,2024-01-15,2024-01-21,Industrial/Business/Enterprise facilities,1
Khersonskyi,2024-01-15,2024-01-21,Religious facilities,1
Khersonskyi,2024-01-15,2024-01-21,Total,12
Kupianskyi,2024-01-15,2024-01-21,Industrial/Business/Enterprise facilities,2
Kupianskyi,2024-01-15,2024-01-21,Total,2
Nikopolskyi,2024-01-15,2024-01-21,Electricity supply system,4
Nikopolskyi,2024-01-15,2024-01-21,Gas supply system,3
Nikopolskyi,2024-01-15,2024-01-21,Industrial/Business/Enterprise facilities,5
Nikopolskyi,2024-01-15,2024-01-21,Total,12
Odeskyi,2024-01-15,2024-01-21,Industrial/Business/Enterprise facilities,1
Odeskyi,2024-01-15,2024-01-21,Total,1
Pokrovskyi,2024-01-15,2024-01-21,"Cultural facilities (museum, theater etc.)",1
Pokrovskyi,2024-01-15,2024-01-21,"Education facility (school, etc.)",4
Pokrovskyi,2024-01-15,2024-01-21,Electricity supply system,1
Pokrovskyi,2024-01-15,2024-01-21,Government facilities,2
Pokrovskyi,2024-01-15,2024-01-21,"Health facility (hospital, health clinic)",1
Pokrovskyi,2024-01-15,2024-01-21,Industrial/Business/Enterprise facilities,3
Pokrovskyi,2024-01-15,2024-01-21,Total,14
Pokrovskyi,2024-01-15,2024-01-21,Warehouse,2
Bakhmutskyi,2024-01-08,2024-01-14,Government facilities,1
Bakhmutskyi,2024-01-08,2024-01-14,Industrial/Business/Enterprise facilities,1
Bakhmutskyi,2024-01-08,2024-01-14,Total,2
Chernihivskyi,2024-01-08,2024-01-14,Heating and water facility,1
Chernihivskyi,2024-01-08,2024-01-14,Total,1
Chuhuivskyi,2024-01-08,2024-01-14,Electricity supply system,1
Chuhuivskyi,2024-01-08,2024-01-14,Industrial/Business/Enterprise facilities,2
Chuhuivskyi,2024-01-08,2024-01-14,Total,3
Kharkivskyi,2024-01-08,2024-01-14,"Cultural facilities (museum, theater etc.)",1
Kharkivskyi,2024-01-08,2024-01-14,Electricity supply system,1
Kharkivskyi,2024-01-08,2024-01-14,Government facilities,2
Kharkivskyi,2024-01-08,2024-01-14,"Health facility (hospital, health clinic)",2
Kharkivskyi,2024-01-08,2024-01-14,Industrial/Business/Enterprise facilities,3
Kharkivskyi,2024-01-08,2024-01-14,Total,9
Khersonskyi,2024-01-08,2024-01-14,"Education facility (school, etc.)",2
Khersonskyi,2024-01-08,2024-01-14,Government facilities,1
Khersonskyi,2024-01-08,2024-01-14,"Health facility (hospital, health clinic)",1
Khersonskyi,2024-01-08,2024-01-14,Industrial/Business/Enterprise facilities,2
Khersonskyi,2024-01-08,2024-01-14,Other,2
Khersonskyi,2024-01-08,2024-01-14,Total,9
Khersonskyi,2024-01-08,2024-01-14,Water supply system,1
Kramatorskyi,2024-01-08,2024-01-14,"Health facility (hospital, health clinic)",1
Kramatorskyi,2024-01-08,2024-01-14,Total,1
Kryvorizkyi,2024-01-08,2024-01-14,"Education facility (school, etc.)",3
Kryvorizkyi,2024-01-08,2024-01-14,Government facilities,1
Kryvorizkyi,2024-01-08,2024-01-14,Industrial/Business/Enterprise facilities,1
Kryvorizkyi,2024-01-08,2024-01-14,Road / Highway,1
Kryvorizkyi,2024-01-08,2024-01-14,Total,6
Kupianskyi,2024-01-08,2024-01-14,Agricultural facilities,1
Kupianskyi,2024-01-08,2024-01-14,"Cultural facilities (museum, theater etc.)",1
Kupianskyi,2024-01-08,2024-01-14,"Education facility (school, etc.)",1
Kupianskyi,2024-01-08,2024-01-14,"Health facility (hospital, health clinic)",1
Kupianskyi,2024-01-08,2024-01-14,Industrial/Business/Enterprise facilities,4
Kupianskyi,2024-01-08,2024-01-14,Total,9
Kupianskyi,2024-01-08,2024-01-14,Warehouse,1
Nikopolskyi,2024-01-08,2024-01-14,Electricity supply system,3
Nikopolskyi,2024-01-08,2024-01-14,Gas supply system,4
Nikopolskyi,2024-01-08,2024-01-14,Government facilities,2
Nikopolskyi,2024-01-08,2024-01-14,Total,9
Pokrovskyi,2024-01-08,2024-01-14,Industrial/Business/Enterprise facilities,2
Pokrovskyi,2024-01-08,2024-01-14,Total,2
Shostkynskyi,2024-01-08,2024-01-14,"Education facility (school, etc.)",5
Shostkynskyi,2024-01-08,2024-01-14,Other,1
Shostkynskyi,2024-01-08,2024-01-14,Total,6
Sumskyi,2024-01-08,2024-01-14,"Cultural facilities (museum, theater etc.)",1
Sumskyi,2024-01-08,2024-01-14,Electricity supply system,1
Sumskyi,2024-01-08,2024-01-14,Gas supply system,1
Sumskyi,2024-01-08,2024-01-14,Total,3
Synelnykivskyi,2024-01-08,2024-01-14,Agricultural facilities,1
Synelnykivskyi,2024-01-08,2024-01-14,Total,1
Volnovaskyi,2024-01-08,2024-01-14,Agricultural facilities,1
Volnovaskyi,2024-01-08,2024-01-14,Total,1
Voznesenskyi,2024-01-08,2024-01-14,Electricity supply system,1
Voznesenskyi,2024-01-08,2024-01-14,Total,1
Bashtanskyi,2024-01-01,2024-01-07,Agricultural facilities,1
Bashtanskyi,2024-01-01,2024-01-07,"Cultural facilities (museum, theater etc.)",1
Bashtanskyi,2024-01-01,2024-01-07,"Education facility (school, etc.)",1
Bashtanskyi,2024-01-01,2024-01-07,Industrial/Business/Enterprise facilities,1
Bashtanskyi,2024-01-01,2024-01-07,Total,4
Beryslavskyi,2024-01-01,2024-01-07,Government facilities,1
Beryslavskyi,2024-01-01,2024-01-07,Industrial/Business/Enterprise facilities,2
Beryslavskyi,2024-01-01,2024-01-07,Total,4
Beryslavskyi,2024-01-01,2024-01-07,Warehouse,1
Bohodukhivskyi,2024-01-01,2024-01-07,Gas supply system,1
Bohodukhivskyi,2024-01-01,2024-01-07,Total,1
Chuhuivskyi,2024-01-01,2024-01-07,Electricity supply system,1
Chuhuivskyi,2024-01-01,2024-01-07,Industrial/Business/Enterprise facilities,1
Chuhuivskyi,2024-01-01,2024-01-07,Total,2
Dniprovskyi,2024-01-01,2024-01-07,Government facilities,2
Dniprovskyi,2024-01-01,2024-01-07,Industrial/Business/Enterprise facilities,1
Dniprovskyi,2024-01-01,2024-01-07,Total,3
Kharkivskyi,2024-01-01,2024-01-07,"Education facility (school, etc.)",5
Kharkivskyi,2024-01-01,2024-01-07,Gas supply system,1
Kharkivskyi,2024-01-01,2024-01-07,Government facilities,1
Kharkivskyi,2024-01-01,2024-01-07,Heating and water facility,1
Kharkivskyi,2024-01-01,2024-01-07,Total,9
Kharkivskyi,2024-01-01,2024-01-07,Warehouse,1
Khersonskyi,2024-01-01,2024-01-07,Agricultural facilities,2
Khersonskyi,2024-01-01,2024-01-07,"Cultural facilities (museum, theater etc.)",2
Khersonskyi,2024-01-01,2024-01-07,"Education facility (school, etc.)",3
Khersonskyi,2024-01-01,2024-01-07,Electricity supply system,1
Khersonskyi,2024-01-01,2024-01-07,Government facilities,2
Khersonskyi,2024-01-01,2024-01-07,"Health facility (hospital, health clinic)",3
Khersonskyi,2024-01-01,2024-01-07,Industrial/Business/Enterprise facilities,2
Khersonskyi,2024-01-01,2024-01-07,Total,15
Kropyvnytskyi,2024-01-01,2024-01-07,Electricity supply system,2
Kropyvnytskyi,2024-01-01,2024-01-07,Total,2
Kryvorizkyi,2024-01-01,2024-01-07,Electricity supply system,1
Kryvorizkyi,2024-01-01,2024-01-07,Industrial/Business/Enterprise facilities,2
Kryvorizkyi,2024-01-01,2024-01-07,Total,3
Kupianskyi,2024-01-01,2024-01-07,"Education facility (school, etc.)",2
Kupianskyi,2024-01-01,2024-01-07,Total,2
Kyiv,2024-01-01,2024-01-07,Electricity supply system,1
Kyiv,2024-01-01,2024-01-07,Other,2
Kyiv,2024-01-01,2024-01-07,Telecommunications,1
Kyiv,2024-01-01,2024-01-07,Total,5
Kyiv,2024-01-01,2024-01-07,Warehouse,1
Lvivskyi,2024-01-01,2024-01-07,"Cultural facilities (museum, theater etc.)",1
Lvivskyi,2024-01-01,2024-01-07,"Education facility (school, etc.)",1
Lvivskyi,2024-01-01,2024-01-07,Total,2
Mykolaivskyi,2024-01-01,2024-01-07,Agricultural facilities,1
Mykolaivskyi,2024-01-01,2024-01-07,Total,1
Nikopolskyi,2024-01-01,2024-01-07,Agricultural facilities,1
Nikopolskyi,2024-01-01,2024-01-07,"Cultural facilities (museum, theater etc.)",1
Nikopolskyi,2024-01-01,2024-01-07,"Education facility (school, etc.)",2
Nikopolskyi,2024-01-01,2024-01-07,Electricity supply system,8
Nikopolskyi,2024-01-01,2024-01-07,Fuel depot,1
Nikopolskyi,2024-01-01,2024-01-07,Gas supply system,7
Nikopolskyi,2024-01-01,2024-01-07,Government facilities,1
Nikopolskyi,2024-01-01,2024-01-07,"Health facility (hospital, health clinic)",1
Nikopolskyi,2024-01-01,2024-01-07,Industrial/Business/Enterprise facilities,10
Nikopolskyi,2024-01-01,2024-01-07,Total,32
Okhtyrskyi,2024-01-01,2024-01-07,Gas supply system,1
Okhtyrskyi,2024-01-01,2024-01-07,"Health facility (hospital, health clinic)",1
Okhtyrskyi,2024-01-01,2024-01-07,Industrial/Business/Enterprise facilities,2
Okhtyrskyi,2024-01-01,2024-01-07,Total,4
Pokrovskyi,2024-01-01,2024-01-07,"Education facility (school, etc.)",1
Pokrovskyi,2024-01-01,2024-01-07,Government facilities,1
Pokrovskyi,2024-01-01,2024-01-07,Total,2
Sumskyi,2024-01-01,2024-01-07,Electricity supply system,1
Sumskyi,2024-01-01,2024-01-07,Total,1
Beryslavskyi,2023-12-25,2023-12-31,"Education facility (school, etc.)",1
Beryslavskyi,2023-12-25,2023-12-31,Government facilities,2
Beryslavskyi,2023-12-25,2023-12-31,"Health facility (hospital, health clinic)",1
Beryslavskyi,2023-12-25,2023-12-31,Industrial/Business/Enterprise facilities,2
Beryslavskyi,2023-12-25,2023-12-31,Other,1
Beryslavskyi,2023-12-25,2023-12-31,Total,7
Chuhuivskyi,2023-12-25,2023-12-31,"Health facility (hospital, health clinic)",1
Chuhuivskyi,2023-12-25,2023-12-31,Industrial/Business/Enterprise facilities,3
Chuhuivskyi,2023-12-25,2023-12-31,Total,4
Dniprovskyi,2023-12-25,2023-12-31,Government facilities,8
Dniprovskyi,2023-12-25,2023-12-31,"Health facility (hospital, health clinic)",1
Dniprovskyi,2023-12-25,2023-12-31,Industrial/Business/Enterprise facilities,2
Dniprovskyi,2023-12-25,2023-12-31,Total,11
Kharkivskyi,2023-12-25,2023-12-31,"Education facility (school, etc.)",1
Kharkivskyi,2023-12-25,2023-12-31,Gas supply system,1
Kharkivskyi,2023-12-25,2023-12-31,"Health facility (hospital, health clinic)",2
Kharkivskyi,2023-12-25,2023-12-31,Industrial/Business/Enterprise facilities,2
Kharkivskyi,2023-12-25,2023-12-31,Telecommunications,1
Kharkivskyi,2023-12-25,2023-12-31,Total,7
Khersonskyi,2023-12-25,2023-12-31,"Education facility (school, etc.)",1
Khersonskyi,2023-12-25,2023-12-31,Government facilities,1
Khersonskyi,2023-12-25,2023-12-31,Industrial/Business/Enterprise facilities,1
Khersonskyi,2023-12-25,2023-12-31,Railway,1
Khersonskyi,2023-12-25,2023-12-31,Total,5
Khersonskyi,2023-12-25,2023-12-31,Warehouse,1
Konotopskyi,2023-12-25,2023-12-31,Industrial/Business/Enterprise facilities,1
Konotopskyi,2023-12-25,2023-12-31,Total,1
Koriukivskyi,2023-12-25,2023-12-31,Electricity supply system,2
Koriukivskyi,2023-12-25,2023-12-31,Gas supply system,1
Koriukivskyi,2023-12-25,2023-12-31,Total,3
Kupianskyi,2023-12-25,2023-12-31,Electricity supply system,1
Kupianskyi,2023-12-25,2023-12-31,Total,1
Kyiv,2023-12-25,2023-12-31,"Education facility (school, etc.)",1
Kyiv,2023-12-25,2023-12-31,Electricity supply system,1
Kyiv,2023-12-25,2023-12-31,Government facilities,2
Kyiv,2023-12-25,2023-12-31,Industrial/Business/Enterprise facilities,1
Kyiv,2023-12-25,2023-12-31,Total,7
Kyiv,2023-12-25,2023-12-31,Warehouse,2
Lvivskyi,2023-12-25,2023-12-31,"Education facility (school, etc.)",4
Lvivskyi,2023-12-25,2023-12-31,"Health facility (hospital, health clinic)",1
Lvivskyi,2023-12-25,2023-12-31,Religious facilities,1
Lvivskyi,2023-12-25,2023-12-31,Total,6
Mykolaivskyi,2023-12-25,2023-12-31,Total,1
Mykolaivskyi,2023-12-25,2023-12-31,Water supply system,1
Nikopolskyi,2023-12-25,2023-12-31,Agricultural facilities,2
Nikopolskyi,2023-12-25,2023-12-31,Electricity supply system,2
Nikopolskyi,2023-12-25,2023-12-31,Gas supply system,3
Nikopolskyi,2023-12-25,2023-12-31,Government facilities,2
Nikopolskyi,2023-12-25,2023-12-31,Industrial/Business/Enterprise facilities,2
Nikopolskyi,2023-12-25,2023-12-31,Total,11
Novhorod-Siverskyi,2023-12-25,2023-12-31,Industrial/Business/Enterprise facilities,1
Novhorod-Siverskyi,2023-12-25,2023-12-31,Total,1
Odeskyi,2023-12-25,2023-12-31,"Education facility (school, etc.)",1
Odeskyi,2023-12-25,2023-12-31,Government facilities,1
Odeskyi,2023-12-25,2023-12-31,Total,2
Pokrovskyi,2023-12-25,2023-12-31,Industrial/Business/Enterprise facilities,1
Pokrovskyi,2023-12-25,2023-12-31,Total,1
Shostkynskyi,2023-12-25,2023-12-31,Electricity supply system,1
Shostkynskyi,2023-12-25,2023-12-31,Total,1
Sumskyi,2023-12-25,2023-12-31,"Health facility (hospital, health clinic)",1
Sumskyi,2023-12-25,2023-12-31,Telecommunications,2
Sumskyi,2023-12-25,2023-12-31,Total,4
Sumskyi,2023-12-25,2023-12-31,Warehouse,1
Zaporizkyi,2023-12-25,2023-12-31,Industrial/Business/Enterprise facilities,1
Zaporizkyi,2023-12-25,2023-12-31,Total,1
Bakhmutskyi,2023-12-18,2023-12-24,Government facilities,1
Bakhmutskyi,2023-12-18,2023-12-24,Industrial/Business/Enterprise facilities,3
Bakhmutskyi,2023-12-18,2023-12-24,Total,4
Kharkivskyi,2023-12-18,2023-12-24,Gas supply system,1
Kharkivskyi,2023-12-18,2023-12-24,Government facilities,1
Kharkivskyi,2023-12-18,2023-12-24,Industrial/Business/Enterprise facilities,1
Kharkivskyi,2023-12-18,2023-12-24,Total,3
Khersonskyi,2023-12-18,2023-12-24,"Education facility (school, etc.)",4
Khersonskyi,2023-12-18,2023-12-24,Electricity supply system,1
Khersonskyi,2023-12-18,2023-12-24,Gas supply system,1
Khersonskyi,2023-12-18,2023-12-24,"Health facility (hospital, health clinic)",4
Khersonskyi,2023-12-18,2023-12-24,Industrial/Business/Enterprise facilities,4
Khersonskyi,2023-12-18,2023-12-24,Other,1
Khersonskyi,2023-12-18,2023-12-24,Total,18
Khersonskyi,2023-12-18,2023-12-24,Warehouse,3
Kramatorskyi,2023-12-18,2023-12-24,Industrial/Business/Enterprise facilities,1
Kramatorskyi,2023-12-18,2023-12-24,Total,1
Kupianskyi,2023-12-18,2023-12-24,Electricity supply system,1
Kupianskyi,2023-12-18,2023-12-24,"Health facility (hospital, health clinic)",1
Kupianskyi,2023-12-18,2023-12-24,Total,2
Kyiv,2023-12-18,2023-12-24,Industrial/Business/Enterprise facilities,1
Kyiv,2023-12-18,2023-12-24,Total,1
Mykolaivskyi,2023-12-18,2023-12-24,Total,1
Mykolaivskyi,2023-12-18,2023-12-24,Warehouse,1
Nikopolskyi,2023-12-18,2023-12-24,Electricity supply system,3
Nikopolskyi,2023-12-18,2023-12-24,Gas supply system,2
Nikopolskyi,2023-12-18,2023-12-24,"Health facility (hospital, health clinic)",1
Nikopolskyi,2023-12-18,2023-12-24,Industrial/Business/Enterprise facilities,1
Nikopolskyi,2023-12-18,2023-12-24,Road / Highway,1
Nikopolskyi,2023-12-18,2023-12-24,Total,8
Odeskyi,2023-12-18,2023-12-24,Agricultural facilities,1
Odeskyi,2023-12-18,2023-12-24,Total,1
Pokrovskyi,2023-12-18,2023-12-24,"Education facility (school, etc.)",1
Pokrovskyi,2023-12-18,2023-12-24,Industrial/Business/Enterprise facilities,1
Pokrovskyi,2023-12-18,2023-12-24,Total,2
Shostkynskyi,2023-12-18,2023-12-24,"Cultural facilities (museum, theater etc.)",1
Shostkynskyi,2023-12-18,2023-12-24,Total,1
Sumskyi,2023-12-18,2023-12-24,Industrial/Business/Enterprise facilities,1
Sumskyi,2023-12-18,2023-12-24,Total,1
Zaporizkyi,2023-12-18,2023-12-24,"Education facility (school, etc.)",1
Zaporizkyi,2023-12-18,2023-12-24,Electricity supply system,1
Zaporizkyi,2023-12-18,2023-12-24,Total,2
Bashtanskyi,2023-12-11,2023-12-17,Agricultural facilities,1
Bashtanskyi,2023-12-11,2023-12-17,Total,1
Horlivskyi,2023-12-11,2023-12-17,Industrial/Business/Enterprise facilities,1
Horlivskyi,2023-12-11,2023-12-17,Total,1
Kharkivskyi,2023-12-11,2023-12-17,Electricity supply system,1
Kharkivskyi,2023-12-11,2023-12-17,Total,1
Khersonskyi,2023-12-11,2023-12-17,"Education facility (school, etc.)",5
Khersonskyi,2023-12-11,2023-12-17,Electricity supply system,1
Khersonskyi,2023-12-11,2023-12-17,Government facilities,4
Khersonskyi,2023-12-11,2023-12-17,"Health facility (hospital, health clinic)",3
Khersonskyi,2023-12-11,2023-12-17,Industrial/Business/Enterprise facilities,2
Khersonskyi,2023-12-11,2023-12-17,Other,1
Khersonskyi,2023-12-11,2023-12-17,Total,16
Kyiv,2023-12-11,2023-12-17,Electricity supply system,3
Kyiv,2023-12-11,2023-12-17,"Health facility (hospital, health clinic)",1
Kyiv,2023-12-11,2023-12-17,Road / Highway,1
Kyiv,2023-12-11,2023-12-17,Total,6
Kyiv,2023-12-11,2023-12-17,Water supply system,1
Mykolaivskyi,2023-12-11,2023-12-17,Electricity supply system,1
Mykolaivskyi,2023-12-11,2023-12-17,Gas supply system,1
Mykolaivskyi,2023-12-11,2023-12-17,Telecommunications,2
Mykolaivskyi,2023-12-11,2023-12-17,Total,5
Mykolaivskyi,2023-12-11,2023-12-17,Warehouse,1
Nikopolskyi,2023-12-11,2023-12-17,Electricity supply system,3
Nikopolskyi,2023-12-11,2023-12-17,Gas supply system,1
Nikopolskyi,2023-12-11,2023-12-17,Total,4
Odeskyi,2023-12-11,2023-12-17,Industrial/Business/Enterprise facilities,2
Odeskyi,2023-12-11,2023-12-17,Other,2
Odeskyi,2023-12-11,2023-12-17,Total,6
Odeskyi,2023-12-11,2023-12-17,Warehouse,2
Shostkynskyi,2023-12-11,2023-12-17,Electricity supply system,1
Shostkynskyi,2023-12-11,2023-12-17,Total,1
Synelnykivskyi,2023-12-11,2023-12-17,Industrial/Business/Enterprise facilities,1
Synelnykivskyi,2023-12-11,2023-12-17,Total,1
Bakhmutskyi,2023-12-04,2023-12-10,Industrial/Business/Enterprise facilities,1
Bakhmutskyi,2023-12-04,2023-12-10,Total,1
Bashtanskyi,2023-12-04,2023-12-10,Industrial/Business/Enterprise facilities,2
Bashtanskyi,2023-12-04,2023-12-10,Total,2
Beryslavskyi,2023-12-04,2023-12-10,"Health facility (hospital, health clinic)",1
Beryslavskyi,2023-12-04,2023-12-10,Heating and water facility,1
Beryslavskyi,2023-12-04,2023-12-10,Industrial/Business/Enterprise facilities,2
Beryslavskyi,2023-12-04,2023-12-10,Total,5
Beryslavskyi,2023-12-04,2023-12-10,Warehouse,1
Iziumskyi,2023-12-04,2023-12-10,"Cultural facilities (museum, theater etc.)",1
Iziumskyi,2023-12-04,2023-12-10,Industrial/Business/Enterprise facilities,1
Iziumskyi,2023-12-04,2023-12-10,Total,2
Izmailskyi,2023-12-04,2023-12-10,Harbor,1
Izmailskyi,2023-12-04,2023-12-10,Total,1
Kharkivskyi,2023-12-04,2023-12-10,Gas supply system,3
Kharkivskyi,2023-12-04,2023-12-10,Government facilities,1
Kharkivskyi,2023-12-04,2023-12-10,"Health facility (hospital, health clinic)",1
Kharkivskyi,2023-12-04,2023-12-10,Industrial/Business/Enterprise facilities,1
Kharkivskyi,2023-12-04,2023-12-10,Total,6
Khersonskyi,2023-12-04,2023-12-10,"Cultural facilities (museum, theater etc.)",1
Khersonskyi,2023-12-04,2023-12-10,"Education facility (school, etc.)",2
Khersonskyi,2023-12-04,2023-12-10,"Health facility (hospital, health clinic)",2
Khersonskyi,2023-12-04,2023-12-10,Industrial/Business/Enterprise facilities,4
Khersonskyi,2023-12-04,2023-12-10,Other,1
Khersonskyi,2023-12-04,2023-12-10,Total,10
Kryvorizkyi,2023-12-04,2023-12-10,Industrial/Business/Enterprise facilities,1
Kryvorizkyi,2023-12-04,2023-12-10,Total,1
Kupianskyi,2023-12-04,2023-12-10,"Education facility (school, etc.)",1
Kupianskyi,2023-12-04,2023-12-10,Gas supply system,1
Kupianskyi,2023-12-04,2023-12-10,Government facilities,1
Kupianskyi,2023-12-04,2023-12-10,Total,3
Lozivskyi,2023-12-04,2023-12-10,Industrial/Business/Enterprise facilities,1
Lozivskyi,2023-12-04,2023-12-10,Total,1
Mykolaivskyi,2023-12-04,2023-12-10,"Cultural facilities (museum, theater etc.)",1
Mykolaivskyi,2023-12-04,2023-12-10,Total,1
Nikopolskyi,2023-12-04,2023-12-10,"Education facility (school, etc.)",2
Nikopolskyi,2023-12-04,2023-12-10,Electricity supply system,3
Nikopolskyi,2023-12-04,2023-12-10,Gas supply system,2
Nikopolskyi,2023-12-04,2023-12-10,Government facilities,1
Nikopolskyi,2023-12-04,2023-12-10,Industrial/Business/Enterprise facilities,1
Nikopolskyi,2023-12-04,2023-12-10,Total,10
Nikopolskyi,2023-12-04,2023-12-10,Warehouse,1
Odeskyi,2023-12-04,2023-12-10,Industrial/Business/Enterprise facilities,1
Odeskyi,2023-12-04,2023-12-10,Total,2
Odeskyi,2023-12-04,2023-12-10,Warehouse,1
Pavlohradskyi,2023-12-04,2023-12-10,Industrial/Business/Enterprise facilities,1
Pavlohradskyi,2023-12-04,2023-12-10,Total,1
Shostkynskyi,2023-12-04,2023-12-10,"Education facility (school, etc.)",1
Shostkynskyi,2023-12-04,2023-12-10,Government facilities,1
Shostkynskyi,2023-12-04,2023-12-10,"Health facility (hospital, health clinic)",1
Shostkynskyi,2023-12-04,2023-12-10,Industrial/Business/Enterprise facilities,1
Shostkynskyi,2023-12-04,2023-12-10,Railway,2
Shostkynskyi,2023-12-04,2023-12-10,Total,6
Bakhmutskyi,2023-11-27,2023-12-03,"Education facility (school, etc.)",1
Bakhmutskyi,2023-11-27,2023-12-03,Government facilities,3
Bakhmutskyi,2023-11-27,2023-12-03,Total,4
Beryslavskyi,2023-11-27,2023-12-03,Government facilities,2
Beryslavskyi,2023-11-27,2023-12-03,Total,2
Chuhuivskyi,2023-11-27,2023-12-03,Industrial/Business/Enterprise facilities,4
Chuhuivskyi,2023-11-27,2023-12-03,Total,4
Khersonskyi,2023-11-27,2023-12-03,"Cultural facilities (museum, theater etc.)",1
Khersonskyi,2023-11-27,2023-12-03,"Education facility (school, etc.)",4
Khersonskyi,2023-11-27,2023-12-03,Electricity supply system,1
Khersonskyi,2023-11-27,2023-12-03,"Health facility (hospital, health clinic)",4
Khersonskyi,2023-11-27,2023-12-03,Industrial/Business/Enterprise facilities,4
Khersonskyi,2023-11-27,2023-12-03,Total,14
Kupianskyi,2023-11-27,2023-12-03,"Education facility (school, etc.)",2
Kupianskyi,2023-11-27,2023-12-03,Total,2
Mykolaivskyi,2023-11-27,2023-12-03,Electricity supply system,1
Mykolaivskyi,2023-11-27,2023-12-03,Total,1
Nikopolskyi,2023-11-27,2023-12-03,"Education facility (school, etc.)",1
Nikopolskyi,2023-11-27,2023-12-03,Electricity supply system,2
Nikopolskyi,2023-11-27,2023-12-03,Gas supply system,2
Nikopolskyi,2023-11-27,2023-12-03,Government facilities,16
Nikopolskyi,2023-11-27,2023-12-03,Industrial/Business/Enterprise facilities,3
Nikopolskyi,2023-11-27,2023-12-03,Religious facilities,1
Nikopolskyi,2023-11-27,2023-12-03,Total,25
Novhorod-Siverskyi,2023-11-27,2023-12-03,Total,1
Novhorod-Siverskyi,2023-11-27,2023-12-03,Water supply system,1
Pokrovskyi,2023-11-27,2023-12-03,Government facilities,1
Pokrovskyi,2023-11-27,2023-12-03,Industrial/Business/Enterprise facilities,1
Pokrovskyi,2023-11-27,2023-12-03,Total,2
Shepetivskyi,2023-11-27,2023-12-03,Agricultural facilities,1
Shepetivskyi,2023-11-27,2023-12-03,Industrial/Business/Enterprise facilities,1
Shepetivskyi,2023-11-27,2023-12-03,Total,2
Shostkynskyi,2023-11-27,2023-12-03,Agricultural facilities,1
Shostkynskyi,2023-11-27,2023-12-03,Industrial/Business/Enterprise facilities,2
Shostkynskyi,2023-11-27,2023-12-03,Total,3
Sumskyi,2023-11-27,2023-12-03,Agricultural facilities,1
Sumskyi,2023-11-27,2023-12-03,Total,1
Zaporizkyi,2023-11-27,2023-12-03,Other,1
Zaporizkyi,2023-11-27,2023-12-03,Total,1
Beryslavskyi,2023-11-20,2023-11-26,"Education facility (school, etc.)",1
Beryslavskyi,2023-11-20,2023-11-26,Industrial/Business/Enterprise facilities,2
Beryslavskyi,2023-11-20,2023-11-26,Total,3
Chuhuivskyi,2023-11-20,2023-11-26,Heating and water facility,1
Chuhuivskyi,2023-11-20,2023-11-26,Total,1
Khersonskyi,2023-11-20,2023-11-26,"Cultural facilities (museum, theater etc.)",1
Khersonskyi,2023-11-20,2023-11-26,"Education facility (school, etc.)",1
Khersonskyi,2023-11-20,2023-11-26,"Health facility (hospital, health clinic)",1
Khersonskyi,2023-11-20,2023-11-26,Industrial/Business/Enterprise facilities,4
Khersonskyi,2023-11-20,2023-11-26,Total,7
Nikopolskyi,2023-11-20,2023-11-26,Electricity supply system,3
Nikopolskyi,2023-11-20,2023-11-26,Gas supply system,3
Nikopolskyi,2023-11-20,2023-11-26,"Health facility (hospital, health clinic)",1
Nikopolskyi,2023-11-20,2023-11-26,Total,8
Nikopolskyi,2023-11-20,2023-11-26,Water supply system,1
Odeskyi,2023-11-20,2023-11-26,Government facilities,1
Odeskyi,2023-11-20,2023-11-26,Harbor,1
Odeskyi,2023-11-20,2023-11-26,Total,2
Beryslavskyi,2023-11-13,2023-11-19,"Cultural facilities (museum, theater etc.)",1
Beryslavskyi,2023-11-13,2023-11-19,"Education facility (school, etc.)",1
Beryslavskyi,2023-11-13,2023-11-19,Government facilities,2
Beryslavskyi,2023-11-13,2023-11-19,"Health facility (hospital, health clinic)",1
Beryslavskyi,2023-11-13,2023-11-19,Industrial/Business/Enterprise facilities,1
Beryslavskyi,2023-11-13,2023-11-19,Total,6
Bohodukhivskyi,2023-11-13,2023-11-19,Agricultural facilities,1
Bohodukhivskyi,2023-11-13,2023-11-19,Total,1
Iziumskyi,2023-11-13,2023-11-19,Industrial/Business/Enterprise facilities,1
Iziumskyi,2023-11-13,2023-11-19,Total,1
Kharkivskyi,2023-11-13,2023-11-19,Gas supply system,1
Kharkivskyi,2023-11-13,2023-11-19,Total,1
Khersonskyi,2023-11-13,2023-11-19,Fuel depot,1
Khersonskyi,2023-11-13,2023-11-19,Government facilities,3
Khersonskyi,2023-11-13,2023-11-19,"Health facility (hospital, health clinic)",2
Khersonskyi,2023-11-13,2023-11-19,Industrial/Business/Enterprise facilities,7
Khersonskyi,2023-11-13,2023-11-19,Total,13
Konotopskyi,2023-11-13,2023-11-19,Electricity supply system,1
Konotopskyi,2023-11-13,2023-11-19,Telecommunications,1
Konotopskyi,2023-11-13,2023-11-19,Total,2
Kupianskyi,2023-11-13,2023-11-19,Industrial/Business/Enterprise facilities,1
Kupianskyi,2023-11-13,2023-11-19,Total,1
Mykolaivskyi,2023-11-13,2023-11-19,Government facilities,1
Mykolaivskyi,2023-11-13,2023-11-19,Total,1
Nikopolskyi,2023-11-13,2023-11-19,Electricity supply system,6
Nikopolskyi,2023-11-13,2023-11-19,Gas supply system,2
Nikopolskyi,2023-11-13,2023-11-19,Government facilities,2
Nikopolskyi,2023-11-13,2023-11-19,Total,10
Bakhmutskyi,2023-11-06,2023-11-12,"Education facility (school, etc.)",1
Bakhmutskyi,2023-11-06,2023-11-12,Total,1
Beryslavskyi,2023-11-06,2023-11-12,Government facilities,1
Beryslavskyi,2023-11-06,2023-11-12,Religious facilities,1
Beryslavskyi,2023-11-06,2023-11-12,Telecommunications,1
Beryslavskyi,2023-11-06,2023-11-12,Total,3
Chuhuivskyi,2023-11-06,2023-11-12,"Education facility (school, etc.)",1
Chuhuivskyi,2023-11-06,2023-11-12,Total,1
Khersonskyi,2023-11-06,2023-11-12,"Cultural facilities (museum, theater etc.)",1
Khersonskyi,2023-11-06,2023-11-12,"Education facility (school, etc.)",1
Khersonskyi,2023-11-06,2023-11-12,Government facilities,2
Khersonskyi,2023-11-06,2023-11-12,"Health facility (hospital, health clinic)",2
Khersonskyi,2023-11-06,2023-11-12,Industrial/Business/Enterprise facilities,2
Khersonskyi,2023-11-06,2023-11-12,Religious facilities,1
Khersonskyi,2023-11-06,2023-11-12,Road / Highway,2
Khersonskyi,2023-11-06,2023-11-12,Total,11
Nikopolskyi,2023-11-06,2023-11-12,Electricity supply system,4
Nikopolskyi,2023-11-06,2023-11-12,Gas supply system,3
Nikopolskyi,2023-11-06,2023-11-12,Government facilities,2
Nikopolskyi,2023-11-06,2023-11-12,Religious facilities,1
Nikopolskyi,2023-11-06,2023-11-12,Total,10
Novhorod-Siverskyi,2023-11-06,2023-11-12,"Cultural facilities (museum, theater etc.)",1
Novhorod-Siverskyi,2023-11-06,2023-11-12,Electricity supply system,1
Novhorod-Siverskyi,2023-11-06,2023-11-12,Government facilities,1
Novhorod-Siverskyi,2023-11-06,2023-11-12,Total,3
Odeskyi,2023-11-06,2023-11-12,Harbor,1
Odeskyi,2023-11-06,2023-11-12,Total,1
Pokrovskyi,2023-11-06,2023-11-12,Government facilities,2
Pokrovskyi,2023-11-06,2023-11-12,Road / Highway,1
Pokrovskyi,2023-11-06,2023-11-12,Total,3
Shostkynskyi,2023-11-06,2023-11-12,Industrial/Business/Enterprise facilities,1
Shostkynskyi,2023-11-06,2023-11-12,Total,1
Bashtanskyi,2023-10-30,2023-11-05,Agricultural facilities,1
Bashtanskyi,2023-10-30,2023-11-05,Total,1
Beryslavskyi,2023-10-30,2023-11-05,"Education facility (school, etc.)",2
Beryslavskyi,2023-10-30,2023-11-05,Electricity supply system,1
Beryslavskyi,2023-10-30,2023-11-05,Industrial/Business/Enterprise facilities,1
Beryslavskyi,2023-10-30,2023-11-05,Total,4
Chuhuivskyi,2023-10-30,2023-11-05,Industrial/Business/Enterprise facilities,2
Chuhuivskyi,2023-10-30,2023-11-05,Total,3
Chuhuivskyi,2023-10-30,2023-11-05,Warehouse,1
Kerchynskyi,2023-10-30,2023-11-05,Industrial/Business/Enterprise facilities,1
Kerchynskyi,2023-10-30,2023-11-05,Total,1
Kharkivskyi,2023-10-30,2023-11-05,"Education facility (school, etc.)",1
Kharkivskyi,2023-10-30,2023-11-05,Industrial/Business/Enterprise facilities,3
Kharkivskyi,2023-10-30,2023-11-05,Total,4
Khersonskyi,2023-10-30,2023-11-05,"Cultural facilities (museum, theater etc.)",1
Khersonskyi,2023-10-30,2023-11-05,"Education facility (school, etc.)",2
Khersonskyi,2023-10-30,2023-11-05,"Health facility (hospital, health clinic)",1
Khersonskyi,2023-10-30,2023-11-05,Industrial/Business/Enterprise facilities,1
Khersonskyi,2023-10-30,2023-11-05,Total,5
Mykolaivskyi,2023-10-30,2023-11-05,Electricity supply system,2
Mykolaivskyi,2023-10-30,2023-11-05,Gas supply system,1
Mykolaivskyi,2023-10-30,2023-11-05,Total,3
Nikopolskyi,2023-10-30,2023-11-05,Electricity supply system,10
Nikopolskyi,2023-10-30,2023-11-05,Gas supply system,1
Nikopolskyi,2023-10-30,2023-11-05,Government facilities,3
Nikopolskyi,2023-10-30,2023-11-05,"Health facility (hospital, health clinic)",3
Nikopolskyi,2023-10-30,2023-11-05,Industrial/Business/Enterprise facilities,7
Nikopolskyi,2023-10-30,2023-11-05,Total,24
Odeskyi,2023-10-30,2023-11-05,"Cultural facilities (museum, theater etc.)",1
Odeskyi,2023-10-30,2023-11-05,Road / Highway,1
Odeskyi,2023-10-30,2023-11-05,Total,4
Odeskyi,2023-10-30,2023-11-05,Warehouse,1
Odeskyi,2023-10-30,2023-11-05,Water supply system,1
Shostkynskyi,2023-10-30,2023-11-05,Industrial/Business/Enterprise facilities,1
Shostkynskyi,2023-10-30,2023-11-05,Total,1
Beryslavskyi,2023-10-23,2023-10-29,Industrial/Business/Enterprise facilities,2
Beryslavskyi,2023-10-23,2023-10-29,Total,2
Khersonskyi,2023-10-23,2023-10-29,"Education facility (school, etc.)",1
Khersonskyi,2023-10-23,2023-10-29,Electricity supply system,1
Khersonskyi,2023-10-23,2023-10-29,Gas supply system,1
Khersonskyi,2023-10-23,2023-10-29,Government facilities,1
Khersonskyi,2023-10-23,2023-10-29,Industrial/Business/Enterprise facilities,1
Khersonskyi,2023-10-23,2023-10-29,Other,1
Khersonskyi,2023-10-23,2023-10-29,Religious facilities,1
Khersonskyi,2023-10-23,2023-10-29,Total,7
Khmelnytskyi,2023-10-23,2023-10-29,Electricity supply system,1
Khmelnytskyi,2023-10-23,2023-10-29,Power plant,1
Khmelnytskyi,2023-10-23,2023-10-29,Total,2
Kupianskyi,2023-10-23,2023-10-29,"Education facility (school, etc.)",2
Kupianskyi,2023-10-23,2023-10-29,Total,2
Nikopolskyi,2023-10-23,2023-10-29,Electricity supply system,3
Nikopolskyi,2023-10-23,2023-10-29,Gas supply system,1
Nikopolskyi,2023-10-23,2023-10-29,Government facilities,1
Nikopolskyi,2023-10-23,2023-10-29,Industrial/Business/Enterprise facilities,4
Nikopolskyi,2023-10-23,2023-10-29,Total,9
Shepetivskyi,2023-10-23,2023-10-29,"Education facility (school, etc.)",2
Shepetivskyi,2023-10-23,2023-10-29,Government facilities,31
Shepetivskyi,2023-10-23,2023-10-29,"Health facility (hospital, health clinic)",1
Shepetivskyi,2023-10-23,2023-10-29,Industrial/Business/Enterprise facilities,1
Shepetivskyi,2023-10-23,2023-10-29,Total,35
Shostkynskyi,2023-10-23,2023-10-29,Industrial/Business/Enterprise facilities,1
Shostkynskyi,2023-10-23,2023-10-29,Total,1
Sumskyi,2023-10-23,2023-10-29,Agricultural facilities,1
Sumskyi,2023-10-23,2023-10-29,Total,1
Synelnykivskyi,2023-10-23,2023-10-29,Electricity supply system,1
Synelnykivskyi,2023-10-23,2023-10-29,Total,1
Beryslavskyi,2023-10-16,2023-10-22,"Education facility (school, etc.)",3
Beryslavskyi,2023-10-16,2023-10-22,Government facilities,1
Beryslavskyi,2023-10-16,2023-10-22,"Health facility (hospital, health clinic)",1
Beryslavskyi,2023-10-16,2023-10-22,Total,5
Bohodukhivskyi,2023-10-16,2023-10-22,Gas supply system,1
Bohodukhivskyi,2023-10-16,2023-10-22,Total,1
Chuhuivskyi,2023-10-16,2023-10-22,"Cultural facilities (museum, theater etc.)",1
Chuhuivskyi,2023-10-16,2023-10-22,Other,1
Chuhuivskyi,2023-10-16,2023-10-22,Total,2
Dniprovskyi,2023-10-16,2023-10-22,Gas supply system,1
Dniprovskyi,2023-10-16,2023-10-22,Total,1
Kharkivskyi,2023-10-16,2023-10-22,Electricity supply system,1
Kharkivskyi,2023-10-16,2023-10-22,Industrial/Business/Enterprise facilities,3
Kharkivskyi,2023-10-16,2023-10-22,Total,4
Khersonskyi,2023-10-16,2023-10-22,"Cultural facilities (museum, theater etc.)",1
Khersonskyi,2023-10-16,2023-10-22,"Education facility (school, etc.)",1
Khersonskyi,2023-10-16,2023-10-22,Government facilities,1
Khersonskyi,2023-10-16,2023-10-22,"Health facility (hospital, health clinic)",1
Khersonskyi,2023-10-16,2023-10-22,Industrial/Business/Enterprise facilities,9
Khersonskyi,2023-10-16,2023-10-22,Other,1
Khersonskyi,2023-10-16,2023-10-22,Total,14
Kramatorskyi,2023-10-16,2023-10-22,Industrial/Business/Enterprise facilities,1
Kramatorskyi,2023-10-16,2023-10-22,Total,1
Kryvorizkyi,2023-10-16,2023-10-22,Electricity supply system,1
Kryvorizkyi,2023-10-16,2023-10-22,Total,2
Kryvorizkyi,2023-10-16,2023-10-22,Warehouse,1
Kupianskyi,2023-10-16,2023-10-22,Gas supply system,1
Kupianskyi,2023-10-16,2023-10-22,Industrial/Business/Enterprise facilities,1
Kupianskyi,2023-10-16,2023-10-22,Total,2
Nikopolskyi,2023-10-16,2023-10-22,"Cultural facilities (museum, theater etc.)",1
Nikopolskyi,2023-10-16,2023-10-22,"Education facility (school, etc.)",1
Nikopolskyi,2023-10-16,2023-10-22,Electricity supply system,7
Nikopolskyi,2023-10-16,2023-10-22,Gas supply system,2
Nikopolskyi,2023-10-16,2023-10-22,Industrial/Business/Enterprise facilities,5
Nikopolskyi,2023-10-16,2023-10-22,Other,1
Nikopolskyi,2023-10-16,2023-10-22,Religious facilities,3
Nikopolskyi,2023-10-16,2023-10-22,Road / Highway,1
Nikopolskyi,2023-10-16,2023-10-22,Total,21
Novhorod-Siverskyi,2023-10-16,2023-10-22,Electricity supply system,1
Novhorod-Siverskyi,2023-10-16,2023-10-22,Total,1
Odeskyi,2023-10-16,2023-10-22,"Cultural facilities (museum, theater etc.)",1
Odeskyi,2023-10-16,2023-10-22,Total,2
Odeskyi,2023-10-16,2023-10-22,Warehouse,1
Zaporizkyi,2023-10-16,2023-10-22,Religious facilities,1
Zaporizkyi,2023-10-16,2023-10-22,Total,1
Beryslavskyi,2023-10-09,2023-10-15,Agricultural facilities,1
Beryslavskyi,2023-10-09,2023-10-15,"Cultural facilities (museum, theater etc.)",1
Beryslavskyi,2023-10-09,2023-10-15,"Education facility (school, etc.)",1
Beryslavskyi,2023-10-09,2023-10-15,Total,3
Iziumskyi,2023-10-09,2023-10-15,Agricultural facilities,1
Iziumskyi,2023-10-09,2023-10-15,Total,1
Izmailskyi,2023-10-09,2023-10-15,Harbor,1
Izmailskyi,2023-10-09,2023-10-15,Total,1
Kharkivskyi,2023-10-09,2023-10-15,Electricity supply system,2
Kharkivskyi,2023-10-09,2023-10-15,Total,2
Khersonskyi,2023-10-09,2023-10-15,"Cultural facilities (museum, theater etc.)",2
Khersonskyi,2023-10-09,2023-10-15,"Education facility (school, etc.)",2
Khersonskyi,2023-10-09,2023-10-15,Industrial/Business/Enterprise facilities,3
Khersonskyi,2023-10-09,2023-10-15,Road / Highway,1
Khersonskyi,2023-10-09,2023-10-15,Total,8
Kupianskyi,2023-10-09,2023-10-15,Industrial/Business/Enterprise facilities,1
Kupianskyi,2023-10-09,2023-10-15,Total,1
Mykolaivskyi,2023-10-09,2023-10-15,"Education facility (school, etc.)",1
Mykolaivskyi,2023-10-09,2023-10-15,Electricity supply system,1
Mykolaivskyi,2023-10-09,2023-10-15,Government facilities,1
Mykolaivskyi,2023-10-09,2023-10-15,Harbor,1
Mykolaivskyi,2023-10-09,2023-10-15,Total,4
Nikopolskyi,2023-10-09,2023-10-15,Agricultural facilities,1
Nikopolskyi,2023-10-09,2023-10-15,"Education facility (school, etc.)",2
Nikopolskyi,2023-10-09,2023-10-15,Electricity supply system,9
Nikopolskyi,2023-10-09,2023-10-15,Gas supply system,4
Nikopolskyi,2023-10-09,2023-10-15,Government facilities,4
Nikopolskyi,2023-10-09,2023-10-15,"Health facility (hospital, health clinic)",1
Nikopolskyi,2023-10-09,2023-10-15,Industrial/Business/Enterprise facilities,7
Nikopolskyi,2023-10-09,2023-10-15,Total,28
Shostkynskyi,2023-10-09,2023-10-15,"Education facility (school, etc.)",2
Shostkynskyi,2023-10-09,2023-10-15,Electricity supply system,1
Shostkynskyi,2023-10-09,2023-10-15,Government facilities,2
Shostkynskyi,2023-10-09,2023-10-15,Industrial/Business/Enterprise facilities,1
Shostkynskyi,2023-10-09,2023-10-15,Total,6
Sumskyi,2023-10-09,2023-10-15,"Education facility (school, etc.)",2
Sumskyi,2023-10-09,2023-10-15,Total,2
Beryslavskyi,2023-10-02,2023-10-08,"Education facility (school, etc.)",1
Beryslavskyi,2023-10-02,2023-10-08,"Health facility (hospital, health clinic)",3
Beryslavskyi,2023-10-02,2023-10-08,Heating and water facility,1
Beryslavskyi,2023-10-02,2023-10-08,Industrial/Business/Enterprise facilities,1
Beryslavskyi,2023-10-02,2023-10-08,Total,6
Bohodukhivskyi,2023-10-02,2023-10-08,Agricultural facilities,1
Bohodukhivskyi,2023-10-02,2023-10-08,"Education facility (school, etc.)",1
Bohodukhivskyi,2023-10-02,2023-10-08,Industrial/Business/Enterprise facilities,1
Bohodukhivskyi,2023-10-02,2023-10-08,Total,3
Chuhuivskyi,2023-10-02,2023-10-08,Agricultural facilities,1
Chuhuivskyi,2023-10-02,2023-10-08,Industrial/Business/Enterprise facilities,1
Chuhuivskyi,2023-10-02,2023-10-08,Total,2
Dniprovskyi,2023-10-02,2023-10-08,Industrial/Business/Enterprise facilities,1
Dniprovskyi,2023-10-02,2023-10-08,Total,1
Iziumskyi,2023-10-02,2023-10-08,Agricultural facilities,1
Iziumskyi,2023-10-02,2023-10-08,"Cultural facilities (museum, theater etc.)",1
Iziumskyi,2023-10-02,2023-10-08,"Education facility (school, etc.)",1
Iziumskyi,2023-10-02,2023-10-08,Government facilities,2
Iziumskyi,2023-10-02,2023-10-08,Total,6
Iziumskyi,2023-10-02,2023-10-08,Warehouse,1
Kharkivskyi,2023-10-02,2023-10-08,"Education facility (school, etc.)",1
Kharkivskyi,2023-10-02,2023-10-08,Other,1
Kharkivskyi,2023-10-02,2023-10-08,Road / Highway,1
Kharkivskyi,2023-10-02,2023-10-08,Total,3
Khersonskyi,2023-10-02,2023-10-08,Agricultural facilities,1
Khersonskyi,2023-10-02,2023-10-08,"Cultural facilities (museum, theater etc.)",1
Khersonskyi,2023-10-02,2023-10-08,"Education facility (school, etc.)",2
Khersonskyi,2023-10-02,2023-10-08,Government facilities,3
Khersonskyi,2023-10-02,2023-10-08,"Health facility (hospital, health clinic)",1
Khersonskyi,2023-10-02,2023-10-08,Industrial/Business/Enterprise facilities,3
Khersonskyi,2023-10-02,2023-10-08,Religious facilities,1
Khersonskyi,2023-10-02,2023-10-08,Total,12
Kupianskyi,2023-10-02,2023-10-08,Industrial/Business/Enterprise facilities,1
Kupianskyi,2023-10-02,2023-10-08,Total,2
Kupianskyi,2023-10-02,2023-10-08,Warehouse,1
Nikopolskyi,2023-10-02,2023-10-08,"Education facility (school, etc.)",2
Nikopolskyi,2023-10-02,2023-10-08,Electricity supply system,5
Nikopolskyi,2023-10-02,2023-10-08,Gas supply system,1
Nikopolskyi,2023-10-02,2023-10-08,Government facilities,2
Nikopolskyi,2023-10-02,2023-10-08,Industrial/Business/Enterprise facilities,1
Nikopolskyi,2023-10-02,2023-10-08,Total,11
Pavlohradskyi,2023-10-02,2023-10-08,Industrial/Business/Enterprise facilities,1
Pavlohradskyi,2023-10-02,2023-10-08,Total,1
Shostkynskyi,2023-10-02,2023-10-08,Government facilities,1
Shostkynskyi,2023-10-02,2023-10-08,Industrial/Business/Enterprise facilities,1
Shostkynskyi,2023-10-02,2023-10-08,Total,2
Sumskyi,2023-10-02,2023-10-08,Industrial/Business/Enterprise facilities,1
Sumskyi,2023-10-02,2023-10-08,Total,1
Bashtanskyi,2023-09-25,2023-10-01,Agricultural facilities,1
Bashtanskyi,2023-09-25,2023-10-01,Total,2
Bashtanskyi,2023-09-25,2023-10-01,Warehouse,1
Beryslavskyi,2023-09-25,2023-10-01,"Education facility (school, etc.)",1
Beryslavskyi,2023-09-25,2023-10-01,Government facilities,7
Beryslavskyi,2023-09-25,2023-10-01,"Health facility (hospital, health clinic)",1
Beryslavskyi,2023-09-25,2023-10-01,Industrial/Business/Enterprise facilities,2
Beryslavskyi,2023-09-25,2023-10-01,Total,11
Chuhuivskyi,2023-09-25,2023-10-01,Industrial/Business/Enterprise facilities,1
Chuhuivskyi,2023-09-25,2023-10-01,Other,1
Chuhuivskyi,2023-09-25,2023-10-01,Total,2
Horlivskyi,2023-09-25,2023-10-01,Industrial/Business/Enterprise facilities,1
Horlivskyi,2023-09-25,2023-10-01,Total,1
Iziumskyi,2023-09-25,2023-10-01,Electricity supply system,1
Iziumskyi,2023-09-25,2023-10-01,Industrial/Business/Enterprise facilities,1
Iziumskyi,2023-09-25,2023-10-01,Total,2
Izmailskyi,2023-09-25,2023-10-01,Government facilities,1
Izmailskyi,2023-09-25,2023-10-01,Other,2
Izmailskyi,2023-09-25,2023-10-01,Total,4
Izmailskyi,2023-09-25,2023-10-01,Warehouse,1
Kharkivskyi,2023-09-25,2023-10-01,Industrial/Business/Enterprise facilities,1
Kharkivskyi,2023-09-25,2023-10-01,Total,1
Khersonskyi,2023-09-25,2023-10-01,Agricultural facilities,1
Khersonskyi,2023-09-25,2023-10-01,"Education facility (school, etc.)",5
Khersonskyi,2023-09-25,2023-10-01,Electricity supply system,1
Khersonskyi,2023-09-25,2023-10-01,Gas supply system,1
Khersonskyi,2023-09-25,2023-10-01,Government facilities,1
Khersonskyi,2023-09-25,2023-10-01,"Health facility (hospital, health clinic)",1
Khersonskyi,2023-09-25,2023-10-01,Industrial/Business/Enterprise facilities,8
Khersonskyi,2023-09-25,2023-10-01,Other,1
Khersonskyi,2023-09-25,2023-10-01,Total,19
Kramatorskyi,2023-09-25,2023-10-01,Industrial/Business/Enterprise facilities,2
Kramatorskyi,2023-09-25,2023-10-01,Total,2
Kryvorizkyi,2023-09-25,2023-10-01,Industrial/Business/Enterprise facilities,1
Kryvorizkyi,2023-09-25,2023-10-01,Total,1
Kupianskyi,2023-09-25,2023-10-01,Gas supply system,1
Kupianskyi,2023-09-25,2023-10-01,Road / Highway,1
Kupianskyi,2023-09-25,2023-10-01,Telecommunications,1
Kupianskyi,2023-09-25,2023-10-01,Total,3
Mykolaivskyi,2023-09-25,2023-10-01,Electricity supply system,1
Mykolaivskyi,2023-09-25,2023-10-01,Total,1
Nikopolskyi,2023-09-25,2023-10-01,Agricultural facilities,1
Nikopolskyi,2023-09-25,2023-10-01,Electricity supply system,5
Nikopolskyi,2023-09-25,2023-10-01,Gas supply system,2
Nikopolskyi,2023-09-25,2023-10-01,Government facilities,2
Nikopolskyi,2023-09-25,2023-10-01,Industrial/Business/Enterprise facilities,1
Nikopolskyi,2023-09-25,2023-10-01,Total,11
Shostkynskyi,2023-09-25,2023-10-01,Electricity supply system,1
Shostkynskyi,2023-09-25,2023-10-01,Total,1
Synelnykivskyi,2023-09-25,2023-10-01,Electricity supply system,1
Synelnykivskyi,2023-09-25,2023-10-01,Gas supply system,1
Synelnykivskyi,2023-09-25,2023-10-01,Total,2
Umanskyi,2023-09-25,2023-10-01,Total,1
Umanskyi,2023-09-25,2023-10-01,Warehouse,1
Beryslavskyi,2023-09-18,2023-09-24,Agricultural facilities,1
Beryslavskyi,2023-09-18,2023-09-24,"Cultural facilities (museum, theater etc.)",1
Beryslavskyi,2023-09-18,2023-09-24,"Education facility (school, etc.)",1
Beryslavskyi,2023-09-18,2023-09-24,Government facilities,1
Beryslavskyi,2023-09-18,2023-09-24,"Health facility (hospital, health clinic)",2
Beryslavskyi,2023-09-18,2023-09-24,Total,7
Beryslavskyi,2023-09-18,2023-09-24,Warehouse,1
Bilhorod-Dnistrovskyi,2023-09-18,2023-09-24,"Cultural facilities (museum, theater etc.)",1
Bilhorod-Dnistrovskyi,2023-09-18,2023-09-24,Total,1
Bohodukhivskyi,2023-09-18,2023-09-24,Gas supply system,1
Bohodukhivskyi,2023-09-18,2023-09-24,Total,1
Dniprovskyi,2023-09-18,2023-09-24,Fuel depot,2
Dniprovskyi,2023-09-18,2023-09-24,Other,1
Dniprovskyi,2023-09-18,2023-09-24,Total,3
Izmailskyi,2023-09-18,2023-09-24,"Cultural facilities (museum, theater etc.)",1
Izmailskyi,2023-09-18,2023-09-24,Total,1
Kharkivskyi,2023-09-18,2023-09-24,Total,1
Kharkivskyi,2023-09-18,2023-09-24,Water supply system,1
Khersonskyi,2023-09-18,2023-09-24,"Education facility (school, etc.)",2
Khersonskyi,2023-09-18,2023-09-24,Government facilities,1
Khersonskyi,2023-09-18,2023-09-24,"Health facility (hospital, health clinic)",1
Khersonskyi,2023-09-18,2023-09-24,Total,4
Khmelnytskyi,2023-09-18,2023-09-24,Industrial/Business/Enterprise facilities,1
Khmelnytskyi,2023-09-18,2023-09-24,Railway,1
Khmelnytskyi,2023-09-18,2023-09-24,Total,2
Konotopskyi,2023-09-18,2023-09-24,Total,1
Konotopskyi,2023-09-18,2023-09-24,Warehouse,1
Kremenchutskyi,2023-09-18,2023-09-24,Industrial/Business/Enterprise facilities,1
Kremenchutskyi,2023-09-18,2023-09-24,Total,1
Kryvorizkyi,2023-09-18,2023-09-24,"Education facility (school, etc.)",2
Kryvorizkyi,2023-09-18,2023-09-24,Electricity supply system,1
Kryvorizkyi,2023-09-18,2023-09-24,Gas supply system,1
Kryvorizkyi,2023-09-18,2023-09-24,"Health facility (hospital, health clinic)",1
Kryvorizkyi,2023-09-18,2023-09-24,Total,5
Kupianskyi,2023-09-18,2023-09-24,Bridge,1
Kupianskyi,2023-09-18,2023-09-24,Government facilities,1
Kupianskyi,2023-09-18,2023-09-24,Total,2
Kyiv,2023-09-18,2023-09-24,"Health facility (hospital, health clinic)",1
Kyiv,2023-09-18,2023-09-24,Industrial/Business/Enterprise facilities,1
Kyiv,2023-09-18,2023-09-24,Total,2
Lvivskyi,2023-09-18,2023-09-24,Total,3
Lvivskyi,2023-09-18,2023-09-24,Warehouse,3
Nikopolskyi,2023-09-18,2023-09-24,Agricultural facilities,1
Nikopolskyi,2023-09-18,2023-09-24,"Cultural facilities (museum, theater etc.)",1
Nikopolskyi,2023-09-18,2023-09-24,"Education facility (school, etc.)",1
Nikopolskyi,2023-09-18,2023-09-24,Electricity supply system,2
Nikopolskyi,2023-09-18,2023-09-24,Gas supply system,1
Nikopolskyi,2023-09-18,2023-09-24,Government facilities,1
Nikopolskyi,2023-09-18,2023-09-24,"Health facility (hospital, health clinic)",1
Nikopolskyi,2023-09-18,2023-09-24,Industrial/Business/Enterprise facilities,5
Nikopolskyi,2023-09-18,2023-09-24,Total,13
Novhorod-Siverskyi,2023-09-18,2023-09-24,Agricultural facilities,1
Novhorod-Siverskyi,2023-09-18,2023-09-24,Total,1
Sumskyi,2023-09-18,2023-09-24,Agricultural facilities,1
Sumskyi,2023-09-18,2023-09-24,Electricity supply system,2
Sumskyi,2023-09-18,2023-09-24,Gas supply system,2
Sumskyi,2023-09-18,2023-09-24,Industrial/Business/Enterprise facilities,2
Sumskyi,2023-09-18,2023-09-24,Total,7
Berezivskyi,2023-09-11,2023-09-17,Agricultural facilities,1
Berezivskyi,2023-09-11,2023-09-17,Total,1
Beryslavskyi,2023-09-11,2023-09-17,"Education facility (school, etc.)",1
Beryslavskyi,2023-09-11,2023-09-17,Government facilities,1
Beryslavskyi,2023-09-11,2023-09-17,Religious facilities,1
Beryslavskyi,2023-09-11,2023-09-17,Telecommunications,1
Beryslavskyi,2023-09-11,2023-09-17,Total,6
Beryslavskyi,2023-09-11,2023-09-17,Water supply system,2
Chuhuivskyi,2023-09-11,2023-09-17,Government facilities,1
Chuhuivskyi,2023-09-11,2023-09-17,Total,1
Iziumskyi,2023-09-11,2023-09-17,Agricultural facilities,1
Iziumskyi,2023-09-11,2023-09-17,Total,1
Izmailskyi,2023-09-11,2023-09-17,Industrial/Business/Enterprise facilities,1
Izmailskyi,2023-09-11,2023-09-17,Other,1
Izmailskyi,2023-09-11,2023-09-17,Total,3
Izmailskyi,2023-09-11,2023-09-17,Warehouse,1
Kharkivskyi,2023-09-11,2023-09-17,Government facilities,1
Kharkivskyi,2023-09-11,2023-09-17,Industrial/Business/Enterprise facilities,1
Kharkivskyi,2023-09-11,2023-09-17,Total,3
Kharkivskyi,2023-09-11,2023-09-17,Warehouse,1
Khersonskyi,2023-09-11,2023-09-17,"Education facility (school, etc.)",4
Khersonskyi,2023-09-11,2023-09-17,Government facilities,2
Khersonskyi,2023-09-11,2023-09-17,"Health facility (hospital, health clinic)",3
Khersonskyi,2023-09-11,2023-09-17,Industrial/Business/Enterprise facilities,3
Khersonskyi,2023-09-11,2023-09-17,Total,12
Konotopskyi,2023-09-11,2023-09-17,Industrial/Business/Enterprise facilities,1
Konotopskyi,2023-09-11,2023-09-17,Total,1
Kupianskyi,2023-09-11,2023-09-17,Government facilities,1
Kupianskyi,2023-09-11,2023-09-17,Total,1
Mykolaivskyi,2023-09-11,2023-09-17,Gas supply system,1
Mykolaivskyi,2023-09-11,2023-09-17,Total,1
Nikopolskyi,2023-09-11,2023-09-17,"Education facility (school, etc.)",2
Nikopolskyi,2023-09-11,2023-09-17,Electricity supply system,5
Nikopolskyi,2023-09-11,2023-09-17,Gas supply system,6
Nikopolskyi,2023-09-11,2023-09-17,Government facilities,1
Nikopolskyi,2023-09-11,2023-09-17,Industrial/Business/Enterprise facilities,5
Nikopolskyi,2023-09-11,2023-09-17,Total,19
Okhtyrskyi,2023-09-11,2023-09-17,"Cultural facilities (museum, theater etc.)",1
Okhtyrskyi,2023-09-11,2023-09-17,"Education facility (school, etc.)",1
Okhtyrskyi,2023-09-11,2023-09-17,Total,2
Sumskyi,2023-09-11,2023-09-17,"Education facility (school, etc.)",1
Sumskyi,2023-09-11,2023-09-17,Industrial/Business/Enterprise facilities,1
Sumskyi,2023-09-11,2023-09-17,Total,3
Sumskyi,2023-09-11,2023-09-17,Water supply system,1
Bakhmutskyi,2023-09-04,2023-09-10,Electricity supply system,1
Bakhmutskyi,2023-09-04,2023-09-10,Total,1
Beryslavskyi,2023-09-04,2023-09-10,Agricultural facilities,1
Beryslavskyi,2023-09-04,2023-09-10,"Education facility (school, etc.)",1
Beryslavskyi,2023-09-04,2023-09-10,Government facilities,1
Beryslavskyi,2023-09-04,2023-09-10,Telecommunications,1
Beryslavskyi,2023-09-04,2023-09-10,Total,4
Horlivskyi,2023-09-04,2023-09-10,Industrial/Business/Enterprise facilities,1
Horlivskyi,2023-09-04,2023-09-10,Total,1
Iziumskyi,2023-09-04,2023-09-10,Industrial/Business/Enterprise facilities,1
Iziumskyi,2023-09-04,2023-09-10,Total,1
Izmailskyi,2023-09-04,2023-09-10,Agricultural facilities,3
Izmailskyi,2023-09-04,2023-09-10,Government facilities,1
Izmailskyi,2023-09-04,2023-09-10,Industrial/Business/Enterprise facilities,2
Izmailskyi,2023-09-04,2023-09-10,Total,7
Izmailskyi,2023-09-04,2023-09-10,Warehouse,1
Kharkivskyi,2023-09-04,2023-09-10,Agricultural facilities,1
Kharkivskyi,2023-09-04,2023-09-10,Total,1
Khersonskyi,2023-09-04,2023-09-10,"Education facility (school, etc.)",3
Khersonskyi,2023-09-04,2023-09-10,Government facilities,1
Khersonskyi,2023-09-04,2023-09-10,Industrial/Business/Enterprise facilities,3
Khersonskyi,2023-09-04,2023-09-10,Total,7
Konotopskyi,2023-09-04,2023-09-10,Electricity supply system,1
Konotopskyi,2023-09-04,2023-09-10,Telecommunications,1
Konotopskyi,2023-09-04,2023-09-10,Total,2
Kramatorskyi,2023-09-04,2023-09-10,Industrial/Business/Enterprise facilities,1
Kramatorskyi,2023-09-04,2023-09-10,Total,1
Kryvorizkyi,2023-09-04,2023-09-10,Government facilities,1
Kryvorizkyi,2023-09-04,2023-09-10,Industrial/Business/Enterprise facilities,1
Kryvorizkyi,2023-09-04,2023-09-10,Total,2
Nikopolskyi,2023-09-04,2023-09-10,"Education facility (school, etc.)",1
Nikopolskyi,2023-09-04,2023-09-10,Electricity supply system,3
Nikopolskyi,2023-09-04,2023-09-10,Government facilities,2
Nikopolskyi,2023-09-04,2023-09-10,Industrial/Business/Enterprise facilities,2
Nikopolskyi,2023-09-04,2023-09-10,Total,9
Nikopolskyi,2023-09-04,2023-09-10,Warehouse,1
Odeskyi,2023-09-04,2023-09-10,Agricultural facilities,1
Odeskyi,2023-09-04,2023-09-10,Government facilities,1
Odeskyi,2023-09-04,2023-09-10,Other,1
Odeskyi,2023-09-04,2023-09-10,Total,3
Okhtyrskyi,2023-09-04,2023-09-10,"Education facility (school, etc.)",1
Okhtyrskyi,2023-09-04,2023-09-10,Total,1
Pokrovskyi,2023-09-04,2023-09-10,Industrial/Business/Enterprise facilities,1
Pokrovskyi,2023-09-04,2023-09-10,Total,1
Shostkynskyi,2023-09-04,2023-09-10,Government facilities,1
Shostkynskyi,2023-09-04,2023-09-10,Railway,1
Shostkynskyi,2023-09-04,2023-09-10,Total,3
Shostkynskyi,2023-09-04,2023-09-10,Warehouse,1
Sumskyi,2023-09-04,2023-09-10,"Cultural facilities (museum, theater etc.)",1
Sumskyi,2023-09-04,2023-09-10,"Education facility (school, etc.)",1
Sumskyi,2023-09-04,2023-09-10,Electricity supply system,2
Sumskyi,2023-09-04,2023-09-10,Government facilities,1
Sumskyi,2023-09-04,2023-09-10,Industrial/Business/Enterprise facilities,1
Sumskyi,2023-09-04,2023-09-10,Telecommunications,1
Sumskyi,2023-09-04,2023-09-10,Total,7
Synelnykivskyi,2023-09-04,2023-09-10,Agricultural facilities,1
Synelnykivskyi,2023-09-04,2023-09-10,Total,1
Zaporizkyi,2023-09-04,2023-09-10,"Education facility (school, etc.)",3
Zaporizkyi,2023-09-04,2023-09-10,Government facilities,1
Zaporizkyi,2023-09-04,2023-09-10,Total,4
Bakhmutskyi,2023-08-28,2023-09-03,Industrial/Business/Enterprise facilities,1
Bakhmutskyi,2023-08-28,2023-09-03,Total,1
Beryslavskyi,2023-08-28,2023-09-03,"Education facility (school, etc.)",1
Beryslavskyi,2023-08-28,2023-09-03,Total,1
Bohodukhivskyi,2023-08-28,2023-09-03,Agricultural facilities,1
Bohodukhivskyi,2023-08-28,2023-09-03,Government facilities,1
Bohodukhivskyi,2023-08-28,2023-09-03,Total,2
Horlivskyi,2023-08-28,2023-09-03,Electricity supply system,1
Horlivskyi,2023-08-28,2023-09-03,Industrial/Business/Enterprise facilities,1
Horlivskyi,2023-08-28,2023-09-03,Total,2
Iziumskyi,2023-08-28,2023-09-03,Electricity supply system,1
Iziumskyi,2023-08-28,2023-09-03,Gas supply system,1
Iziumskyi,2023-08-28,2023-09-03,Industrial/Business/Enterprise facilities,1
Iziumskyi,2023-08-28,2023-09-03,Total,4
Iziumskyi,2023-08-28,2023-09-03,Warehouse,1
Kharkivskyi,2023-08-28,2023-09-03,Gas supply system,1
Kharkivskyi,2023-08-28,2023-09-03,Industrial/Business/Enterprise facilities,1
Kharkivskyi,2023-08-28,2023-09-03,Total,3
Kharkivskyi,2023-08-28,2023-09-03,Warehouse,1
Khersonskyi,2023-08-28,2023-09-03,Agricultural facilities,1
Khersonskyi,2023-08-28,2023-09-03,"Education facility (school, etc.)",1
Khersonskyi,2023-08-28,2023-09-03,Industrial/Business/Enterprise facilities,2
Khersonskyi,2023-08-28,2023-09-03,Other,1
Khersonskyi,2023-08-28,2023-09-03,Religious facilities,1
Khersonskyi,2023-08-28,2023-09-03,Total,6
Kramatorskyi,2023-08-28,2023-09-03,Industrial/Business/Enterprise facilities,1
Kramatorskyi,2023-08-28,2023-09-03,Other,1
Kramatorskyi,2023-08-28,2023-09-03,Road / Highway,1
Kramatorskyi,2023-08-28,2023-09-03,Total,3
Kupianskyi,2023-08-28,2023-09-03,Electricity supply system,1
Kupianskyi,2023-08-28,2023-09-03,Gas supply system,1
Kupianskyi,2023-08-28,2023-09-03,Government facilities,3
Kupianskyi,2023-08-28,2023-09-03,Industrial/Business/Enterprise facilities,2
Kupianskyi,2023-08-28,2023-09-03,Other,1
Kupianskyi,2023-08-28,2023-09-03,Total,8
Nikopolskyi,2023-08-28,2023-09-03,Electricity supply system,4
Nikopolskyi,2023-08-28,2023-09-03,Gas supply system,3
Nikopolskyi,2023-08-28,2023-09-03,Government facilities,1
Nikopolskyi,2023-08-28,2023-09-03,Industrial/Business/Enterprise facilities,2
Nikopolskyi,2023-08-28,2023-09-03,Total,10
Novhorod-Siverskyi,2023-08-28,2023-09-03,"Health facility (hospital, health clinic)",1
Novhorod-Siverskyi,2023-08-28,2023-09-03,Total,1
Pokrovskyi,2023-08-28,2023-09-03,"Education facility (school, etc.)",1
Pokrovskyi,2023-08-28,2023-09-03,Total,1
Shostkynskyi,2023-08-28,2023-09-03,"Cultural facilities (museum, theater etc.)",3
Shostkynskyi,2023-08-28,2023-09-03,"Education facility (school, etc.)",2
Shostkynskyi,2023-08-28,2023-09-03,Government facilities,7
Shostkynskyi,2023-08-28,2023-09-03,Industrial/Business/Enterprise facilities,3
Shostkynskyi,2023-08-28,2023-09-03,Total,16
Shostkynskyi,2023-08-28,2023-09-03,Water supply system,1
Sumskyi,2023-08-28,2023-09-03,Agricultural facilities,1
Sumskyi,2023-08-28,2023-09-03,Electricity supply system,1
Sumskyi,2023-08-28,2023-09-03,Industrial/Business/Enterprise facilities,1
Sumskyi,2023-08-28,2023-09-03,Total,3
Synelnykivskyi,2023-08-28,2023-09-03,Electricity supply system,1
Synelnykivskyi,2023-08-28,2023-09-03,Total,1
Volnovaskyi,2023-08-28,2023-09-03,"Cultural facilities (museum, theater etc.)",1
Volnovaskyi,2023-08-28,2023-09-03,Total,1
Beryslavskyi,2023-08-21,2023-08-27,Agricultural facilities,3
Beryslavskyi,2023-08-21,2023-08-27,"Education facility (school, etc.)",1
Beryslavskyi,2023-08-21,2023-08-27,Government facilities,1
Beryslavskyi,2023-08-21,2023-08-27,Industrial/Business/Enterprise facilities,1
Beryslavskyi,2023-08-21,2023-08-27,Other,1
Beryslavskyi,2023-08-21,2023-08-27,Total,8
Beryslavskyi,2023-08-21,2023-08-27,Warehouse,1
Chuhuivskyi,2023-08-21,2023-08-27,Agricultural facilities,1
Chuhuivskyi,2023-08-21,2023-08-27,"Cultural facilities (museum, theater etc.)",1
Chuhuivskyi,2023-08-21,2023-08-27,"Education facility (school, etc.)",1
Chuhuivskyi,2023-08-21,2023-08-27,Government facilities,2
Chuhuivskyi,2023-08-21,2023-08-27,"Health facility (hospital, health clinic)",1
Chuhuivskyi,2023-08-21,2023-08-27,Industrial/Business/Enterprise facilities,2
Chuhuivskyi,2023-08-21,2023-08-27,Other,1
Chuhuivskyi,2023-08-21,2023-08-27,Total,9
Dniprovskyi,2023-08-21,2023-08-27,Agricultural facilities,1
Dniprovskyi,2023-08-21,2023-08-27,Fuel depot,1
Dniprovskyi,2023-08-21,2023-08-27,Government facilities,3
Dniprovskyi,2023-08-21,2023-08-27,Industrial/Business/Enterprise facilities,4
Dniprovskyi,2023-08-21,2023-08-27,Total,10
Dniprovskyi,2023-08-21,2023-08-27,Water supply system,1
Horlivskyi,2023-08-21,2023-08-27,Industrial/Business/Enterprise facilities,1
Horlivskyi,2023-08-21,2023-08-27,Total,1
Iziumskyi,2023-08-21,2023-08-27,Electricity supply system,1
Iziumskyi,2023-08-21,2023-08-27,Total,1
Khersonskyi,2023-08-21,2023-08-27,"Cultural facilities (museum, theater etc.)",1
Khersonskyi,2023-08-21,2023-08-27,"Education facility (school, etc.)",4
Khersonskyi,2023-08-21,2023-08-27,Electricity supply system,1
Khersonskyi,2023-08-21,2023-08-27,Gas supply system,2
Khersonskyi,2023-08-21,2023-08-27,Government facilities,2
Khersonskyi,2023-08-21,2023-08-27,"Health facility (hospital, health clinic)",2
Khersonskyi,2023-08-21,2023-08-27,Industrial/Business/Enterprise facilities,9
Khersonskyi,2023-08-21,2023-08-27,Total,21
Kryvorizkyi,2023-08-21,2023-08-27,"Education facility (school, etc.)",2
Kryvorizkyi,2023-08-21,2023-08-27,Electricity supply system,1
Kryvorizkyi,2023-08-21,2023-08-27,Gas supply system,4
Kryvorizkyi,2023-08-21,2023-08-27,Government facilities,2
Kryvorizkyi,2023-08-21,2023-08-27,Total,9
Kupianskyi,2023-08-21,2023-08-27,Bridge,1
Kupianskyi,2023-08-21,2023-08-27,"Education facility (school, etc.)",1
Kupianskyi,2023-08-21,2023-08-27,Electricity supply system,1
Kupianskyi,2023-08-21,2023-08-27,Gas supply system,1
Kupianskyi,2023-08-21,2023-08-27,Government facilities,1
Kupianskyi,2023-08-21,2023-08-27,Industrial/Business/Enterprise facilities,2
Kupianskyi,2023-08-21,2023-08-27,Total,7
Mykolaivskyi,2023-08-21,2023-08-27,Gas supply system,1
Mykolaivskyi,2023-08-21,2023-08-27,Industrial/Business/Enterprise facilities,1
Mykolaivskyi,2023-08-21,2023-08-27,Telecommunications,1
Mykolaivskyi,2023-08-21,2023-08-27,Total,3
Nikopolskyi,2023-08-21,2023-08-27,Agricultural facilities,1
Nikopolskyi,2023-08-21,2023-08-27,Electricity supply system,1
Nikopolskyi,2023-08-21,2023-08-27,Industrial/Business/Enterprise facilities,1
Nikopolskyi,2023-08-21,2023-08-27,Total,3
Novhorod-Siverskyi,2023-08-21,2023-08-27,Government facilities,1
Novhorod-Siverskyi,2023-08-21,2023-08-27,Total,1
Odeskyi,2023-08-21,2023-08-27,Industrial/Business/Enterprise facilities,1
Odeskyi,2023-08-21,2023-08-27,Total,2
Odeskyi,2023-08-21,2023-08-27,Warehouse,1
Romenskyi,2023-08-21,2023-08-27,"Education facility (school, etc.)",1
Romenskyi,2023-08-21,2023-08-27,Total,1
Synelnykivskyi,2023-08-21,2023-08-27,Electricity supply system,2
Synelnykivskyi,2023-08-21,2023-08-27,Industrial/Business/Enterprise facilities,2
Synelnykivskyi,2023-08-21,2023-08-27,Total,4
Beryslavskyi,2023-08-14,2023-08-20,Government facilities,1
Beryslavskyi,2023-08-14,2023-08-20,Total,1
Cherkaskyi,2023-08-14,2023-08-20,"Health facility (hospital, health clinic)",1
Cherkaskyi,2023-08-14,2023-08-20,Heating and water facility,1
Cherkaskyi,2023-08-14,2023-08-20,Industrial/Business/Enterprise facilities,1
Cherkaskyi,2023-08-14,2023-08-20,Total,3
Chernihivskyi,2023-08-14,2023-08-20,"Cultural facilities (museum, theater etc.)",1
Chernihivskyi,2023-08-14,2023-08-20,Government facilities,10
Chernihivskyi,2023-08-14,2023-08-20,Industrial/Business/Enterprise facilities,1
Chernihivskyi,2023-08-14,2023-08-20,Total,12
Chuhuivskyi,2023-08-14,2023-08-20,"Health facility (hospital, health clinic)",1
Chuhuivskyi,2023-08-14,2023-08-20,Other,1
Chuhuivskyi,2023-08-14,2023-08-20,Total,2
Dniprovskyi,2023-08-14,2023-08-20,Industrial/Business/Enterprise facilities,1
Dniprovskyi,2023-08-14,2023-08-20,Other,1
Dniprovskyi,2023-08-14,2023-08-20,Total,2
Iziumskyi,2023-08-14,2023-08-20,Total,1
Iziumskyi,2023-08-14,2023-08-20,Warehouse,1
Khersonskyi,2023-08-14,2023-08-20,"Cultural facilities (museum, theater etc.)",1
Khersonskyi,2023-08-14,2023-08-20,"Education facility (school, etc.)",1
Khersonskyi,2023-08-14,2023-08-20,Electricity supply system,1
Khersonskyi,2023-08-14,2023-08-20,"Health facility (hospital, health clinic)",2
Khersonskyi,2023-08-14,2023-08-20,Industrial/Business/Enterprise facilities,2
Khersonskyi,2023-08-14,2023-08-20,Religious facilities,1
Khersonskyi,2023-08-14,2023-08-20,Total,8
Khmelnytskyi,2023-08-14,2023-08-20,"Cultural facilities (museum, theater etc.)",1
Khmelnytskyi,2023-08-14,2023-08-20,"Education facility (school, etc.)",1
Khmelnytskyi,2023-08-14,2023-08-20,Government facilities,1
Khmelnytskyi,2023-08-14,2023-08-20,Total,3
Kramatorskyi,2023-08-14,2023-08-20,Industrial/Business/Enterprise facilities,1
Kramatorskyi,2023-08-14,2023-08-20,Total,1
Kupianskyi,2023-08-14,2023-08-20,"Education facility (school, etc.)",1
Kupianskyi,2023-08-14,2023-08-20,Total,1
Lutskyi,2023-08-14,2023-08-20,Industrial/Business/Enterprise facilities,1
Lutskyi,2023-08-14,2023-08-20,Total,1
Lvivskyi,2023-08-14,2023-08-20,"Education facility (school, etc.)",2
Lvivskyi,2023-08-14,2023-08-20,Industrial/Business/Enterprise facilities,2
Lvivskyi,2023-08-14,2023-08-20,Total,4
Nikopolskyi,2023-08-14,2023-08-20,Electricity supply system,6
Nikopolskyi,2023-08-14,2023-08-20,Government facilities,1
Nikopolskyi,2023-08-14,2023-08-20,Industrial/Business/Enterprise facilities,1
Nikopolskyi,2023-08-14,2023-08-20,Total,8
Novhorod-Siverskyi,2023-08-14,2023-08-20,Electricity supply system,1
Novhorod-Siverskyi,2023-08-14,2023-08-20,Telecommunications,1
Novhorod-Siverskyi,2023-08-14,2023-08-20,Total,2
Odeskyi,2023-08-14,2023-08-20,Agricultural facilities,1
Odeskyi,2023-08-14,2023-08-20,"Education facility (school, etc.)",7
Odeskyi,2023-08-14,2023-08-20,Industrial/Business/Enterprise facilities,1
Odeskyi,2023-08-14,2023-08-20,Other,1
Odeskyi,2023-08-14,2023-08-20,Total,11
Odeskyi,2023-08-14,2023-08-20,Warehouse,1
Polohivskyi,2023-08-14,2023-08-20,"Cultural facilities (museum, theater etc.)",1
Polohivskyi,2023-08-14,2023-08-20,Religious facilities,1
Polohivskyi,2023-08-14,2023-08-20,Total,2
Sumskyi,2023-08-14,2023-08-20,Electricity supply system,2
Sumskyi,2023-08-14,2023-08-20,Industrial/Business/Enterprise facilities,2
Sumskyi,2023-08-14,2023-08-20,Total,4
Synelnykivskyi,2023-08-14,2023-08-20,Agricultural facilities,1
Synelnykivskyi,2023-08-14,2023-08-20,"Education facility (school, etc.)",1
Synelnykivskyi,2023-08-14,2023-08-20,Total,2
Zaporizkyi,2023-08-14,2023-08-20,"Education facility (school, etc.)",1
Zaporizkyi,2023-08-14,2023-08-20,Electricity supply system,1
Zaporizkyi,2023-08-14,2023-08-20,Total,2
Beryslavskyi,2023-08-07,2023-08-13,"Health facility (hospital, health clinic)",2
Beryslavskyi,2023-08-07,2023-08-13,Other,1
Beryslavskyi,2023-08-07,2023-08-13,Total,3
Dubenskyi,2023-08-07,2023-08-13,Fuel depot,1
Dubenskyi,2023-08-07,2023-08-13,Total,1
Iziumskyi,2023-08-07,2023-08-13,Industrial/Business/Enterprise facilities,1
Iziumskyi,2023-08-07,2023-08-13,Total,1
Kharkivskyi,2023-08-07,2023-08-13,"Education facility (school, etc.)",1
Kharkivskyi,2023-08-07,2023-08-13,Railway,1
Kharkivskyi,2023-08-07,2023-08-13,Total,2
Khersonskyi,2023-08-07,2023-08-13,Agricultural facilities,1
Khersonskyi,2023-08-07,2023-08-13,"Education facility (school, etc.)",2
Khersonskyi,2023-08-07,2023-08-13,Electricity supply system,1
Khersonskyi,2023-08-07,2023-08-13,Government facilities,2
Khersonskyi,2023-08-07,2023-08-13,"Health facility (hospital, health clinic)",3
Khersonskyi,2023-08-07,2023-08-13,Industrial/Business/Enterprise facilities,3
Khersonskyi,2023-08-07,2023-08-13,Total,13
Khersonskyi,2023-08-07,2023-08-13,Warehouse,1
Kolomyiskyi,2023-08-07,2023-08-13,Other,1
Kolomyiskyi,2023-08-07,2023-08-13,Total,1
Kupianskyi,2023-08-07,2023-08-13,Government facilities,1
Kupianskyi,2023-08-07,2023-08-13,Industrial/Business/Enterprise facilities,2
Kupianskyi,2023-08-07,2023-08-13,Total,3
Nikopolskyi,2023-08-07,2023-08-13,"Education facility (school, etc.)",2
Nikopolskyi,2023-08-07,2023-08-13,Electricity supply system,14
Nikopolskyi,2023-08-07,2023-08-13,Gas supply system,6
Nikopolskyi,2023-08-07,2023-08-13,Government facilities,1
Nikopolskyi,2023-08-07,2023-08-13,Industrial/Business/Enterprise facilities,1
Nikopolskyi,2023-08-07,2023-08-13,Religious facilities,1
Nikopolskyi,2023-08-07,2023-08-13,Total,25
Pokrovskyi,2023-08-07,2023-08-13,Government facilities,1
Pokrovskyi,2023-08-07,2023-08-13,Industrial/Business/Enterprise facilities,3
Pokrovskyi,2023-08-07,2023-08-13,Total,4
Shostkynskyi,2023-08-07,2023-08-13,"Cultural facilities (museum, theater etc.)",1
Shostkynskyi,2023-08-07,2023-08-13,Total,1
Zaporizkyi,2023-08-07,2023-08-13,"Education facility (school, etc.)",1
Zaporizkyi,2023-08-07,2023-08-13,Industrial/Business/Enterprise facilities,2
Zaporizkyi,2023-08-07,2023-08-13,Religious facilities,1
Zaporizkyi,2023-08-07,2023-08-13,Total,4
Bohodukhivskyi,2023-07-31,2023-08-06,Agricultural facilities,1
Bohodukhivskyi,2023-07-31,2023-08-06,Industrial/Business/Enterprise facilities,1
Bohodukhivskyi,2023-07-31,2023-08-06,Total,3
Bohodukhivskyi,2023-07-31,2023-08-06,Warehouse,1
Chuhuivskyi,2023-07-31,2023-08-06,Industrial/Business/Enterprise facilities,1
Chuhuivskyi,2023-07-31,2023-08-06,Total,1
Dniprovskyi,2023-07-31,2023-08-06,"Education facility (school, etc.)",1
Dniprovskyi,2023-07-31,2023-08-06,Government facilities,1
Dniprovskyi,2023-07-31,2023-08-06,Total,2
Iziumskyi,2023-07-31,2023-08-06,Industrial/Business/Enterprise facilities,1
Iziumskyi,2023-07-31,2023-08-06,Total,1
Izmailskyi,2023-07-31,2023-08-06,Industrial/Business/Enterprise facilities,1
Izmailskyi,2023-07-31,2023-08-06,Total,1
Kharkivskyi,2023-07-31,2023-08-06,"Education facility (school, etc.)",1
Kharkivskyi,2023-07-31,2023-08-06,Industrial/Business/Enterprise facilities,1
Kharkivskyi,2023-07-31,2023-08-06,Other,1
Kharkivskyi,2023-07-31,2023-08-06,Total,3
Khersonskyi,2023-07-31,2023-08-06,"Cultural facilities (museum, theater etc.)",2
Khersonskyi,2023-07-31,2023-08-06,"Education facility (school, etc.)",2
Khersonskyi,2023-07-31,2023-08-06,Government facilities,4
Khersonskyi,2023-07-31,2023-08-06,"Health facility (hospital, health clinic)",2
Khersonskyi,2023-07-31,2023-08-06,Industrial/Business/Enterprise facilities,4
Khersonskyi,2023-07-31,2023-08-06,Other,3
Khersonskyi,2023-07-31,2023-08-06,Religious facilities,3
Khersonskyi,2023-07-31,2023-08-06,Total,20
Khmelnytskyi,2023-07-31,2023-08-06,Agricultural facilities,1
Khmelnytskyi,2023-07-31,2023-08-06,"Cultural facilities (museum, theater etc.)",1
Khmelnytskyi,2023-07-31,2023-08-06,Other,1
Khmelnytskyi,2023-07-31,2023-08-06,Total,3
Kramatorskyi,2023-07-31,2023-08-06,Government facilities,1
Kramatorskyi,2023-07-31,2023-08-06,Industrial/Business/Enterprise facilities,1
Kramatorskyi,2023-07-31,2023-08-06,Total,2
Kupianskyi,2023-07-31,2023-08-06,Agricultural facilities,2
Kupianskyi,2023-07-31,2023-08-06,Other,1
Kupianskyi,2023-07-31,2023-08-06,Total,3
Nikopolskyi,2023-07-31,2023-08-06,"Education facility (school, etc.)",2
Nikopolskyi,2023-07-31,2023-08-06,Electricity supply system,4
Nikopolskyi,2023-07-31,2023-08-06,Gas supply system,5
Nikopolskyi,2023-07-31,2023-08-06,Industrial/Business/Enterprise facilities,1
Nikopolskyi,2023-07-31,2023-08-06,Telecommunications,1
Nikopolskyi,2023-07-31,2023-08-06,Total,13
Shostkynskyi,2023-07-31,2023-08-06,Industrial/Business/Enterprise facilities,1
Shostkynskyi,2023-07-31,2023-08-06,Road / Highway,1
Shostkynskyi,2023-07-31,2023-08-06,Total,2
Sievierodonetskyi,2023-07-31,2023-08-06,Agricultural facilities,1
Sievierodonetskyi,2023-07-31,2023-08-06,Total,1
Svativskyi,2023-07-31,2023-08-06,Bridge,1
Svativskyi,2023-07-31,2023-08-06,Road / Highway,1
Svativskyi,2023-07-31,2023-08-06,Total,2
Synelnykivskyi,2023-07-31,2023-08-06,"Education facility (school, etc.)",1
Synelnykivskyi,2023-07-31,2023-08-06,Total,1
Zaporizkyi,2023-07-31,2023-08-06,Government facilities,1
Zaporizkyi,2023-07-31,2023-08-06,Total,2
Zaporizkyi,2023-07-31,2023-08-06,Warehouse,1
Beryslavskyi,2023-07-24,2023-07-30,Agricultural facilities,2
Beryslavskyi,2023-07-24,2023-07-30,"Education facility (school, etc.)",1
Beryslavskyi,2023-07-24,2023-07-30,Electricity supply system,1
Beryslavskyi,2023-07-24,2023-07-30,Industrial/Business/Enterprise facilities,1
Beryslavskyi,2023-07-24,2023-07-30,Total,5
Bohodukhivskyi,2023-07-24,2023-07-30,"Education facility (school, etc.)",1
Bohodukhivskyi,2023-07-24,2023-07-30,Electricity supply system,1
Bohodukhivskyi,2023-07-24,2023-07-30,Total,2
Iziumskyi,2023-07-24,2023-07-30,Agricultural facilities,2
Iziumskyi,2023-07-24,2023-07-30,Total,2
Izmailskyi,2023-07-24,2023-07-30,Government facilities,1
Izmailskyi,2023-07-24,2023-07-30,Oil depot,1
Izmailskyi,2023-07-24,2023-07-30,Other,1
Izmailskyi,2023-07-24,2023-07-30,Total,7
Izmailskyi,2023-07-24,2023-07-30,Warehouse,4
Kharkivskyi,2023-07-24,2023-07-30,Electricity supply system,1
Kharkivskyi,2023-07-24,2023-07-30,Total,1
Khersonskyi,2023-07-24,2023-07-30,Industrial/Business/Enterprise facilities,1
Khersonskyi,2023-07-24,2023-07-30,Total,2
Khersonskyi,2023-07-24,2023-07-30,Warehouse,1
Konotopskyi,2023-07-24,2023-07-30,Electricity supply system,2
Konotopskyi,2023-07-24,2023-07-30,Total,2
Kryvorizkyi,2023-07-24,2023-07-30,Agricultural facilities,1
Kryvorizkyi,2023-07-24,2023-07-30,Total,2
Kryvorizkyi,2023-07-24,2023-07-30,Warehouse,1
Kupianskyi,2023-07-24,2023-07-30,Government facilities,1
Kupianskyi,2023-07-24,2023-07-30,Total,1
Lozivskyi,2023-07-24,2023-07-30,Industrial/Business/Enterprise facilities,1
Lozivskyi,2023-07-24,2023-07-30,Total,1
Nikopolskyi,2023-07-24,2023-07-30,"Education facility (school, etc.)",1
Nikopolskyi,2023-07-24,2023-07-30,Electricity supply system,3
Nikopolskyi,2023-07-24,2023-07-30,Gas supply system,1
Nikopolskyi,2023-07-24,2023-07-30,Government facilities,2
Nikopolskyi,2023-07-24,2023-07-30,Industrial/Business/Enterprise facilities,3
Nikopolskyi,2023-07-24,2023-07-30,Religious facilities,1
Nikopolskyi,2023-07-24,2023-07-30,Total,11
Sumskyi,2023-07-24,2023-07-30,Agricultural facilities,1
Sumskyi,2023-07-24,2023-07-30,"Education facility (school, etc.)",1
Sumskyi,2023-07-24,2023-07-30,Electricity supply system,2
Sumskyi,2023-07-24,2023-07-30,Total,4
Synelnykivskyi,2023-07-24,2023-07-30,Other,1
Synelnykivskyi,2023-07-24,2023-07-30,Total,2
Synelnykivskyi,2023-07-24,2023-07-30,Warehouse,1
Bakhmutskyi,2023-07-17,2023-07-23,"Cultural facilities (museum, theater etc.)",1
Bakhmutskyi,2023-07-17,2023-07-23,Total,1
Beryslavskyi,2023-07-17,2023-07-23,Agricultural facilities,2
Beryslavskyi,2023-07-17,2023-07-23,"Cultural facilities (museum, theater etc.)",1
Beryslavskyi,2023-07-17,2023-07-23,Other,1
Beryslavskyi,2023-07-17,2023-07-23,Total,4
Bohodukhivskyi,2023-07-17,2023-07-23,Agricultural facilities,1
Bohodukhivskyi,2023-07-17,2023-07-23,Total,1
Iziumskyi,2023-07-17,2023-07-23,"Cultural facilities (museum, theater etc.)",1
Iziumskyi,2023-07-17,2023-07-23,Electricity supply system,1
Iziumskyi,2023-07-17,2023-07-23,Total,2
Kharkivskyi,2023-07-17,2023-07-23,Industrial/Business/Enterprise facilities,1
Kharkivskyi,2023-07-17,2023-07-23,Total,1
Khersonskyi,2023-07-17,2023-07-23,"Cultural facilities (museum, theater etc.)",2
Khersonskyi,2023-07-17,2023-07-23,"Education facility (school, etc.)",2
Khersonskyi,2023-07-17,2023-07-23,Government facilities,1
Khersonskyi,2023-07-17,2023-07-23,Industrial/Business/Enterprise facilities,2
Khersonskyi,2023-07-17,2023-07-23,Total,8
Khersonskyi,2023-07-17,2023-07-23,Warehouse,1
Kupianskyi,2023-07-17,2023-07-23,Industrial/Business/Enterprise facilities,2
Kupianskyi,2023-07-17,2023-07-23,Total,2
Mykolaivskyi,2023-07-17,2023-07-23,"Cultural facilities (museum, theater etc.)",1
Mykolaivskyi,2023-07-17,2023-07-23,"Education facility (school, etc.)",3
Mykolaivskyi,2023-07-17,2023-07-23,Government facilities,1
Mykolaivskyi,2023-07-17,2023-07-23,"Health facility (hospital, health clinic)",1
Mykolaivskyi,2023-07-17,2023-07-23,Total,6
Nikopolskyi,2023-07-17,2023-07-23,Electricity supply system,1
Nikopolskyi,2023-07-17,2023-07-23,Industrial/Business/Enterprise facilities,2
Nikopolskyi,2023-07-17,2023-07-23,Other,1
Nikopolskyi,2023-07-17,2023-07-23,Total,4
Novhorod-Siverskyi,2023-07-17,2023-07-23,Bridge,1
Novhorod-Siverskyi,2023-07-17,2023-07-23,Telecommunications,1
Novhorod-Siverskyi,2023-07-17,2023-07-23,Total,2
Odeskyi,2023-07-17,2023-07-23,"Cultural facilities (museum, theater etc.)",26
Odeskyi,2023-07-17,2023-07-23,"Education facility (school, etc.)",5
Odeskyi,2023-07-17,2023-07-23,Government facilities,2
Odeskyi,2023-07-17,2023-07-23,Industrial/Business/Enterprise facilities,2
Odeskyi,2023-07-17,2023-07-23,Other,2
Odeskyi,2023-07-17,2023-07-23,Religious facilities,2
Odeskyi,2023-07-17,2023-07-23,Total,43
Odeskyi,2023-07-17,2023-07-23,Warehouse,4
Okhtyrskyi,2023-07-17,2023-07-23,Electricity supply system,1
Okhtyrskyi,2023-07-17,2023-07-23,Total,1
Polohivskyi,2023-07-17,2023-07-23,Agricultural facilities,1
Polohivskyi,2023-07-17,2023-07-23,Total,1
Sumskyi,2023-07-17,2023-07-23,Agricultural facilities,1
Sumskyi,2023-07-17,2023-07-23,Electricity supply system,3
Sumskyi,2023-07-17,2023-07-23,Gas supply system,2
Sumskyi,2023-07-17,2023-07-23,Government facilities,2
Sumskyi,2023-07-17,2023-07-23,Other,1
Sumskyi,2023-07-17,2023-07-23,Total,9
Synelnykivskyi,2023-07-17,2023-07-23,Electricity supply system,1
Synelnykivskyi,2023-07-17,2023-07-23,Total,1
Berdianskyi,2023-07-10,2023-07-16,Industrial/Business/Enterprise facilities,1
Berdianskyi,2023-07-10,2023-07-16,Total,1
Beryslavskyi,2023-07-10,2023-07-16,"Cultural facilities (museum, theater etc.)",1
Beryslavskyi,2023-07-10,2023-07-16,Government facilities,1
Beryslavskyi,2023-07-10,2023-07-16,"Health facility (hospital, health clinic)",1
Beryslavskyi,2023-07-10,2023-07-16,Industrial/Business/Enterprise facilities,1
Beryslavskyi,2023-07-10,2023-07-16,Total,6
Beryslavskyi,2023-07-10,2023-07-16,Warehouse,1
Beryslavskyi,2023-07-10,2023-07-16,Water supply system,1
Iziumskyi,2023-07-10,2023-07-16,Total,1
Iziumskyi,2023-07-10,2023-07-16,Warehouse,1
Kharkivskyi,2023-07-10,2023-07-16,Other,1
Kharkivskyi,2023-07-10,2023-07-16,Road / Highway,1
Kharkivskyi,2023-07-10,2023-07-16,Total,2
Khersonskyi,2023-07-10,2023-07-16,"Cultural facilities (museum, theater etc.)",1
Khersonskyi,2023-07-10,2023-07-16,Gas supply system,1
Khersonskyi,2023-07-10,2023-07-16,Government facilities,1
Khersonskyi,2023-07-10,2023-07-16,Industrial/Business/Enterprise facilities,2
Khersonskyi,2023-07-10,2023-07-16,Total,5
Kramatorskyi,2023-07-10,2023-07-16,Industrial/Business/Enterprise facilities,1
Kramatorskyi,2023-07-10,2023-07-16,Total,1
Kryvorizkyi,2023-07-10,2023-07-16,Government facilities,1
Kryvorizkyi,2023-07-10,2023-07-16,Industrial/Business/Enterprise facilities,1
Kryvorizkyi,2023-07-10,2023-07-16,Total,2
Kupianskyi,2023-07-10,2023-07-16,"Cultural facilities (museum, theater etc.)",1
Kupianskyi,2023-07-10,2023-07-16,Total,1
Kyiv,2023-07-10,2023-07-16,Total,1
Kyiv,2023-07-10,2023-07-16,Warehouse,1
Mykolaivskyi,2023-07-10,2023-07-16,Telecommunications,1
Mykolaivskyi,2023-07-10,2023-07-16,Total,1
Novhorod-Siverskyi,2023-07-10,2023-07-16,Agricultural facilities,1
Novhorod-Siverskyi,2023-07-10,2023-07-16,Total,1
Odeskyi,2023-07-10,2023-07-16,Harbor,1
Odeskyi,2023-07-10,2023-07-16,Total,1
Okhtyrskyi,2023-07-10,2023-07-16,Electricity supply system,1
Okhtyrskyi,2023-07-10,2023-07-16,Total,1
Polohivskyi,2023-07-10,2023-07-16,"Education facility (school, etc.)",1
Polohivskyi,2023-07-10,2023-07-16,Total,1
Sumskyi,2023-07-10,2023-07-16,Electricity supply system,1
Sumskyi,2023-07-10,2023-07-16,Gas supply system,1
Sumskyi,2023-07-10,2023-07-16,Industrial/Business/Enterprise facilities,1
Sumskyi,2023-07-10,2023-07-16,Total,3
Synelnykivskyi,2023-07-10,2023-07-16,Electricity supply system,1
Synelnykivskyi,2023-07-10,2023-07-16,Total,2
Synelnykivskyi,2023-07-10,2023-07-16,Warehouse,1
Vasylivskyi,2023-07-10,2023-07-16,Government facilities,1
Vasylivskyi,2023-07-10,2023-07-16,Total,1
Beryslavskyi,2023-07-03,2023-07-09,Industrial/Business/Enterprise facilities,1
Beryslavskyi,2023-07-03,2023-07-09,Total,1
Bohodukhivskyi,2023-07-03,2023-07-09,Railway,1
Bohodukhivskyi,2023-07-03,2023-07-09,Total,1
Chuhuivskyi,2023-07-03,2023-07-09,Industrial/Business/Enterprise facilities,1
Chuhuivskyi,2023-07-03,2023-07-09,Total,1
Donetskyi,2023-07-03,2023-07-09,Oil depot,1
Donetskyi,2023-07-03,2023-07-09,Total,1
Khersonskyi,2023-07-03,2023-07-09,"Education facility (school, etc.)",1
Khersonskyi,2023-07-03,2023-07-09,Industrial/Business/Enterprise facilities,1
Khersonskyi,2023-07-03,2023-07-09,Total,2
Kryvorizkyi,2023-07-03,2023-07-09,Industrial/Business/Enterprise facilities,1
Kryvorizkyi,2023-07-03,2023-07-09,Total,1
Lvivskyi,2023-07-03,2023-07-09,"Cultural facilities (museum, theater etc.)",1
Lvivskyi,2023-07-03,2023-07-09,"Education facility (school, etc.)",5
Lvivskyi,2023-07-03,2023-07-09,Electricity supply system,1
Lvivskyi,2023-07-03,2023-07-09,Industrial/Business/Enterprise facilities,1
Lvivskyi,2023-07-03,2023-07-09,Total,8
Mykolaivskyi,2023-07-03,2023-07-09,Industrial/Business/Enterprise facilities,1
Mykolaivskyi,2023-07-03,2023-07-09,Total,2
Mykolaivskyi,2023-07-03,2023-07-09,Warehouse,1
Nikopolskyi,2023-07-03,2023-07-09,Electricity supply system,3
Nikopolskyi,2023-07-03,2023-07-09,Gas supply system,1
Nikopolskyi,2023-07-03,2023-07-09,Total,4
Shostkynskyi,2023-07-03,2023-07-09,Industrial/Business/Enterprise facilities,1
Shostkynskyi,2023-07-03,2023-07-09,Total,1
Sumskyi,2023-07-03,2023-07-09,"Education facility (school, etc.)",2
Sumskyi,2023-07-03,2023-07-09,Electricity supply system,1
Sumskyi,2023-07-03,2023-07-09,Government facilities,1
Sumskyi,2023-07-03,2023-07-09,Industrial/Business/Enterprise facilities,1
Sumskyi,2023-07-03,2023-07-09,Total,5
Zvenyhorodskyi,2023-07-03,2023-07-09,Electricity supply system,1
Zvenyhorodskyi,2023-07-03,2023-07-09,Total,1
Beryslavskyi,2023-06-26,2023-07-02,Government facilities,1
Beryslavskyi,2023-06-26,2023-07-02,Total,1
Cherkaskyi,2023-06-26,2023-07-02,Total,1
Cherkaskyi,2023-06-26,2023-07-02,Warehouse,1
Iziumskyi,2023-06-26,2023-07-02,Electricity supply system,1
Iziumskyi,2023-06-26,2023-07-02,Railway,1
Iziumskyi,2023-06-26,2023-07-02,Total,2
Khersonskyi,2023-06-26,2023-07-02,"Education facility (school, etc.)",1
Khersonskyi,2023-06-26,2023-07-02,"Health facility (hospital, health clinic)",1
Khersonskyi,2023-06-26,2023-07-02,Industrial/Business/Enterprise facilities,1
Khersonskyi,2023-06-26,2023-07-02,Road / Highway,1
Khersonskyi,2023-06-26,2023-07-02,Total,4
Kramatorskyi,2023-06-26,2023-07-02,Industrial/Business/Enterprise facilities,1
Kramatorskyi,2023-06-26,2023-07-02,Total,1
Melitopolskyi,2023-06-26,2023-07-02,Railway,1
Melitopolskyi,2023-06-26,2023-07-02,Total,1
Nikopolskyi,2023-06-26,2023-07-02,Government facilities,1
Nikopolskyi,2023-06-26,2023-07-02,Industrial/Business/Enterprise facilities,1
Nikopolskyi,2023-06-26,2023-07-02,Other,1
Nikopolskyi,2023-06-26,2023-07-02,Religious facilities,1
Nikopolskyi,2023-06-26,2023-07-02,Total,4
Pokrovskyi,2023-06-26,2023-07-02,"Education facility (school, etc.)",1
Pokrovskyi,2023-06-26,2023-07-02,Total,1
Shostkynskyi,2023-06-26,2023-07-02,Electricity supply system,1
Shostkynskyi,2023-06-26,2023-07-02,Total,1
Skadovskyi,2023-06-26,2023-07-02,Agricultural facilities,1
Skadovskyi,2023-06-26,2023-07-02,Total,1
Synelnykivskyi,2023-06-26,2023-07-02,Agricultural facilities,1
Synelnykivskyi,2023-06-26,2023-07-02,Total,1
Beryslavskyi,2023-06-19,2023-06-25,Government facilities,2
Beryslavskyi,2023-06-19,2023-06-25,Industrial/Business/Enterprise facilities,1
Beryslavskyi,2023-06-19,2023-06-25,Total,3
Chuhuivskyi,2023-06-19,2023-06-25,Electricity supply system,1
Chuhuivskyi,2023-06-19,2023-06-25,Industrial/Business/Enterprise facilities,2
Chuhuivskyi,2023-06-19,2023-06-25,Total,3
Henicheskyi,2023-06-19,2023-06-25,Bridge,1
Henicheskyi,2023-06-19,2023-06-25,Total,1
Kharkivskyi,2023-06-19,2023-06-25,Gas supply system,1
Kharkivskyi,2023-06-19,2023-06-25,Government facilities,1
Kharkivskyi,2023-06-19,2023-06-25,Total,2
Khersonskyi,2023-06-19,2023-06-25,"Education facility (school, etc.)",2
Khersonskyi,2023-06-19,2023-06-25,Fuel depot,1
Khersonskyi,2023-06-19,2023-06-25,Government facilities,4
Khersonskyi,2023-06-19,2023-06-25,Industrial/Business/Enterprise facilities,2
Khersonskyi,2023-06-19,2023-06-25,Total,9
Kramatorskyi,2023-06-19,2023-06-25,Electricity supply system,1
Kramatorskyi,2023-06-19,2023-06-25,Total,1
Kryvorizkyi,2023-06-19,2023-06-25,Electricity supply system,1
Kryvorizkyi,2023-06-19,2023-06-25,Gas supply system,1
Kryvorizkyi,2023-06-19,2023-06-25,Total,3
Kryvorizkyi,2023-06-19,2023-06-25,Water supply system,1
Kupianskyi,2023-06-19,2023-06-25,Electricity supply system,1
Kupianskyi,2023-06-19,2023-06-25,Total,1
Mykolaivskyi,2023-06-19,2023-06-25,Harbor,1
Mykolaivskyi,2023-06-19,2023-06-25,Other,1
Mykolaivskyi,2023-06-19,2023-06-25,Total,2
Nikopolskyi,2023-06-19,2023-06-25,Electricity supply system,7
Nikopolskyi,2023-06-19,2023-06-25,Gas supply system,2
Nikopolskyi,2023-06-19,2023-06-25,Government facilities,2
Nikopolskyi,2023-06-19,2023-06-25,Industrial/Business/Enterprise facilities,1
Nikopolskyi,2023-06-19,2023-06-25,Other,1
Nikopolskyi,2023-06-19,2023-06-25,Total,13
Pokrovskyi,2023-06-19,2023-06-25,Industrial/Business/Enterprise facilities,1
Pokrovskyi,2023-06-19,2023-06-25,Total,1
Shostkynskyi,2023-06-19,2023-06-25,Electricity supply system,2
Shostkynskyi,2023-06-19,2023-06-25,Gas supply system,1
Shostkynskyi,2023-06-19,2023-06-25,Industrial/Business/Enterprise facilities,1
Shostkynskyi,2023-06-19,2023-06-25,Total,5
Shostkynskyi,2023-06-19,2023-06-25,Water supply system,1
Sumskyi,2023-06-19,2023-06-25,Electricity supply system,1
Sumskyi,2023-06-19,2023-06-25,Total,1
Zaporizkyi,2023-06-19,2023-06-25,Agricultural facilities,2
Zaporizkyi,2023-06-19,2023-06-25,"Education facility (school, etc.)",1
Zaporizkyi,2023-06-19,2023-06-25,Industrial/Business/Enterprise facilities,1
Zaporizkyi,2023-06-19,2023-06-25,Total,4
Bakhmutskyi,2023-06-12,2023-06-18,"Education facility (school, etc.)",1
Bakhmutskyi,2023-06-12,2023-06-18,Government facilities,1
Bakhmutskyi,2023-06-12,2023-06-18,Total,2
Bohodukhivskyi,2023-06-12,2023-06-18,Industrial/Business/Enterprise facilities,1
Bohodukhivskyi,2023-06-12,2023-06-18,Total,1
Khersonskyi,2023-06-12,2023-06-18,"Education facility (school, etc.)",2
Khersonskyi,2023-06-12,2023-06-18,Electricity supply system,1
Khersonskyi,2023-06-12,2023-06-18,Gas supply system,1
Khersonskyi,2023-06-12,2023-06-18,Government facilities,1
Khersonskyi,2023-06-12,2023-06-18,"Health facility (hospital, health clinic)",1
Khersonskyi,2023-06-12,2023-06-18,Industrial/Business/Enterprise facilities,3
Khersonskyi,2023-06-12,2023-06-18,Other,1
Khersonskyi,2023-06-12,2023-06-18,Religious facilities,1
Khersonskyi,2023-06-12,2023-06-18,Total,11
Kramatorskyi,2023-06-12,2023-06-18,Electricity supply system,1
Kramatorskyi,2023-06-12,2023-06-18,Gas supply system,1
Kramatorskyi,2023-06-12,2023-06-18,Total,2
Kryvorizkyi,2023-06-12,2023-06-18,Industrial/Business/Enterprise facilities,2
Kryvorizkyi,2023-06-12,2023-06-18,Total,2
Kupianskyi,2023-06-12,2023-06-18,Gas supply system,1
Kupianskyi,2023-06-12,2023-06-18,Industrial/Business/Enterprise facilities,1
Kupianskyi,2023-06-12,2023-06-18,Railway,1
Kupianskyi,2023-06-12,2023-06-18,Total,3
Mykolaivskyi,2023-06-12,2023-06-18,Industrial/Business/Enterprise facilities,1
Mykolaivskyi,2023-06-12,2023-06-18,Total,1
Nikopolskyi,2023-06-12,2023-06-18,"Cultural facilities (museum, theater etc.)",1
Nikopolskyi,2023-06-12,2023-06-18,Gas supply system,1
Nikopolskyi,2023-06-12,2023-06-18,Total,2
Odeskyi,2023-06-12,2023-06-18,"Education facility (school, etc.)",2
Odeskyi,2023-06-12,2023-06-18,Industrial/Business/Enterprise facilities,6
Odeskyi,2023-06-12,2023-06-18,Total,9
Odeskyi,2023-06-12,2023-06-18,Warehouse,1
Okhtyrskyi,2023-06-12,2023-06-18,Electricity supply system,1
Okhtyrskyi,2023-06-12,2023-06-18,Total,1
Oleksandriiskyi,2023-06-12,2023-06-18,Industrial/Business/Enterprise facilities,1
Oleksandriiskyi,2023-06-12,2023-06-18,Total,1
Polohivskyi,2023-06-12,2023-06-18,Total,1
Polohivskyi,2023-06-12,2023-06-18,Water supply system,1
Shostkynskyi,2023-06-12,2023-06-18,Agricultural facilities,1
Shostkynskyi,2023-06-12,2023-06-18,Electricity supply system,3
Shostkynskyi,2023-06-12,2023-06-18,Industrial/Business/Enterprise facilities,5
Shostkynskyi,2023-06-12,2023-06-18,Total,10
Shostkynskyi,2023-06-12,2023-06-18,Warehouse,1
Sumskyi,2023-06-12,2023-06-18,"Education facility (school, etc.)",1
Sumskyi,2023-06-12,2023-06-18,Electricity supply system,1
Sumskyi,2023-06-12,2023-06-18,Gas supply system,1
Sumskyi,2023-06-12,2023-06-18,Industrial/Business/Enterprise facilities,3
Sumskyi,2023-06-12,2023-06-18,Telecommunications,1
Sumskyi,2023-06-12,2023-06-18,Total,7
Bashtanskyi,2023-06-05,2023-06-11,Bridge,1
Bashtanskyi,2023-06-05,2023-06-11,Total,1
Berdianskyi,2023-06-05,2023-06-11,Gas supply system,1
Berdianskyi,2023-06-05,2023-06-11,Total,1
Beryslavskyi,2023-06-05,2023-06-11,"Education facility (school, etc.)",1
Beryslavskyi,2023-06-05,2023-06-11,Industrial/Business/Enterprise facilities,2
Beryslavskyi,2023-06-05,2023-06-11,Total,3
Bohodukhivskyi,2023-06-05,2023-06-11,Chemical storage unit,1
Bohodukhivskyi,2023-06-05,2023-06-11,"Education facility (school, etc.)",1
Bohodukhivskyi,2023-06-05,2023-06-11,Gas supply system,1
Bohodukhivskyi,2023-06-05,2023-06-11,Total,3
Chuhuivskyi,2023-06-05,2023-06-11,Industrial/Business/Enterprise facilities,2
Chuhuivskyi,2023-06-05,2023-06-11,Total,2
Kakhovskyi,2023-06-05,2023-06-11,Agricultural facilities,1
Kakhovskyi,2023-06-05,2023-06-11,Government facilities,1
Kakhovskyi,2023-06-05,2023-06-11,Industrial/Business/Enterprise facilities,1
Kakhovskyi,2023-06-05,2023-06-11,Other,2
Kakhovskyi,2023-06-05,2023-06-11,Total,5
Kharkivskyi,2023-06-05,2023-06-11,Airport,1
Kharkivskyi,2023-06-05,2023-06-11,Road / Highway,1
Kharkivskyi,2023-06-05,2023-06-11,Total,3
Kharkivskyi,2023-06-05,2023-06-11,Water supply system,1
Khersonskyi,2023-06-05,2023-06-11,Agricultural facilities,1
Khersonskyi,2023-06-05,2023-06-11,"Education facility (school, etc.)",2
Khersonskyi,2023-06-05,2023-06-11,"Health facility (hospital, health clinic)",1
Khersonskyi,2023-06-05,2023-06-11,Industrial/Business/Enterprise facilities,2
Khersonskyi,2023-06-05,2023-06-11,Total,32
Khersonskyi,2023-06-05,2023-06-11,Water supply system,26
Kupianskyi,2023-06-05,2023-06-11,Chemical storage unit,2
Kupianskyi,2023-06-05,2023-06-11,"Health facility (hospital, health clinic)",1
Kupianskyi,2023-06-05,2023-06-11,Other,1
Kupianskyi,2023-06-05,2023-06-11,Total,4
Melitopolskyi,2023-06-05,2023-06-11,Bridge,1
Melitopolskyi,2023-06-05,2023-06-11,Total,1
Mykolaivskyi,2023-06-05,2023-06-11,Industrial/Business/Enterprise facilities,3
Mykolaivskyi,2023-06-05,2023-06-11,Other,1
Mykolaivskyi,2023-06-05,2023-06-11,Road / Highway,1
Mykolaivskyi,2023-06-05,2023-06-11,Total,5
Nikopolskyi,2023-06-05,2023-06-11,"Education facility (school, etc.)",4
Nikopolskyi,2023-06-05,2023-06-11,Electricity supply system,4
Nikopolskyi,2023-06-05,2023-06-11,Gas supply system,1
Nikopolskyi,2023-06-05,2023-06-11,"Health facility (hospital, health clinic)",1
Nikopolskyi,2023-06-05,2023-06-11,Industrial/Business/Enterprise facilities,3
Nikopolskyi,2023-06-05,2023-06-11,Religious facilities,1
Nikopolskyi,2023-06-05,2023-06-11,Total,14
Novhorod-Siverskyi,2023-06-05,2023-06-11,Bridge,1
Novhorod-Siverskyi,2023-06-05,2023-06-11,Industrial/Business/Enterprise facilities,1
Novhorod-Siverskyi,2023-06-05,2023-06-11,Total,2
Okhtyrskyi,2023-06-05,2023-06-11,Electricity supply system,1
Okhtyrskyi,2023-06-05,2023-06-11,Gas supply system,1
Okhtyrskyi,2023-06-05,2023-06-11,Government facilities,1
Okhtyrskyi,2023-06-05,2023-06-11,Total,3
Pokrovskyi,2023-06-05,2023-06-11,"Health facility (hospital, health clinic)",1
Pokrovskyi,2023-06-05,2023-06-11,Industrial/Business/Enterprise facilities,2
Pokrovskyi,2023-06-05,2023-06-11,Total,4
Pokrovskyi,2023-06-05,2023-06-11,Warehouse,1
Polohivskyi,2023-06-05,2023-06-11,"Health facility (hospital, health clinic)",1
Polohivskyi,2023-06-05,2023-06-11,Industrial/Business/Enterprise facilities,1
Polohivskyi,2023-06-05,2023-06-11,Total,2
Shostkynskyi,2023-06-05,2023-06-11,"Education facility (school, etc.)",1
Shostkynskyi,2023-06-05,2023-06-11,Electricity supply system,2
Shostkynskyi,2023-06-05,2023-06-11,Government facilities,2
Shostkynskyi,2023-06-05,2023-06-11,Religious facilities,2
Shostkynskyi,2023-06-05,2023-06-11,Total,7
Sievierodonetskyi,2023-06-05,2023-06-11,Agricultural facilities,1
Sievierodonetskyi,2023-06-05,2023-06-11,Other,1
Sievierodonetskyi,2023-06-05,2023-06-11,Total,2
Sumskyi,2023-06-05,2023-06-11,Agricultural facilities,1
Sumskyi,2023-06-05,2023-06-11,"Cultural facilities (museum, theater etc.)",1
Sumskyi,2023-06-05,2023-06-11,"Education facility (school, etc.)",1
Sumskyi,2023-06-05,2023-06-11,Electricity supply system,1
Sumskyi,2023-06-05,2023-06-11,Industrial/Business/Enterprise facilities,1
Sumskyi,2023-06-05,2023-06-11,Total,6
Sumskyi,2023-06-05,2023-06-11,Warehouse,1
Umanskyi,2023-06-05,2023-06-11,Industrial/Business/Enterprise facilities,3
Umanskyi,2023-06-05,2023-06-11,Total,3
Volnovaskyi,2023-06-05,2023-06-11,Total,1
Volnovaskyi,2023-06-05,2023-06-11,Water supply system,1
Bakhmutskyi,2023-05-29,2023-06-04,"Education facility (school, etc.)",2
Bakhmutskyi,2023-05-29,2023-06-04,Fuel depot,3
Bakhmutskyi,2023-05-29,2023-06-04,Government facilities,1
Bakhmutskyi,2023-05-29,2023-06-04,Industrial/Business/Enterprise facilities,1
Bakhmutskyi,2023-05-29,2023-06-04,Total,7
Beryslavskyi,2023-05-29,2023-06-04,"Cultural facilities (museum, theater etc.)",1
Beryslavskyi,2023-05-29,2023-06-04,"Education facility (school, etc.)",1
Beryslavskyi,2023-05-29,2023-06-04,Government facilities,2
Beryslavskyi,2023-05-29,2023-06-04,"Health facility (hospital, health clinic)",1
Beryslavskyi,2023-05-29,2023-06-04,Industrial/Business/Enterprise facilities,1
Beryslavskyi,2023-05-29,2023-06-04,Total,6
Bohodukhivskyi,2023-05-29,2023-06-04,Agricultural facilities,1
Bohodukhivskyi,2023-05-29,2023-06-04,Industrial/Business/Enterprise facilities,1
Bohodukhivskyi,2023-05-29,2023-06-04,Total,2
Chuhuivskyi,2023-05-29,2023-06-04,Agricultural facilities,3
Chuhuivskyi,2023-05-29,2023-06-04,"Cultural facilities (museum, theater etc.)",1
Chuhuivskyi,2023-05-29,2023-06-04,Government facilities,1
Chuhuivskyi,2023-05-29,2023-06-04,Industrial/Business/Enterprise facilities,3
Chuhuivskyi,2023-05-29,2023-06-04,Total,8
Kakhovskyi,2023-05-29,2023-06-04,Industrial/Business/Enterprise facilities,2
Kakhovskyi,2023-05-29,2023-06-04,Total,2
Kharkivskyi,2023-05-29,2023-06-04,Industrial/Business/Enterprise facilities,3
Kharkivskyi,2023-05-29,2023-06-04,Total,3
Khersonskyi,2023-05-29,2023-06-04,"Education facility (school, etc.)",2
Khersonskyi,2023-05-29,2023-06-04,Total,2
Koriukivskyi,2023-05-29,2023-06-04,Electricity supply system,1
Koriukivskyi,2023-05-29,2023-06-04,Total,1
Kramatorskyi,2023-05-29,2023-06-04,Industrial/Business/Enterprise facilities,2
Kramatorskyi,2023-05-29,2023-06-04,Total,2
Kupianskyi,2023-05-29,2023-06-04,"Cultural facilities (museum, theater etc.)",1
Kupianskyi,2023-05-29,2023-06-04,Electricity supply system,1
Kupianskyi,2023-05-29,2023-06-04,Gas supply system,1
Kupianskyi,2023-05-29,2023-06-04,Total,3
Mykolaivskyi,2023-05-29,2023-06-04,Electricity supply system,1
Mykolaivskyi,2023-05-29,2023-06-04,Harbor,1
Mykolaivskyi,2023-05-29,2023-06-04,Total,2
Nikopolskyi,2023-05-29,2023-06-04,Electricity supply system,2
Nikopolskyi,2023-05-29,2023-06-04,Gas supply system,1
Nikopolskyi,2023-05-29,2023-06-04,Total,3
Novoukrainskyi,2023-05-29,2023-06-04,Railway,1
Novoukrainskyi,2023-05-29,2023-06-04,Total,1
Okhtyrskyi,2023-05-29,2023-06-04,Government facilities,1
Okhtyrskyi,2023-05-29,2023-06-04,"Health facility (hospital, health clinic)",1
Okhtyrskyi,2023-05-29,2023-06-04,Total,2
Pavlohradskyi,2023-05-29,2023-06-04,Industrial/Business/Enterprise facilities,1
Pavlohradskyi,2023-05-29,2023-06-04,Total,1
Pokrovskyi,2023-05-29,2023-06-04,Industrial/Business/Enterprise facilities,2
Pokrovskyi,2023-05-29,2023-06-04,Total,2
Shostkynskyi,2023-05-29,2023-06-04,Agricultural facilities,1
Shostkynskyi,2023-05-29,2023-06-04,Electricity supply system,1
Shostkynskyi,2023-05-29,2023-06-04,Total,2
Sumskyi,2023-05-29,2023-06-04,Agricultural facilities,1
Sumskyi,2023-05-29,2023-06-04,Electricity supply system,1
Sumskyi,2023-05-29,2023-06-04,Total,3
Sumskyi,2023-05-29,2023-06-04,Water supply system,1
Synelnykivskyi,2023-05-29,2023-06-04,Government facilities,3
Synelnykivskyi,2023-05-29,2023-06-04,Industrial/Business/Enterprise facilities,3
Synelnykivskyi,2023-05-29,2023-06-04,Total,6
Bakhmutskyi,2023-05-22,2023-05-28,"Education facility (school, etc.)",2
Bakhmutskyi,2023-05-22,2023-05-28,"Health facility (hospital, health clinic)",1
Bakhmutskyi,2023-05-22,2023-05-28,Religious facilities,1
Bakhmutskyi,2023-05-22,2023-05-28,Total,4
Beryslavskyi,2023-05-22,2023-05-28,Agricultural facilities,2
Beryslavskyi,2023-05-22,2023-05-28,Industrial/Business/Enterprise facilities,2
Beryslavskyi,2023-05-22,2023-05-28,Telecommunications,1
Beryslavskyi,2023-05-22,2023-05-28,Total,5
Chuhuivskyi,2023-05-22,2023-05-28,"Cultural facilities (museum, theater etc.)",1
Chuhuivskyi,2023-05-22,2023-05-28,"Education facility (school, etc.)",2
Chuhuivskyi,2023-05-22,2023-05-28,Government facilities,1
Chuhuivskyi,2023-05-22,2023-05-28,Total,4
Dniprovskyi,2023-05-22,2023-05-28,"Education facility (school, etc.)",1
Dniprovskyi,2023-05-22,2023-05-28,Fuel depot,1
Dniprovskyi,2023-05-22,2023-05-28,Government facilities,2
Dniprovskyi,2023-05-22,2023-05-28,"Health facility (hospital, health clinic)",2
Dniprovskyi,2023-05-22,2023-05-28,Industrial/Business/Enterprise facilities,5
Dniprovskyi,2023-05-22,2023-05-28,Total,11
Dnistrovskyi,2023-05-22,2023-05-28,Electricity supply system,2
Dnistrovskyi,2023-05-22,2023-05-28,Total,2
Iziumskyi,2023-05-22,2023-05-28,"Education facility (school, etc.)",2
Iziumskyi,2023-05-22,2023-05-28,Industrial/Business/Enterprise facilities,1
Iziumskyi,2023-05-22,2023-05-28,Total,3
Kharkivskyi,2023-05-22,2023-05-28,Agricultural facilities,1
Kharkivskyi,2023-05-22,2023-05-28,Government facilities,1
Kharkivskyi,2023-05-22,2023-05-28,Oil depot,1
Kharkivskyi,2023-05-22,2023-05-28,Total,3
Khersonskyi,2023-05-22,2023-05-28,"Education facility (school, etc.)",1
Khersonskyi,2023-05-22,2023-05-28,Electricity supply system,1
Khersonskyi,2023-05-22,2023-05-28,"Health facility (hospital, health clinic)",1
Khersonskyi,2023-05-22,2023-05-28,Industrial/Business/Enterprise facilities,2
Khersonskyi,2023-05-22,2023-05-28,Total,5
Kramatorskyi,2023-05-22,2023-05-28,"Cultural facilities (museum, theater etc.)",2
Kramatorskyi,2023-05-22,2023-05-28,"Education facility (school, etc.)",2
Kramatorskyi,2023-05-22,2023-05-28,Electricity supply system,1
Kramatorskyi,2023-05-22,2023-05-28,Government facilities,1
Kramatorskyi,2023-05-22,2023-05-28,"Health facility (hospital, health clinic)",1
Kramatorskyi,2023-05-22,2023-05-28,Other,1
Kramatorskyi,2023-05-22,2023-05-28,Total,8
Kupianskyi,2023-05-22,2023-05-28,Agricultural facilities,1
Kupianskyi,2023-05-22,2023-05-28,"Cultural facilities (museum, theater etc.)",1
Kupianskyi,2023-05-22,2023-05-28,"Education facility (school, etc.)",2
Kupianskyi,2023-05-22,2023-05-28,Government facilities,1
Kupianskyi,2023-05-22,2023-05-28,Total,8
Kupianskyi,2023-05-22,2023-05-28,Warehouse,3
Mykolaivskyi,2023-05-22,2023-05-28,Gas supply system,1
Mykolaivskyi,2023-05-22,2023-05-28,Harbor,1
Mykolaivskyi,2023-05-22,2023-05-28,Total,2
Nikopolskyi,2023-05-22,2023-05-28,Electricity supply system,5
Nikopolskyi,2023-05-22,2023-05-28,Gas supply system,7
Nikopolskyi,2023-05-22,2023-05-28,Industrial/Business/Enterprise facilities,1
Nikopolskyi,2023-05-22,2023-05-28,Total,13
Okhtyrskyi,2023-05-22,2023-05-28,"Cultural facilities (museum, theater etc.)",1
Okhtyrskyi,2023-05-22,2023-05-28,"Education facility (school, etc.)",1
Okhtyrskyi,2023-05-22,2023-05-28,Government facilities,1
Okhtyrskyi,2023-05-22,2023-05-28,Total,3
Pokrovskyi,2023-05-22,2023-05-28,Industrial/Business/Enterprise facilities,1
Pokrovskyi,2023-05-22,2023-05-28,Total,1
Shostkynskyi,2023-05-22,2023-05-28,Electricity supply system,1
Shostkynskyi,2023-05-22,2023-05-28,Total,1
Sumskyi,2023-05-22,2023-05-28,"Education facility (school, etc.)",1
Sumskyi,2023-05-22,2023-05-28,Electricity supply system,2
Sumskyi,2023-05-22,2023-05-28,Total,3
Zaporizkyi,2023-05-22,2023-05-28,Electricity supply system,1
Zaporizkyi,2023-05-22,2023-05-28,Total,1
Beryslavskyi,2023-05-15,2023-05-21,"Health facility (hospital, health clinic)",1
Beryslavskyi,2023-05-15,2023-05-21,Total,1
Chuhuivskyi,2023-05-15,2023-05-21,"Cultural facilities (museum, theater etc.)",2
Chuhuivskyi,2023-05-15,2023-05-21,Electricity supply system,1
Chuhuivskyi,2023-05-15,2023-05-21,"Health facility (hospital, health clinic)",1
Chuhuivskyi,2023-05-15,2023-05-21,Total,4
Kharkivskyi,2023-05-15,2023-05-21,Airport,1
Kharkivskyi,2023-05-15,2023-05-21,Total,1
Khersonskyi,2023-05-15,2023-05-21,Bridge,1
Khersonskyi,2023-05-15,2023-05-21,"Cultural facilities (museum, theater etc.)",2
Khersonskyi,2023-05-15,2023-05-21,"Education facility (school, etc.)",1
Khersonskyi,2023-05-15,2023-05-21,Electricity supply system,1
Khersonskyi,2023-05-15,2023-05-21,"Health facility (hospital, health clinic)",2
Khersonskyi,2023-05-15,2023-05-21,Industrial/Business/Enterprise facilities,2
Khersonskyi,2023-05-15,2023-05-21,Total,9
Khmelnytskyi,2023-05-15,2023-05-21,Industrial/Business/Enterprise facilities,1
Khmelnytskyi,2023-05-15,2023-05-21,Total,1
Konotopskyi,2023-05-15,2023-05-21,Electricity supply system,1
Konotopskyi,2023-05-15,2023-05-21,Total,1
Kramatorskyi,2023-05-15,2023-05-21,Government facilities,2
Kramatorskyi,2023-05-15,2023-05-21,Total,2
Kryvorizkyi,2023-05-15,2023-05-21,Government facilities,1
Kryvorizkyi,2023-05-15,2023-05-21,Industrial/Business/Enterprise facilities,1
Kryvorizkyi,2023-05-15,2023-05-21,Total,2
Kupianskyi,2023-05-15,2023-05-21,Electricity supply system,1
Kupianskyi,2023-05-15,2023-05-21,Railway,1
Kupianskyi,2023-05-15,2023-05-21,Total,2
Luhanskyi,2023-05-15,2023-05-21,"Education facility (school, etc.)",1
Luhanskyi,2023-05-15,2023-05-21,Industrial/Business/Enterprise facilities,1
Luhanskyi,2023-05-15,2023-05-21,Total,2
Mykolaivskyi,2023-05-15,2023-05-21,Agricultural facilities,1
Mykolaivskyi,2023-05-15,2023-05-21,"Education facility (school, etc.)",1
Mykolaivskyi,2023-05-15,2023-05-21,Gas supply system,1
Mykolaivskyi,2023-05-15,2023-05-21,Harbor,3
Mykolaivskyi,2023-05-15,2023-05-21,Industrial/Business/Enterprise facilities,4
Mykolaivskyi,2023-05-15,2023-05-21,Total,10
Nikopolskyi,2023-05-15,2023-05-21,Agricultural facilities,1
Nikopolskyi,2023-05-15,2023-05-21,"Cultural facilities (museum, theater etc.)",1
Nikopolskyi,2023-05-15,2023-05-21,Electricity supply system,4
Nikopolskyi,2023-05-15,2023-05-21,Gas supply system,1
Nikopolskyi,2023-05-15,2023-05-21,Government facilities,1
Nikopolskyi,2023-05-15,2023-05-21,"Health facility (hospital, health clinic)",1
Nikopolskyi,2023-05-15,2023-05-21,Industrial/Business/Enterprise facilities,4
Nikopolskyi,2023-05-15,2023-05-21,Total,13
Odeskyi,2023-05-15,2023-05-21,Industrial/Business/Enterprise facilities,1
Odeskyi,2023-05-15,2023-05-21,Total,1
Pokrovskyi,2023-05-15,2023-05-21,"Health facility (hospital, health clinic)",1
Pokrovskyi,2023-05-15,2023-05-21,Total,1
Simferopolskyi,2023-05-15,2023-05-21,Railway,1
Simferopolskyi,2023-05-15,2023-05-21,Total,1
Sumskyi,2023-05-15,2023-05-21,Agricultural facilities,1
Sumskyi,2023-05-15,2023-05-21,Total,1
Bakhmutskyi,2023-05-08,2023-05-14,Religious facilities,1
Bakhmutskyi,2023-05-08,2023-05-14,Total,1
Beryslavskyi,2023-05-08,2023-05-14,"Education facility (school, etc.)",2
Beryslavskyi,2023-05-08,2023-05-14,Electricity supply system,1
Beryslavskyi,2023-05-08,2023-05-14,Industrial/Business/Enterprise facilities,1
Beryslavskyi,2023-05-08,2023-05-14,Total,4
Bilhorod-Dnistrovskyi,2023-05-08,2023-05-14,"Cultural facilities (museum, theater etc.)",6
Bilhorod-Dnistrovskyi,2023-05-08,2023-05-14,Total,6
Chuhuivskyi,2023-05-08,2023-05-14,"Cultural facilities (museum, theater etc.)",1
Chuhuivskyi,2023-05-08,2023-05-14,Electricity supply system,1
Chuhuivskyi,2023-05-08,2023-05-14,Industrial/Business/Enterprise facilities,1
Chuhuivskyi,2023-05-08,2023-05-14,Total,3
Dniprovskyi,2023-05-08,2023-05-14,Electricity supply system,2
Dniprovskyi,2023-05-08,2023-05-14,Total,2
Iziumskyi,2023-05-08,2023-05-14,Agricultural facilities,2
Iziumskyi,2023-05-08,2023-05-14,Total,2
Kharkivskyi,2023-05-08,2023-05-14,Electricity supply system,1
Kharkivskyi,2023-05-08,2023-05-14,Other,1
Kharkivskyi,2023-05-08,2023-05-14,Railway,2
Kharkivskyi,2023-05-08,2023-05-14,Total,4
Khersonskyi,2023-05-08,2023-05-14,"Education facility (school, etc.)",1
Khersonskyi,2023-05-08,2023-05-14,Gas supply system,1
Khersonskyi,2023-05-08,2023-05-14,Government facilities,3
Khersonskyi,2023-05-08,2023-05-14,"Health facility (hospital, health clinic)",3
Khersonskyi,2023-05-08,2023-05-14,Industrial/Business/Enterprise facilities,3
Khersonskyi,2023-05-08,2023-05-14,Total,12
Khersonskyi,2023-05-08,2023-05-14,Water supply system,1
Khmelnytskyi,2023-05-08,2023-05-14,"Cultural facilities (museum, theater etc.)",1
Khmelnytskyi,2023-05-08,2023-05-14,"Education facility (school, etc.)",30
Khmelnytskyi,2023-05-08,2023-05-14,Railway,1
Khmelnytskyi,2023-05-08,2023-05-14,Total,32
Konotopskyi,2023-05-08,2023-05-14,Electricity supply system,1
Konotopskyi,2023-05-08,2023-05-14,Total,1
Kramatorskyi,2023-05-08,2023-05-14,"Cultural facilities (museum, theater etc.)",1
Kramatorskyi,2023-05-08,2023-05-14,Gas supply system,2
Kramatorskyi,2023-05-08,2023-05-14,Industrial/Business/Enterprise facilities,6
Kramatorskyi,2023-05-08,2023-05-14,Total,9
Kupianskyi,2023-05-08,2023-05-14,"Education facility (school, etc.)",1
Kupianskyi,2023-05-08,2023-05-14,Electricity supply system,1
Kupianskyi,2023-05-08,2023-05-14,Government facilities,1
Kupianskyi,2023-05-08,2023-05-14,Industrial/Business/Enterprise facilities,2
Kupianskyi,2023-05-08,2023-05-14,Total,5
Kyiv,2023-05-08,2023-05-14,"Education facility (school, etc.)",1
Kyiv,2023-05-08,2023-05-14,Total,1
Luhanskyi,2023-05-08,2023-05-14,Industrial/Business/Enterprise facilities,1
Luhanskyi,2023-05-08,2023-05-14,Total,1
Mykolaivskyi,2023-05-08,2023-05-14,Harbor,2
Mykolaivskyi,2023-05-08,2023-05-14,Industrial/Business/Enterprise facilities,1
Mykolaivskyi,2023-05-08,2023-05-14,Other,2
Mykolaivskyi,2023-05-08,2023-05-14,Total,5
Nikopolskyi,2023-05-08,2023-05-14,Electricity supply system,3
Nikopolskyi,2023-05-08,2023-05-14,Gas supply system,1
Nikopolskyi,2023-05-08,2023-05-14,Industrial/Business/Enterprise facilities,2
Nikopolskyi,2023-05-08,2023-05-14,Total,6
Novhorod-Siverskyi,2023-05-08,2023-05-14,Bridge,1
Novhorod-Siverskyi,2023-05-08,2023-05-14,Total,2
Novhorod-Siverskyi,2023-05-08,2023-05-14,Warehouse,1
Odeskyi,2023-05-08,2023-05-14,Harbor,1
Odeskyi,2023-05-08,2023-05-14,Total,4
Odeskyi,2023-05-08,2023-05-14,Warehouse,3
Pokrovskyi,2023-05-08,2023-05-14,"Education facility (school, etc.)",1
Pokrovskyi,2023-05-08,2023-05-14,Electricity supply system,1
Pokrovskyi,2023-05-08,2023-05-14,Gas supply system,2
Pokrovskyi,2023-05-08,2023-05-14,Government facilities,2
Pokrovskyi,2023-05-08,2023-05-14,Heating and water facility,1
Pokrovskyi,2023-05-08,2023-05-14,Industrial/Business/Enterprise facilities,3
Pokrovskyi,2023-05-08,2023-05-14,Total,10
Polohivskyi,2023-05-08,2023-05-14,"Health facility (hospital, health clinic)",1
Polohivskyi,2023-05-08,2023-05-14,Total,1
Shostkynskyi,2023-05-08,2023-05-14,"Education facility (school, etc.)",1
Shostkynskyi,2023-05-08,2023-05-14,Government facilities,1
Shostkynskyi,2023-05-08,2023-05-14,Other,1
Shostkynskyi,2023-05-08,2023-05-14,Total,3
Sumskyi,2023-05-08,2023-05-14,Electricity supply system,2
Sumskyi,2023-05-08,2023-05-14,Total,2
Ternopilskyi,2023-05-08,2023-05-14,"Education facility (school, etc.)",1
Ternopilskyi,2023-05-08,2023-05-14,Industrial/Business/Enterprise facilities,1
Ternopilskyi,2023-05-08,2023-05-14,Total,3
Ternopilskyi,2023-05-08,2023-05-14,Warehouse,1
Vasylivskyi,2023-05-08,2023-05-14,"Education facility (school, etc.)",1
Vasylivskyi,2023-05-08,2023-05-14,Total,1
Beryslavskyi,2023-05-01,2023-05-07,Industrial/Business/Enterprise facilities,1
Beryslavskyi,2023-05-01,2023-05-07,Total,1
Bohodukhivskyi,2023-05-01,2023-05-07,Agricultural facilities,1
Bohodukhivskyi,2023-05-01,2023-05-07,Total,1
Dniprovskyi,2023-05-01,2023-05-07,Government facilities,1
Dniprovskyi,2023-05-01,2023-05-07,Total,1
Khersonskyi,2023-05-01,2023-05-07,Fuel depot,1
Khersonskyi,2023-05-01,2023-05-07,Gas supply system,1
Khersonskyi,2023-05-01,2023-05-07,Industrial/Business/Enterprise facilities,4
Khersonskyi,2023-05-01,2023-05-07,Other,1
Khersonskyi,2023-05-01,2023-05-07,Railway,2
Khersonskyi,2023-05-01,2023-05-07,Total,9
Kramatorskyi,2023-05-01,2023-05-07,"Education facility (school, etc.)",3
Kramatorskyi,2023-05-01,2023-05-07,Government facilities,1
Kramatorskyi,2023-05-01,2023-05-07,Total,5
Kramatorskyi,2023-05-01,2023-05-07,Water supply system,1
Kropyvnytskyi,2023-05-01,2023-05-07,Oil depot,1
Kropyvnytskyi,2023-05-01,2023-05-07,Total,1
Kupianskyi,2023-05-01,2023-05-07,"Health facility (hospital, health clinic)",2
Kupianskyi,2023-05-01,2023-05-07,Total,2
Kyiv,2023-05-01,2023-05-07,Industrial/Business/Enterprise facilities,1
Kyiv,2023-05-01,2023-05-07,Total,1
Mykolaivskyi,2023-05-01,2023-05-07,Harbor,1
Mykolaivskyi,2023-05-01,2023-05-07,"Health facility (hospital, health clinic)",1
Mykolaivskyi,2023-05-01,2023-05-07,Industrial/Business/Enterprise facilities,1
Mykolaivskyi,2023-05-01,2023-05-07,Total,3
Nikopolskyi,2023-05-01,2023-05-07,Agricultural facilities,1
Nikopolskyi,2023-05-01,2023-05-07,Electricity supply system,3
Nikopolskyi,2023-05-01,2023-05-07,Gas supply system,2
Nikopolskyi,2023-05-01,2023-05-07,Industrial/Business/Enterprise facilities,1
Nikopolskyi,2023-05-01,2023-05-07,Oil depot,1
Nikopolskyi,2023-05-01,2023-05-07,Total,8
Novhorod-Siverskyi,2023-05-01,2023-05-07,"Education facility (school, etc.)",1
Novhorod-Siverskyi,2023-05-01,2023-05-07,Total,1
Odeskyi,2023-05-01,2023-05-07,"Education facility (school, etc.)",1
Odeskyi,2023-05-01,2023-05-07,Total,1
Pavlohradskyi,2023-05-01,2023-05-07,"Education facility (school, etc.)",9
Pavlohradskyi,2023-05-01,2023-05-07,Industrial/Business/Enterprise facilities,6
Pavlohradskyi,2023-05-01,2023-05-07,Total,15
Pokrovskyi,2023-05-01,2023-05-07,Industrial/Business/Enterprise facilities,1
Pokrovskyi,2023-05-01,2023-05-07,Total,1
Shostkynskyi,2023-05-01,2023-05-07,"Education facility (school, etc.)",1
Shostkynskyi,2023-05-01,2023-05-07,Industrial/Business/Enterprise facilities,1
Shostkynskyi,2023-05-01,2023-05-07,Total,2
Bakhmutskyi,2023-04-24,2023-04-30,"Education facility (school, etc.)",1
Bakhmutskyi,2023-04-24,2023-04-30,Total,1
Beryslavskyi,2023-04-24,2023-04-30,"Education facility (school, etc.)",2
Beryslavskyi,2023-04-24,2023-04-30,Industrial/Business/Enterprise facilities,1
Beryslavskyi,2023-04-24,2023-04-30,Total,3
Dniprovskyi,2023-04-24,2023-04-30,Industrial/Business/Enterprise facilities,2
Dniprovskyi,2023-04-24,2023-04-30,Total,2
Khersonskyi,2023-04-24,2023-04-30,"Education facility (school, etc.)",1
Khersonskyi,2023-04-24,2023-04-30,Gas supply system,1
Khersonskyi,2023-04-24,2023-04-30,Government facilities,1
Khersonskyi,2023-04-24,2023-04-30,"Health facility (hospital, health clinic)",1
Khersonskyi,2023-04-24,2023-04-30,Industrial/Business/Enterprise facilities,2
Khersonskyi,2023-04-24,2023-04-30,Religious facilities,2
Khersonskyi,2023-04-24,2023-04-30,Road / Highway,1
Khersonskyi,2023-04-24,2023-04-30,Total,9
Kramatorskyi,2023-04-24,2023-04-30,Government facilities,1
Kramatorskyi,2023-04-24,2023-04-30,Total,1
Kupianskyi,2023-04-24,2023-04-30,"Cultural facilities (museum, theater etc.)",2
Kupianskyi,2023-04-24,2023-04-30,Total,2
Mykolaivskyi,2023-04-24,2023-04-30,Harbor,2
Mykolaivskyi,2023-04-24,2023-04-30,Total,2
Nikopolskyi,2023-04-24,2023-04-30,Electricity supply system,3
Nikopolskyi,2023-04-24,2023-04-30,Gas supply system,3
Nikopolskyi,2023-04-24,2023-04-30,Government facilities,2
Nikopolskyi,2023-04-24,2023-04-30,Industrial/Business/Enterprise facilities,2
Nikopolskyi,2023-04-24,2023-04-30,Total,10
Novhorod-Siverskyi,2023-04-24,2023-04-30,Electricity supply system,1
Novhorod-Siverskyi,2023-04-24,2023-04-30,Road / Highway,1
Novhorod-Siverskyi,2023-04-24,2023-04-30,Total,2
Pokrovskyi,2023-04-24,2023-04-30,"Education facility (school, etc.)",1
Pokrovskyi,2023-04-24,2023-04-30,Total,1
Polohivskyi,2023-04-24,2023-04-30,Government facilities,2
Polohivskyi,2023-04-24,2023-04-30,Total,2
Shostkynskyi,2023-04-24,2023-04-30,"Education facility (school, etc.)",1
Shostkynskyi,2023-04-24,2023-04-30,Electricity supply system,1
Shostkynskyi,2023-04-24,2023-04-30,Industrial/Business/Enterprise facilities,2
Shostkynskyi,2023-04-24,2023-04-30,Oil depot,1
Shostkynskyi,2023-04-24,2023-04-30,Total,6
Shostkynskyi,2023-04-24,2023-04-30,Warehouse,1
Sumskyi,2023-04-24,2023-04-30,Electricity supply system,2
Sumskyi,2023-04-24,2023-04-30,Industrial/Business/Enterprise facilities,2
Sumskyi,2023-04-24,2023-04-30,Total,4
Bakhmutskyi,2023-04-17,2023-04-23,"Cultural facilities (museum, theater etc.)",1
Bakhmutskyi,2023-04-17,2023-04-23,"Education facility (school, etc.)",1
Bakhmutskyi,2023-04-17,2023-04-23,Electricity supply system,1
Bakhmutskyi,2023-04-17,2023-04-23,Industrial/Business/Enterprise facilities,1
Bakhmutskyi,2023-04-17,2023-04-23,Total,4
Bashtanskyi,2023-04-17,2023-04-23,Industrial/Business/Enterprise facilities,2
Bashtanskyi,2023-04-17,2023-04-23,Total,2
Beryslavskyi,2023-04-17,2023-04-23,"Education facility (school, etc.)",1
Beryslavskyi,2023-04-17,2023-04-23,"Health facility (hospital, health clinic)",1
Beryslavskyi,2023-04-17,2023-04-23,Total,2
Chuhuivskyi,2023-04-17,2023-04-23,Industrial/Business/Enterprise facilities,1
Chuhuivskyi,2023-04-17,2023-04-23,Total,1
Kharkivskyi,2023-04-17,2023-04-23,Industrial/Business/Enterprise facilities,1
Kharkivskyi,2023-04-17,2023-04-23,Total,1
Khersonskyi,2023-04-17,2023-04-23,"Education facility (school, etc.)",1
Khersonskyi,2023-04-17,2023-04-23,Industrial/Business/Enterprise facilities,3
Khersonskyi,2023-04-17,2023-04-23,Other,2
Khersonskyi,2023-04-17,2023-04-23,Total,6
Kramatorskyi,2023-04-17,2023-04-23,"Cultural facilities (museum, theater etc.)",1
Kramatorskyi,2023-04-17,2023-04-23,"Health facility (hospital, health clinic)",2
Kramatorskyi,2023-04-17,2023-04-23,Industrial/Business/Enterprise facilities,2
Kramatorskyi,2023-04-17,2023-04-23,Total,5
Nikopolskyi,2023-04-17,2023-04-23,"Cultural facilities (museum, theater etc.)",2
Nikopolskyi,2023-04-17,2023-04-23,Electricity supply system,1
Nikopolskyi,2023-04-17,2023-04-23,Government facilities,1
Nikopolskyi,2023-04-17,2023-04-23,Industrial/Business/Enterprise facilities,2
Nikopolskyi,2023-04-17,2023-04-23,Telecommunications,1
Nikopolskyi,2023-04-17,2023-04-23,Total,7
Odeskyi,2023-04-17,2023-04-23,Other,2
Odeskyi,2023-04-17,2023-04-23,Total,2
Pokrovskyi,2023-04-17,2023-04-23,Electricity supply system,1
Pokrovskyi,2023-04-17,2023-04-23,Total,1
Polohivskyi,2023-04-17,2023-04-23,Industrial/Business/Enterprise facilities,1
Polohivskyi,2023-04-17,2023-04-23,Total,1
Sumskyi,2023-04-17,2023-04-23,"Education facility (school, etc.)",1
Sumskyi,2023-04-17,2023-04-23,Total,1
Synelnykivskyi,2023-04-17,2023-04-23,Government facilities,2
Synelnykivskyi,2023-04-17,2023-04-23,Total,2
Volnovaskyi,2023-04-17,2023-04-23,Agricultural facilities,1
Volnovaskyi,2023-04-17,2023-04-23,Total,1
Bakhmutskyi,2023-04-10,2023-04-16,"Education facility (school, etc.)",1
Bakhmutskyi,2023-04-10,2023-04-16,Gas supply system,1
Bakhmutskyi,2023-04-10,2023-04-16,Industrial/Business/Enterprise facilities,3
Bakhmutskyi,2023-04-10,2023-04-16,Other,1
Bakhmutskyi,2023-04-10,2023-04-16,Total,6
Bashtanskyi,2023-04-10,2023-04-16,"Cultural facilities (museum, theater etc.)",2
Bashtanskyi,2023-04-10,2023-04-16,"Education facility (school, etc.)",4
Bashtanskyi,2023-04-10,2023-04-16,"Health facility (hospital, health clinic)",1
Bashtanskyi,2023-04-10,2023-04-16,Industrial/Business/Enterprise facilities,1
Bashtanskyi,2023-04-10,2023-04-16,Total,8
Beryslavskyi,2023-04-10,2023-04-16,"Education facility (school, etc.)",1
Beryslavskyi,2023-04-10,2023-04-16,Industrial/Business/Enterprise facilities,1
Beryslavskyi,2023-04-10,2023-04-16,Other,1
Beryslavskyi,2023-04-10,2023-04-16,Total,3
Chuhuivskyi,2023-04-10,2023-04-16,"Education facility (school, etc.)",1
Chuhuivskyi,2023-04-10,2023-04-16,"Health facility (hospital, health clinic)",1
Chuhuivskyi,2023-04-10,2023-04-16,Road / Highway,1
Chuhuivskyi,2023-04-10,2023-04-16,Total,3
Khersonskyi,2023-04-10,2023-04-16,"Cultural facilities (museum, theater etc.)",1
Khersonskyi,2023-04-10,2023-04-16,"Education facility (school, etc.)",1
Khersonskyi,2023-04-10,2023-04-16,Electricity supply system,1
Khersonskyi,2023-04-10,2023-04-16,Government facilities,2
Khersonskyi,2023-04-10,2023-04-16,"Health facility (hospital, health clinic)",1
Khersonskyi,2023-04-10,2023-04-16,Industrial/Business/Enterprise facilities,2
Khersonskyi,2023-04-10,2023-04-16,Other,2
Khersonskyi,2023-04-10,2023-04-16,Religious facilities,1
Khersonskyi,2023-04-10,2023-04-16,Total,11
Kramatorskyi,2023-04-10,2023-04-16,"Cultural facilities (museum, theater etc.)",1
Kramatorskyi,2023-04-10,2023-04-16,"Education facility (school, etc.)",3
Kramatorskyi,2023-04-10,2023-04-16,"Health facility (hospital, health clinic)",1
Kramatorskyi,2023-04-10,2023-04-16,Other,1
Kramatorskyi,2023-04-10,2023-04-16,Total,6
Kupianskyi,2023-04-10,2023-04-16,Industrial/Business/Enterprise facilities,3
Kupianskyi,2023-04-10,2023-04-16,Total,3
Melitopolskyi,2023-04-10,2023-04-16,Railway,1
Melitopolskyi,2023-04-10,2023-04-16,Total,1
Mykolaivskyi,2023-04-10,2023-04-16,Electricity supply system,1
Mykolaivskyi,2023-04-10,2023-04-16,Gas supply system,1
Mykolaivskyi,2023-04-10,2023-04-16,Telecommunications,1
Mykolaivskyi,2023-04-10,2023-04-16,Total,3
Nikopolskyi,2023-04-10,2023-04-16,Electricity supply system,2
Nikopolskyi,2023-04-10,2023-04-16,Gas supply system,1
Nikopolskyi,2023-04-10,2023-04-16,Harbor,1
Nikopolskyi,2023-04-10,2023-04-16,Industrial/Business/Enterprise facilities,1
Nikopolskyi,2023-04-10,2023-04-16,Religious facilities,1
Nikopolskyi,2023-04-10,2023-04-16,Total,6
Novhorod-Siverskyi,2023-04-10,2023-04-16,Industrial/Business/Enterprise facilities,2
Novhorod-Siverskyi,2023-04-10,2023-04-16,Total,2
Pokrovskyi,2023-04-10,2023-04-16,Total,1
Pokrovskyi,2023-04-10,2023-04-16,Water supply system,1
Polohivskyi,2023-04-10,2023-04-16,Agricultural facilities,1
Polohivskyi,2023-04-10,2023-04-16,Industrial/Business/Enterprise facilities,2
Polohivskyi,2023-04-10,2023-04-16,Total,3
Shostkynskyi,2023-04-10,2023-04-16,Fuel depot,1
Shostkynskyi,2023-04-10,2023-04-16,Government facilities,3
Shostkynskyi,2023-04-10,2023-04-16,Total,4
Sumskyi,2023-04-10,2023-04-16,Agricultural facilities,1
Sumskyi,2023-04-10,2023-04-16,Industrial/Business/Enterprise facilities,1
Sumskyi,2023-04-10,2023-04-16,Total,2
Volnovaskyi,2023-04-10,2023-04-16,"Cultural facilities (museum, theater etc.)",1
Volnovaskyi,2023-04-10,2023-04-16,Total,1
Zaporizkyi,2023-04-10,2023-04-16,Industrial/Business/Enterprise facilities,1
Zaporizkyi,2023-04-10,2023-04-16,Other,1
Zaporizkyi,2023-04-10,2023-04-16,Religious facilities,1
Zaporizkyi,2023-04-10,2023-04-16,Total,3
Bakhmutskyi,2023-04-03,2023-04-09,Government facilities,1
Bakhmutskyi,2023-04-03,2023-04-09,Industrial/Business/Enterprise facilities,1
Bakhmutskyi,2023-04-03,2023-04-09,Total,2
Beryslavskyi,2023-04-03,2023-04-09,"Cultural facilities (museum, theater etc.)",1
Beryslavskyi,2023-04-03,2023-04-09,Electricity supply system,1
Beryslavskyi,2023-04-03,2023-04-09,Government facilities,1
Beryslavskyi,2023-04-03,2023-04-09,Industrial/Business/Enterprise facilities,1
Beryslavskyi,2023-04-03,2023-04-09,Telecommunications,1
Beryslavskyi,2023-04-03,2023-04-09,Total,6
Beryslavskyi,2023-04-03,2023-04-09,Warehouse,1
Chuhuivskyi,2023-04-03,2023-04-09,Industrial/Business/Enterprise facilities,1
Chuhuivskyi,2023-04-03,2023-04-09,Telecommunications,1
Chuhuivskyi,2023-04-03,2023-04-09,Total,2
Khersonskyi,2023-04-03,2023-04-09,"Education facility (school, etc.)",1
Khersonskyi,2023-04-03,2023-04-09,Electricity supply system,1
Khersonskyi,2023-04-03,2023-04-09,Government facilities,2
Khersonskyi,2023-04-03,2023-04-09,"Health facility (hospital, health clinic)",1
Khersonskyi,2023-04-03,2023-04-09,Industrial/Business/Enterprise facilities,2
Khersonskyi,2023-04-03,2023-04-09,Other,1
Khersonskyi,2023-04-03,2023-04-09,Total,8
Kramatorskyi,2023-04-03,2023-04-09,Government facilities,1
Kramatorskyi,2023-04-03,2023-04-09,"Health facility (hospital, health clinic)",1
Kramatorskyi,2023-04-03,2023-04-09,Industrial/Business/Enterprise facilities,2
Kramatorskyi,2023-04-03,2023-04-09,Total,4
Kupianskyi,2023-04-03,2023-04-09,"Education facility (school, etc.)",1
Kupianskyi,2023-04-03,2023-04-09,Railway,1
Kupianskyi,2023-04-03,2023-04-09,Total,2
Melitopolskyi,2023-04-03,2023-04-09,Airport,1
Melitopolskyi,2023-04-03,2023-04-09,Total,1
Mykolaivskyi,2023-04-03,2023-04-09,Harbor,2
Mykolaivskyi,2023-04-03,2023-04-09,Industrial/Business/Enterprise facilities,1
Mykolaivskyi,2023-04-03,2023-04-09,Total,3
Nikopolskyi,2023-04-03,2023-04-09,Electricity supply system,1
Nikopolskyi,2023-04-03,2023-04-09,Total,1
Novhorod-Siverskyi,2023-04-03,2023-04-09,Agricultural facilities,1
Novhorod-Siverskyi,2023-04-03,2023-04-09,Electricity supply system,1
Novhorod-Siverskyi,2023-04-03,2023-04-09,Industrial/Business/Enterprise facilities,1
Novhorod-Siverskyi,2023-04-03,2023-04-09,Road / Highway,1
Novhorod-Siverskyi,2023-04-03,2023-04-09,Total,4
Odeskyi,2023-04-03,2023-04-09,Industrial/Business/Enterprise facilities,1
Odeskyi,2023-04-03,2023-04-09,Total,1
Pokrovskyi,2023-04-03,2023-04-09,Electricity supply system,1
Pokrovskyi,2023-04-03,2023-04-09,"Health facility (hospital, health clinic)",1
Pokrovskyi,2023-04-03,2023-04-09,Industrial/Business/Enterprise facilities,4
Pokrovskyi,2023-04-03,2023-04-09,Total,6
Polohivskyi,2023-04-03,2023-04-09,"Education facility (school, etc.)",2
Polohivskyi,2023-04-03,2023-04-09,Total,2
Shostkynskyi,2023-04-03,2023-04-09,"Cultural facilities (museum, theater etc.)",1
Shostkynskyi,2023-04-03,2023-04-09,Electricity supply system,1
Shostkynskyi,2023-04-03,2023-04-09,Government facilities,1
Shostkynskyi,2023-04-03,2023-04-09,Total,3
Sumskyi,2023-04-03,2023-04-09,Electricity supply system,1
Sumskyi,2023-04-03,2023-04-09,Industrial/Business/Enterprise facilities,1
Sumskyi,2023-04-03,2023-04-09,Total,2
Bakhmutskyi,2023-03-27,2023-04-02,Gas supply system,1
Bakhmutskyi,2023-03-27,2023-04-02,Total,1
Bohodukhivskyi,2023-03-27,2023-04-02,"Education facility (school, etc.)",1
Bohodukhivskyi,2023-03-27,2023-04-02,Total,1
Chuhuivskyi,2023-03-27,2023-04-02,Industrial/Business/Enterprise facilities,1
Chuhuivskyi,2023-03-27,2023-04-02,Total,1
Dniprovskyi,2023-03-27,2023-04-02,Agricultural facilities,1
Dniprovskyi,2023-03-27,2023-04-02,Total,1
Kharkivskyi,2023-03-27,2023-04-02,Fuel depot,1
Kharkivskyi,2023-03-27,2023-04-02,Government facilities,1
Kharkivskyi,2023-03-27,2023-04-02,Road / Highway,1
Kharkivskyi,2023-03-27,2023-04-02,Total,3
Khersonskyi,2023-03-27,2023-04-02,Government facilities,1
Khersonskyi,2023-03-27,2023-04-02,"Health facility (hospital, health clinic)",1
Khersonskyi,2023-03-27,2023-04-02,Total,2
Kramatorskyi,2023-03-27,2023-04-02,"Education facility (school, etc.)",3
Kramatorskyi,2023-03-27,2023-04-02,Electricity supply system,1
Kramatorskyi,2023-03-27,2023-04-02,Gas supply system,1
Kramatorskyi,2023-03-27,2023-04-02,Government facilities,3
Kramatorskyi,2023-03-27,2023-04-02,Industrial/Business/Enterprise facilities,2
Kramatorskyi,2023-03-27,2023-04-02,Total,10
Kupianskyi,2023-03-27,2023-04-02,Agricultural facilities,1
Kupianskyi,2023-03-27,2023-04-02,Total,1
Kyiv,2023-03-27,2023-04-02,Government facilities,1
Kyiv,2023-03-27,2023-04-02,Total,1
Melitopolskyi,2023-03-27,2023-04-02,Electricity supply system,1
Melitopolskyi,2023-03-27,2023-04-02,Railway,1
Melitopolskyi,2023-03-27,2023-04-02,Total,2
Nikopolskyi,2023-03-27,2023-04-02,"Education facility (school, etc.)",1
Nikopolskyi,2023-03-27,2023-04-02,Total,1
Pokrovskyi,2023-03-27,2023-04-02,Electricity supply system,1
Pokrovskyi,2023-03-27,2023-04-02,Government facilities,2
Pokrovskyi,2023-03-27,2023-04-02,Total,3
Polohivskyi,2023-03-27,2023-04-02,Electricity supply system,1
Polohivskyi,2023-03-27,2023-04-02,Total,1
Shostkynskyi,2023-03-27,2023-04-02,Total,1
Shostkynskyi,2023-03-27,2023-04-02,Warehouse,1
Sumskyi,2023-03-27,2023-04-02,Gas supply system,1
Sumskyi,2023-03-27,2023-04-02,Industrial/Business/Enterprise facilities,1
Sumskyi,2023-03-27,2023-04-02,Total,2
Zaporizkyi,2023-03-27,2023-04-02,Industrial/Business/Enterprise facilities,1
Zaporizkyi,2023-03-27,2023-04-02,Total,1
Bakhmutskyi,2023-03-20,2023-03-26,"Education facility (school, etc.)",1
Bakhmutskyi,2023-03-20,2023-03-26,Total,1
Beryslavskyi,2023-03-20,2023-03-26,"Cultural facilities (museum, theater etc.)",1
Beryslavskyi,2023-03-20,2023-03-26,Electricity supply system,1
Beryslavskyi,2023-03-20,2023-03-26,Government facilities,1
Beryslavskyi,2023-03-20,2023-03-26,Industrial/Business/Enterprise facilities,1
Beryslavskyi,2023-03-20,2023-03-26,Other,2
Beryslavskyi,2023-03-20,2023-03-26,Religious facilities,1
Beryslavskyi,2023-03-20,2023-03-26,Total,7
Bohodukhivskyi,2023-03-20,2023-03-26,Agricultural facilities,1
Bohodukhivskyi,2023-03-20,2023-03-26,Electricity supply system,2
Bohodukhivskyi,2023-03-20,2023-03-26,Total,3
Dzhankoiskyi,2023-03-20,2023-03-26,Railway,1
Dzhankoiskyi,2023-03-20,2023-03-26,Total,1
Horlivskyi,2023-03-20,2023-03-26,"Education facility (school, etc.)",1
Horlivskyi,2023-03-20,2023-03-26,Gas supply system,1
Horlivskyi,2023-03-20,2023-03-26,Total,3
Horlivskyi,2023-03-20,2023-03-26,Water supply system,1
Iziumskyi,2023-03-20,2023-03-26,Religious facilities,1
Iziumskyi,2023-03-20,2023-03-26,Total,1
Kakhovskyi,2023-03-20,2023-03-26,"Education facility (school, etc.)",1
Kakhovskyi,2023-03-20,2023-03-26,Total,1
Khersonskyi,2023-03-20,2023-03-26,"Health facility (hospital, health clinic)",2
Khersonskyi,2023-03-20,2023-03-26,Religious facilities,1
Khersonskyi,2023-03-20,2023-03-26,Total,3
Kramatorskyi,2023-03-20,2023-03-26,"Education facility (school, etc.)",1
Kramatorskyi,2023-03-20,2023-03-26,Government facilities,1
Kramatorskyi,2023-03-20,2023-03-26,"Health facility (hospital, health clinic)",1
Kramatorskyi,2023-03-20,2023-03-26,Total,4
Kramatorskyi,2023-03-20,2023-03-26,Water supply system,1
Kupianskyi,2023-03-20,2023-03-26,Gas supply system,1
Kupianskyi,2023-03-20,2023-03-26,Government facilities,1
Kupianskyi,2023-03-20,2023-03-26,Total,2
Nikopolskyi,2023-03-20,2023-03-26,Electricity supply system,1
Nikopolskyi,2023-03-20,2023-03-26,Total,1
Obukhivskyi,2023-03-20,2023-03-26,Other,1
Obukhivskyi,2023-03-20,2023-03-26,Total,1
Odeskyi,2023-03-20,2023-03-26,Religious facilities,1
Odeskyi,2023-03-20,2023-03-26,Total,1
Pokrovskyi,2023-03-20,2023-03-26,Electricity supply system,1
Pokrovskyi,2023-03-20,2023-03-26,Government facilities,1
Pokrovskyi,2023-03-20,2023-03-26,Industrial/Business/Enterprise facilities,2
Pokrovskyi,2023-03-20,2023-03-26,Total,4
Sumskyi,2023-03-20,2023-03-26,Agricultural facilities,1
Sumskyi,2023-03-20,2023-03-26,"Education facility (school, etc.)",4
Sumskyi,2023-03-20,2023-03-26,Gas supply system,1
Sumskyi,2023-03-20,2023-03-26,Government facilities,3
Sumskyi,2023-03-20,2023-03-26,Total,9
Bilhorod-Dnistrovskyi,2023-03-13,2023-03-19,"Education facility (school, etc.)",1
Bilhorod-Dnistrovskyi,2023-03-13,2023-03-19,Total,1
Chuhuivskyi,2023-03-13,2023-03-19,Government facilities,2
Chuhuivskyi,2023-03-13,2023-03-19,Industrial/Business/Enterprise facilities,2
Chuhuivskyi,2023-03-13,2023-03-19,Total,4
Donetskyi,2023-03-13,2023-03-19,"Education facility (school, etc.)",1
Donetskyi,2023-03-13,2023-03-19,Gas supply system,2
Donetskyi,2023-03-13,2023-03-19,Government facilities,1
Donetskyi,2023-03-13,2023-03-19,Industrial/Business/Enterprise facilities,1
Donetskyi,2023-03-13,2023-03-19,Total,5
Horlivskyi,2023-03-13,2023-03-19,"Education facility (school, etc.)",1
Horlivskyi,2023-03-13,2023-03-19,Industrial/Business/Enterprise facilities,1
Horlivskyi,2023-03-13,2023-03-19,Total,2
Kharkivskyi,2023-03-13,2023-03-19,"Education facility (school, etc.)",1
Kharkivskyi,2023-03-13,2023-03-19,Total,1
Khersonskyi,2023-03-13,2023-03-19,"Education facility (school, etc.)",1
Khersonskyi,2023-03-13,2023-03-19,Industrial/Business/Enterprise facilities,1
Khersonskyi,2023-03-13,2023-03-19,Religious facilities,1
Khersonskyi,2023-03-13,2023-03-19,Total,3
Kramatorskyi,2023-03-13,2023-03-19,"Cultural facilities (museum, theater etc.)",1
Kramatorskyi,2023-03-13,2023-03-19,"Education facility (school, etc.)",2
Kramatorskyi,2023-03-13,2023-03-19,Government facilities,3
Kramatorskyi,2023-03-13,2023-03-19,Industrial/Business/Enterprise facilities,2
Kramatorskyi,2023-03-13,2023-03-19,Other,1
Kramatorskyi,2023-03-13,2023-03-19,Total,9
Mariupolskyi,2023-03-13,2023-03-19,"Education facility (school, etc.)",9
Mariupolskyi,2023-03-13,2023-03-19,Total,9
Nikopolskyi,2023-03-13,2023-03-19,Industrial/Business/Enterprise facilities,1
Nikopolskyi,2023-03-13,2023-03-19,Total,1
Pokrovskyi,2023-03-13,2023-03-19,Electricity supply system,1
Pokrovskyi,2023-03-13,2023-03-19,Industrial/Business/Enterprise facilities,2
Pokrovskyi,2023-03-13,2023-03-19,Other,1
Pokrovskyi,2023-03-13,2023-03-19,Total,4
Sumskyi,2023-03-13,2023-03-19,Industrial/Business/Enterprise facilities,1
Sumskyi,2023-03-13,2023-03-19,Total,1
Chuhuivskyi,2023-03-06,2023-03-12,Agricultural facilities,1
Chuhuivskyi,2023-03-06,2023-03-12,Total,1
Dniprovskyi,2023-03-06,2023-03-12,"Cultural facilities (museum, theater etc.)",1
Dniprovskyi,2023-03-06,2023-03-12,Electricity supply system,2
Dniprovskyi,2023-03-06,2023-03-12,Total,3
Horlivskyi,2023-03-06,2023-03-12,"Cultural facilities (museum, theater etc.)",1
Horlivskyi,2023-03-06,2023-03-12,"Education facility (school, etc.)",1
Horlivskyi,2023-03-06,2023-03-12,Government facilities,2
Horlivskyi,2023-03-06,2023-03-12,Industrial/Business/Enterprise facilities,1
Horlivskyi,2023-03-06,2023-03-12,Total,5
Kharkivskyi,2023-03-06,2023-03-12,"Education facility (school, etc.)",1
Kharkivskyi,2023-03-06,2023-03-12,Electricity supply system,1
Kharkivskyi,2023-03-06,2023-03-12,Gas supply system,1
Kharkivskyi,2023-03-06,2023-03-12,Total,3
Khersonskyi,2023-03-06,2023-03-12,Industrial/Business/Enterprise facilities,1
Khersonskyi,2023-03-06,2023-03-12,Other,1
Khersonskyi,2023-03-06,2023-03-12,Total,2
Kryvorizkyi,2023-03-06,2023-03-12,Electricity supply system,1
Kryvorizkyi,2023-03-06,2023-03-12,Total,1
Nikopolskyi,2023-03-06,2023-03-12,Electricity supply system,1
Nikopolskyi,2023-03-06,2023-03-12,Industrial/Business/Enterprise facilities,1
Nikopolskyi,2023-03-06,2023-03-12,Total,2
Obukhivskyi,2023-03-06,2023-03-12,Electricity supply system,1
Obukhivskyi,2023-03-06,2023-03-12,Total,1
Odeskyi,2023-03-06,2023-03-12,Electricity supply system,2
Odeskyi,2023-03-06,2023-03-12,Total,2
Pavlohradskyi,2023-03-06,2023-03-12,Electricity supply system,1
Pavlohradskyi,2023-03-06,2023-03-12,Total,1
Pokrovskyi,2023-03-06,2023-03-12,Government facilities,1
Pokrovskyi,2023-03-06,2023-03-12,Industrial/Business/Enterprise facilities,2
Pokrovskyi,2023-03-06,2023-03-12,Total,3
Zaporizkyi,2023-03-06,2023-03-12,"Education facility (school, etc.)",2
Zaporizkyi,2023-03-06,2023-03-12,Electricity supply system,1
Zaporizkyi,2023-03-06,2023-03-12,Total,3
Zhytomyrskyi,2023-03-06,2023-03-12,Electricity supply system,1
Zhytomyrskyi,2023-03-06,2023-03-12,Total,1
Bakhmutskyi,2023-02-27,2023-03-05,Bridge,1
Bakhmutskyi,2023-02-27,2023-03-05,Gas supply system,1
Bakhmutskyi,2023-02-27,2023-03-05,Government facilities,1
Bakhmutskyi,2023-02-27,2023-03-05,Industrial/Business/Enterprise facilities,2
Bakhmutskyi,2023-02-27,2023-03-05,Railway,1
Bakhmutskyi,2023-02-27,2023-03-05,Total,6
Beryslavskyi,2023-02-27,2023-03-05,Other,1
Beryslavskyi,2023-02-27,2023-03-05,Total,1
Chuhuivskyi,2023-02-27,2023-03-05,Total,1
Chuhuivskyi,2023-02-27,2023-03-05,Water supply system,1
Khersonskyi,2023-02-27,2023-03-05,Religious facilities,1
Khersonskyi,2023-02-27,2023-03-05,Total,1
Kramatorskyi,2023-02-27,2023-03-05,"Education facility (school, etc.)",1
Kramatorskyi,2023-02-27,2023-03-05,Government facilities,2
Kramatorskyi,2023-02-27,2023-03-05,Industrial/Business/Enterprise facilities,1
Kramatorskyi,2023-02-27,2023-03-05,Total,4
Kupianskyi,2023-02-27,2023-03-05,"Cultural facilities (museum, theater etc.)",1
Kupianskyi,2023-02-27,2023-03-05,"Education facility (school, etc.)",1
Kupianskyi,2023-02-27,2023-03-05,Gas supply system,3
Kupianskyi,2023-02-27,2023-03-05,Government facilities,2
Kupianskyi,2023-02-27,2023-03-05,"Health facility (hospital, health clinic)",1
Kupianskyi,2023-02-27,2023-03-05,Industrial/Business/Enterprise facilities,1
Kupianskyi,2023-02-27,2023-03-05,Railway,1
Kupianskyi,2023-02-27,2023-03-05,Total,11
Kupianskyi,2023-02-27,2023-03-05,Warehouse,1
Mykolaivskyi,2023-02-27,2023-03-05,"Education facility (school, etc.)",2
Mykolaivskyi,2023-02-27,2023-03-05,"Health facility (hospital, health clinic)",1
Mykolaivskyi,2023-02-27,2023-03-05,Total,3
Nikopolskyi,2023-02-27,2023-03-05,Agricultural facilities,5
Nikopolskyi,2023-02-27,2023-03-05,"Education facility (school, etc.)",1
Nikopolskyi,2023-02-27,2023-03-05,Electricity supply system,4
Nikopolskyi,2023-02-27,2023-03-05,Gas supply system,2
Nikopolskyi,2023-02-27,2023-03-05,Government facilities,4
Nikopolskyi,2023-02-27,2023-03-05,"Health facility (hospital, health clinic)",1
Nikopolskyi,2023-02-27,2023-03-05,Industrial/Business/Enterprise facilities,9
Nikopolskyi,2023-02-27,2023-03-05,Total,27
Nikopolskyi,2023-02-27,2023-03-05,Water supply system,1
Pokrovskyi,2023-02-27,2023-03-05,"Cultural facilities (museum, theater etc.)",3
Pokrovskyi,2023-02-27,2023-03-05,"Education facility (school, etc.)",1
Pokrovskyi,2023-02-27,2023-03-05,Electricity supply system,1
Pokrovskyi,2023-02-27,2023-03-05,Government facilities,3
Pokrovskyi,2023-02-27,2023-03-05,Industrial/Business/Enterprise facilities,9
Pokrovskyi,2023-02-27,2023-03-05,Railway,1
Pokrovskyi,2023-02-27,2023-03-05,Total,18
Shostkynskyi,2023-02-27,2023-03-05,Electricity supply system,2
Shostkynskyi,2023-02-27,2023-03-05,Total,2
Sumskyi,2023-02-27,2023-03-05,Electricity supply system,1
Sumskyi,2023-02-27,2023-03-05,Government facilities,1
Sumskyi,2023-02-27,2023-03-05,Industrial/Business/Enterprise facilities,1
Sumskyi,2023-02-27,2023-03-05,Total,3
Zaporizkyi,2023-02-27,2023-03-05,Electricity supply system,1
Zaporizkyi,2023-02-27,2023-03-05,Total,2
Zaporizkyi,2023-02-27,2023-03-05,Water supply system,1
Chuhuivskyi,2023-02-20,2023-02-26,Agricultural facilities,1
Chuhuivskyi,2023-02-20,2023-02-26,"Education facility (school, etc.)",3
Chuhuivskyi,2023-02-20,2023-02-26,Industrial/Business/Enterprise facilities,1
Chuhuivskyi,2023-02-20,2023-02-26,Total,5
Iziumskyi,2023-02-20,2023-02-26,Electricity supply system,1
Iziumskyi,2023-02-20,2023-02-26,Total,1
Khersonskyi,2023-02-20,2023-02-26,Electricity supply system,2
Khersonskyi,2023-02-20,2023-02-26,Gas supply system,1
Khersonskyi,2023-02-20,2023-02-26,Other,2
Khersonskyi,2023-02-20,2023-02-26,Total,7
Khersonskyi,2023-02-20,2023-02-26,Warehouse,1
Khersonskyi,2023-02-20,2023-02-26,Water supply system,1
Koriukivskyi,2023-02-20,2023-02-26,Industrial/Business/Enterprise facilities,2
Koriukivskyi,2023-02-20,2023-02-26,Total,2
Kramatorskyi,2023-02-20,2023-02-26,Industrial/Business/Enterprise facilities,1
Kramatorskyi,2023-02-20,2023-02-26,Total,1
Kupianskyi,2023-02-20,2023-02-26,Agricultural facilities,2
Kupianskyi,2023-02-20,2023-02-26,"Cultural facilities (museum, theater etc.)",1
Kupianskyi,2023-02-20,2023-02-26,"Education facility (school, etc.)",1
Kupianskyi,2023-02-20,2023-02-26,Government facilities,1
Kupianskyi,2023-02-20,2023-02-26,Total,5
Luhanskyi,2023-02-20,2023-02-26,Other,1
Luhanskyi,2023-02-20,2023-02-26,Total,1
Nikopolskyi,2023-02-20,2023-02-26,Electricity supply system,2
Nikopolskyi,2023-02-20,2023-02-26,Gas supply system,1
Nikopolskyi,2023-02-20,2023-02-26,Total,3
Novhorod-Siverskyi,2023-02-20,2023-02-26,Industrial/Business/Enterprise facilities,2
Novhorod-Siverskyi,2023-02-20,2023-02-26,Total,2
Pokrovskyi,2023-02-20,2023-02-26,Total,1
Pokrovskyi,2023-02-20,2023-02-26,Warehouse,1
Shostkynskyi,2023-02-20,2023-02-26,Industrial/Business/Enterprise facilities,1
Shostkynskyi,2023-02-20,2023-02-26,Total,1
Volnovaskyi,2023-02-20,2023-02-26,Electricity supply system,1
Volnovaskyi,2023-02-20,2023-02-26,Government facilities,2
Volnovaskyi,2023-02-20,2023-02-26,Total,4
Volnovaskyi,2023-02-20,2023-02-26,Warehouse,1
Zaporizkyi,2023-02-20,2023-02-26,"Education facility (school, etc.)",1
Zaporizkyi,2023-02-20,2023-02-26,Total,1
Bakhmutskyi,2023-02-13,2023-02-19,Gas supply system,1
Bakhmutskyi,2023-02-13,2023-02-19,Government facilities,3
Bakhmutskyi,2023-02-13,2023-02-19,Industrial/Business/Enterprise facilities,2
Bakhmutskyi,2023-02-13,2023-02-19,Total,6
Beryslavskyi,2023-02-13,2023-02-19,"Health facility (hospital, health clinic)",2
Beryslavskyi,2023-02-13,2023-02-19,Heating and water facility,1
Beryslavskyi,2023-02-13,2023-02-19,Total,3
Bohodukhivskyi,2023-02-13,2023-02-19,Electricity supply system,1
Bohodukhivskyi,2023-02-13,2023-02-19,Total,1
Chuhuivskyi,2023-02-13,2023-02-19,Industrial/Business/Enterprise facilities,2
Chuhuivskyi,2023-02-13,2023-02-19,Total,2
Donetskyi,2023-02-13,2023-02-19,"Education facility (school, etc.)",1
Donetskyi,2023-02-13,2023-02-19,Total,1
Drohobytskyi,2023-02-13,2023-02-19,Other,1
Drohobytskyi,2023-02-13,2023-02-19,Total,1
Horlivskyi,2023-02-13,2023-02-19,"Education facility (school, etc.)",1
Horlivskyi,2023-02-13,2023-02-19,Total,1
Kamianskyi,2023-02-13,2023-02-19,Industrial/Business/Enterprise facilities,1
Kamianskyi,2023-02-13,2023-02-19,Total,1
Kharkivskyi,2023-02-13,2023-02-19,"Education facility (school, etc.)",1
Kharkivskyi,2023-02-13,2023-02-19,Electricity supply system,1
Kharkivskyi,2023-02-13,2023-02-19,Industrial/Business/Enterprise facilities,1
Kharkivskyi,2023-02-13,2023-02-19,Railway,1
Kharkivskyi,2023-02-13,2023-02-19,Total,4
Khersonskyi,2023-02-13,2023-02-19,"Health facility (hospital, health clinic)",1
Khersonskyi,2023-02-13,2023-02-19,Industrial/Business/Enterprise facilities,1
Khersonskyi,2023-02-13,2023-02-19,Total,2
Khmelnytskyi,2023-02-13,2023-02-19,"Education facility (school, etc.)",1
Khmelnytskyi,2023-02-13,2023-02-19,Total,1
Kramatorskyi,2023-02-13,2023-02-19,"Cultural facilities (museum, theater etc.)",1
Kramatorskyi,2023-02-13,2023-02-19,"Health facility (hospital, health clinic)",1
Kramatorskyi,2023-02-13,2023-02-19,Total,2
Kremenchutskyi,2023-02-13,2023-02-19,Electricity supply system,1
Kremenchutskyi,2023-02-13,2023-02-19,Total,1
Kropyvnytskyi,2023-02-13,2023-02-19,Fuel depot,1
Kropyvnytskyi,2023-02-13,2023-02-19,Other,1
Kropyvnytskyi,2023-02-13,2023-02-19,Total,2
Lvivskyi,2023-02-13,2023-02-19,Other,1
Lvivskyi,2023-02-13,2023-02-19,Total,1
Nikopolskyi,2023-02-13,2023-02-19,Electricity supply system,2
Nikopolskyi,2023-02-13,2023-02-19,Industrial/Business/Enterprise facilities,1
Nikopolskyi,2023-02-13,2023-02-19,Total,3
Pavlohradskyi,2023-02-13,2023-02-19,Electricity supply system,1
Pavlohradskyi,2023-02-13,2023-02-19,Industrial/Business/Enterprise facilities,1
Pavlohradskyi,2023-02-13,2023-02-19,Total,2
Pokrovskyi,2023-02-13,2023-02-19,"Cultural facilities (museum, theater etc.)",1
Pokrovskyi,2023-02-13,2023-02-19,Industrial/Business/Enterprise facilities,1
Pokrovskyi,2023-02-13,2023-02-19,Total,3
Pokrovskyi,2023-02-13,2023-02-19,Warehouse,1
Sevastopol,2023-02-13,2023-02-19,Electricity supply system,1
Sevastopol,2023-02-13,2023-02-19,Total,1
Chuhuivskyi,2023-02-06,2023-02-12,"Education facility (school, etc.)",1
Chuhuivskyi,2023-02-06,2023-02-12,Government facilities,2
Chuhuivskyi,2023-02-06,2023-02-12,"Health facility (hospital, health clinic)",2
Chuhuivskyi,2023-02-06,2023-02-12,Industrial/Business/Enterprise facilities,2
Chuhuivskyi,2023-02-06,2023-02-12,Total,7
Kakhovskyi,2023-02-06,2023-02-12,Electricity supply system,1
Kakhovskyi,2023-02-06,2023-02-12,Total,1
Kharkivskyi,2023-02-06,2023-02-12,Government facilities,1
Kharkivskyi,2023-02-06,2023-02-12,Industrial/Business/Enterprise facilities,3
Kharkivskyi,2023-02-06,2023-02-12,Total,4
Khersonskyi,2023-02-06,2023-02-12,"Cultural facilities (museum, theater etc.)",2
Khersonskyi,2023-02-06,2023-02-12,"Education facility (school, etc.)",1
Khersonskyi,2023-02-06,2023-02-12,Government facilities,2
Khersonskyi,2023-02-06,2023-02-12,Harbor,1
Khersonskyi,2023-02-06,2023-02-12,"Health facility (hospital, health clinic)",1
Khersonskyi,2023-02-06,2023-02-12,Railway,1
Khersonskyi,2023-02-06,2023-02-12,Religious facilities,1
Khersonskyi,2023-02-06,2023-02-12,Total,10
Khersonskyi,2023-02-06,2023-02-12,Warehouse,1
Kramatorskyi,2023-02-06,2023-02-12,Industrial/Business/Enterprise facilities,1
Kramatorskyi,2023-02-06,2023-02-12,Total,1
Kryvorizkyi,2023-02-06,2023-02-12,Electricity supply system,1
Kryvorizkyi,2023-02-06,2023-02-12,Total,1
Mykolaivskyi,2023-02-06,2023-02-12,Other,1
Mykolaivskyi,2023-02-06,2023-02-12,Total,1
Nikopolskyi,2023-02-06,2023-02-12,"Education facility (school, etc.)",2
Nikopolskyi,2023-02-06,2023-02-12,Electricity supply system,8
Nikopolskyi,2023-02-06,2023-02-12,Gas supply system,4
Nikopolskyi,2023-02-06,2023-02-12,Government facilities,1
Nikopolskyi,2023-02-06,2023-02-12,Industrial/Business/Enterprise facilities,3
Nikopolskyi,2023-02-06,2023-02-12,Total,22
Nikopolskyi,2023-02-06,2023-02-12,Water supply system,4
Novhorod-Siverskyi,2023-02-06,2023-02-12,Industrial/Business/Enterprise facilities,1
Novhorod-Siverskyi,2023-02-06,2023-02-12,Total,1
Pokrovskyi,2023-02-06,2023-02-12,"Education facility (school, etc.)",1
Pokrovskyi,2023-02-06,2023-02-12,"Health facility (hospital, health clinic)",1
Pokrovskyi,2023-02-06,2023-02-12,Industrial/Business/Enterprise facilities,1
Pokrovskyi,2023-02-06,2023-02-12,Other,1
Pokrovskyi,2023-02-06,2023-02-12,Religious facilities,1
Pokrovskyi,2023-02-06,2023-02-12,Total,5
Shostkynskyi,2023-02-06,2023-02-12,Industrial/Business/Enterprise facilities,1
Shostkynskyi,2023-02-06,2023-02-12,Total,1
Zaporizkyi,2023-02-06,2023-02-12,Electricity supply system,1
Zaporizkyi,2023-02-06,2023-02-12,Industrial/Business/Enterprise facilities,1
Zaporizkyi,2023-02-06,2023-02-12,Total,2
Bakhmutskyi,2023-01-30,2023-02-05,"Cultural facilities (museum, theater etc.)",1
Bakhmutskyi,2023-01-30,2023-02-05,"Education facility (school, etc.)",3
Bakhmutskyi,2023-01-30,2023-02-05,Government facilities,3
Bakhmutskyi,2023-01-30,2023-02-05,"Health facility (hospital, health clinic)",1
Bakhmutskyi,2023-01-30,2023-02-05,Industrial/Business/Enterprise facilities,3
Bakhmutskyi,2023-01-30,2023-02-05,Other,1
Bakhmutskyi,2023-01-30,2023-02-05,Total,12
Dniprovskyi,2023-01-30,2023-02-05,Electricity supply system,1
Dniprovskyi,2023-01-30,2023-02-05,Total,1
Kharkivskyi,2023-01-30,2023-02-05,"Education facility (school, etc.)",1
Kharkivskyi,2023-01-30,2023-02-05,Total,1
Khersonskyi,2023-01-30,2023-02-05,"Education facility (school, etc.)",2
Khersonskyi,2023-01-30,2023-02-05,Electricity supply system,1
Khersonskyi,2023-01-30,2023-02-05,Industrial/Business/Enterprise facilities,1
Khersonskyi,2023-01-30,2023-02-05,Religious facilities,1
Khersonskyi,2023-01-30,2023-02-05,Total,5
Kramatorskyi,2023-01-30,2023-02-05,"Education facility (school, etc.)",2
Kramatorskyi,2023-01-30,2023-02-05,Government facilities,1
Kramatorskyi,2023-01-30,2023-02-05,"Health facility (hospital, health clinic)",1
Kramatorskyi,2023-01-30,2023-02-05,Industrial/Business/Enterprise facilities,2
Kramatorskyi,2023-01-30,2023-02-05,Total,6
Kupianskyi,2023-01-30,2023-02-05,Gas supply system,1
Kupianskyi,2023-01-30,2023-02-05,Government facilities,1
Kupianskyi,2023-01-30,2023-02-05,Total,2
Mariupolskyi,2023-01-30,2023-02-05,Other,1
Mariupolskyi,2023-01-30,2023-02-05,Total,1
Mykolaivskyi,2023-01-30,2023-02-05,Agricultural facilities,2
Mykolaivskyi,2023-01-30,2023-02-05,Total,2
Nikopolskyi,2023-01-30,2023-02-05,Electricity supply system,2
Nikopolskyi,2023-01-30,2023-02-05,Total,2
Shostkynskyi,2023-01-30,2023-02-05,Electricity supply system,1
Shostkynskyi,2023-01-30,2023-02-05,Industrial/Business/Enterprise facilities,1
Shostkynskyi,2023-01-30,2023-02-05,Total,2
Synelnykivskyi,2023-01-30,2023-02-05,Electricity supply system,1
Synelnykivskyi,2023-01-30,2023-02-05,Total,1
Bakhmutskyi,2023-01-23,2023-01-29,"Education facility (school, etc.)",1
Bakhmutskyi,2023-01-23,2023-01-29,Electricity supply system,1
Bakhmutskyi,2023-01-23,2023-01-29,Gas supply system,1
Bakhmutskyi,2023-01-23,2023-01-29,Government facilities,1
Bakhmutskyi,2023-01-23,2023-01-29,Total,4
Beryslavskyi,2023-01-23,2023-01-29,Government facilities,1
Beryslavskyi,2023-01-23,2023-01-29,Industrial/Business/Enterprise facilities,1
Beryslavskyi,2023-01-23,2023-01-29,Total,2
Chuhuivskyi,2023-01-23,2023-01-29,"Education facility (school, etc.)",1
Chuhuivskyi,2023-01-23,2023-01-29,Government facilities,1
Chuhuivskyi,2023-01-23,2023-01-29,Industrial/Business/Enterprise facilities,2
Chuhuivskyi,2023-01-23,2023-01-29,Other,1
Chuhuivskyi,2023-01-23,2023-01-29,Total,5
Khersonskyi,2023-01-23,2023-01-29,"Education facility (school, etc.)",2
Khersonskyi,2023-01-23,2023-01-29,Government facilities,4
Khersonskyi,2023-01-23,2023-01-29,Harbor,1
Khersonskyi,2023-01-23,2023-01-29,"Health facility (hospital, health clinic)",4
Khersonskyi,2023-01-23,2023-01-29,Industrial/Business/Enterprise facilities,1
Khersonskyi,2023-01-23,2023-01-29,Total,12
Kramatorskyi,2023-01-23,2023-01-29,"Health facility (hospital, health clinic)",1
Kramatorskyi,2023-01-23,2023-01-29,Industrial/Business/Enterprise facilities,1
Kramatorskyi,2023-01-23,2023-01-29,Total,2
Kupianskyi,2023-01-23,2023-01-29,"Education facility (school, etc.)",1
Kupianskyi,2023-01-23,2023-01-29,Gas supply system,1
Kupianskyi,2023-01-23,2023-01-29,Industrial/Business/Enterprise facilities,1
Kupianskyi,2023-01-23,2023-01-29,Total,4
Kupianskyi,2023-01-23,2023-01-29,Warehouse,1
Mariupolskyi,2023-01-23,2023-01-29,"Cultural facilities (museum, theater etc.)",1
Mariupolskyi,2023-01-23,2023-01-29,Total,1
Nikopolskyi,2023-01-23,2023-01-29,"Education facility (school, etc.)",1
Nikopolskyi,2023-01-23,2023-01-29,Electricity supply system,1
Nikopolskyi,2023-01-23,2023-01-29,Gas supply system,1
Nikopolskyi,2023-01-23,2023-01-29,Industrial/Business/Enterprise facilities,5
Nikopolskyi,2023-01-23,2023-01-29,Total,8
Pokrovskyi,2023-01-23,2023-01-29,"Health facility (hospital, health clinic)",2
Pokrovskyi,2023-01-23,2023-01-29,Total,2
Polohivskyi,2023-01-23,2023-01-29,Government facilities,1
Polohivskyi,2023-01-23,2023-01-29,Total,1
Shostkynskyi,2023-01-23,2023-01-29,"Education facility (school, etc.)",1
Shostkynskyi,2023-01-23,2023-01-29,Other,1
Shostkynskyi,2023-01-23,2023-01-29,Total,2
Sumskyi,2023-01-23,2023-01-29,"Education facility (school, etc.)",1
Sumskyi,2023-01-23,2023-01-29,Electricity supply system,2
Sumskyi,2023-01-23,2023-01-29,Gas supply system,2
Sumskyi,2023-01-23,2023-01-29,Government facilities,1
Sumskyi,2023-01-23,2023-01-29,Railway,1
Sumskyi,2023-01-23,2023-01-29,Total,7
Volnovaskyi,2023-01-23,2023-01-29,Agricultural facilities,1
Volnovaskyi,2023-01-23,2023-01-29,"Education facility (school, etc.)",2
Volnovaskyi,2023-01-23,2023-01-29,Total,3
Zaporizkyi,2023-01-23,2023-01-29,Electricity supply system,1
Zaporizkyi,2023-01-23,2023-01-29,Industrial/Business/Enterprise facilities,1
Zaporizkyi,2023-01-23,2023-01-29,Total,2
Bakhmutskyi,2023-01-16,2023-01-22,"Education facility (school, etc.)",1
Bakhmutskyi,2023-01-16,2023-01-22,Total,1
Bohodukhivskyi,2023-01-16,2023-01-22,Government facilities,1
Bohodukhivskyi,2023-01-16,2023-01-22,Total,1
Khersonskyi,2023-01-16,2023-01-22,"Cultural facilities (museum, theater etc.)",1
Khersonskyi,2023-01-16,2023-01-22,"Education facility (school, etc.)",2
Khersonskyi,2023-01-16,2023-01-22,Government facilities,2
Khersonskyi,2023-01-16,2023-01-22,Harbor,2
Khersonskyi,2023-01-16,2023-01-22,"Health facility (hospital, health clinic)",1
Khersonskyi,2023-01-16,2023-01-22,Industrial/Business/Enterprise facilities,2
Khersonskyi,2023-01-16,2023-01-22,Other,1
Khersonskyi,2023-01-16,2023-01-22,Total,11
Kramatorskyi,2023-01-16,2023-01-22,"Education facility (school, etc.)",2
Kramatorskyi,2023-01-16,2023-01-22,Government facilities,1
Kramatorskyi,2023-01-16,2023-01-22,"Health facility (hospital, health clinic)",2
Kramatorskyi,2023-01-16,2023-01-22,Industrial/Business/Enterprise facilities,1
Kramatorskyi,2023-01-16,2023-01-22,Other,1
Kramatorskyi,2023-01-16,2023-01-22,Total,7
Kupianskyi,2023-01-16,2023-01-22,"Education facility (school, etc.)",2
Kupianskyi,2023-01-16,2023-01-22,Industrial/Business/Enterprise facilities,1
Kupianskyi,2023-01-16,2023-01-22,Total,3
Nikopolskyi,2023-01-16,2023-01-22,"Education facility (school, etc.)",1
Nikopolskyi,2023-01-16,2023-01-22,Electricity supply system,3
Nikopolskyi,2023-01-16,2023-01-22,Government facilities,1
Nikopolskyi,2023-01-16,2023-01-22,Industrial/Business/Enterprise facilities,1
Nikopolskyi,2023-01-16,2023-01-22,Total,7
Nikopolskyi,2023-01-16,2023-01-22,Water supply system,1
Pokrovskyi,2023-01-16,2023-01-22,"Health facility (hospital, health clinic)",1
Pokrovskyi,2023-01-16,2023-01-22,Total,1
Zaporizkyi,2023-01-16,2023-01-22,"Education facility (school, etc.)",1
Zaporizkyi,2023-01-16,2023-01-22,Industrial/Business/Enterprise facilities,2
Zaporizkyi,2023-01-16,2023-01-22,Other,1
Zaporizkyi,2023-01-16,2023-01-22,Total,4
Bakhmutskyi,2023-01-09,2023-01-15,Industrial/Business/Enterprise facilities,1
Bakhmutskyi,2023-01-09,2023-01-15,Total,1
Chuhuivskyi,2023-01-09,2023-01-15,Industrial/Business/Enterprise facilities,2
Chuhuivskyi,2023-01-09,2023-01-15,Total,2
Kharkivskyi,2023-01-09,2023-01-15,Total,1
Kharkivskyi,2023-01-09,2023-01-15,Warehouse,1
Khersonskyi,2023-01-09,2023-01-15,"Education facility (school, etc.)",1
Khersonskyi,2023-01-09,2023-01-15,Electricity supply system,1
Khersonskyi,2023-01-09,2023-01-15,"Health facility (hospital, health clinic)",1
Khersonskyi,2023-01-09,2023-01-15,Other,2
Khersonskyi,2023-01-09,2023-01-15,Total,7
Khersonskyi,2023-01-09,2023-01-15,Warehouse,1
Khersonskyi,2023-01-09,2023-01-15,Water supply system,1
Kramatorskyi,2023-01-09,2023-01-15,"Education facility (school, etc.)",2
Kramatorskyi,2023-01-09,2023-01-15,Industrial/Business/Enterprise facilities,1
Kramatorskyi,2023-01-09,2023-01-15,Total,3
Kryvorizkyi,2023-01-09,2023-01-15,"Education facility (school, etc.)",5
Kryvorizkyi,2023-01-09,2023-01-15,Gas supply system,1
Kryvorizkyi,2023-01-09,2023-01-15,Government facilities,1
Kryvorizkyi,2023-01-09,2023-01-15,Total,7
Mariupolskyi,2023-01-09,2023-01-15,"Cultural facilities (museum, theater etc.)",1
Mariupolskyi,2023-01-09,2023-01-15,Total,1
Mykolaivskyi,2023-01-09,2023-01-15,"Health facility (hospital, health clinic)",1
Mykolaivskyi,2023-01-09,2023-01-15,Other,1
Mykolaivskyi,2023-01-09,2023-01-15,Total,2
Nikopolskyi,2023-01-09,2023-01-15,Agricultural facilities,5
Nikopolskyi,2023-01-09,2023-01-15,Electricity supply system,5
Nikopolskyi,2023-01-09,2023-01-15,Fuel depot,1
Nikopolskyi,2023-01-09,2023-01-15,Gas supply system,2
Nikopolskyi,2023-01-09,2023-01-15,Industrial/Business/Enterprise facilities,5
Nikopolskyi,2023-01-09,2023-01-15,Total,18
Okhtyrskyi,2023-01-09,2023-01-15,Agricultural facilities,1
Okhtyrskyi,2023-01-09,2023-01-15,Total,1
Pokrovskyi,2023-01-09,2023-01-15,Government facilities,1
Pokrovskyi,2023-01-09,2023-01-15,Industrial/Business/Enterprise facilities,3
Pokrovskyi,2023-01-09,2023-01-15,Total,4
Sumskyi,2023-01-09,2023-01-15,"Education facility (school, etc.)",2
Sumskyi,2023-01-09,2023-01-15,Electricity supply system,1
Sumskyi,2023-01-09,2023-01-15,Total,3
Zaporizkyi,2023-01-09,2023-01-15,Industrial/Business/Enterprise facilities,1
Zaporizkyi,2023-01-09,2023-01-15,Total,1
Bakhmutskyi,2023-01-02,2023-01-08,"Health facility (hospital, health clinic)",1
Bakhmutskyi,2023-01-02,2023-01-08,Total,1
Beryslavskyi,2023-01-02,2023-01-08,"Education facility (school, etc.)",1
Beryslavskyi,2023-01-02,2023-01-08,"Health facility (hospital, health clinic)",1
Beryslavskyi,2023-01-02,2023-01-08,Industrial/Business/Enterprise facilities,1
Beryslavskyi,2023-01-02,2023-01-08,Other,2
Beryslavskyi,2023-01-02,2023-01-08,Total,5
Kamianskyi,2023-01-02,2023-01-08,Industrial/Business/Enterprise facilities,1
Kamianskyi,2023-01-02,2023-01-08,Total,1
Khersonskyi,2023-01-02,2023-01-08,Agricultural facilities,1
Khersonskyi,2023-01-02,2023-01-08,Electricity supply system,1
Khersonskyi,2023-01-02,2023-01-08,Gas supply system,1
Khersonskyi,2023-01-02,2023-01-08,Government facilities,2
Khersonskyi,2023-01-02,2023-01-08,Industrial/Business/Enterprise facilities,2
Khersonskyi,2023-01-02,2023-01-08,Other,1
Khersonskyi,2023-01-02,2023-01-08,Total,8
Kramatorskyi,2023-01-02,2023-01-08,"Education facility (school, etc.)",2
Kramatorskyi,2023-01-02,2023-01-08,Government facilities,1
Kramatorskyi,2023-01-02,2023-01-08,Industrial/Business/Enterprise facilities,4
Kramatorskyi,2023-01-02,2023-01-08,Other,1
Kramatorskyi,2023-01-02,2023-01-08,Religious facilities,1
Kramatorskyi,2023-01-02,2023-01-08,Total,10
Kramatorskyi,2023-01-02,2023-01-08,Warehouse,1
Kupianskyi,2023-01-02,2023-01-08,Other,1
Kupianskyi,2023-01-02,2023-01-08,Total,1
Luhanskyi,2023-01-02,2023-01-08,Gas supply system,1
Luhanskyi,2023-01-02,2023-01-08,Total,1
Nikopolskyi,2023-01-02,2023-01-08,Electricity supply system,4
Nikopolskyi,2023-01-02,2023-01-08,Gas supply system,2
Nikopolskyi,2023-01-02,2023-01-08,Other,2
Nikopolskyi,2023-01-02,2023-01-08,Total,8
Pokrovskyi,2023-01-02,2023-01-08,"Health facility (hospital, health clinic)",1
Pokrovskyi,2023-01-02,2023-01-08,Heating and water facility,2
Pokrovskyi,2023-01-02,2023-01-08,Industrial/Business/Enterprise facilities,2
Pokrovskyi,2023-01-02,2023-01-08,Other,1
Pokrovskyi,2023-01-02,2023-01-08,Total,7
Pokrovskyi,2023-01-02,2023-01-08,Water supply system,1
Polohivskyi,2023-01-02,2023-01-08,Other,1
Polohivskyi,2023-01-02,2023-01-08,Total,1
Shchastynskyi,2023-01-02,2023-01-08,Railway,1
Shchastynskyi,2023-01-02,2023-01-08,Total,1
Shostkynskyi,2023-01-02,2023-01-08,"Education facility (school, etc.)",1
Shostkynskyi,2023-01-02,2023-01-08,Electricity supply system,1
Shostkynskyi,2023-01-02,2023-01-08,Government facilities,1
Shostkynskyi,2023-01-02,2023-01-08,Industrial/Business/Enterprise facilities,1
Shostkynskyi,2023-01-02,2023-01-08,Total,4
Sumskyi,2023-01-02,2023-01-08,Agricultural facilities,1
Sumskyi,2023-01-02,2023-01-08,"Education facility (school, etc.)",1
Sumskyi,2023-01-02,2023-01-08,Electricity supply system,2
Sumskyi,2023-01-02,2023-01-08,Total,4
Vasylivskyi,2023-01-02,2023-01-08,Total,1
Vasylivskyi,2023-01-02,2023-01-08,Warehouse,1
Zaporizkyi,2023-01-02,2023-01-08,"Education facility (school, etc.)",1
Zaporizkyi,2023-01-02,2023-01-08,Other,1
Zaporizkyi,2023-01-02,2023-01-08,Total,4
Zaporizkyi,2023-01-02,2023-01-08,Warehouse,2
Kharkivskyi,2022-12-26,2023-01-01,Electricity supply system,1
Kharkivskyi,2022-12-26,2023-01-01,Total,1
Khersonskyi,2022-12-26,2023-01-01,"Education facility (school, etc.)",2
Khersonskyi,2022-12-26,2023-01-01,Electricity supply system,1
Khersonskyi,2022-12-26,2023-01-01,"Health facility (hospital, health clinic)",4
Khersonskyi,2022-12-26,2023-01-01,Industrial/Business/Enterprise facilities,3
Khersonskyi,2022-12-26,2023-01-01,Other,2
Khersonskyi,2022-12-26,2023-01-01,Total,13
Khersonskyi,2022-12-26,2023-01-01,Warehouse,1
Khmelnytskyi,2022-12-26,2023-01-01,Fuel depot,1
Khmelnytskyi,2022-12-26,2023-01-01,Total,2
Khmelnytskyi,2022-12-26,2023-01-01,Warehouse,1
Kramatorskyi,2022-12-26,2023-01-01,Government facilities,1
Kramatorskyi,2022-12-26,2023-01-01,Other,1
Kramatorskyi,2022-12-26,2023-01-01,Total,2
Mykolaivskyi,2022-12-26,2023-01-01,"Education facility (school, etc.)",3
Mykolaivskyi,2022-12-26,2023-01-01,Harbor,1
Mykolaivskyi,2022-12-26,2023-01-01,Total,4
Nikopolskyi,2022-12-26,2023-01-01,Agricultural facilities,2
Nikopolskyi,2022-12-26,2023-01-01,Electricity supply system,6
Nikopolskyi,2022-12-26,2023-01-01,Gas supply system,6
Nikopolskyi,2022-12-26,2023-01-01,"Health facility (hospital, health clinic)",1
Nikopolskyi,2022-12-26,2023-01-01,Industrial/Business/Enterprise facilities,6
Nikopolskyi,2022-12-26,2023-01-01,Total,21
Shostkynskyi,2022-12-26,2023-01-01,"Education facility (school, etc.)",1
Shostkynskyi,2022-12-26,2023-01-01,Electricity supply system,1
Shostkynskyi,2022-12-26,2023-01-01,Industrial/Business/Enterprise facilities,2
Shostkynskyi,2022-12-26,2023-01-01,Total,4
Sumskyi,2022-12-26,2023-01-01,"Education facility (school, etc.)",2
Sumskyi,2022-12-26,2023-01-01,Government facilities,1
Sumskyi,2022-12-26,2023-01-01,"Health facility (hospital, health clinic)",1
Sumskyi,2022-12-26,2023-01-01,Heating and water facility,1
Sumskyi,2022-12-26,2023-01-01,Total,5
Zaporizkyi,2022-12-26,2023-01-01,Electricity supply system,1
Zaporizkyi,2022-12-26,2023-01-01,Gas supply system,1
Zaporizkyi,2022-12-26,2023-01-01,Total,2
Bakhmutskyi,2022-12-19,2022-12-25,Electricity supply system,1
Bakhmutskyi,2022-12-19,2022-12-25,Government facilities,1
Bakhmutskyi,2022-12-19,2022-12-25,Total,2
Beryslavskyi,2022-12-19,2022-12-25,"Cultural facilities (museum, theater etc.)",1
Beryslavskyi,2022-12-19,2022-12-25,"Education facility (school, etc.)",2
Beryslavskyi,2022-12-19,2022-12-25,Government facilities,1
Beryslavskyi,2022-12-19,2022-12-25,"Health facility (hospital, health clinic)",1
Beryslavskyi,2022-12-19,2022-12-25,Total,5
Chuhuivskyi,2022-12-19,2022-12-25,"Health facility (hospital, health clinic)",1
Chuhuivskyi,2022-12-19,2022-12-25,Total,1
Iziumskyi,2022-12-19,2022-12-25,Industrial/Business/Enterprise facilities,1
Iziumskyi,2022-12-19,2022-12-25,Total,1
Khersonskyi,2022-12-19,2022-12-25,"Education facility (school, etc.)",2
Khersonskyi,2022-12-19,2022-12-25,Government facilities,1
Khersonskyi,2022-12-19,2022-12-25,"Health facility (hospital, health clinic)",3
Khersonskyi,2022-12-19,2022-12-25,Industrial/Business/Enterprise facilities,3
Khersonskyi,2022-12-19,2022-12-25,Other,1
Khersonskyi,2022-12-19,2022-12-25,Religious facilities,1
Khersonskyi,2022-12-19,2022-12-25,Total,11
Konotopskyi,2022-12-19,2022-12-25,Other,1
Konotopskyi,2022-12-19,2022-12-25,Total,1
Kramatorskyi,2022-12-19,2022-12-25,"Education facility (school, etc.)",4
Kramatorskyi,2022-12-19,2022-12-25,Industrial/Business/Enterprise facilities,2
Kramatorskyi,2022-12-19,2022-12-25,Total,6
Nikopolskyi,2022-12-19,2022-12-25,Agricultural facilities,1
Nikopolskyi,2022-12-19,2022-12-25,"Cultural facilities (museum, theater etc.)",1
Nikopolskyi,2022-12-19,2022-12-25,"Education facility (school, etc.)",2
Nikopolskyi,2022-12-19,2022-12-25,Electricity supply system,15
Nikopolskyi,2022-12-19,2022-12-25,Gas supply system,5
Nikopolskyi,2022-12-19,2022-12-25,Government facilities,1
Nikopolskyi,2022-12-19,2022-12-25,Industrial/Business/Enterprise facilities,1
Nikopolskyi,2022-12-19,2022-12-25,Other,1
Nikopolskyi,2022-12-19,2022-12-25,Total,27
Pokrovskyi,2022-12-19,2022-12-25,"Health facility (hospital, health clinic)",1
Pokrovskyi,2022-12-19,2022-12-25,Industrial/Business/Enterprise facilities,1
Pokrovskyi,2022-12-19,2022-12-25,Other,1
Pokrovskyi,2022-12-19,2022-12-25,Total,3
Polohivskyi,2022-12-19,2022-12-25,"Health facility (hospital, health clinic)",1
Polohivskyi,2022-12-19,2022-12-25,Total,1
Shostkynskyi,2022-12-19,2022-12-25,Electricity supply system,1
Shostkynskyi,2022-12-19,2022-12-25,Total,1
Sumskyi,2022-12-19,2022-12-25,"Cultural facilities (museum, theater etc.)",1
Sumskyi,2022-12-19,2022-12-25,Electricity supply system,2
Sumskyi,2022-12-19,2022-12-25,Industrial/Business/Enterprise facilities,1
Sumskyi,2022-12-19,2022-12-25,Other,1
Sumskyi,2022-12-19,2022-12-25,Total,5
Synelnykivskyi,2022-12-19,2022-12-25,Electricity supply system,1
Synelnykivskyi,2022-12-19,2022-12-25,Total,1
Zaporizkyi,2022-12-19,2022-12-25,"Education facility (school, etc.)",1
Zaporizkyi,2022-12-19,2022-12-25,Total,1
Chuhuivskyi,2022-12-12,2022-12-18,Electricity supply system,1
Chuhuivskyi,2022-12-12,2022-12-18,Total,1
Kharkivskyi,2022-12-12,2022-12-18,Electricity supply system,1
Kharkivskyi,2022-12-12,2022-12-18,Total,2
Kharkivskyi,2022-12-12,2022-12-18,Warehouse,1
Khersonskyi,2022-12-12,2022-12-18,"Education facility (school, etc.)",4
Khersonskyi,2022-12-12,2022-12-18,Electricity supply system,2
Khersonskyi,2022-12-12,2022-12-18,Government facilities,3
Khersonskyi,2022-12-12,2022-12-18,"Health facility (hospital, health clinic)",1
Khersonskyi,2022-12-12,2022-12-18,Industrial/Business/Enterprise facilities,5
Khersonskyi,2022-12-12,2022-12-18,Other,1
Khersonskyi,2022-12-12,2022-12-18,Religious facilities,1
Khersonskyi,2022-12-12,2022-12-18,Total,18
Khersonskyi,2022-12-12,2022-12-18,Warehouse,1
Korostenskyi,2022-12-12,2022-12-18,Other,1
Korostenskyi,2022-12-12,2022-12-18,Total,1
Kramatorskyi,2022-12-12,2022-12-18,"Education facility (school, etc.)",2
Kramatorskyi,2022-12-12,2022-12-18,Industrial/Business/Enterprise facilities,1
Kramatorskyi,2022-12-12,2022-12-18,Road / Highway,1
Kramatorskyi,2022-12-12,2022-12-18,Total,4
Kryvorizkyi,2022-12-12,2022-12-18,Electricity supply system,2
Kryvorizkyi,2022-12-12,2022-12-18,Total,2
Kupianskyi,2022-12-12,2022-12-18,Government facilities,1
Kupianskyi,2022-12-12,2022-12-18,"Health facility (hospital, health clinic)",1
Kupianskyi,2022-12-12,2022-12-18,Other,1
Kupianskyi,2022-12-12,2022-12-18,Total,3
Melitopolskyi,2022-12-12,2022-12-18,Bridge,1
Melitopolskyi,2022-12-12,2022-12-18,Total,1
Mykolaivskyi,2022-12-12,2022-12-18,Other,2
Mykolaivskyi,2022-12-12,2022-12-18,Total,2
Nikopolskyi,2022-12-12,2022-12-18,"Education facility (school, etc.)",1
Nikopolskyi,2022-12-12,2022-12-18,Electricity supply system,5
Nikopolskyi,2022-12-12,2022-12-18,Gas supply system,3
Nikopolskyi,2022-12-12,2022-12-18,Government facilities,1
Nikopolskyi,2022-12-12,2022-12-18,Industrial/Business/Enterprise facilities,2
Nikopolskyi,2022-12-12,2022-12-18,Total,12
Pokrovskyi,2022-12-12,2022-12-18,Industrial/Business/Enterprise facilities,1
Pokrovskyi,2022-12-12,2022-12-18,Total,1
Shostkynskyi,2022-12-12,2022-12-18,Government facilities,2
Shostkynskyi,2022-12-12,2022-12-18,Total,2
Khersonskyi,2022-12-05,2022-12-11,Electricity supply system,1
Khersonskyi,2022-12-05,2022-12-11,"Health facility (hospital, health clinic)",1
Khersonskyi,2022-12-05,2022-12-11,Industrial/Business/Enterprise facilities,1
Khersonskyi,2022-12-05,2022-12-11,Other,1
Khersonskyi,2022-12-05,2022-12-11,Total,5
Khersonskyi,2022-12-05,2022-12-11,Water supply system,1
Kryvorizkyi,2022-12-05,2022-12-11,Industrial/Business/Enterprise facilities,3
Kryvorizkyi,2022-12-05,2022-12-11,Total,3
Kupianskyi,2022-12-05,2022-12-11,Total,1
Kupianskyi,2022-12-05,2022-12-11,Warehouse,1
Nikopolskyi,2022-12-05,2022-12-11,Agricultural facilities,1
Nikopolskyi,2022-12-05,2022-12-11,"Education facility (school, etc.)",2
Nikopolskyi,2022-12-05,2022-12-11,Electricity supply system,4
Nikopolskyi,2022-12-05,2022-12-11,Gas supply system,5
Nikopolskyi,2022-12-05,2022-12-11,Government facilities,1
Nikopolskyi,2022-12-05,2022-12-11,Industrial/Business/Enterprise facilities,4
Nikopolskyi,2022-12-05,2022-12-11,Other,1
Nikopolskyi,2022-12-05,2022-12-11,Total,18
Okhtyrskyi,2022-12-05,2022-12-11,Other,1
Okhtyrskyi,2022-12-05,2022-12-11,Total,1
Pokrovskyi,2022-12-05,2022-12-11,Government facilities,1
Pokrovskyi,2022-12-05,2022-12-11,Industrial/Business/Enterprise facilities,1
Pokrovskyi,2022-12-05,2022-12-11,Other,1
Pokrovskyi,2022-12-05,2022-12-11,Total,3
Shostkynskyi,2022-12-05,2022-12-11,Religious facilities,1
Shostkynskyi,2022-12-05,2022-12-11,Total,1
Sumskyi,2022-12-05,2022-12-11,"Education facility (school, etc.)",1
Sumskyi,2022-12-05,2022-12-11,"Health facility (hospital, health clinic)",1
Sumskyi,2022-12-05,2022-12-11,Total,2
Zaporizkyi,2022-12-05,2022-12-11,Other,1
Zaporizkyi,2022-12-05,2022-12-11,Total,1
Dniprovskyi,2022-11-28,2022-12-04,Industrial/Business/Enterprise facilities,1
Dniprovskyi,2022-11-28,2022-12-04,Total,1
Donetskyi,2022-11-28,2022-12-04,Oil depot,1
Donetskyi,2022-11-28,2022-12-04,Total,1
Khersonskyi,2022-11-28,2022-12-04,Electricity supply system,1
Khersonskyi,2022-11-28,2022-12-04,Government facilities,1
Khersonskyi,2022-11-28,2022-12-04,Other,1
Khersonskyi,2022-11-28,2022-12-04,Total,3
Konotopskyi,2022-11-28,2022-12-04,Electricity supply system,2
Konotopskyi,2022-11-28,2022-12-04,Industrial/Business/Enterprise facilities,1
Konotopskyi,2022-11-28,2022-12-04,Total,6
Konotopskyi,2022-11-28,2022-12-04,Warehouse,3
Kupianskyi,2022-11-28,2022-12-04,Road / Highway,1
Kupianskyi,2022-11-28,2022-12-04,Total,1
Nikopolskyi,2022-11-28,2022-12-04,Electricity supply system,2
Nikopolskyi,2022-11-28,2022-12-04,Gas supply system,2
Nikopolskyi,2022-11-28,2022-12-04,Total,4
Shostkynskyi,2022-11-28,2022-12-04,Electricity supply system,1
Shostkynskyi,2022-11-28,2022-12-04,Other,1
Shostkynskyi,2022-11-28,2022-12-04,Total,2
Sumskyi,2022-11-28,2022-12-04,Electricity supply system,1
Sumskyi,2022-11-28,2022-12-04,Gas supply system,1
Sumskyi,2022-11-28,2022-12-04,"Health facility (hospital, health clinic)",1
Sumskyi,2022-11-28,2022-12-04,Total,3
Zaporizkyi,2022-11-28,2022-12-04,Electricity supply system,1
Zaporizkyi,2022-11-28,2022-12-04,Industrial/Business/Enterprise facilities,2
Zaporizkyi,2022-11-28,2022-12-04,Total,3
Bakhmutskyi,2022-11-21,2022-11-27,Total,1
Bakhmutskyi,2022-11-21,2022-11-27,Warehouse,1
Kramatorskyi,2022-11-21,2022-11-27,"Health facility (hospital, health clinic)",1
Kramatorskyi,2022-11-21,2022-11-27,Total,1
Kryvorizkyi,2022-11-21,2022-11-27,Railway,1
Kryvorizkyi,2022-11-21,2022-11-27,Total,1
Kupianskyi,2022-11-21,2022-11-27,"Health facility (hospital, health clinic)",1
Kupianskyi,2022-11-21,2022-11-27,Industrial/Business/Enterprise facilities,1
Kupianskyi,2022-11-21,2022-11-27,Total,3
Kupianskyi,2022-11-21,2022-11-27,Warehouse,1
Mykolaivskyi,2022-11-21,2022-11-27,Religious facilities,1
Mykolaivskyi,2022-11-21,2022-11-27,Total,1
Polohivskyi,2022-11-21,2022-11-27,Other,1
Polohivskyi,2022-11-21,2022-11-27,Total,1
Sumskyi,2022-11-21,2022-11-27,"Cultural facilities (museum, theater etc.)",1
Sumskyi,2022-11-21,2022-11-27,Electricity supply system,1
Sumskyi,2022-11-21,2022-11-27,Gas supply system,2
Sumskyi,2022-11-21,2022-11-27,Industrial/Business/Enterprise facilities,2
Sumskyi,2022-11-21,2022-11-27,Total,6
Vyshhorodskyi,2022-11-21,2022-11-27,Electricity supply system,1
Vyshhorodskyi,2022-11-21,2022-11-27,Total,1
Iziumskyi,2022-11-14,2022-11-20,Other,1
Iziumskyi,2022-11-14,2022-11-20,Total,1
Khersonskyi,2022-11-14,2022-11-20,Other,1
Khersonskyi,2022-11-14,2022-11-20,Total,1
Kovelskyi,2022-11-14,2022-11-20,Electricity supply system,1
Kovelskyi,2022-11-14,2022-11-20,Total,1
Kremenchutskyi,2022-11-14,2022-11-20,Electricity supply system,1
Kremenchutskyi,2022-11-14,2022-11-20,Total,1
Kropyvnytskyi,2022-11-14,2022-11-20,Electricity supply system,2
Kropyvnytskyi,2022-11-14,2022-11-20,Total,2
Kryvorizkyi,2022-11-14,2022-11-20,Electricity supply system,1
Kryvorizkyi,2022-11-14,2022-11-20,Total,1
Kupianskyi,2022-11-14,2022-11-20,Industrial/Business/Enterprise facilities,1
Kupianskyi,2022-11-14,2022-11-20,Total,1
Melitopolskyi,2022-11-14,2022-11-20,Road / Highway,1
Melitopolskyi,2022-11-14,2022-11-20,Total,2
Melitopolskyi,2022-11-14,2022-11-20,Water supply system,1
Nikopolskyi,2022-11-14,2022-11-20,Electricity supply system,4
Nikopolskyi,2022-11-14,2022-11-20,Gas supply system,3
Nikopolskyi,2022-11-14,2022-11-20,Industrial/Business/Enterprise facilities,1
Nikopolskyi,2022-11-14,2022-11-20,Power plant,1
Nikopolskyi,2022-11-14,2022-11-20,Total,9
Shostkynskyi,2022-11-14,2022-11-20,Gas supply system,1
Shostkynskyi,2022-11-14,2022-11-20,Industrial/Business/Enterprise facilities,1
Shostkynskyi,2022-11-14,2022-11-20,Total,2
Vasylivskyi,2022-11-14,2022-11-20,Power plant,1
Vasylivskyi,2022-11-14,2022-11-20,Total,1
Bakhmutskyi,2022-11-07,2022-11-13,"Health facility (hospital, health clinic)",4
Bakhmutskyi,2022-11-07,2022-11-13,Total,4
Dniprovskyi,2022-11-07,2022-11-13,Industrial/Business/Enterprise facilities,1
Dniprovskyi,2022-11-07,2022-11-13,Total,2
Dniprovskyi,2022-11-07,2022-11-13,Warehouse,1
Kakhovskyi,2022-11-07,2022-11-13,Other,1
Kakhovskyi,2022-11-07,2022-11-13,Telecommunications,1
Kakhovskyi,2022-11-07,2022-11-13,Total,2
Khersonskyi,2022-11-07,2022-11-13,Telecommunications,1
Khersonskyi,2022-11-07,2022-11-13,Total,1
Kupianskyi,2022-11-07,2022-11-13,Other,1
Kupianskyi,2022-11-07,2022-11-13,Total,1
Melitopolskyi,2022-11-07,2022-11-13,Religious facilities,1
Melitopolskyi,2022-11-07,2022-11-13,Total,1
Nikopolskyi,2022-11-07,2022-11-13,Electricity supply system,2
Nikopolskyi,2022-11-07,2022-11-13,Gas supply system,2
Nikopolskyi,2022-11-07,2022-11-13,Government facilities,2
Nikopolskyi,2022-11-07,2022-11-13,"Health facility (hospital, health clinic)",1
Nikopolskyi,2022-11-07,2022-11-13,Industrial/Business/Enterprise facilities,2
Nikopolskyi,2022-11-07,2022-11-13,Total,9
Pokrovskyi,2022-11-07,2022-11-13,Government facilities,1
Pokrovskyi,2022-11-07,2022-11-13,Total,1
Shostkynskyi,2022-11-07,2022-11-13,Electricity supply system,1
Shostkynskyi,2022-11-07,2022-11-13,Total,1
Sumskyi,2022-11-07,2022-11-13,Electricity supply system,4
Sumskyi,2022-11-07,2022-11-13,Gas supply system,1
Sumskyi,2022-11-07,2022-11-13,Total,5
Zaporizkyi,2022-11-07,2022-11-13,Total,1
Zaporizkyi,2022-11-07,2022-11-13,Warehouse,1
Dniprovskyi,2022-10-31,2022-11-06,Electricity supply system,1
Dniprovskyi,2022-10-31,2022-11-06,Total,1
Kramatorskyi,2022-10-31,2022-11-06,Religious facilities,1
Kramatorskyi,2022-10-31,2022-11-06,Total,1
Kryvorizkyi,2022-10-31,2022-11-06,Electricity supply system,1
Kryvorizkyi,2022-10-31,2022-11-06,Industrial/Business/Enterprise facilities,1
Kryvorizkyi,2022-10-31,2022-11-06,Total,3
Kryvorizkyi,2022-10-31,2022-11-06,Water supply system,1
Nikopolskyi,2022-10-31,2022-11-06,Electricity supply system,3
Nikopolskyi,2022-10-31,2022-11-06,Gas supply system,3
Nikopolskyi,2022-10-31,2022-11-06,Government facilities,1
Nikopolskyi,2022-10-31,2022-11-06,"Health facility (hospital, health clinic)",1
Nikopolskyi,2022-10-31,2022-11-06,Industrial/Business/Enterprise facilities,4
Nikopolskyi,2022-10-31,2022-11-06,Oil depot,1
Nikopolskyi,2022-10-31,2022-11-06,Other,1
Nikopolskyi,2022-10-31,2022-11-06,Total,14
Oleksandriiskyi,2022-10-31,2022-11-06,Electricity supply system,1
Oleksandriiskyi,2022-10-31,2022-11-06,Total,1
Pavlohradskyi,2022-10-31,2022-11-06,Electricity supply system,1
Pavlohradskyi,2022-10-31,2022-11-06,Industrial/Business/Enterprise facilities,1
Pavlohradskyi,2022-10-31,2022-11-06,Total,2
Sumskyi,2022-10-31,2022-11-06,Electricity supply system,1
Sumskyi,2022-10-31,2022-11-06,Total,1
Zaporizkyi,2022-10-31,2022-11-06,Gas supply system,1
Zaporizkyi,2022-10-31,2022-11-06,Total,1
Konotopskyi,2022-10-24,2022-10-30,Electricity supply system,1
Konotopskyi,2022-10-24,2022-10-30,Total,1
Nikopolskyi,2022-10-24,2022-10-30,Electricity supply system,1
Nikopolskyi,2022-10-24,2022-10-30,Gas supply system,2
Nikopolskyi,2022-10-24,2022-10-30,Industrial/Business/Enterprise facilities,3
Nikopolskyi,2022-10-24,2022-10-30,Total,6
Svativskyi,2022-10-24,2022-10-30,Bridge,1
Svativskyi,2022-10-24,2022-10-30,Total,1
Beryslavskyi,2022-10-17,2022-10-23,Agricultural facilities,1
Beryslavskyi,2022-10-17,2022-10-23,Religious facilities,1
Beryslavskyi,2022-10-17,2022-10-23,Total,2
Bakhmutskyi,2022-10-03,2022-10-09,Electricity supply system,1
Bakhmutskyi,2022-10-03,2022-10-09,Total,1
Bashtanskyi,2022-10-03,2022-10-09,Agricultural facilities,2
Bashtanskyi,2022-10-03,2022-10-09,Government facilities,1
Bashtanskyi,2022-10-03,2022-10-09,Industrial/Business/Enterprise facilities,1
Bashtanskyi,2022-10-03,2022-10-09,Total,4
Konotopskyi,2022-10-03,2022-10-09,"Cultural facilities (museum, theater etc.)",1
Konotopskyi,2022-10-03,2022-10-09,Total,1
Kramatorskyi,2022-10-03,2022-10-09,Road / Highway,1
Kramatorskyi,2022-10-03,2022-10-09,Total,1
Mykolaivskyi,2022-10-03,2022-10-09,Harbor,1
Mykolaivskyi,2022-10-03,2022-10-09,Total,1
Nikopolskyi,2022-10-03,2022-10-09,Agricultural facilities,2
Nikopolskyi,2022-10-03,2022-10-09,"Cultural facilities (museum, theater etc.)",1
Nikopolskyi,2022-10-03,2022-10-09,"Education facility (school, etc.)",2
Nikopolskyi,2022-10-03,2022-10-09,Electricity supply system,3
Nikopolskyi,2022-10-03,2022-10-09,Gas supply system,1
Nikopolskyi,2022-10-03,2022-10-09,Government facilities,1
Nikopolskyi,2022-10-03,2022-10-09,"Health facility (hospital, health clinic)",2
Nikopolskyi,2022-10-03,2022-10-09,Industrial/Business/Enterprise facilities,5
Nikopolskyi,2022-10-03,2022-10-09,Religious facilities,1
Nikopolskyi,2022-10-03,2022-10-09,Total,18
Polohivskyi,2022-10-03,2022-10-09,Agricultural facilities,1
Polohivskyi,2022-10-03,2022-10-09,Total,1
Synelnykivskyi,2022-10-03,2022-10-09,Agricultural facilities,1
Synelnykivskyi,2022-10-03,2022-10-09,Total,1
Zaporizkyi,2022-10-03,2022-10-09,"Education facility (school, etc.)",2
Zaporizkyi,2022-10-03,2022-10-09,"Health facility (hospital, health clinic)",1
Zaporizkyi,2022-10-03,2022-10-09,Industrial/Business/Enterprise facilities,1
Zaporizkyi,2022-10-03,2022-10-09,Other,1
Zaporizkyi,2022-10-03,2022-10-09,Total,5
Kramatorskyi,2022-09-26,2022-10-02,Government facilities,1
Kramatorskyi,2022-09-26,2022-10-02,"Health facility (hospital, health clinic)",1
Kramatorskyi,2022-09-26,2022-10-02,Industrial/Business/Enterprise facilities,1
Kramatorskyi,2022-09-26,2022-10-02,Other,1
Kramatorskyi,2022-09-26,2022-10-02,Road / Highway,1
Kramatorskyi,2022-09-26,2022-10-02,Total,5
Kramatorskyi,2022-09-19,2022-09-25,"Education facility (school, etc.)",1
Kramatorskyi,2022-09-19,2022-09-25,Total,1
Kramatorskyi,2022-09-12,2022-09-18,Industrial/Business/Enterprise facilities,1
Kramatorskyi,2022-09-12,2022-09-18,Total,1
Kramatorskyi,2022-09-05,2022-09-11,"Education facility (school, etc.)",1
Kramatorskyi,2022-09-05,2022-09-11,"Health facility (hospital, health clinic)",1
Kramatorskyi,2022-09-05,2022-09-11,Total,2
Mykolaivskyi,2022-08-29,2022-09-04,"Education facility (school, etc.)",1
Mykolaivskyi,2022-08-29,2022-09-04,Total,1
Pokrovskyi,2022-08-29,2022-09-04,Industrial/Business/Enterprise facilities,2
Pokrovskyi,2022-08-29,2022-09-04,Other,1
Pokrovskyi,2022-08-29,2022-09-04,Total,3
Kharkivskyi,2022-08-22,2022-08-28,Other,1
Kharkivskyi,2022-08-22,2022-08-28,Total,1
Kryvorizkyi,2022-08-22,2022-08-28,Electricity supply system,1
Kryvorizkyi,2022-08-22,2022-08-28,Total,1
Nikopolskyi,2022-08-22,2022-08-28,"Education facility (school, etc.)",2
Nikopolskyi,2022-08-22,2022-08-28,Electricity supply system,1
Nikopolskyi,2022-08-22,2022-08-28,"Health facility (hospital, health clinic)",1
Nikopolskyi,2022-08-22,2022-08-28,Total,4
Synelnykivskyi,2022-08-22,2022-08-28,"Cultural facilities (museum, theater etc.)",1
Synelnykivskyi,2022-08-22,2022-08-28,"Education facility (school, etc.)",1
Synelnykivskyi,2022-08-22,2022-08-28,Industrial/Business/Enterprise facilities,1
Synelnykivskyi,2022-08-22,2022-08-28,Railway,1
Synelnykivskyi,2022-08-22,2022-08-28,Total,4
Kramatorskyi,2022-08-15,2022-08-21,"Education facility (school, etc.)",2
Kramatorskyi,2022-08-15,2022-08-21,Total,2
Kryvorizkyi,2022-08-15,2022-08-21,Gas supply system,1
Kryvorizkyi,2022-08-15,2022-08-21,Total,1
Mykolaivskyi,2022-08-15,2022-08-21,"Education facility (school, etc.)",1
Mykolaivskyi,2022-08-15,2022-08-21,Total,1
Nikopolskyi,2022-08-15,2022-08-21,"Education facility (school, etc.)",1
Nikopolskyi,2022-08-15,2022-08-21,Electricity supply system,2
Nikopolskyi,2022-08-15,2022-08-21,Gas supply system,1
Nikopolskyi,2022-08-15,2022-08-21,Industrial/Business/Enterprise facilities,1
Nikopolskyi,2022-08-15,2022-08-21,Religious facilities,1
Nikopolskyi,2022-08-15,2022-08-21,Total,6
Henicheskyi,2022-08-08,2022-08-14,Total,1
Henicheskyi,2022-08-08,2022-08-14,Warehouse,1
Nikopolskyi,2022-08-08,2022-08-14,"Education facility (school, etc.)",4
Nikopolskyi,2022-08-08,2022-08-14,Electricity supply system,1
Nikopolskyi,2022-08-08,2022-08-14,Gas supply system,1
Nikopolskyi,2022-08-08,2022-08-14,Industrial/Business/Enterprise facilities,4
Nikopolskyi,2022-08-08,2022-08-14,Other,1
Nikopolskyi,2022-08-08,2022-08-14,Total,11
Bakhmutskyi,2022-08-01,2022-08-07,"Cultural facilities (museum, theater etc.)",1
Bakhmutskyi,2022-08-01,2022-08-07,Other,1
Bakhmutskyi,2022-08-01,2022-08-07,Total,2
Kryvorizkyi,2022-08-01,2022-08-07,"Cultural facilities (museum, theater etc.)",1
Kryvorizkyi,2022-08-01,2022-08-07,"Education facility (school, etc.)",1
Kryvorizkyi,2022-08-01,2022-08-07,Total,2
Mykolaivskyi,2022-08-01,2022-08-07,Industrial/Business/Enterprise facilities,1
Mykolaivskyi,2022-08-01,2022-08-07,Total,1
Nikopolskyi,2022-08-01,2022-08-07,Electricity supply system,1
Nikopolskyi,2022-08-01,2022-08-07,Total,1
Shostkynskyi,2022-08-01,2022-08-07,Electricity supply system,1
Shostkynskyi,2022-08-01,2022-08-07,Total,1
Bakhmutskyi,2022-07-25,2022-07-31,Industrial/Business/Enterprise facilities,1
Bakhmutskyi,2022-07-25,2022-07-31,Total,1
Bilhorod-Dnistrovskyi,2022-07-25,2022-07-31,"Cultural facilities (museum, theater etc.)",15
Bilhorod-Dnistrovskyi,2022-07-25,2022-07-31,Total,15
Bohodukhivskyi,2022-07-25,2022-07-31,Total,1
Bohodukhivskyi,2022-07-25,2022-07-31,Warehouse,1
Chuhuivskyi,2022-07-25,2022-07-31,Agricultural facilities,1
Chuhuivskyi,2022-07-25,2022-07-31,"Cultural facilities (museum, theater etc.)",1
Chuhuivskyi,2022-07-25,2022-07-31,Total,2
Kharkivskyi,2022-07-25,2022-07-31,"Education facility (school, etc.)",1
Kharkivskyi,2022-07-25,2022-07-31,Total,1
Kryvorizkyi,2022-07-25,2022-07-31,Electricity supply system,2
Kryvorizkyi,2022-07-25,2022-07-31,Total,2
Nikopolskyi,2022-07-25,2022-07-31,"Education facility (school, etc.)",1
Nikopolskyi,2022-07-25,2022-07-31,"Health facility (hospital, health clinic)",1
Nikopolskyi,2022-07-25,2022-07-31,Total,2
Chuhuivskyi,2022-07-18,2022-07-24,"Education facility (school, etc.)",1
Chuhuivskyi,2022-07-18,2022-07-24,Total,2
Chuhuivskyi,2022-07-18,2022-07-24,Water supply system,1
Kramatorskyi,2022-07-18,2022-07-24,"Education facility (school, etc.)",1
Kramatorskyi,2022-07-18,2022-07-24,Total,1
Mariupolskyi,2022-07-18,2022-07-24,Industrial/Business/Enterprise facilities,1
Mariupolskyi,2022-07-18,2022-07-24,Total,1
Nikopolskyi,2022-07-18,2022-07-24,Industrial/Business/Enterprise facilities,2
Nikopolskyi,2022-07-18,2022-07-24,Total,2
Pervomaiskyi,2022-07-18,2022-07-24,Industrial/Business/Enterprise facilities,2
Pervomaiskyi,2022-07-18,2022-07-24,Total,2
Synelnykivskyi,2022-07-18,2022-07-24,Total,1
Synelnykivskyi,2022-07-18,2022-07-24,Warehouse,1
Bakhmutskyi,2022-07-11,2022-07-17,Industrial/Business/Enterprise facilities,1
Bakhmutskyi,2022-07-11,2022-07-17,Total,1
Iziumskyi,2022-07-11,2022-07-17,Electricity supply system,1
Iziumskyi,2022-07-11,2022-07-17,Total,1
Kharkivskyi,2022-07-11,2022-07-17,Industrial/Business/Enterprise facilities,1
Kharkivskyi,2022-07-11,2022-07-17,Total,1
Kramatorskyi,2022-07-11,2022-07-17,Government facilities,1
Kramatorskyi,2022-07-11,2022-07-17,Total,1
Nikopolskyi,2022-07-11,2022-07-17,"Education facility (school, etc.)",2
Nikopolskyi,2022-07-11,2022-07-17,Total,2
Vinnytskyi,2022-07-11,2022-07-17,Religious facilities,1
Vinnytskyi,2022-07-11,2022-07-17,Total,1
Bakhmutskyi,2022-07-04,2022-07-10,"Cultural facilities (museum, theater etc.)",1
Bakhmutskyi,2022-07-04,2022-07-10,Government facilities,1
Bakhmutskyi,2022-07-04,2022-07-10,Railway,1
Bakhmutskyi,2022-07-04,2022-07-10,Total,3
Bohodukhivskyi,2022-07-04,2022-07-10,Agricultural facilities,1
Bohodukhivskyi,2022-07-04,2022-07-10,Total,1
Donetskyi,2022-07-04,2022-07-10,Oil depot,1
Donetskyi,2022-07-04,2022-07-10,Total,1
Kharkivskyi,2022-07-04,2022-07-10,"Cultural facilities (museum, theater etc.)",1
Kharkivskyi,2022-07-04,2022-07-10,"Education facility (school, etc.)",3
Kharkivskyi,2022-07-04,2022-07-10,Government facilities,1
Kharkivskyi,2022-07-04,2022-07-10,"Health facility (hospital, health clinic)",1
Kharkivskyi,2022-07-04,2022-07-10,Total,6
Kramatorskyi,2022-07-04,2022-07-10,Industrial/Business/Enterprise facilities,1
Kramatorskyi,2022-07-04,2022-07-10,Total,1
Kryvorizkyi,2022-07-04,2022-07-10,Electricity supply system,1
Kryvorizkyi,2022-07-04,2022-07-10,Power plant,1
Kryvorizkyi,2022-07-04,2022-07-10,Total,3
Kryvorizkyi,2022-07-04,2022-07-10,Warehouse,1
Mykolaivskyi,2022-07-04,2022-07-10,"Cultural facilities (museum, theater etc.)",1
Mykolaivskyi,2022-07-04,2022-07-10,Total,1
Vasylivskyi,2022-07-04,2022-07-10,"Education facility (school, etc.)",1
Vasylivskyi,2022-07-04,2022-07-10,Total,1
Beryslavskyi,2022-06-27,2022-07-03,Agricultural facilities,1
Beryslavskyi,2022-06-27,2022-07-03,Total,1
Bilhorod-Dnistrovskyi,2022-06-27,2022-07-03,Industrial/Business/Enterprise facilities,1
Bilhorod-Dnistrovskyi,2022-06-27,2022-07-03,Total,1
Bohodukhivskyi,2022-06-27,2022-07-03,Railway,1
Bohodukhivskyi,2022-06-27,2022-07-03,Total,1
Kharkivskyi,2022-06-27,2022-07-03,"Education facility (school, etc.)",1
Kharkivskyi,2022-06-27,2022-07-03,Industrial/Business/Enterprise facilities,3
Kharkivskyi,2022-06-27,2022-07-03,Other,1
Kharkivskyi,2022-06-27,2022-07-03,Total,5
Kramatorskyi,2022-06-27,2022-07-03,"Education facility (school, etc.)",1
Kramatorskyi,2022-06-27,2022-07-03,"Health facility (hospital, health clinic)",1
Kramatorskyi,2022-06-27,2022-07-03,Industrial/Business/Enterprise facilities,1
Kramatorskyi,2022-06-27,2022-07-03,Road / Highway,1
Kramatorskyi,2022-06-27,2022-07-03,Total,4
Kremenchutskyi,2022-06-27,2022-07-03,Industrial/Business/Enterprise facilities,2
Kremenchutskyi,2022-06-27,2022-07-03,Total,2
Kryvorizkyi,2022-06-27,2022-07-03,Electricity supply system,2
Kryvorizkyi,2022-06-27,2022-07-03,Total,3
Kryvorizkyi,2022-06-27,2022-07-03,Warehouse,1
Melitopolskyi,2022-06-27,2022-07-03,Gas supply system,1
Melitopolskyi,2022-06-27,2022-07-03,Total,1
Mykolaivskyi,2022-06-27,2022-07-03,Industrial/Business/Enterprise facilities,1
Mykolaivskyi,2022-06-27,2022-07-03,Total,1
Pervomaiskyi,2022-06-27,2022-07-03,"Cultural facilities (museum, theater etc.)",1
Pervomaiskyi,2022-06-27,2022-07-03,Total,1
Sievierodonetskyi,2022-06-27,2022-07-03,Government facilities,1
Sievierodonetskyi,2022-06-27,2022-07-03,Industrial/Business/Enterprise facilities,1
Sievierodonetskyi,2022-06-27,2022-07-03,Oil depot,1
Sievierodonetskyi,2022-06-27,2022-07-03,Total,5
Sievierodonetskyi,2022-06-27,2022-07-03,Warehouse,1
Sievierodonetskyi,2022-06-27,2022-07-03,Water supply system,1
Chuhuivskyi,2022-06-20,2022-06-26,Gas supply system,1
Chuhuivskyi,2022-06-20,2022-06-26,Industrial/Business/Enterprise facilities,2
Chuhuivskyi,2022-06-20,2022-06-26,Other,1
Chuhuivskyi,2022-06-20,2022-06-26,Total,4
Donetskyi,2022-06-20,2022-06-26,Telecommunications,1
Donetskyi,2022-06-20,2022-06-26,Total,1
Kharkivskyi,2022-06-20,2022-06-26,"Education facility (school, etc.)",1
Kharkivskyi,2022-06-20,2022-06-26,Electricity supply system,1
Kharkivskyi,2022-06-20,2022-06-26,Industrial/Business/Enterprise facilities,2
Kharkivskyi,2022-06-20,2022-06-26,Total,5
Kharkivskyi,2022-06-20,2022-06-26,Warehouse,1
Konotopskyi,2022-06-20,2022-06-26,Other,1
Konotopskyi,2022-06-20,2022-06-26,Total,1
Kryvorizkyi,2022-06-20,2022-06-26,"Cultural facilities (museum, theater etc.)",1
Kryvorizkyi,2022-06-20,2022-06-26,Electricity supply system,1
Kryvorizkyi,2022-06-20,2022-06-26,Gas supply system,1
Kryvorizkyi,2022-06-20,2022-06-26,Government facilities,2
Kryvorizkyi,2022-06-20,2022-06-26,Industrial/Business/Enterprise facilities,4
Kryvorizkyi,2022-06-20,2022-06-26,Road / Highway,1
Kryvorizkyi,2022-06-20,2022-06-26,Total,10
Mykolaivskyi,2022-06-20,2022-06-26,"Education facility (school, etc.)",1
Mykolaivskyi,2022-06-20,2022-06-26,Gas supply system,1
Mykolaivskyi,2022-06-20,2022-06-26,Industrial/Business/Enterprise facilities,3
Mykolaivskyi,2022-06-20,2022-06-26,Total,6
Mykolaivskyi,2022-06-20,2022-06-26,Warehouse,1
Pokrovskyi,2022-06-20,2022-06-26,"Education facility (school, etc.)",1
Pokrovskyi,2022-06-20,2022-06-26,Total,1
Polohivskyi,2022-06-20,2022-06-26,Electricity supply system,1
Polohivskyi,2022-06-20,2022-06-26,Gas supply system,1
Polohivskyi,2022-06-20,2022-06-26,Road / Highway,1
Polohivskyi,2022-06-20,2022-06-26,Total,3
Sumskyi,2022-06-20,2022-06-26,Government facilities,1
Sumskyi,2022-06-20,2022-06-26,Other,1
Sumskyi,2022-06-20,2022-06-26,Total,2
Zaporizkyi,2022-06-20,2022-06-26,Gas supply system,1
Zaporizkyi,2022-06-20,2022-06-26,Total,1
Bakhmutskyi,2022-06-13,2022-06-19,"Health facility (hospital, health clinic)",1
Bakhmutskyi,2022-06-13,2022-06-19,Other,2
Bakhmutskyi,2022-06-13,2022-06-19,Total,3
Bohodukhivskyi,2022-06-13,2022-06-19,Other,1
Bohodukhivskyi,2022-06-13,2022-06-19,Total,1
Iziumskyi,2022-06-13,2022-06-19,Industrial/Business/Enterprise facilities,1
Iziumskyi,2022-06-13,2022-06-19,Oil depot,1
Iziumskyi,2022-06-13,2022-06-19,Total,2
Kharkivskyi,2022-06-13,2022-06-19,"Education facility (school, etc.)",1
Kharkivskyi,2022-06-13,2022-06-19,Industrial/Business/Enterprise facilities,2
Kharkivskyi,2022-06-13,2022-06-19,Railway,1
Kharkivskyi,2022-06-13,2022-06-19,Total,4
Kryvorizkyi,2022-06-13,2022-06-19,"Education facility (school, etc.)",3
Kryvorizkyi,2022-06-13,2022-06-19,Electricity supply system,1
Kryvorizkyi,2022-06-13,2022-06-19,Government facilities,1
Kryvorizkyi,2022-06-13,2022-06-19,Total,5
Novomoskovskyi,2022-06-13,2022-06-19,Oil depot,1
Novomoskovskyi,2022-06-13,2022-06-19,Total,1
Sievierodonetskyi,2022-06-13,2022-06-19,Industrial/Business/Enterprise facilities,1
Sievierodonetskyi,2022-06-13,2022-06-19,Total,1
Vasylivskyi,2022-06-13,2022-06-19,Other,1
Vasylivskyi,2022-06-13,2022-06-19,Total,1
Bakhmutskyi,2022-06-06,2022-06-12,"Education facility (school, etc.)",1
Bakhmutskyi,2022-06-06,2022-06-12,Electricity supply system,1
Bakhmutskyi,2022-06-06,2022-06-12,Railway,1
Bakhmutskyi,2022-06-06,2022-06-12,Total,3
Chuhuivskyi,2022-06-06,2022-06-12,Electricity supply system,1
Chuhuivskyi,2022-06-06,2022-06-12,Total,2
Chuhuivskyi,2022-06-06,2022-06-12,Water supply system,1
Kharkivskyi,2022-06-06,2022-06-12,"Education facility (school, etc.)",2
Kharkivskyi,2022-06-06,2022-06-12,Gas supply system,1
Kharkivskyi,2022-06-06,2022-06-12,Industrial/Business/Enterprise facilities,4
Kharkivskyi,2022-06-06,2022-06-12,Telecommunications,1
Kharkivskyi,2022-06-06,2022-06-12,Total,8
Kryvorizkyi,2022-06-06,2022-06-12,"Cultural facilities (museum, theater etc.)",1
Kryvorizkyi,2022-06-06,2022-06-12,"Education facility (school, etc.)",3
Kryvorizkyi,2022-06-06,2022-06-12,Electricity supply system,1
Kryvorizkyi,2022-06-06,2022-06-12,Gas supply system,1
Kryvorizkyi,2022-06-06,2022-06-12,"Health facility (hospital, health clinic)",1
Kryvorizkyi,2022-06-06,2022-06-12,Total,7
Lozivskyi,2022-06-06,2022-06-12,Industrial/Business/Enterprise facilities,1
Lozivskyi,2022-06-06,2022-06-12,Total,1
Pokrovskyi,2022-06-06,2022-06-12,Electricity supply system,1
Pokrovskyi,2022-06-06,2022-06-12,Total,1
Sievierodonetskyi,2022-06-06,2022-06-12,Government facilities,1
Sievierodonetskyi,2022-06-06,2022-06-12,Industrial/Business/Enterprise facilities,3
Sievierodonetskyi,2022-06-06,2022-06-12,Other,1
Sievierodonetskyi,2022-06-06,2022-06-12,Total,5
Bakhmutskyi,2022-05-30,2022-06-05,Industrial/Business/Enterprise facilities,1
Bakhmutskyi,2022-05-30,2022-06-05,Other,1
Bakhmutskyi,2022-05-30,2022-06-05,Railway,1
Bakhmutskyi,2022-05-30,2022-06-05,Total,4
Bakhmutskyi,2022-05-30,2022-06-05,Water supply system,1
Bohodukhivskyi,2022-05-30,2022-06-05,Government facilities,1
Bohodukhivskyi,2022-05-30,2022-06-05,"Health facility (hospital, health clinic)",1
Bohodukhivskyi,2022-05-30,2022-06-05,Industrial/Business/Enterprise facilities,1
Bohodukhivskyi,2022-05-30,2022-06-05,Total,3
Kharkivskyi,2022-05-30,2022-06-05,Other,1
Kharkivskyi,2022-05-30,2022-06-05,Total,3
Kharkivskyi,2022-05-30,2022-06-05,Warehouse,2
Kramatorskyi,2022-05-30,2022-06-05,Electricity supply system,2
Kramatorskyi,2022-05-30,2022-06-05,Government facilities,2
Kramatorskyi,2022-05-30,2022-06-05,Industrial/Business/Enterprise facilities,3
Kramatorskyi,2022-05-30,2022-06-05,Religious facilities,1
Kramatorskyi,2022-05-30,2022-06-05,Total,8
Kryvorizkyi,2022-05-30,2022-06-05,Electricity supply system,2
Kryvorizkyi,2022-05-30,2022-06-05,Gas supply system,1
Kryvorizkyi,2022-05-30,2022-06-05,Total,3
Pokrovskyi,2022-05-30,2022-06-05,Electricity supply system,1
Pokrovskyi,2022-05-30,2022-06-05,"Health facility (hospital, health clinic)",1
Pokrovskyi,2022-05-30,2022-06-05,Other,1
Pokrovskyi,2022-05-30,2022-06-05,Road / Highway,1
Pokrovskyi,2022-05-30,2022-06-05,Total,4
Sambirskyi,2022-05-30,2022-06-05,Railway,1
Sambirskyi,2022-05-30,2022-06-05,Total,1
Sievierodonetskyi,2022-05-30,2022-06-05,Chemical storage unit,1
Sievierodonetskyi,2022-05-30,2022-06-05,Government facilities,2
Sievierodonetskyi,2022-05-30,2022-06-05,"Health facility (hospital, health clinic)",1
Sievierodonetskyi,2022-05-30,2022-06-05,Industrial/Business/Enterprise facilities,2
Sievierodonetskyi,2022-05-30,2022-06-05,Other,1
Sievierodonetskyi,2022-05-30,2022-06-05,Total,7
Stryiskyi,2022-05-30,2022-06-05,Railway,1
Stryiskyi,2022-05-30,2022-06-05,Total,1
Bakhmutskyi,2022-05-23,2022-05-29,Bridge,1
Bakhmutskyi,2022-05-23,2022-05-29,Total,1
Bashtanskyi,2022-05-23,2022-05-29,"Health facility (hospital, health clinic)",1
Bashtanskyi,2022-05-23,2022-05-29,Industrial/Business/Enterprise facilities,1
Bashtanskyi,2022-05-23,2022-05-29,Total,2
Kharkivskyi,2022-05-23,2022-05-29,Agricultural facilities,4
Kharkivskyi,2022-05-23,2022-05-29,Electricity supply system,1
Kharkivskyi,2022-05-23,2022-05-29,Industrial/Business/Enterprise facilities,1
Kharkivskyi,2022-05-23,2022-05-29,Other,1
Kharkivskyi,2022-05-23,2022-05-29,Railway,1
Kharkivskyi,2022-05-23,2022-05-29,Total,8
Kryvorizkyi,2022-05-23,2022-05-29,"Education facility (school, etc.)",1
Kryvorizkyi,2022-05-23,2022-05-29,Electricity supply system,2
Kryvorizkyi,2022-05-23,2022-05-29,Gas supply system,2
Kryvorizkyi,2022-05-23,2022-05-29,Industrial/Business/Enterprise facilities,2
Kryvorizkyi,2022-05-23,2022-05-29,Religious facilities,1
Kryvorizkyi,2022-05-23,2022-05-29,Total,8
Pavlohradskyi,2022-05-23,2022-05-29,Railway,1
Pavlohradskyi,2022-05-23,2022-05-29,Total,1
Pokrovskyi,2022-05-23,2022-05-29,Government facilities,1
Pokrovskyi,2022-05-23,2022-05-29,Industrial/Business/Enterprise facilities,1
Pokrovskyi,2022-05-23,2022-05-29,Total,3
Pokrovskyi,2022-05-23,2022-05-29,Water supply system,1
Polohivskyi,2022-05-23,2022-05-29,"Cultural facilities (museum, theater etc.)",1
Polohivskyi,2022-05-23,2022-05-29,Industrial/Business/Enterprise facilities,10
Polohivskyi,2022-05-23,2022-05-29,Other,1
Polohivskyi,2022-05-23,2022-05-29,Total,12
Sievierodonetskyi,2022-05-23,2022-05-29,"Cultural facilities (museum, theater etc.)",2
Sievierodonetskyi,2022-05-23,2022-05-29,Government facilities,2
Sievierodonetskyi,2022-05-23,2022-05-29,Oil depot,1
Sievierodonetskyi,2022-05-23,2022-05-29,Other,2
Sievierodonetskyi,2022-05-23,2022-05-29,Total,7
Synelnykivskyi,2022-05-23,2022-05-29,Railway,1
Synelnykivskyi,2022-05-23,2022-05-29,Total,1
Bakhmutskyi,2022-05-16,2022-05-22,Electricity supply system,5
Bakhmutskyi,2022-05-16,2022-05-22,Gas supply system,5
Bakhmutskyi,2022-05-16,2022-05-22,Other,2
Bakhmutskyi,2022-05-16,2022-05-22,Total,12
Buchanskyi,2022-05-16,2022-05-22,"Education facility (school, etc.)",1
Buchanskyi,2022-05-16,2022-05-22,Total,1
Dniprovskyi,2022-05-16,2022-05-22,Other,2
Dniprovskyi,2022-05-16,2022-05-22,Total,2
Kharkivskyi,2022-05-16,2022-05-22,Electricity supply system,1
Kharkivskyi,2022-05-16,2022-05-22,Government facilities,1
Kharkivskyi,2022-05-16,2022-05-22,Heating and water facility,1
Kharkivskyi,2022-05-16,2022-05-22,Industrial/Business/Enterprise facilities,1
Kharkivskyi,2022-05-16,2022-05-22,Total,4
Khersonskyi,2022-05-16,2022-05-22,Electricity supply system,1
Khersonskyi,2022-05-16,2022-05-22,Gas supply system,1
Khersonskyi,2022-05-16,2022-05-22,Total,2
Kramatorskyi,2022-05-16,2022-05-22,Electricity supply system,2
Kramatorskyi,2022-05-16,2022-05-22,Gas supply system,2
Kramatorskyi,2022-05-16,2022-05-22,Government facilities,1
Kramatorskyi,2022-05-16,2022-05-22,"Health facility (hospital, health clinic)",1
Kramatorskyi,2022-05-16,2022-05-22,Industrial/Business/Enterprise facilities,1
Kramatorskyi,2022-05-16,2022-05-22,Total,7
Lozivskyi,2022-05-16,2022-05-22,"Cultural facilities (museum, theater etc.)",1
Lozivskyi,2022-05-16,2022-05-22,"Education facility (school, etc.)",11
Lozivskyi,2022-05-16,2022-05-22,Total,12
Pokrovskyi,2022-05-16,2022-05-22,Electricity supply system,2
Pokrovskyi,2022-05-16,2022-05-22,Gas supply system,2
Pokrovskyi,2022-05-16,2022-05-22,Industrial/Business/Enterprise facilities,1
Pokrovskyi,2022-05-16,2022-05-22,Railway,1
Pokrovskyi,2022-05-16,2022-05-22,Total,6
Sievierodonetskyi,2022-05-16,2022-05-22,"Education facility (school, etc.)",1
Sievierodonetskyi,2022-05-16,2022-05-22,Total,1
Bakhmutskyi,2022-05-09,2022-05-15,Chemical storage unit,1
Bakhmutskyi,2022-05-09,2022-05-15,Total,1
Kharkivskyi,2022-05-09,2022-05-15,"Cultural facilities (museum, theater etc.)",1
Kharkivskyi,2022-05-09,2022-05-15,Gas supply system,1
Kharkivskyi,2022-05-09,2022-05-15,Government facilities,1
Kharkivskyi,2022-05-09,2022-05-15,"Health facility (hospital, health clinic)",1
Kharkivskyi,2022-05-09,2022-05-15,Total,4
Khersonskyi,2022-05-09,2022-05-15,Gas supply system,1
Khersonskyi,2022-05-09,2022-05-15,Total,1
Kramatorskyi,2022-05-09,2022-05-15,"Cultural facilities (museum, theater etc.)",1
Kramatorskyi,2022-05-09,2022-05-15,"Health facility (hospital, health clinic)",2
Kramatorskyi,2022-05-09,2022-05-15,Industrial/Business/Enterprise facilities,1
Kramatorskyi,2022-05-09,2022-05-15,Other,1
Kramatorskyi,2022-05-09,2022-05-15,Religious facilities,1
Kramatorskyi,2022-05-09,2022-05-15,Total,6
Kremenchutskyi,2022-05-09,2022-05-15,Other,1
Kremenchutskyi,2022-05-09,2022-05-15,Total,1
Kryvorizkyi,2022-05-09,2022-05-15,Power plant,1
Kryvorizkyi,2022-05-09,2022-05-15,Total,1
Pokrovskyi,2022-05-09,2022-05-15,Other,1
Pokrovskyi,2022-05-09,2022-05-15,Total,1
Poltavskyi,2022-05-09,2022-05-15,Other,1
Poltavskyi,2022-05-09,2022-05-15,Total,1
Sievierodonetskyi,2022-05-09,2022-05-15,Bridge,2
Sievierodonetskyi,2022-05-09,2022-05-15,Gas supply system,1
Sievierodonetskyi,2022-05-09,2022-05-15,Government facilities,1
Sievierodonetskyi,2022-05-09,2022-05-15,Industrial/Business/Enterprise facilities,3
Sievierodonetskyi,2022-05-09,2022-05-15,Total,7
Bohodukhivskyi,2022-05-02,2022-05-08,"Cultural facilities (museum, theater etc.)",1
Bohodukhivskyi,2022-05-02,2022-05-08,Total,1
Dniprovskyi,2022-05-02,2022-05-08,Railway,1
Dniprovskyi,2022-05-02,2022-05-08,Total,1
Kamianskyi,2022-05-02,2022-05-08,Railway,1
Kamianskyi,2022-05-02,2022-05-08,Total,1
Kharkivskyi,2022-05-02,2022-05-08,"Cultural facilities (museum, theater etc.)",1
Kharkivskyi,2022-05-02,2022-05-08,Gas supply system,1
Kharkivskyi,2022-05-02,2022-05-08,Industrial/Business/Enterprise facilities,1
Kharkivskyi,2022-05-02,2022-05-08,Total,3
Kramatorskyi,2022-05-02,2022-05-08,Bridge,1
Kramatorskyi,2022-05-02,2022-05-08,"Education facility (school, etc.)",1
Kramatorskyi,2022-05-02,2022-05-08,Gas supply system,1
Kramatorskyi,2022-05-02,2022-05-08,Industrial/Business/Enterprise facilities,1
Kramatorskyi,2022-05-02,2022-05-08,Religious facilities,1
Kramatorskyi,2022-05-02,2022-05-08,Total,5
Kropyvnytskyi,2022-05-02,2022-05-08,Railway,1
Kropyvnytskyi,2022-05-02,2022-05-08,Total,1
Mukachivskyi,2022-05-02,2022-05-08,Gas supply system,1
Mukachivskyi,2022-05-02,2022-05-08,Railway,1
Mukachivskyi,2022-05-02,2022-05-08,Total,2
Pokrovskyi,2022-05-02,2022-05-08,"Education facility (school, etc.)",1
Pokrovskyi,2022-05-02,2022-05-08,Electricity supply system,2
Pokrovskyi,2022-05-02,2022-05-08,Gas supply system,2
Pokrovskyi,2022-05-02,2022-05-08,Industrial/Business/Enterprise facilities,1
Pokrovskyi,2022-05-02,2022-05-08,Total,6
Poltavskyi,2022-05-02,2022-05-08,Railway,1
Poltavskyi,2022-05-02,2022-05-08,Total,1
Sievierodonetskyi,2022-05-02,2022-05-08,"Health facility (hospital, health clinic)",1
Sievierodonetskyi,2022-05-02,2022-05-08,Other,6
Sievierodonetskyi,2022-05-02,2022-05-08,Total,8
Sievierodonetskyi,2022-05-02,2022-05-08,Warehouse,1
Starobilskyi,2022-05-02,2022-05-08,Other,1
Starobilskyi,2022-05-02,2022-05-08,Total,1
Synelnykivskyi,2022-05-02,2022-05-08,"Cultural facilities (museum, theater etc.)",1
Synelnykivskyi,2022-05-02,2022-05-08,"Education facility (school, etc.)",2
Synelnykivskyi,2022-05-02,2022-05-08,Industrial/Business/Enterprise facilities,1
Synelnykivskyi,2022-05-02,2022-05-08,Total,4
Beryslavskyi,2022-04-25,2022-05-01,Electricity supply system,1
Beryslavskyi,2022-04-25,2022-05-01,Other,1
Beryslavskyi,2022-04-25,2022-05-01,Total,2
Bohodukhivskyi,2022-04-25,2022-05-01,Agricultural facilities,2
Bohodukhivskyi,2022-04-25,2022-05-01,"Education facility (school, etc.)",1
Bohodukhivskyi,2022-04-25,2022-05-01,Industrial/Business/Enterprise facilities,1
Bohodukhivskyi,2022-04-25,2022-05-01,Total,4
Dniprovskyi,2022-04-25,2022-05-01,Total,1
Dniprovskyi,2022-04-25,2022-05-01,Warehouse,1
Horlivskyi,2022-04-25,2022-05-01,Industrial/Business/Enterprise facilities,1
Horlivskyi,2022-04-25,2022-05-01,Total,1
Kharkivskyi,2022-04-25,2022-05-01,Industrial/Business/Enterprise facilities,1
Kharkivskyi,2022-04-25,2022-05-01,Total,1
Khersonskyi,2022-04-25,2022-05-01,Electricity supply system,1
Khersonskyi,2022-04-25,2022-05-01,Government facilities,3
Khersonskyi,2022-04-25,2022-05-01,Industrial/Business/Enterprise facilities,1
Khersonskyi,2022-04-25,2022-05-01,Other,1
Khersonskyi,2022-04-25,2022-05-01,Total,6
Kramatorskyi,2022-04-25,2022-05-01,Gas supply system,1
Kramatorskyi,2022-04-25,2022-05-01,"Health facility (hospital, health clinic)",1
Kramatorskyi,2022-04-25,2022-05-01,Other,1
Kramatorskyi,2022-04-25,2022-05-01,Railway,1
Kramatorskyi,2022-04-25,2022-05-01,Total,4
Kryvorizkyi,2022-04-25,2022-05-01,Agricultural facilities,1
Kryvorizkyi,2022-04-25,2022-05-01,Power plant,1
Kryvorizkyi,2022-04-25,2022-05-01,Total,2
Melitopolskyi,2022-04-25,2022-05-01,Bridge,1
Melitopolskyi,2022-04-25,2022-05-01,Total,1
Mykolaivskyi,2022-04-25,2022-05-01,Industrial/Business/Enterprise facilities,1
Mykolaivskyi,2022-04-25,2022-05-01,Total,1
Pokrovskyi,2022-04-25,2022-05-01,Electricity supply system,1
Pokrovskyi,2022-04-25,2022-05-01,"Health facility (hospital, health clinic)",1
Pokrovskyi,2022-04-25,2022-05-01,Industrial/Business/Enterprise facilities,2
Pokrovskyi,2022-04-25,2022-05-01,Other,1
Pokrovskyi,2022-04-25,2022-05-01,Total,5
Sievierodonetskyi,2022-04-25,2022-05-01,Electricity supply system,1
Sievierodonetskyi,2022-04-25,2022-05-01,Industrial/Business/Enterprise facilities,2
Sievierodonetskyi,2022-04-25,2022-05-01,Total,3
Synelnykivskyi,2022-04-25,2022-05-01,Total,2
Synelnykivskyi,2022-04-25,2022-05-01,Warehouse,2
Zhmerynskyi,2022-04-25,2022-05-01,Other,1
Zhmerynskyi,2022-04-25,2022-05-01,Total,1
Dniprovskyi,2022-04-18,2022-04-24,Agricultural facilities,1
Dniprovskyi,2022-04-18,2022-04-24,Other,1
Dniprovskyi,2022-04-18,2022-04-24,Total,2
Iziumskyi,2022-04-18,2022-04-24,"Education facility (school, etc.)",1
Iziumskyi,2022-04-18,2022-04-24,Total,1
Kharkivskyi,2022-04-18,2022-04-24,Industrial/Business/Enterprise facilities,4
Kharkivskyi,2022-04-18,2022-04-24,Religious facilities,1
Kharkivskyi,2022-04-18,2022-04-24,Total,7
Kharkivskyi,2022-04-18,2022-04-24,Warehouse,2
Kramatorskyi,2022-04-18,2022-04-24,Agricultural facilities,1
Kramatorskyi,2022-04-18,2022-04-24,Government facilities,1
Kramatorskyi,2022-04-18,2022-04-24,"Health facility (hospital, health clinic)",1
Kramatorskyi,2022-04-18,2022-04-24,Industrial/Business/Enterprise facilities,1
Kramatorskyi,2022-04-18,2022-04-24,Other,1
Kramatorskyi,2022-04-18,2022-04-24,Road / Highway,1
Kramatorskyi,2022-04-18,2022-04-24,Total,6
Kremenchutskyi,2022-04-18,2022-04-24,Oil depot,1
Kremenchutskyi,2022-04-18,2022-04-24,Power plant,1
Kremenchutskyi,2022-04-18,2022-04-24,Total,2
Kryvorizkyi,2022-04-18,2022-04-24,Electricity supply system,1
Kryvorizkyi,2022-04-18,2022-04-24,Other,1
Kryvorizkyi,2022-04-18,2022-04-24,Total,2
Novomoskovskyi,2022-04-18,2022-04-24,Railway,1
Novomoskovskyi,2022-04-18,2022-04-24,Total,1
Pavlohradskyi,2022-04-18,2022-04-24,Industrial/Business/Enterprise facilities,1
Pavlohradskyi,2022-04-18,2022-04-24,Railway,2
Pavlohradskyi,2022-04-18,2022-04-24,Total,3
Pokrovskyi,2022-04-18,2022-04-24,Agricultural facilities,1
Pokrovskyi,2022-04-18,2022-04-24,Electricity supply system,2
Pokrovskyi,2022-04-18,2022-04-24,"Health facility (hospital, health clinic)",1
Pokrovskyi,2022-04-18,2022-04-24,Industrial/Business/Enterprise facilities,1
Pokrovskyi,2022-04-18,2022-04-24,Total,5
Sievierodonetskyi,2022-04-18,2022-04-24,Electricity supply system,1
Sievierodonetskyi,2022-04-18,2022-04-24,Gas supply system,3
Sievierodonetskyi,2022-04-18,2022-04-24,Oil depot,1
Sievierodonetskyi,2022-04-18,2022-04-24,Total,5
Zaporizkyi,2022-04-18,2022-04-24,Agricultural facilities,1
Zaporizkyi,2022-04-18,2022-04-24,Total,1
Kharkivskyi,2022-04-11,2022-04-17,"Health facility (hospital, health clinic)",1
Kharkivskyi,2022-04-11,2022-04-17,Industrial/Business/Enterprise facilities,2
Kharkivskyi,2022-04-11,2022-04-17,Other,1
Kharkivskyi,2022-04-11,2022-04-17,Total,4
Khersonskyi,2022-04-11,2022-04-17,Agricultural facilities,1
Khersonskyi,2022-04-11,2022-04-17,Total,1
Kryvorizkyi,2022-04-11,2022-04-17,Agricultural facilities,1
Kryvorizkyi,2022-04-11,2022-04-17,Total,1
Oleksandriiskyi,2022-04-11,2022-04-17,Airport,1
Oleksandriiskyi,2022-04-11,2022-04-17,Total,1
Pokrovskyi,2022-04-11,2022-04-17,Other,1
Pokrovskyi,2022-04-11,2022-04-17,Total,1
Polohivskyi,2022-04-11,2022-04-17,Gas supply system,1
Polohivskyi,2022-04-11,2022-04-17,Total,1
Poltavskyi,2022-04-11,2022-04-17,Agricultural facilities,1
Poltavskyi,2022-04-11,2022-04-17,Total,1
Sievierodonetskyi,2022-04-11,2022-04-17,"Education facility (school, etc.)",2
Sievierodonetskyi,2022-04-11,2022-04-17,Gas supply system,2
Sievierodonetskyi,2022-04-11,2022-04-17,Government facilities,3
Sievierodonetskyi,2022-04-11,2022-04-17,Industrial/Business/Enterprise facilities,1
Sievierodonetskyi,2022-04-11,2022-04-17,Oil depot,1
Sievierodonetskyi,2022-04-11,2022-04-17,Religious facilities,1
Sievierodonetskyi,2022-04-11,2022-04-17,Total,13
Sievierodonetskyi,2022-04-11,2022-04-17,Warehouse,2
Sievierodonetskyi,2022-04-11,2022-04-17,Water supply system,1
Vasylivskyi,2022-04-11,2022-04-17,Industrial/Business/Enterprise facilities,1
Vasylivskyi,2022-04-11,2022-04-17,Other,1
Vasylivskyi,2022-04-11,2022-04-17,Total,2
Bohodukhivskyi,2022-04-04,2022-04-10,"Health facility (hospital, health clinic)",1
Bohodukhivskyi,2022-04-04,2022-04-10,Total,1
Dniprovskyi,2022-04-04,2022-04-10,Oil depot,1
Dniprovskyi,2022-04-04,2022-04-10,Total,1
Iziumskyi,2022-04-04,2022-04-10,Railway,1
Iziumskyi,2022-04-04,2022-04-10,Total,1
Kharkivskyi,2022-04-04,2022-04-10,"Cultural facilities (museum, theater etc.)",1
Kharkivskyi,2022-04-04,2022-04-10,Electricity supply system,1
Kharkivskyi,2022-04-04,2022-04-10,"Health facility (hospital, health clinic)",2
Kharkivskyi,2022-04-04,2022-04-10,Industrial/Business/Enterprise facilities,2
Kharkivskyi,2022-04-04,2022-04-10,Religious facilities,1
Kharkivskyi,2022-04-04,2022-04-10,Total,7
Kramatorskyi,2022-04-04,2022-04-10,"Education facility (school, etc.)",1
Kramatorskyi,2022-04-04,2022-04-10,Railway,2
Kramatorskyi,2022-04-04,2022-04-10,Total,3
Myrhorodskyi,2022-04-04,2022-04-10,Other,1
Myrhorodskyi,2022-04-04,2022-04-10,Total,1
Novomoskovskyi,2022-04-04,2022-04-10,Industrial/Business/Enterprise facilities,1
Novomoskovskyi,2022-04-04,2022-04-10,Total,1
Polohivskyi,2022-04-04,2022-04-10,Gas supply system,1
Polohivskyi,2022-04-04,2022-04-10,"Health facility (hospital, health clinic)",1
Polohivskyi,2022-04-04,2022-04-10,Total,2
Sievierodonetskyi,2022-04-04,2022-04-10,Chemical storage unit,2
Sievierodonetskyi,2022-04-04,2022-04-10,"Education facility (school, etc.)",2
Sievierodonetskyi,2022-04-04,2022-04-10,Gas supply system,1
Sievierodonetskyi,2022-04-04,2022-04-10,"Health facility (hospital, health clinic)",1
Sievierodonetskyi,2022-04-04,2022-04-10,Industrial/Business/Enterprise facilities,1
Sievierodonetskyi,2022-04-04,2022-04-10,Total,7
Dniprovskyi,2022-03-28,2022-04-03,Oil depot,1
Dniprovskyi,2022-03-28,2022-04-03,Total,1
Donetskyi,2022-03-28,2022-04-03,Religious facilities,1
Donetskyi,2022-03-28,2022-04-03,Total,1
Iziumskyi,2022-03-28,2022-04-03,"Health facility (hospital, health clinic)",1
Iziumskyi,2022-03-28,2022-04-03,Total,1
Kharkivskyi,2022-03-28,2022-04-03,"Cultural facilities (museum, theater etc.)",1
Kharkivskyi,2022-03-28,2022-04-03,Gas supply system,1
Kharkivskyi,2022-03-28,2022-04-03,Government facilities,1
Kharkivskyi,2022-03-28,2022-04-03,Other,1
Kharkivskyi,2022-03-28,2022-04-03,Total,4
Khmelnytskyi,2022-03-28,2022-04-03,Airport,1
Khmelnytskyi,2022-03-28,2022-04-03,Total,1
Kremenchutskyi,2022-03-28,2022-04-03,Oil depot,1
Kremenchutskyi,2022-03-28,2022-04-03,Total,1
Kupianskyi,2022-03-28,2022-04-03,Other,1
Kupianskyi,2022-03-28,2022-04-03,Total,1
Lozivskyi,2022-03-28,2022-04-03,Electricity supply system,1
Lozivskyi,2022-03-28,2022-04-03,Total,2
Lozivskyi,2022-03-28,2022-04-03,Water supply system,1
Mariupolskyi,2022-03-28,2022-04-03,"Health facility (hospital, health clinic)",1
Mariupolskyi,2022-03-28,2022-04-03,Total,2
Mariupolskyi,2022-03-28,2022-04-03,Warehouse,1
Mykolaivskyi,2022-03-28,2022-04-03,Government facilities,1
Mykolaivskyi,2022-03-28,2022-04-03,Total,1
Myrhorodskyi,2022-03-28,2022-04-03,Airport,1
Myrhorodskyi,2022-03-28,2022-04-03,Total,1
Pavlohradskyi,2022-03-28,2022-04-03,Electricity supply system,1
Pavlohradskyi,2022-03-28,2022-04-03,Railway,1
Pavlohradskyi,2022-03-28,2022-04-03,Total,2
Poltavskyi,2022-03-28,2022-04-03,Government facilities,1
Poltavskyi,2022-03-28,2022-04-03,Total,1
Shepetivskyi,2022-03-28,2022-04-03,Industrial/Business/Enterprise facilities,1
Shepetivskyi,2022-03-28,2022-04-03,Total,1
Sievierodonetskyi,2022-03-28,2022-04-03,Electricity supply system,1
Sievierodonetskyi,2022-03-28,2022-04-03,Total,1
Bilotserkivskyi,2022-03-21,2022-03-27,Oil depot,1
Bilotserkivskyi,2022-03-21,2022-03-27,Total,1
Buchanskyi,2022-03-21,2022-03-27,"Cultural facilities (museum, theater etc.)",1
Buchanskyi,2022-03-21,2022-03-27,Total,1
Dniprovskyi,2022-03-21,2022-03-27,Railway,1
Dniprovskyi,2022-03-21,2022-03-27,Total,1
Dubenskyi,2022-03-21,2022-03-27,Oil depot,1
Dubenskyi,2022-03-21,2022-03-27,Total,1
Kharkivskyi,2022-03-21,2022-03-27,Airport,1
Kharkivskyi,2022-03-21,2022-03-27,"Education facility (school, etc.)",1
Kharkivskyi,2022-03-21,2022-03-27,Total,2
Lutskyi,2022-03-21,2022-03-27,Oil depot,2
Lutskyi,2022-03-21,2022-03-27,Total,2
Lvivskyi,2022-03-21,2022-03-27,Fuel depot,2
Lvivskyi,2022-03-21,2022-03-27,Power plant,1
Lvivskyi,2022-03-21,2022-03-27,Total,3
Sievierodonetskyi,2022-03-21,2022-03-27,Total,3
Sievierodonetskyi,2022-03-21,2022-03-27,Warehouse,3
Sumskyi,2022-03-21,2022-03-27,Chemical storage unit,1
Sumskyi,2022-03-21,2022-03-27,Total,2
Sumskyi,2022-03-21,2022-03-27,Warehouse,1
Buchanskyi,2022-03-14,2022-03-20,Religious facilities,1
Buchanskyi,2022-03-14,2022-03-20,Total,1
Donetskyi,2022-03-14,2022-03-20,"Education facility (school, etc.)",6
Donetskyi,2022-03-14,2022-03-20,Total,6
Dubenskyi,2022-03-14,2022-03-20,Total,1
Dubenskyi,2022-03-14,2022-03-20,Water supply system,1
Kharkivskyi,2022-03-14,2022-03-20,Industrial/Business/Enterprise facilities,2
Kharkivskyi,2022-03-14,2022-03-20,Railway,1
Kharkivskyi,2022-03-14,2022-03-20,Total,3
Lvivskyi,2022-03-14,2022-03-20,Aircraft repair plant,1
Lvivskyi,2022-03-14,2022-03-20,Total,1
Mariupolskyi,2022-03-14,2022-03-20,"Cultural facilities (museum, theater etc.)",1
Mariupolskyi,2022-03-14,2022-03-20,"Education facility (school, etc.)",2
Mariupolskyi,2022-03-14,2022-03-20,Other,1
Mariupolskyi,2022-03-14,2022-03-20,Total,4
Vinnytskyi,2022-03-14,2022-03-20,Telecommunications,1
Vinnytskyi,2022-03-14,2022-03-20,Total,1
Brovarskyi,2022-03-07,2022-03-13,Industrial/Business/Enterprise facilities,1
Brovarskyi,2022-03-07,2022-03-13,Religious facilities,2
Brovarskyi,2022-03-07,2022-03-13,Total,4
Brovarskyi,2022-03-07,2022-03-13,Warehouse,1
Buchanskyi,2022-03-07,2022-03-13,Industrial/Business/Enterprise facilities,1
Buchanskyi,2022-03-07,2022-03-13,Total,1
Fastivskyi,2022-03-07,2022-03-13,Religious facilities,1
Fastivskyi,2022-03-07,2022-03-13,Total,1
Iziumskyi,2022-03-07,2022-03-13,"Health facility (hospital, health clinic)",1
Iziumskyi,2022-03-07,2022-03-13,Total,1
Kharkivskyi,2022-03-07,2022-03-13,Industrial/Business/Enterprise facilities,1
Kharkivskyi,2022-03-07,2022-03-13,Nuclear unit,1
Kharkivskyi,2022-03-07,2022-03-13,Total,2
Mariupolskyi,2022-03-07,2022-03-13,"Health facility (hospital, health clinic)",2
Mariupolskyi,2022-03-07,2022-03-13,Total,2
Mykolaivskyi,2022-03-07,2022-03-13,"Health facility (hospital, health clinic)",1
Mykolaivskyi,2022-03-07,2022-03-13,Total,1
Pokrovskyi,2022-03-07,2022-03-13,Gas supply system,1
Pokrovskyi,2022-03-07,2022-03-13,Industrial/Business/Enterprise facilities,1
Pokrovskyi,2022-03-07,2022-03-13,Power plant,1
Pokrovskyi,2022-03-07,2022-03-13,Total,3
Sievierodonetskyi,2022-03-07,2022-03-13,Electricity supply system,1
Sievierodonetskyi,2022-03-07,2022-03-13,Gas supply system,1
Sievierodonetskyi,2022-03-07,2022-03-13,Total,3
Sievierodonetskyi,2022-03-07,2022-03-13,Water supply system,1
Bakhmutskyi,2022-02-28,2022-03-06,Gas supply system,1
Bakhmutskyi,2022-02-28,2022-03-06,Total,1
Buchanskyi,2022-02-28,2022-03-06,Airport,1
Buchanskyi,2022-02-28,2022-03-06,Religious facilities,1
Buchanskyi,2022-02-28,2022-03-06,Total,2
Chernihivskyi,2022-02-28,2022-03-06,Oil depot,1
Chernihivskyi,2022-02-28,2022-03-06,Total,1
Kharkivskyi,2022-02-28,2022-03-06,"Education facility (school, etc.)",3
Kharkivskyi,2022-02-28,2022-03-06,Industrial/Business/Enterprise facilities,1
Kharkivskyi,2022-02-28,2022-03-06,Religious facilities,1
Kharkivskyi,2022-02-28,2022-03-06,Telecommunications,1
Kharkivskyi,2022-02-28,2022-03-06,Total,6
Khersonskyi,2022-02-28,2022-03-06,Government facilities,1
Khersonskyi,2022-02-28,2022-03-06,Total,1
Luhanskyi,2022-02-28,2022-03-06,"Education facility (school, etc.)",1
Luhanskyi,2022-02-28,2022-03-06,Total,1
Mariupolskyi,2022-02-28,2022-03-06,Telecommunications,1
Mariupolskyi,2022-02-28,2022-03-06,Total,1
Okhtyrskyi,2022-02-28,2022-03-06,Oil depot,1
Okhtyrskyi,2022-02-28,2022-03-06,Total,1
Sievierodonetskyi,2022-02-28,2022-03-06,Industrial/Business/Enterprise facilities,1
Sievierodonetskyi,2022-02-28,2022-03-06,Telecommunications,1
Sievierodonetskyi,2022-02-28,2022-03-06,Total,2
Vasylivskyi,2022-02-28,2022-03-06,"Health facility (hospital, health clinic)",1
Vasylivskyi,2022-02-28,2022-03-06,Total,1
Vinnytskyi,2022-02-28,2022-03-06,Airport,1
Vinnytskyi,2022-02-28,2022-03-06,Total,1
Vyshhorodskyi,2022-02-28,2022-03-06,"Cultural facilities (museum, theater etc.)",1
Vyshhorodskyi,2022-02-28,2022-03-06,Total,1
Zhytomyrskyi,2022-02-28,2022-03-06,"Education facility (school, etc.)",1
Zhytomyrskyi,2022-02-28,2022-03-06,Total,1
Buchanskyi,2022-02-21,2022-02-27,Bridge,1
Buchanskyi,2022-02-21,2022-02-27,Total,1
Chuhuivskyi,2022-02-21,2022-02-27,Total,1
Chuhuivskyi,2022-02-21,2022-02-27,Water supply system,1
Donetskyi,2022-02-21,2022-02-27,"Education facility (school, etc.)",2
Donetskyi,2022-02-21,2022-02-27,Total,2
Kharkivskyi,2022-02-21,2022-02-27,"Education facility (school, etc.)",1
Kharkivskyi,2022-02-21,2022-02-27,Gas supply system,1
Kharkivskyi,2022-02-21,2022-02-27,Government facilities,1
Kharkivskyi,2022-02-21,2022-02-27,Total,3
Khersonskyi,2022-02-21,2022-02-27,Government facilities,1
Khersonskyi,2022-02-21,2022-02-27,"Health facility (hospital, health clinic)",1
Khersonskyi,2022-02-21,2022-02-27,Industrial/Business/Enterprise facilities,1
Khersonskyi,2022-02-21,2022-02-27,Total,3
Melitopolskyi,2022-02-21,2022-02-27,"Health facility (hospital, health clinic)",1
Melitopolskyi,2022-02-21,2022-02-27,Total,1
Okhtyrskyi,2022-02-21,2022-02-27,"Education facility (school, etc.)",1
Okhtyrskyi,2022-02-21,2022-02-27,Total,1
Shchastynskyi,2022-02-21,2022-02-27,Government facilities,1
Shchastynskyi,2022-02-21,2022-02-27,"Health facility (hospital, health clinic)",1
Shchastynskyi,2022-02-21,2022-02-27,Total,2
Sumskyi,2022-02-21,2022-02-27,Total,1
Sumskyi,2022-02-21,2022-02-27,Water supply system,1
Umanskyi,2022-02-21,2022-02-27,"Education facility (school, etc.)",1
Umanskyi,2022-02-21,2022-02-27,Other,1
Umanskyi,2022-02-21,2022-02-27,Total,2
Mariupolskyi,2022-01-31,2022-02-06,"Education facility (school, etc.)",1
Mariupolskyi,2022-01-31,2022-02-06,Total,1
