oblast,week_start,week_end,building_type,damaged_buildings
Dnipropetrovska,2026-07-27,2026-08-02,Agricultural facilities,1
Dnipropetrovska,2026-07-27,2026-08-02,"Education facility (school, etc.)",1
Dnipropetrovska,2026-07-27,2026-08-02,Government facilities,3
Dnipropetrovska,2026-07-27,2026-08-02,"Health facility (hospital, health clinic)",1
Dnipropetrovska,2026-07-27,2026-08-02,Industrial/Business/Enterprise facilities,7
Dnipropetrovska,2026-07-27,2026-08-02,Total,13
Dnipropetrovska,2026-07-20,2026-07-26,"Education facility (school, etc.)",1
Dnipropetrovska,2026-07-20,2026-07-26,Industrial/Business/Enterprise facilities,3
Dnipropetrovska,2026-07-20,2026-07-26,Total,4
Kharkivska,2026-07-20,2026-07-26,Agricultural facilities,1
Kharkivska,2026-07-20,2026-07-26,"Cultural facilities (museum, theater etc.)",2
Kharkivska,2026-07-20,2026-07-26,"Education facility (school, etc.)",1
Kharkivska,2026-07-20,2026-07-26,Electricity supply system,4
Kharkivska,2026-07-20,2026-07-26,Fuel depot,5
Kharkivska,2026-07-20,2026-07-26,Government facilities,4
Kharkivska,2026-07-20,2026-07-26,"Health facility (hospital, health clinic)",1
Kharkivska,2026-07-20,2026-07-26,Industrial/Business/Enterprise facilities,5
Kharkivska,2026-07-20,2026-07-26,Other,1
Kharkivska,2026-07-20,2026-07-26,Railway,2
Kharkivska,2026-07-20,2026-07-26,Total,30
Kharkivska,2026-07-20,2026-07-26,Warehouse,4
Cherkaska,2026-07-13,2026-07-19,Agricultural facilities,1
Cherkaska,2026-07-13,2026-07-19,Total,1
Chernihivska,2026-07-13,2026-07-19,Energy Infrastructure (unknown type),1
Chernihivska,2026-07-13,2026-07-19,Fuel depot,1
Chernihivska,2026-07-13,2026-07-19,Government facilities,1
Chernihivska,2026-07-13,2026-07-19,Total,3
Dnipropetrovska,2026-07-13,2026-07-19,Agricultural facilities,4
Dnipropetrovska,2026-07-13,2026-07-19,"Education facility (school, etc.)",3
Dnipropetrovska,2026-07-13,2026-07-19,Electricity supply system,1
Dnipropetrovska,2026-07-13,2026-07-19,Fuel depot,1
Dnipropetrovska,2026-07-13,2026-07-19,Government facilities,1
Dnipropetrovska,2026-07-13,2026-07-19,Industrial/Business/Enterprise facilities,9
Dnipropetrovska,2026-07-13,2026-07-19,Other,1
Dnipropetrovska,2026-07-13,2026-07-19,Total,22
Dnipropetrovska,2026-07-13,2026-07-19,Warehouse,2
Donetska,2026-07-13,2026-07-19,Gas supply system,1
Donetska,2026-07-13,2026-07-19,Industrial/Business/Enterprise facilities,5
Donetska,2026-07-13,2026-07-19,Total,6
Kharkivska,2026-07-13,2026-07-19,Agricultural facilities,2
Kharkivska,2026-07-13,2026-07-19,"Cultural facilities (museum, theater etc.)",3
Kharkivska,2026-07-13,2026-07-19,"Education facility (school, etc.)",1
Kharkivska,2026-07-13,2026-07-19,Electricity supply system,6
Kharkivska,2026-07-13,2026-07-19,Fuel depot,2
Kharkivska,2026-07-13,2026-07-19,Gas supply system,1
Kharkivska,2026-07-13,2026-07-19,Government facilities,7
Kharkivska,2026-07-13,2026-07-19,Industrial/Business/Enterprise facilities,6
Kharkivska,2026-07-13,2026-07-19,Other,2
Kharkivska,2026-07-13,2026-07-19,Road / Highway,1
Kharkivska,2026-07-13,2026-07-19,Total,38
Kharkivska,2026-07-13,2026-07-19,Warehouse,5
Kharkivska,2026-07-13,2026-07-19,Water supply system,2
Khersonska,2026-07-13,2026-07-19,"Education facility (school, etc.)",1
Khersonska,2026-07-13,2026-07-19,Industrial/Business/Enterprise facilities,2
Khersonska,2026-07-13,2026-07-19,Telecommunications,1
Khersonska,2026-07-13,2026-07-19,Total,5
Khersonska,2026-07-13,2026-07-19,Warehouse,1
Kyiv,2026-07-13,2026-07-19,"Education facility (school, etc.)",1
Kyiv,2026-07-13,2026-07-19,Industrial/Business/Enterprise facilities,1
Kyiv,2026-07-13,2026-07-19,Total,3
Kyiv,2026-07-13,2026-07-19,Warehouse,1
Mykolaivska,2026-07-13,2026-07-19,Gas supply system,1
Mykolaivska,2026-07-13,2026-07-19,"Health facility (hospital, health clinic)",1
Mykolaivska,2026-07-13,2026-07-19,Total,3
Mykolaivska,2026-07-13,2026-07-19,Warehouse,1
Odeska,2026-07-13,2026-07-19,"Education facility (school, etc.)",2
Odeska,2026-07-13,2026-07-19,Fuel depot,1
Odeska,2026-07-13,2026-07-19,Religious facilities,1
Odeska,2026-07-13,2026-07-19,Total,5
Odeska,2026-07-13,2026-07-19,Warehouse,1
Poltavska,2026-07-13,2026-07-19,Industrial/Business/Enterprise facilities,1
Poltavska,2026-07-13,2026-07-19,Total,1
Sevastopol,2026-07-13,2026-07-19,Power plant,1
Sevastopol,2026-07-13,2026-07-19,Total,1
Sumska,2026-07-13,2026-07-19,"Education facility (school, etc.)",1
Sumska,2026-07-13,2026-07-19,Government facilities,1
Sumska,2026-07-13,2026-07-19,Total,2
Zaporizka,2026-07-13,2026-07-19,"Health facility (hospital, health clinic)",1
Zaporizka,2026-07-13,2026-07-19,Total,1
Zhytomyrska,2026-07-13,2026-07-19,Fuel depot,1
Zhytomyrska,2026-07-13,2026-07-19,Total,1
Autonomous Republic of Crimea,2026-07-06,2026-07-12,Electricity supply system,6
Autonomous Republic of Crimea,2026-07-06,2026-07-12,Oil depot,1
Autonomous Republic of Crimea,2026-07-06,2026-07-12,Total,7
Chernihivska,2026-07-06,2026-07-12,Fuel depot,1
Chernihivska,2026-07-06,2026-07-12,Industrial/Business/Enterprise facilities,1
Chernihivska,2026-07-06,2026-07-12,Total,4
Chernihivska,2026-07-06,2026-07-12,Warehouse,1
Chernihivska,2026-07-06,2026-07-12,Water supply system,1
Dnipropetrovska,2026-07-06,2026-07-12,Agricultural facilities,7
Dnipropetrovska,2026-07-06,2026-07-12,"Education facility (school, etc.)",4
Dnipropetrovska,2026-07-06,2026-07-12,Electricity supply system,1
Dnipropetrovska,2026-07-06,2026-07-12,Fuel depot,6
Dnipropetrovska,2026-07-06,2026-07-12,Gas supply system,1
Dnipropetrovska,2026-07-06,2026-07-12,Government facilities,4
Dnipropetrovska,2026-07-06,2026-07-12,"Health facility (hospital, health clinic)",1
Dnipropetrovska,2026-07-06,2026-07-12,Industrial/Business/Enterprise facilities,10
Dnipropetrovska,2026-07-06,2026-07-12,Other,1
Dnipropetrovska,2026-07-06,2026-07-12,Total,35
Donetska,2026-07-06,2026-07-12,"Education facility (school, etc.)",1
Donetska,2026-07-06,2026-07-12,Fuel depot,2
Donetska,2026-07-06,2026-07-12,Government facilities,3
Donetska,2026-07-06,2026-07-12,Industrial/Business/Enterprise facilities,3
Donetska,2026-07-06,2026-07-12,Total,9
Kharkivska,2026-07-06,2026-07-12,Agricultural facilities,1
Kharkivska,2026-07-06,2026-07-12,"Education facility (school, etc.)",1
Kharkivska,2026-07-06,2026-07-12,Electricity supply system,4
Kharkivska,2026-07-06,2026-07-12,Fuel depot,6
Kharkivska,2026-07-06,2026-07-12,Gas supply system,1
Kharkivska,2026-07-06,2026-07-12,Government facilities,2
Kharkivska,2026-07-06,2026-07-12,"Health facility (hospital, health clinic)",3
Kharkivska,2026-07-06,2026-07-12,Industrial/Business/Enterprise facilities,13
Kharkivska,2026-07-06,2026-07-12,Total,31
Khersonska,2026-07-06,2026-07-12,"Cultural facilities (museum, theater etc.)",3
Khersonska,2026-07-06,2026-07-12,"Education facility (school, etc.)",1
Khersonska,2026-07-06,2026-07-12,Electricity supply system,1
Khersonska,2026-07-06,2026-07-12,Industrial/Business/Enterprise facilities,1
Khersonska,2026-07-06,2026-07-12,Total,6
Kyiv,2026-07-06,2026-07-12,"Education facility (school, etc.)",3
Kyiv,2026-07-06,2026-07-12,Gas supply system,1
Kyiv,2026-07-06,2026-07-12,Government facilities,1
Kyiv,2026-07-06,2026-07-12,"Health facility (hospital, health clinic)",1
Kyiv,2026-07-06,2026-07-12,Industrial/Business/Enterprise facilities,6
Kyiv,2026-07-06,2026-07-12,Other,1
Kyiv,2026-07-06,2026-07-12,Road / Highway,1
Kyiv,2026-07-06,2026-07-12,Telecommunications,1
Kyiv,2026-07-06,2026-07-12,Total,22
Kyiv,2026-07-06,2026-07-12,Warehouse,7
Kyivska,2026-07-06,2026-07-12,Industrial/Business/Enterprise facilities,1
Kyivska,2026-07-06,2026-07-12,Total,1
Mykolaivska,2026-07-06,2026-07-12,"Education facility (school, etc.)",1
Mykolaivska,2026-07-06,2026-07-12,Electricity supply system,1
Mykolaivska,2026-07-06,2026-07-12,Total,2
Odeska,2026-07-06,2026-07-12,"Education facility (school, etc.)",1
Odeska,2026-07-06,2026-07-12,Energy Infrastructure (unknown type),1
Odeska,2026-07-06,2026-07-12,Fuel depot,4
Odeska,2026-07-06,2026-07-12,Gas supply system,1
Odeska,2026-07-06,2026-07-12,Harbor,1
Odeska,2026-07-06,2026-07-12,Industrial/Business/Enterprise facilities,3
Odeska,2026-07-06,2026-07-12,Total,11
Poltavska,2026-07-06,2026-07-12,Fuel depot,1
Poltavska,2026-07-06,2026-07-12,Railway,1
Poltavska,2026-07-06,2026-07-12,Total,2
Sumska,2026-07-06,2026-07-12,Fuel depot,2
Sumska,2026-07-06,2026-07-12,Government facilities,1
Sumska,2026-07-06,2026-07-12,Industrial/Business/Enterprise facilities,2
Sumska,2026-07-06,2026-07-12,Total,5
Zaporizka,2026-07-06,2026-07-12,"Cultural facilities (museum, theater etc.)",1
Zaporizka,2026-07-06,2026-07-12,Electricity supply system,2
Zaporizka,2026-07-06,2026-07-12,Fuel depot,2
Zaporizka,2026-07-06,2026-07-12,Government facilities,1
Zaporizka,2026-07-06,2026-07-12,Industrial/Business/Enterprise facilities,2
Zaporizka,2026-07-06,2026-07-12,Total,9
Zaporizka,2026-07-06,2026-07-12,Warehouse,1
Autonomous Republic of Crimea,2026-06-29,2026-07-05,Airport,1
Autonomous Republic of Crimea,2026-06-29,2026-07-05,Bridge,1
Autonomous Republic of Crimea,2026-06-29,2026-07-05,Electricity supply system,17
Autonomous Republic of Crimea,2026-06-29,2026-07-05,Gas supply system,1
Autonomous Republic of Crimea,2026-06-29,2026-07-05,Total,20
Cherkaska,2026-06-29,2026-07-05,Industrial/Business/Enterprise facilities,1
Cherkaska,2026-06-29,2026-07-05,Total,1
Chernihivska,2026-06-29,2026-07-05,"Cultural facilities (museum, theater etc.)",1
Chernihivska,2026-06-29,2026-07-05,Electricity supply system,1
Chernihivska,2026-06-29,2026-07-05,Government facilities,1
Chernihivska,2026-06-29,2026-07-05,"Health facility (hospital, health clinic)",1
Chernihivska,2026-06-29,2026-07-05,Telecommunications,1
Chernihivska,2026-06-29,2026-07-05,Total,5
Dnipropetrovska,2026-06-29,2026-07-05,Agricultural facilities,4
Dnipropetrovska,2026-06-29,2026-07-05,"Cultural facilities (museum, theater etc.)",2
Dnipropetrovska,2026-06-29,2026-07-05,"Education facility (school, etc.)",4
Dnipropetrovska,2026-06-29,2026-07-05,Fuel depot,11
Dnipropetrovska,2026-06-29,2026-07-05,Government facilities,5
Dnipropetrovska,2026-06-29,2026-07-05,Industrial/Business/Enterprise facilities,14
Dnipropetrovska,2026-06-29,2026-07-05,Other,1
Dnipropetrovska,2026-06-29,2026-07-05,Total,41
Donetska,2026-06-29,2026-07-05,"Cultural facilities (museum, theater etc.)",1
Donetska,2026-06-29,2026-07-05,Government facilities,2
Donetska,2026-06-29,2026-07-05,Industrial/Business/Enterprise facilities,1
Donetska,2026-06-29,2026-07-05,Other,1
Donetska,2026-06-29,2026-07-05,Road / Highway,1
Donetska,2026-06-29,2026-07-05,Total,6
Kharkivska,2026-06-29,2026-07-05,Electricity supply system,2
Kharkivska,2026-06-29,2026-07-05,Energy Infrastructure (unknown type),1
Kharkivska,2026-06-29,2026-07-05,Fuel depot,4
Kharkivska,2026-06-29,2026-07-05,Government facilities,1
Kharkivska,2026-06-29,2026-07-05,Industrial/Business/Enterprise facilities,6
Kharkivska,2026-06-29,2026-07-05,Total,14
Khersonska,2026-06-29,2026-07-05,Government facilities,1
Khersonska,2026-06-29,2026-07-05,"Health facility (hospital, health clinic)",1
Khersonska,2026-06-29,2026-07-05,Total,3
Khersonska,2026-06-29,2026-07-05,Warehouse,1
Kyiv,2026-06-29,2026-07-05,"Cultural facilities (museum, theater etc.)",2
Kyiv,2026-06-29,2026-07-05,Electricity supply system,1
Kyiv,2026-06-29,2026-07-05,Energy Infrastructure (unknown type),1
Kyiv,2026-06-29,2026-07-05,"Health facility (hospital, health clinic)",3
Kyiv,2026-06-29,2026-07-05,Industrial/Business/Enterprise facilities,3
Kyiv,2026-06-29,2026-07-05,Oil depot,1
Kyiv,2026-06-29,2026-07-05,Other,1
Kyiv,2026-06-29,2026-07-05,Total,16
Kyiv,2026-06-29,2026-07-05,Warehouse,4
Kyivska,2026-06-29,2026-07-05,"Education facility (school, etc.)",1
Kyivska,2026-06-29,2026-07-05,Industrial/Business/Enterprise facilities,1
Kyivska,2026-06-29,2026-07-05,Total,3
Kyivska,2026-06-29,2026-07-05,Warehouse,1
Mykolaivska,2026-06-29,2026-07-05,Agricultural facilities,2
Mykolaivska,2026-06-29,2026-07-05,Fuel depot,1
Mykolaivska,2026-06-29,2026-07-05,Telecommunications,1
Mykolaivska,2026-06-29,2026-07-05,Total,5
Mykolaivska,2026-06-29,2026-07-05,Warehouse,1
Poltavska,2026-06-29,2026-07-05,"Education facility (school, etc.)",2
Poltavska,2026-06-29,2026-07-05,Fuel depot,2
Poltavska,2026-06-29,2026-07-05,Gas supply system,1
Poltavska,2026-06-29,2026-07-05,Total,6
Poltavska,2026-06-29,2026-07-05,Warehouse,1
Sumska,2026-06-29,2026-07-05,Fuel depot,4
Sumska,2026-06-29,2026-07-05,Government facilities,1
Sumska,2026-06-29,2026-07-05,Industrial/Business/Enterprise facilities,1
Sumska,2026-06-29,2026-07-05,Road / Highway,1
Sumska,2026-06-29,2026-07-05,Total,7
Zaporizka,2026-06-29,2026-07-05,Agricultural facilities,1
Zaporizka,2026-06-29,2026-07-05,"Cultural facilities (museum, theater etc.)",2
Zaporizka,2026-06-29,2026-07-05,"Education facility (school, etc.)",3
Zaporizka,2026-06-29,2026-07-05,Gas supply system,2
Zaporizka,2026-06-29,2026-07-05,Industrial/Business/Enterprise facilities,9
Zaporizka,2026-06-29,2026-07-05,Other,2
Zaporizka,2026-06-29,2026-07-05,Road / Highway,1
Zaporizka,2026-06-29,2026-07-05,Total,22
Zaporizka,2026-06-29,2026-07-05,Warehouse,2
Autonomous Republic of Crimea,2026-06-22,2026-06-28,Bridge,1
Autonomous Republic of Crimea,2026-06-22,2026-06-28,Electricity supply system,3
Autonomous Republic of Crimea,2026-06-22,2026-06-28,Heating and water facility,1
Autonomous Republic of Crimea,2026-06-22,2026-06-28,Oil depot,1
Autonomous Republic of Crimea,2026-06-22,2026-06-28,Power plant,1
Autonomous Republic of Crimea,2026-06-22,2026-06-28,Railway,1
Autonomous Republic of Crimea,2026-06-22,2026-06-28,Total,8
Chernihivska,2026-06-22,2026-06-28,"Education facility (school, etc.)",2
Chernihivska,2026-06-22,2026-06-28,Energy Infrastructure (unknown type),1
Chernihivska,2026-06-22,2026-06-28,Fuel depot,2
Chernihivska,2026-06-22,2026-06-28,Industrial/Business/Enterprise facilities,2
Chernihivska,2026-06-22,2026-06-28,Total,9
Chernihivska,2026-06-22,2026-06-28,Warehouse,2
Dnipropetrovska,2026-06-22,2026-06-28,Agricultural facilities,3
Dnipropetrovska,2026-06-22,2026-06-28,"Cultural facilities (museum, theater etc.)",1
Dnipropetrovska,2026-06-22,2026-06-28,"Education facility (school, etc.)",6
Dnipropetrovska,2026-06-22,2026-06-28,Fuel depot,10
Dnipropetrovska,2026-06-22,2026-06-28,Government facilities,5
Dnipropetrovska,2026-06-22,2026-06-28,"Health facility (hospital, health clinic)",1
Dnipropetrovska,2026-06-22,2026-06-28,Industrial/Business/Enterprise facilities,8
Dnipropetrovska,2026-06-22,2026-06-28,Total,34
Donetska,2026-06-22,2026-06-28,Electricity supply system,1
Donetska,2026-06-22,2026-06-28,Gas supply system,1
Donetska,2026-06-22,2026-06-28,Total,2
Kharkivska,2026-06-22,2026-06-28,"Cultural facilities (museum, theater etc.)",1
Kharkivska,2026-06-22,2026-06-28,"Education facility (school, etc.)",1
Kharkivska,2026-06-22,2026-06-28,Fuel depot,7
Kharkivska,2026-06-22,2026-06-28,Government facilities,1
Kharkivska,2026-06-22,2026-06-28,Industrial/Business/Enterprise facilities,3
Kharkivska,2026-06-22,2026-06-28,Total,14
Kharkivska,2026-06-22,2026-06-28,Warehouse,1
Khersonska,2026-06-22,2026-06-28,Fuel depot,1
Khersonska,2026-06-22,2026-06-28,Gas supply system,1
Khersonska,2026-06-22,2026-06-28,Total,2
Kyiv,2026-06-22,2026-06-28,"Health facility (hospital, health clinic)",1
Kyiv,2026-06-22,2026-06-28,Industrial/Business/Enterprise facilities,1
Kyiv,2026-06-22,2026-06-28,Total,2
Odeska,2026-06-22,2026-06-28,Energy Infrastructure (unknown type),1
Odeska,2026-06-22,2026-06-28,Total,1
Poltavska,2026-06-22,2026-06-28,Industrial/Business/Enterprise facilities,1
Poltavska,2026-06-22,2026-06-28,Total,1
Sevastopol,2026-06-22,2026-06-28,Energy Infrastructure (unknown type),1
Sevastopol,2026-06-22,2026-06-28,Total,1
Sumska,2026-06-22,2026-06-28,"Education facility (school, etc.)",1
Sumska,2026-06-22,2026-06-28,Electricity supply system,1
Sumska,2026-06-22,2026-06-28,Energy Infrastructure (unknown type),1
Sumska,2026-06-22,2026-06-28,Fuel depot,5
Sumska,2026-06-22,2026-06-28,Heating and water facility,1
Sumska,2026-06-22,2026-06-28,Industrial/Business/Enterprise facilities,3
Sumska,2026-06-22,2026-06-28,Total,13
Sumska,2026-06-22,2026-06-28,Warehouse,1
Zaporizka,2026-06-22,2026-06-28,"Cultural facilities (museum, theater etc.)",1
Zaporizka,2026-06-22,2026-06-28,"Education facility (school, etc.)",2
Zaporizka,2026-06-22,2026-06-28,Energy Infrastructure (unknown type),1
Zaporizka,2026-06-22,2026-06-28,Fuel depot,4
Zaporizka,2026-06-22,2026-06-28,Government facilities,3
Zaporizka,2026-06-22,2026-06-28,Industrial/Business/Enterprise facilities,3
Zaporizka,2026-06-22,2026-06-28,Total,15
Zaporizka,2026-06-22,2026-06-28,Warehouse,1
Autonomous Republic of Crimea,2026-06-15,2026-06-21,Gas supply system,1
Autonomous Republic of Crimea,2026-06-15,2026-06-21,Oil depot,1
Autonomous Republic of Crimea,2026-06-15,2026-06-21,Total,2
Chernihivska,2026-06-15,2026-06-21,"Cultural facilities (museum, theater etc.)",1
Chernihivska,2026-06-15,2026-06-21,Total,1
Dnipropetrovska,2026-06-15,2026-06-21,Agricultural facilities,2
Dnipropetrovska,2026-06-15,2026-06-21,"Cultural facilities (museum, theater etc.)",2
Dnipropetrovska,2026-06-15,2026-06-21,"Education facility (school, etc.)",7
Dnipropetrovska,2026-06-15,2026-06-21,Fuel depot,3
Dnipropetrovska,2026-06-15,2026-06-21,Government facilities,4
Dnipropetrovska,2026-06-15,2026-06-21,"Health facility (hospital, health clinic)",2
Dnipropetrovska,2026-06-15,2026-06-21,Industrial/Business/Enterprise facilities,15
Dnipropetrovska,2026-06-15,2026-06-21,Religious facilities,1
Dnipropetrovska,2026-06-15,2026-06-21,Total,36
Donetska,2026-06-15,2026-06-21,Industrial/Business/Enterprise facilities,6
Donetska,2026-06-15,2026-06-21,Road / Highway,1
Donetska,2026-06-15,2026-06-21,Total,7
Kharkivska,2026-06-15,2026-06-21,"Cultural facilities (museum, theater etc.)",1
Kharkivska,2026-06-15,2026-06-21,"Education facility (school, etc.)",2
Kharkivska,2026-06-15,2026-06-21,Electricity supply system,1
Kharkivska,2026-06-15,2026-06-21,Energy Infrastructure (unknown type),1
Kharkivska,2026-06-15,2026-06-21,Industrial/Business/Enterprise facilities,2
Kharkivska,2026-06-15,2026-06-21,Power plant,1
Kharkivska,2026-06-15,2026-06-21,Road / Highway,1
Kharkivska,2026-06-15,2026-06-21,Total,12
Kharkivska,2026-06-15,2026-06-21,Warehouse,3
Kirovohradska,2026-06-15,2026-06-21,Agricultural facilities,1
Kirovohradska,2026-06-15,2026-06-21,Industrial/Business/Enterprise facilities,1
Kirovohradska,2026-06-15,2026-06-21,Total,2
Kyiv,2026-06-15,2026-06-21,"Cultural facilities (museum, theater etc.)",7
Kyiv,2026-06-15,2026-06-21,"Education facility (school, etc.)",2
Kyiv,2026-06-15,2026-06-21,Electricity supply system,1
Kyiv,2026-06-15,2026-06-21,Government facilities,1
Kyiv,2026-06-15,2026-06-21,Industrial/Business/Enterprise facilities,5
Kyiv,2026-06-15,2026-06-21,Total,18
Kyiv,2026-06-15,2026-06-21,Warehouse,2
Kyivska,2026-06-15,2026-06-21,Total,3
Kyivska,2026-06-15,2026-06-21,Warehouse,3
Mykolaivska,2026-06-15,2026-06-21,Industrial/Business/Enterprise facilities,1
Mykolaivska,2026-06-15,2026-06-21,Total,1
Odeska,2026-06-15,2026-06-21,Agricultural facilities,1
Odeska,2026-06-15,2026-06-21,Total,2
Odeska,2026-06-15,2026-06-21,Warehouse,1
Poltavska,2026-06-15,2026-06-21,Energy Infrastructure (unknown type),1
Poltavska,2026-06-15,2026-06-21,Industrial/Business/Enterprise facilities,2
Poltavska,2026-06-15,2026-06-21,Total,5
Poltavska,2026-06-15,2026-06-21,Warehouse,2
Sumska,2026-06-15,2026-06-21,"Cultural facilities (museum, theater etc.)",2
Sumska,2026-06-15,2026-06-21,"Education facility (school, etc.)",4
Sumska,2026-06-15,2026-06-21,Fuel depot,2
Sumska,2026-06-15,2026-06-21,Government facilities,2
Sumska,2026-06-15,2026-06-21,Industrial/Business/Enterprise facilities,6
Sumska,2026-06-15,2026-06-21,Total,18
Sumska,2026-06-15,2026-06-21,Warehouse,2
Zaporizka,2026-06-15,2026-06-21,"Cultural facilities (museum, theater etc.)",3
Zaporizka,2026-06-15,2026-06-21,"Education facility (school, etc.)",3
Zaporizka,2026-06-15,2026-06-21,Fuel depot,1
Zaporizka,2026-06-15,2026-06-21,Government facilities,2
Zaporizka,2026-06-15,2026-06-21,Industrial/Business/Enterprise facilities,4
Zaporizka,2026-06-15,2026-06-21,Total,13
Autonomous Republic of Crimea,2026-06-08,2026-06-14,Bridge,1
Autonomous Republic of Crimea,2026-06-08,2026-06-14,Electricity supply system,1
Autonomous Republic of Crimea,2026-06-08,2026-06-14,Industrial/Business/Enterprise facilities,1
Autonomous Republic of Crimea,2026-06-08,2026-06-14,Oil depot,1
Autonomous Republic of Crimea,2026-06-08,2026-06-14,Power plant,1
Autonomous Republic of Crimea,2026-06-08,2026-06-14,Total,5
Chernihivska,2026-06-08,2026-06-14,"Education facility (school, etc.)",1
Chernihivska,2026-06-08,2026-06-14,Fuel depot,1
Chernihivska,2026-06-08,2026-06-14,Government facilities,1
Chernihivska,2026-06-08,2026-06-14,Industrial/Business/Enterprise facilities,1
Chernihivska,2026-06-08,2026-06-14,Total,5
Chernihivska,2026-06-08,2026-06-14,Warehouse,1
Dnipropetrovska,2026-06-08,2026-06-14,Agricultural facilities,1
Dnipropetrovska,2026-06-08,2026-06-14,"Cultural facilities (museum, theater etc.)",1
Dnipropetrovska,2026-06-08,2026-06-14,"Education facility (school, etc.)",4
Dnipropetrovska,2026-06-08,2026-06-14,Fuel depot,6
Dnipropetrovska,2026-06-08,2026-06-14,Government facilities,8
Dnipropetrovska,2026-06-08,2026-06-14,"Health facility (hospital, health clinic)",2
Dnipropetrovska,2026-06-08,2026-06-14,Industrial/Business/Enterprise facilities,16
Dnipropetrovska,2026-06-08,2026-06-14,Total,38
Donetska,2026-06-08,2026-06-14,"Education facility (school, etc.)",1
Donetska,2026-06-08,2026-06-14,Fuel depot,1
Donetska,2026-06-08,2026-06-14,Government facilities,1
Donetska,2026-06-08,2026-06-14,"Health facility (hospital, health clinic)",1
Donetska,2026-06-08,2026-06-14,Total,4
Kharkivska,2026-06-08,2026-06-14,"Cultural facilities (museum, theater etc.)",2
Kharkivska,2026-06-08,2026-06-14,"Education facility (school, etc.)",1
Kharkivska,2026-06-08,2026-06-14,Government facilities,3
Kharkivska,2026-06-08,2026-06-14,"Health facility (hospital, health clinic)",4
Kharkivska,2026-06-08,2026-06-14,Industrial/Business/Enterprise facilities,8
Kharkivska,2026-06-08,2026-06-14,Railway,1
Kharkivska,2026-06-08,2026-06-14,Religious facilities,1
Kharkivska,2026-06-08,2026-06-14,Total,21
Kharkivska,2026-06-08,2026-06-14,Warehouse,1
Khersonska,2026-06-08,2026-06-14,Bridge,2
Khersonska,2026-06-08,2026-06-14,Total,2
Mykolaivska,2026-06-08,2026-06-14,Industrial/Business/Enterprise facilities,1
Mykolaivska,2026-06-08,2026-06-14,Total,1
Poltavska,2026-06-08,2026-06-14,Agricultural facilities,1
Poltavska,2026-06-08,2026-06-14,Industrial/Business/Enterprise facilities,1
Poltavska,2026-06-08,2026-06-14,Total,2
Sumska,2026-06-08,2026-06-14,Agricultural facilities,1
Sumska,2026-06-08,2026-06-14,Industrial/Business/Enterprise facilities,1
Sumska,2026-06-08,2026-06-14,Railway,1
Sumska,2026-06-08,2026-06-14,Total,3
Zaporizka,2026-06-08,2026-06-14,Electricity supply system,1
Zaporizka,2026-06-08,2026-06-14,Industrial/Business/Enterprise facilities,4
Zaporizka,2026-06-08,2026-06-14,Other,1
Zaporizka,2026-06-08,2026-06-14,Total,6
Zhytomyrska,2026-06-08,2026-06-14,Industrial/Business/Enterprise facilities,1
Zhytomyrska,2026-06-08,2026-06-14,Total,1
Autonomous Republic of Crimea,2026-06-01,2026-06-07,Railway,1
Autonomous Republic of Crimea,2026-06-01,2026-06-07,Total,1
Chernihivska,2026-06-01,2026-06-07,Agricultural facilities,1
Chernihivska,2026-06-01,2026-06-07,Fuel depot,1
Chernihivska,2026-06-01,2026-06-07,Government facilities,1
Chernihivska,2026-06-01,2026-06-07,Industrial/Business/Enterprise facilities,3
Chernihivska,2026-06-01,2026-06-07,Other,1
Chernihivska,2026-06-01,2026-06-07,Railway,1
Chernihivska,2026-06-01,2026-06-07,Total,9
Chernihivska,2026-06-01,2026-06-07,Warehouse,1
Dnipropetrovska,2026-06-01,2026-06-07,Agricultural facilities,4
Dnipropetrovska,2026-06-01,2026-06-07,"Cultural facilities (museum, theater etc.)",1
Dnipropetrovska,2026-06-01,2026-06-07,"Education facility (school, etc.)",4
Dnipropetrovska,2026-06-01,2026-06-07,Fuel depot,3
Dnipropetrovska,2026-06-01,2026-06-07,Government facilities,4
Dnipropetrovska,2026-06-01,2026-06-07,"Health facility (hospital, health clinic)",1
Dnipropetrovska,2026-06-01,2026-06-07,Industrial/Business/Enterprise facilities,11
Dnipropetrovska,2026-06-01,2026-06-07,Other,1
Dnipropetrovska,2026-06-01,2026-06-07,Religious facilities,1
Dnipropetrovska,2026-06-01,2026-06-07,Total,31
Dnipropetrovska,2026-06-01,2026-06-07,Warehouse,1
Kharkivska,2026-06-01,2026-06-07,Agricultural facilities,1
Kharkivska,2026-06-01,2026-06-07,"Education facility (school, etc.)",2
Kharkivska,2026-06-01,2026-06-07,Fuel depot,3
Kharkivska,2026-06-01,2026-06-07,Government facilities,4
Kharkivska,2026-06-01,2026-06-07,"Health facility (hospital, health clinic)",2
Kharkivska,2026-06-01,2026-06-07,Industrial/Business/Enterprise facilities,4
Kharkivska,2026-06-01,2026-06-07,Total,19
Kharkivska,2026-06-01,2026-06-07,Warehouse,3
Khersonska,2026-06-01,2026-06-07,Electricity supply system,1
Khersonska,2026-06-01,2026-06-07,Fuel depot,1
Khersonska,2026-06-01,2026-06-07,Total,2
Khmelnytska,2026-06-01,2026-06-07,Industrial/Business/Enterprise facilities,1
Khmelnytska,2026-06-01,2026-06-07,Total,1
Kyiv,2026-06-01,2026-06-07,"Cultural facilities (museum, theater etc.)",1
Kyiv,2026-06-01,2026-06-07,"Education facility (school, etc.)",11
Kyiv,2026-06-01,2026-06-07,Electricity supply system,1
Kyiv,2026-06-01,2026-06-07,Fuel depot,1
Kyiv,2026-06-01,2026-06-07,"Health facility (hospital, health clinic)",5
Kyiv,2026-06-01,2026-06-07,Heating and water facility,1
Kyiv,2026-06-01,2026-06-07,Industrial/Business/Enterprise facilities,7
Kyiv,2026-06-01,2026-06-07,Other,1
Kyiv,2026-06-01,2026-06-07,Total,30
Kyiv,2026-06-01,2026-06-07,Warehouse,2
Kyivska,2026-06-01,2026-06-07,Electricity supply system,1
Kyivska,2026-06-01,2026-06-07,Gas supply system,1
Kyivska,2026-06-01,2026-06-07,Government facilities,1
Kyivska,2026-06-01,2026-06-07,Heating and water facility,1
Kyivska,2026-06-01,2026-06-07,Industrial/Business/Enterprise facilities,1
Kyivska,2026-06-01,2026-06-07,Total,6
Kyivska,2026-06-01,2026-06-07,Warehouse,1
Mykolaivska,2026-06-01,2026-06-07,Total,1
Mykolaivska,2026-06-01,2026-06-07,Warehouse,1
Odeska,2026-06-01,2026-06-07,Gas supply system,2
Odeska,2026-06-01,2026-06-07,Government facilities,2
Odeska,2026-06-01,2026-06-07,"Health facility (hospital, health clinic)",1
Odeska,2026-06-01,2026-06-07,Heating and water facility,1
Odeska,2026-06-01,2026-06-07,Religious facilities,1
Odeska,2026-06-01,2026-06-07,Total,9
Odeska,2026-06-01,2026-06-07,Warehouse,2
Poltavska,2026-06-01,2026-06-07,Industrial/Business/Enterprise facilities,2
Poltavska,2026-06-01,2026-06-07,Total,2
Sumska,2026-06-01,2026-06-07,"Education facility (school, etc.)",1
Sumska,2026-06-01,2026-06-07,Electricity supply system,1
Sumska,2026-06-01,2026-06-07,Fuel depot,1
Sumska,2026-06-01,2026-06-07,Gas supply system,1
Sumska,2026-06-01,2026-06-07,Government facilities,2
Sumska,2026-06-01,2026-06-07,"Health facility (hospital, health clinic)",1
Sumska,2026-06-01,2026-06-07,Industrial/Business/Enterprise facilities,3
Sumska,2026-06-01,2026-06-07,Other,1
Sumska,2026-06-01,2026-06-07,Total,11
Zaporizka,2026-06-01,2026-06-07,"Cultural facilities (museum, theater etc.)",1
Zaporizka,2026-06-01,2026-06-07,"Education facility (school, etc.)",1
Zaporizka,2026-06-01,2026-06-07,Fuel depot,2
Zaporizka,2026-06-01,2026-06-07,Industrial/Business/Enterprise facilities,5
Zaporizka,2026-06-01,2026-06-07,Other,1
Zaporizka,2026-06-01,2026-06-07,Religious facilities,1
Zaporizka,2026-06-01,2026-06-07,Telecommunications,1
Zaporizka,2026-06-01,2026-06-07,Total,12
Autonomous Republic of Crimea,2026-05-25,2026-05-31,Oil depot,1
Autonomous Republic of Crimea,2026-05-25,2026-05-31,Railway,1
Autonomous Republic of Crimea,2026-05-25,2026-05-31,Total,2
Chernihivska,2026-05-25,2026-05-31,Agricultural facilities,2
Chernihivska,2026-05-25,2026-05-31,"Education facility (school, etc.)",1
Chernihivska,2026-05-25,2026-05-31,Industrial/Business/Enterprise facilities,4
Chernihivska,2026-05-25,2026-05-31,Other,1
Chernihivska,2026-05-25,2026-05-31,Religious facilities,1
Chernihivska,2026-05-25,2026-05-31,Total,9
Dnipropetrovska,2026-05-25,2026-05-31,"Education facility (school, etc.)",7
Dnipropetrovska,2026-05-25,2026-05-31,Electricity supply system,2
Dnipropetrovska,2026-05-25,2026-05-31,Fuel depot,2
Dnipropetrovska,2026-05-25,2026-05-31,Government facilities,1
Dnipropetrovska,2026-05-25,2026-05-31,"Health facility (hospital, health clinic)",1
Dnipropetrovska,2026-05-25,2026-05-31,Industrial/Business/Enterprise facilities,8
Dnipropetrovska,2026-05-25,2026-05-31,Road / Highway,1
Dnipropetrovska,2026-05-25,2026-05-31,Total,22
Donetska,2026-05-25,2026-05-31,"Cultural facilities (museum, theater etc.)",2
Donetska,2026-05-25,2026-05-31,"Education facility (school, etc.)",1
Donetska,2026-05-25,2026-05-31,Fuel depot,1
Donetska,2026-05-25,2026-05-31,Government facilities,2
Donetska,2026-05-25,2026-05-31,Industrial/Business/Enterprise facilities,3
Donetska,2026-05-25,2026-05-31,Other,1
Donetska,2026-05-25,2026-05-31,Total,11
Donetska,2026-05-25,2026-05-31,Warehouse,1
Kharkivska,2026-05-25,2026-05-31,Electricity supply system,1
Kharkivska,2026-05-25,2026-05-31,Industrial/Business/Enterprise facilities,2
Kharkivska,2026-05-25,2026-05-31,Other,1
Kharkivska,2026-05-25,2026-05-31,Total,4
Khersonska,2026-05-25,2026-05-31,"Cultural facilities (museum, theater etc.)",1
Khersonska,2026-05-25,2026-05-31,Government facilities,1
Khersonska,2026-05-25,2026-05-31,"Health facility (hospital, health clinic)",1
Khersonska,2026-05-25,2026-05-31,Other,1
Khersonska,2026-05-25,2026-05-31,Total,4
Mykolaivska,2026-05-25,2026-05-31,Government facilities,1
Mykolaivska,2026-05-25,2026-05-31,Total,1
Odeska,2026-05-25,2026-05-31,"Education facility (school, etc.)",1
Odeska,2026-05-25,2026-05-31,Industrial/Business/Enterprise facilities,2
Odeska,2026-05-25,2026-05-31,Other,1
Odeska,2026-05-25,2026-05-31,Total,4
Rivnenska,2026-05-25,2026-05-31,Industrial/Business/Enterprise facilities,1
Rivnenska,2026-05-25,2026-05-31,Total,1
Sumska,2026-05-25,2026-05-31,"Education facility (school, etc.)",3
Sumska,2026-05-25,2026-05-31,Fuel depot,2
Sumska,2026-05-25,2026-05-31,Government facilities,1
Sumska,2026-05-25,2026-05-31,Railway,1
Sumska,2026-05-25,2026-05-31,Total,7
Zaporizka,2026-05-25,2026-05-31,"Education facility (school, etc.)",1
Zaporizka,2026-05-25,2026-05-31,Industrial/Business/Enterprise facilities,1
Zaporizka,2026-05-25,2026-05-31,Total,2
Cherkaska,2026-05-18,2026-05-24,Agricultural facilities,1
Cherkaska,2026-05-18,2026-05-24,Total,1
Chernihivska,2026-05-18,2026-05-24,Agricultural facilities,1
Chernihivska,2026-05-18,2026-05-24,"Education facility (school, etc.)",1
Chernihivska,2026-05-18,2026-05-24,"Health facility (hospital, health clinic)",1
Chernihivska,2026-05-18,2026-05-24,Industrial/Business/Enterprise facilities,23
Chernihivska,2026-05-18,2026-05-24,Total,27
Chernihivska,2026-05-18,2026-05-24,Warehouse,1
Dnipropetrovska,2026-05-18,2026-05-24,"Education facility (school, etc.)",9
Dnipropetrovska,2026-05-18,2026-05-24,Fuel depot,3
Dnipropetrovska,2026-05-18,2026-05-24,Government facilities,5
Dnipropetrovska,2026-05-18,2026-05-24,"Health facility (hospital, health clinic)",4
Dnipropetrovska,2026-05-18,2026-05-24,Industrial/Business/Enterprise facilities,8
Dnipropetrovska,2026-05-18,2026-05-24,Other,1
Dnipropetrovska,2026-05-18,2026-05-24,Religious facilities,1
Dnipropetrovska,2026-05-18,2026-05-24,Total,34
Dnipropetrovska,2026-05-18,2026-05-24,Warehouse,2
Dnipropetrovska,2026-05-18,2026-05-24,Water supply system,1
Donetska,2026-05-18,2026-05-24,"Education facility (school, etc.)",2
Donetska,2026-05-18,2026-05-24,Total,2
Kharkivska,2026-05-18,2026-05-24,"Cultural facilities (museum, theater etc.)",1
Kharkivska,2026-05-18,2026-05-24,"Education facility (school, etc.)",1
Kharkivska,2026-05-18,2026-05-24,Electricity supply system,2
Kharkivska,2026-05-18,2026-05-24,Fuel depot,2
Kharkivska,2026-05-18,2026-05-24,Gas supply system,1
Kharkivska,2026-05-18,2026-05-24,Government facilities,2
Kharkivska,2026-05-18,2026-05-24,Industrial/Business/Enterprise facilities,5
Kharkivska,2026-05-18,2026-05-24,Other,1
Kharkivska,2026-05-18,2026-05-24,Road / Highway,1
Kharkivska,2026-05-18,2026-05-24,Total,19
Kharkivska,2026-05-18,2026-05-24,Warehouse,3
Khersonska,2026-05-18,2026-05-24,"Health facility (hospital, health clinic)",1
Khersonska,2026-05-18,2026-05-24,Total,1
Kyiv,2026-05-18,2026-05-24,"Cultural facilities (museum, theater etc.)",11
Kyiv,2026-05-18,2026-05-24,"Education facility (school, etc.)",4
Kyiv,2026-05-18,2026-05-24,Government facilities,4
Kyiv,2026-05-18,2026-05-24,Industrial/Business/Enterprise facilities,17
Kyiv,2026-05-18,2026-05-24,Other,1
Kyiv,2026-05-18,2026-05-24,Total,38
Kyiv,2026-05-18,2026-05-24,Warehouse,1
Kyivska,2026-05-18,2026-05-24,Industrial/Business/Enterprise facilities,2
Kyivska,2026-05-18,2026-05-24,Total,3
Kyivska,2026-05-18,2026-05-24,Warehouse,1
Odeska,2026-05-18,2026-05-24,"Education facility (school, etc.)",2
Odeska,2026-05-18,2026-05-24,Harbor,1
Odeska,2026-05-18,2026-05-24,Other,1
Odeska,2026-05-18,2026-05-24,Total,6
Odeska,2026-05-18,2026-05-24,Warehouse,2
Poltavska,2026-05-18,2026-05-24,Government facilities,1
Poltavska,2026-05-18,2026-05-24,Industrial/Business/Enterprise facilities,1
Poltavska,2026-05-18,2026-05-24,Total,2
Sumska,2026-05-18,2026-05-24,"Cultural facilities (museum, theater etc.)",1
Sumska,2026-05-18,2026-05-24,"Education facility (school, etc.)",1
Sumska,2026-05-18,2026-05-24,Government facilities,7
Sumska,2026-05-18,2026-05-24,"Health facility (hospital, health clinic)",1
Sumska,2026-05-18,2026-05-24,Industrial/Business/Enterprise facilities,2
Sumska,2026-05-18,2026-05-24,Total,12
Zaporizka,2026-05-18,2026-05-24,Electricity supply system,1
Zaporizka,2026-05-18,2026-05-24,Industrial/Business/Enterprise facilities,1
Zaporizka,2026-05-18,2026-05-24,Railway,1
Zaporizka,2026-05-18,2026-05-24,Total,3
Cherkaska,2026-05-11,2026-05-17,Industrial/Business/Enterprise facilities,1
Cherkaska,2026-05-11,2026-05-17,Total,1
Chernihivska,2026-05-11,2026-05-17,Agricultural facilities,1
Chernihivska,2026-05-11,2026-05-17,Electricity supply system,2
Chernihivska,2026-05-11,2026-05-17,Government facilities,1
Chernihivska,2026-05-11,2026-05-17,Industrial/Business/Enterprise facilities,4
Chernihivska,2026-05-11,2026-05-17,Total,8
Dnipropetrovska,2026-05-11,2026-05-17,"Education facility (school, etc.)",1
Dnipropetrovska,2026-05-11,2026-05-17,Fuel depot,4
Dnipropetrovska,2026-05-11,2026-05-17,Gas supply system,1
Dnipropetrovska,2026-05-11,2026-05-17,Government facilities,3
Dnipropetrovska,2026-05-11,2026-05-17,Industrial/Business/Enterprise facilities,6
Dnipropetrovska,2026-05-11,2026-05-17,Religious facilities,1
Dnipropetrovska,2026-05-11,2026-05-17,Total,16
Donetska,2026-05-11,2026-05-17,Industrial/Business/Enterprise facilities,1
Donetska,2026-05-11,2026-05-17,Total,1
Ivano-Frankivska,2026-05-11,2026-05-17,"Education facility (school, etc.)",1
Ivano-Frankivska,2026-05-11,2026-05-17,Electricity supply system,1
Ivano-Frankivska,2026-05-11,2026-05-17,Government facilities,1
Ivano-Frankivska,2026-05-11,2026-05-17,"Health facility (hospital, health clinic)",1
Ivano-Frankivska,2026-05-11,2026-05-17,Industrial/Business/Enterprise facilities,1
Ivano-Frankivska,2026-05-11,2026-05-17,Total,5
Kharkivska,2026-05-11,2026-05-17,"Education facility (school, etc.)",1
Kharkivska,2026-05-11,2026-05-17,Electricity supply system,5
Kharkivska,2026-05-11,2026-05-17,Government facilities,2
Kharkivska,2026-05-11,2026-05-17,"Health facility (hospital, health clinic)",1
Kharkivska,2026-05-11,2026-05-17,Industrial/Business/Enterprise facilities,2
Kharkivska,2026-05-11,2026-05-17,Other,7
Kharkivska,2026-05-11,2026-05-17,Railway,1
Kharkivska,2026-05-11,2026-05-17,Total,20
Kharkivska,2026-05-11,2026-05-17,Warehouse,1
Kyiv,2026-05-11,2026-05-17,Electricity supply system,2
Kyiv,2026-05-11,2026-05-17,Industrial/Business/Enterprise facilities,2
Kyiv,2026-05-11,2026-05-17,Total,6
Kyiv,2026-05-11,2026-05-17,Warehouse,2
Kyivska,2026-05-11,2026-05-17,Gas supply system,1
Kyivska,2026-05-11,2026-05-17,Industrial/Business/Enterprise facilities,2
Kyivska,2026-05-11,2026-05-17,Total,4
Kyivska,2026-05-11,2026-05-17,Warehouse,1
Lvivska,2026-05-11,2026-05-17,Industrial/Business/Enterprise facilities,1
Lvivska,2026-05-11,2026-05-17,Total,1
Mykolaivska,2026-05-11,2026-05-17,Government facilities,1
Mykolaivska,2026-05-11,2026-05-17,Total,1
Odeska,2026-05-11,2026-05-17,Electricity supply system,1
Odeska,2026-05-11,2026-05-17,Total,2
Odeska,2026-05-11,2026-05-17,Warehouse,1
Poltavska,2026-05-11,2026-05-17,"Education facility (school, etc.)",1
Poltavska,2026-05-11,2026-05-17,Electricity supply system,1
Poltavska,2026-05-11,2026-05-17,Industrial/Business/Enterprise facilities,2
Poltavska,2026-05-11,2026-05-17,Total,4
Sumska,2026-05-11,2026-05-17,"Education facility (school, etc.)",2
Sumska,2026-05-11,2026-05-17,Total,2
Volynska,2026-05-11,2026-05-17,"Education facility (school, etc.)",2
Volynska,2026-05-11,2026-05-17,Railway,1
Volynska,2026-05-11,2026-05-17,Total,3
Zakarpatska,2026-05-11,2026-05-17,Railway,3
Zakarpatska,2026-05-11,2026-05-17,Total,3
Zaporizka,2026-05-11,2026-05-17,Agricultural facilities,1
Zaporizka,2026-05-11,2026-05-17,Fuel depot,1
Zaporizka,2026-05-11,2026-05-17,Industrial/Business/Enterprise facilities,2
Zaporizka,2026-05-11,2026-05-17,Total,4
Chernihivska,2026-05-04,2026-05-10,Agricultural facilities,1
Chernihivska,2026-05-04,2026-05-10,"Education facility (school, etc.)",3
Chernihivska,2026-05-04,2026-05-10,Government facilities,2
Chernihivska,2026-05-04,2026-05-10,Industrial/Business/Enterprise facilities,1
Chernihivska,2026-05-04,2026-05-10,Other,1
Chernihivska,2026-05-04,2026-05-10,Total,9
Chernihivska,2026-05-04,2026-05-10,Warehouse,1
Dnipropetrovska,2026-05-04,2026-05-10,"Cultural facilities (museum, theater etc.)",2
Dnipropetrovska,2026-05-04,2026-05-10,"Education facility (school, etc.)",2
Dnipropetrovska,2026-05-04,2026-05-10,Fuel depot,3
Dnipropetrovska,2026-05-04,2026-05-10,Government facilities,2
Dnipropetrovska,2026-05-04,2026-05-10,"Health facility (hospital, health clinic)",1
Dnipropetrovska,2026-05-04,2026-05-10,Industrial/Business/Enterprise facilities,17
Dnipropetrovska,2026-05-04,2026-05-10,Other,1
Dnipropetrovska,2026-05-04,2026-05-10,Religious facilities,1
Dnipropetrovska,2026-05-04,2026-05-10,Total,29
Donetska,2026-05-04,2026-05-10,Government facilities,4
Donetska,2026-05-04,2026-05-10,Other,2
Donetska,2026-05-04,2026-05-10,Total,6
Kharkivska,2026-05-04,2026-05-10,"Education facility (school, etc.)",4
Kharkivska,2026-05-04,2026-05-10,Electricity supply system,1
Kharkivska,2026-05-04,2026-05-10,Government facilities,2
Kharkivska,2026-05-04,2026-05-10,"Health facility (hospital, health clinic)",2
Kharkivska,2026-05-04,2026-05-10,Industrial/Business/Enterprise facilities,10
Kharkivska,2026-05-04,2026-05-10,Railway,2
Kharkivska,2026-05-04,2026-05-10,Total,22
Kharkivska,2026-05-04,2026-05-10,Warehouse,1
Khersonska,2026-05-04,2026-05-10,Government facilities,1
Khersonska,2026-05-04,2026-05-10,Total,1
Kyivska,2026-05-04,2026-05-10,Fuel depot,1
Kyivska,2026-05-04,2026-05-10,Industrial/Business/Enterprise facilities,1
Kyivska,2026-05-04,2026-05-10,Total,2
Mykolaivska,2026-05-04,2026-05-10,Industrial/Business/Enterprise facilities,1
Mykolaivska,2026-05-04,2026-05-10,Total,1
Odeska,2026-05-04,2026-05-10,Agricultural facilities,1
Odeska,2026-05-04,2026-05-10,Total,1
Poltavska,2026-05-04,2026-05-10,Electricity supply system,1
Poltavska,2026-05-04,2026-05-10,Industrial/Business/Enterprise facilities,1
Poltavska,2026-05-04,2026-05-10,Railway,1
Poltavska,2026-05-04,2026-05-10,Total,4
Poltavska,2026-05-04,2026-05-10,Warehouse,1
Sumska,2026-05-04,2026-05-10,Agricultural facilities,1
Sumska,2026-05-04,2026-05-10,"Education facility (school, etc.)",1
Sumska,2026-05-04,2026-05-10,"Health facility (hospital, health clinic)",1
Sumska,2026-05-04,2026-05-10,Industrial/Business/Enterprise facilities,1
Sumska,2026-05-04,2026-05-10,Other,2
Sumska,2026-05-04,2026-05-10,Total,7
Sumska,2026-05-04,2026-05-10,Warehouse,1
Zaporizka,2026-05-04,2026-05-10,"Education facility (school, etc.)",2
Zaporizka,2026-05-04,2026-05-10,Fuel depot,1
Zaporizka,2026-05-04,2026-05-10,"Health facility (hospital, health clinic)",1
Zaporizka,2026-05-04,2026-05-10,Industrial/Business/Enterprise facilities,5
Zaporizka,2026-05-04,2026-05-10,Religious facilities,1
Zaporizka,2026-05-04,2026-05-10,Total,10
Cherkaska,2026-04-27,2026-05-03,"Education facility (school, etc.)",2
Cherkaska,2026-04-27,2026-05-03,Electricity supply system,1
Cherkaska,2026-04-27,2026-05-03,Total,3
Chernihivska,2026-04-27,2026-05-03,Government facilities,1
Chernihivska,2026-04-27,2026-05-03,"Health facility (hospital, health clinic)",1
Chernihivska,2026-04-27,2026-05-03,Industrial/Business/Enterprise facilities,3
Chernihivska,2026-04-27,2026-05-03,Total,6
Chernihivska,2026-04-27,2026-05-03,Warehouse,1
Dnipropetrovska,2026-04-27,2026-05-03,"Cultural facilities (museum, theater etc.)",1
Dnipropetrovska,2026-04-27,2026-05-03,"Education facility (school, etc.)",5
Dnipropetrovska,2026-04-27,2026-05-03,Electricity supply system,1
Dnipropetrovska,2026-04-27,2026-05-03,Fuel depot,3
Dnipropetrovska,2026-04-27,2026-05-03,Government facilities,4
Dnipropetrovska,2026-04-27,2026-05-03,"Health facility (hospital, health clinic)",2
Dnipropetrovska,2026-04-27,2026-05-03,Industrial/Business/Enterprise facilities,10
Dnipropetrovska,2026-04-27,2026-05-03,Other,1
Dnipropetrovska,2026-04-27,2026-05-03,Total,27
Donetska,2026-04-27,2026-05-03,Fuel depot,1
Donetska,2026-04-27,2026-05-03,Industrial/Business/Enterprise facilities,1
Donetska,2026-04-27,2026-05-03,Total,2
Kharkivska,2026-04-27,2026-05-03,Agricultural facilities,1
Kharkivska,2026-04-27,2026-05-03,Electricity supply system,2
Kharkivska,2026-04-27,2026-05-03,Fuel depot,7
Kharkivska,2026-04-27,2026-05-03,Gas supply system,1
Kharkivska,2026-04-27,2026-05-03,Government facilities,4
Kharkivska,2026-04-27,2026-05-03,"Health facility (hospital, health clinic)",1
Kharkivska,2026-04-27,2026-05-03,Industrial/Business/Enterprise facilities,4
Kharkivska,2026-04-27,2026-05-03,Total,20
Khersonska,2026-04-27,2026-05-03,"Education facility (school, etc.)",1
Khersonska,2026-04-27,2026-05-03,Electricity supply system,1
Khersonska,2026-04-27,2026-05-03,Fuel depot,1
Khersonska,2026-04-27,2026-05-03,"Health facility (hospital, health clinic)",1
Khersonska,2026-04-27,2026-05-03,Industrial/Business/Enterprise facilities,1
Khersonska,2026-04-27,2026-05-03,Total,5
Kyiv,2026-04-27,2026-05-03,"Education facility (school, etc.)",1
Kyiv,2026-04-27,2026-05-03,Other,1
Kyiv,2026-04-27,2026-05-03,Total,2
Odeska,2026-04-27,2026-05-03,"Cultural facilities (museum, theater etc.)",1
Odeska,2026-04-27,2026-05-03,"Education facility (school, etc.)",1
Odeska,2026-04-27,2026-05-03,Government facilities,1
Odeska,2026-04-27,2026-05-03,Harbor,1
Odeska,2026-04-27,2026-05-03,"Health facility (hospital, health clinic)",1
Odeska,2026-04-27,2026-05-03,Industrial/Business/Enterprise facilities,4
Odeska,2026-04-27,2026-05-03,Total,10
Odeska,2026-04-27,2026-05-03,Warehouse,1
Poltavska,2026-04-27,2026-05-03,Railway,1
Poltavska,2026-04-27,2026-05-03,Total,1
Sumska,2026-04-27,2026-05-03,"Education facility (school, etc.)",3
Sumska,2026-04-27,2026-05-03,Government facilities,1
Sumska,2026-04-27,2026-05-03,"Health facility (hospital, health clinic)",2
Sumska,2026-04-27,2026-05-03,Industrial/Business/Enterprise facilities,3
Sumska,2026-04-27,2026-05-03,Other,1
Sumska,2026-04-27,2026-05-03,Road / Highway,1
Sumska,2026-04-27,2026-05-03,Total,11
Ternopilska,2026-04-27,2026-05-03,Industrial/Business/Enterprise facilities,1
Ternopilska,2026-04-27,2026-05-03,Total,1
Vinnytska,2026-04-27,2026-05-03,Government facilities,1
Vinnytska,2026-04-27,2026-05-03,"Health facility (hospital, health clinic)",1
Vinnytska,2026-04-27,2026-05-03,Industrial/Business/Enterprise facilities,2
Vinnytska,2026-04-27,2026-05-03,Religious facilities,1
Vinnytska,2026-04-27,2026-05-03,Total,5
Zaporizka,2026-04-27,2026-05-03,Agricultural facilities,1
Zaporizka,2026-04-27,2026-05-03,Total,1
Chernihivska,2026-04-20,2026-04-26,Agricultural facilities,4
Chernihivska,2026-04-20,2026-04-26,"Cultural facilities (museum, theater etc.)",1
Chernihivska,2026-04-20,2026-04-26,Electricity supply system,1
Chernihivska,2026-04-20,2026-04-26,Government facilities,3
Chernihivska,2026-04-20,2026-04-26,"Health facility (hospital, health clinic)",1
Chernihivska,2026-04-20,2026-04-26,Heating and water facility,1
Chernihivska,2026-04-20,2026-04-26,Industrial/Business/Enterprise facilities,4
Chernihivska,2026-04-20,2026-04-26,Other,1
Chernihivska,2026-04-20,2026-04-26,Religious facilities,1
Chernihivska,2026-04-20,2026-04-26,Total,20
Chernihivska,2026-04-20,2026-04-26,Warehouse,1
Chernihivska,2026-04-20,2026-04-26,Water supply system,2
Dnipropetrovska,2026-04-20,2026-04-26,Agricultural facilities,1
Dnipropetrovska,2026-04-20,2026-04-26,"Cultural facilities (museum, theater etc.)",4
Dnipropetrovska,2026-04-20,2026-04-26,"Education facility (school, etc.)",4
Dnipropetrovska,2026-04-20,2026-04-26,Electricity supply system,3
Dnipropetrovska,2026-04-20,2026-04-26,Fuel depot,2
Dnipropetrovska,2026-04-20,2026-04-26,Government facilities,2
Dnipropetrovska,2026-04-20,2026-04-26,"Health facility (hospital, health clinic)",1
Dnipropetrovska,2026-04-20,2026-04-26,Industrial/Business/Enterprise facilities,8
Dnipropetrovska,2026-04-20,2026-04-26,Railway,1
Dnipropetrovska,2026-04-20,2026-04-26,Total,26
Donetska,2026-04-20,2026-04-26,"Education facility (school, etc.)",1
Donetska,2026-04-20,2026-04-26,Fuel depot,1
Donetska,2026-04-20,2026-04-26,Government facilities,1
Donetska,2026-04-20,2026-04-26,"Health facility (hospital, health clinic)",1
Donetska,2026-04-20,2026-04-26,Industrial/Business/Enterprise facilities,7
Donetska,2026-04-20,2026-04-26,Other,2
Donetska,2026-04-20,2026-04-26,Religious facilities,1
Donetska,2026-04-20,2026-04-26,Total,14
Kharkivska,2026-04-20,2026-04-26,Agricultural facilities,3
Kharkivska,2026-04-20,2026-04-26,"Cultural facilities (museum, theater etc.)",3
Kharkivska,2026-04-20,2026-04-26,"Education facility (school, etc.)",2
Kharkivska,2026-04-20,2026-04-26,Electricity supply system,1
Kharkivska,2026-04-20,2026-04-26,Fuel depot,1
Kharkivska,2026-04-20,2026-04-26,Gas supply system,1
Kharkivska,2026-04-20,2026-04-26,Government facilities,3
Kharkivska,2026-04-20,2026-04-26,"Health facility (hospital, health clinic)",1
Kharkivska,2026-04-20,2026-04-26,Industrial/Business/Enterprise facilities,3
Kharkivska,2026-04-20,2026-04-26,Total,19
Kharkivska,2026-04-20,2026-04-26,Warehouse,1
Kyivska,2026-04-20,2026-04-26,Industrial/Business/Enterprise facilities,1
Kyivska,2026-04-20,2026-04-26,Other,1
Kyivska,2026-04-20,2026-04-26,Total,3
Kyivska,2026-04-20,2026-04-26,Warehouse,1
Mykolaivska,2026-04-20,2026-04-26,Electricity supply system,1
Mykolaivska,2026-04-20,2026-04-26,Total,1
Odeska,2026-04-20,2026-04-26,Government facilities,1
Odeska,2026-04-20,2026-04-26,Harbor,1
Odeska,2026-04-20,2026-04-26,Industrial/Business/Enterprise facilities,1
Odeska,2026-04-20,2026-04-26,Total,3
Sumska,2026-04-20,2026-04-26,Industrial/Business/Enterprise facilities,1
Sumska,2026-04-20,2026-04-26,Total,1
Zaporizka,2026-04-20,2026-04-26,"Cultural facilities (museum, theater etc.)",1
Zaporizka,2026-04-20,2026-04-26,"Education facility (school, etc.)",2
Zaporizka,2026-04-20,2026-04-26,Electricity supply system,1
Zaporizka,2026-04-20,2026-04-26,Government facilities,1
Zaporizka,2026-04-20,2026-04-26,Industrial/Business/Enterprise facilities,1
Zaporizka,2026-04-20,2026-04-26,Railway,1
Zaporizka,2026-04-20,2026-04-26,Telecommunications,1
Zaporizka,2026-04-20,2026-04-26,Total,8
Chernihivska,2026-04-13,2026-04-19,"Education facility (school, etc.)",3
Chernihivska,2026-04-13,2026-04-19,Government facilities,3
Chernihivska,2026-04-13,2026-04-19,"Health facility (hospital, health clinic)",1
Chernihivska,2026-04-13,2026-04-19,Industrial/Business/Enterprise facilities,1
Chernihivska,2026-04-13,2026-04-19,Total,8
Dnipropetrovska,2026-04-13,2026-04-19,Agricultural facilities,3
Dnipropetrovska,2026-04-13,2026-04-19,"Cultural facilities (museum, theater etc.)",4
Dnipropetrovska,2026-04-13,2026-04-19,"Education facility (school, etc.)",6
Dnipropetrovska,2026-04-13,2026-04-19,Electricity supply system,1
Dnipropetrovska,2026-04-13,2026-04-19,Fuel depot,1
Dnipropetrovska,2026-04-13,2026-04-19,Government facilities,3
Dnipropetrovska,2026-04-13,2026-04-19,"Health facility (hospital, health clinic)",1
Dnipropetrovska,2026-04-13,2026-04-19,Industrial/Business/Enterprise facilities,7
Dnipropetrovska,2026-04-13,2026-04-19,Religious facilities,1
Dnipropetrovska,2026-04-13,2026-04-19,Total,27
Donetska,2026-04-13,2026-04-19,"Education facility (school, etc.)",2
Donetska,2026-04-13,2026-04-19,Government facilities,3
Donetska,2026-04-13,2026-04-19,Industrial/Business/Enterprise facilities,1
Donetska,2026-04-13,2026-04-19,Total,6
Kharkivska,2026-04-13,2026-04-19,Agricultural facilities,1
Kharkivska,2026-04-13,2026-04-19,"Cultural facilities (museum, theater etc.)",1
Kharkivska,2026-04-13,2026-04-19,Electricity supply system,4
Kharkivska,2026-04-13,2026-04-19,Fuel depot,1
Kharkivska,2026-04-13,2026-04-19,Gas supply system,1
Kharkivska,2026-04-13,2026-04-19,"Health facility (hospital, health clinic)",2
Kharkivska,2026-04-13,2026-04-19,Industrial/Business/Enterprise facilities,4
Kharkivska,2026-04-13,2026-04-19,Total,14
Khersonska,2026-04-13,2026-04-19,Electricity supply system,1
Khersonska,2026-04-13,2026-04-19,"Health facility (hospital, health clinic)",1
Khersonska,2026-04-13,2026-04-19,Industrial/Business/Enterprise facilities,1
Khersonska,2026-04-13,2026-04-19,Total,4
Khersonska,2026-04-13,2026-04-19,Warehouse,1
Kyiv,2026-04-13,2026-04-19,Electricity supply system,1
Kyiv,2026-04-13,2026-04-19,Fuel depot,1
Kyiv,2026-04-13,2026-04-19,Industrial/Business/Enterprise facilities,7
Kyiv,2026-04-13,2026-04-19,Total,10
Kyiv,2026-04-13,2026-04-19,Warehouse,1
Kyivska,2026-04-13,2026-04-19,Industrial/Business/Enterprise facilities,1
Kyivska,2026-04-13,2026-04-19,Total,1
Odeska,2026-04-13,2026-04-19,"Education facility (school, etc.)",2
Odeska,2026-04-13,2026-04-19,Electricity supply system,1
Odeska,2026-04-13,2026-04-19,Government facilities,1
Odeska,2026-04-13,2026-04-19,Harbor,2
Odeska,2026-04-13,2026-04-19,Industrial/Business/Enterprise facilities,3
Odeska,2026-04-13,2026-04-19,Total,9
Poltavska,2026-04-13,2026-04-19,Agricultural facilities,1
Poltavska,2026-04-13,2026-04-19,Electricity supply system,1
Poltavska,2026-04-13,2026-04-19,Total,2
Sumska,2026-04-13,2026-04-19,Fuel depot,1
Sumska,2026-04-13,2026-04-19,Government facilities,1
Sumska,2026-04-13,2026-04-19,"Health facility (hospital, health clinic)",2
Sumska,2026-04-13,2026-04-19,Road / Highway,1
Sumska,2026-04-13,2026-04-19,Total,5
Zaporizka,2026-04-13,2026-04-19,Government facilities,1
Zaporizka,2026-04-13,2026-04-19,"Health facility (hospital, health clinic)",1
Zaporizka,2026-04-13,2026-04-19,Industrial/Business/Enterprise facilities,5
Zaporizka,2026-04-13,2026-04-19,Other,1
Zaporizka,2026-04-13,2026-04-19,Religious facilities,1
Zaporizka,2026-04-13,2026-04-19,Total,9
Autonomous Republic of Crimea,2026-04-06,2026-04-12,Oil depot,1
Autonomous Republic of Crimea,2026-04-06,2026-04-12,Total,1
Chernihivska,2026-04-06,2026-04-12,"Cultural facilities (museum, theater etc.)",1
Chernihivska,2026-04-06,2026-04-12,Government facilities,5
Chernihivska,2026-04-06,2026-04-12,Other,1
Chernihivska,2026-04-06,2026-04-12,Total,7
Dnipropetrovska,2026-04-06,2026-04-12,Agricultural facilities,1
Dnipropetrovska,2026-04-06,2026-04-12,"Education facility (school, etc.)",2
Dnipropetrovska,2026-04-06,2026-04-12,Electricity supply system,2
Dnipropetrovska,2026-04-06,2026-04-12,Fuel depot,1
Dnipropetrovska,2026-04-06,2026-04-12,Gas supply system,2
Dnipropetrovska,2026-04-06,2026-04-12,Government facilities,5
Dnipropetrovska,2026-04-06,2026-04-12,"Health facility (hospital, health clinic)",3
Dnipropetrovska,2026-04-06,2026-04-12,Industrial/Business/Enterprise facilities,9
Dnipropetrovska,2026-04-06,2026-04-12,Total,26
Dnipropetrovska,2026-04-06,2026-04-12,Warehouse,1
Donetska,2026-04-06,2026-04-12,"Education facility (school, etc.)",1
Donetska,2026-04-06,2026-04-12,Government facilities,2
Donetska,2026-04-06,2026-04-12,Industrial/Business/Enterprise facilities,1
Donetska,2026-04-06,2026-04-12,Total,4
Kharkivska,2026-04-06,2026-04-12,Agricultural facilities,1
Kharkivska,2026-04-06,2026-04-12,"Cultural facilities (museum, theater etc.)",1
Kharkivska,2026-04-06,2026-04-12,"Education facility (school, etc.)",1
Kharkivska,2026-04-06,2026-04-12,Electricity supply system,5
Kharkivska,2026-04-06,2026-04-12,Gas supply system,1
Kharkivska,2026-04-06,2026-04-12,Government facilities,1
Kharkivska,2026-04-06,2026-04-12,Oil depot,1
Kharkivska,2026-04-06,2026-04-12,Total,11
Khersonska,2026-04-06,2026-04-12,"Education facility (school, etc.)",1
Khersonska,2026-04-06,2026-04-12,Total,2
Khersonska,2026-04-06,2026-04-12,Warehouse,1
Odeska,2026-04-06,2026-04-12,"Cultural facilities (museum, theater etc.)",1
Odeska,2026-04-06,2026-04-12,"Education facility (school, etc.)",3
Odeska,2026-04-06,2026-04-12,Government facilities,1
Odeska,2026-04-06,2026-04-12,Harbor,1
Odeska,2026-04-06,2026-04-12,Industrial/Business/Enterprise facilities,2
Odeska,2026-04-06,2026-04-12,Total,9
Odeska,2026-04-06,2026-04-12,Warehouse,1
Sumska,2026-04-06,2026-04-12,"Education facility (school, etc.)",1
Sumska,2026-04-06,2026-04-12,Electricity supply system,1
Sumska,2026-04-06,2026-04-12,Gas supply system,1
Sumska,2026-04-06,2026-04-12,Government facilities,1
Sumska,2026-04-06,2026-04-12,Industrial/Business/Enterprise facilities,1
Sumska,2026-04-06,2026-04-12,Total,5
Chernihivska,2026-03-30,2026-04-05,"Cultural facilities (museum, theater etc.)",1
Chernihivska,2026-03-30,2026-04-05,"Education facility (school, etc.)",1
Chernihivska,2026-03-30,2026-04-05,Industrial/Business/Enterprise facilities,1
Chernihivska,2026-03-30,2026-04-05,Total,3
Dnipropetrovska,2026-03-30,2026-04-05,Agricultural facilities,4
Dnipropetrovska,2026-03-30,2026-04-05,"Education facility (school, etc.)",3
Dnipropetrovska,2026-03-30,2026-04-05,Fuel depot,1
Dnipropetrovska,2026-03-30,2026-04-05,Gas supply system,1
Dnipropetrovska,2026-03-30,2026-04-05,Government facilities,4
Dnipropetrovska,2026-03-30,2026-04-05,"Health facility (hospital, health clinic)",1
Dnipropetrovska,2026-03-30,2026-04-05,Industrial/Business/Enterprise facilities,13
Dnipropetrovska,2026-03-30,2026-04-05,Religious facilities,1
Dnipropetrovska,2026-03-30,2026-04-05,Total,28
Donetska,2026-03-30,2026-04-05,"Education facility (school, etc.)",1
Donetska,2026-03-30,2026-04-05,Government facilities,5
Donetska,2026-03-30,2026-04-05,"Health facility (hospital, health clinic)",1
Donetska,2026-03-30,2026-04-05,Industrial/Business/Enterprise facilities,6
Donetska,2026-03-30,2026-04-05,Other,1
Donetska,2026-03-30,2026-04-05,Railway,1
Donetska,2026-03-30,2026-04-05,Total,15
Kharkivska,2026-03-30,2026-04-05,"Cultural facilities (museum, theater etc.)",2
Kharkivska,2026-03-30,2026-04-05,"Education facility (school, etc.)",4
Kharkivska,2026-03-30,2026-04-05,Electricity supply system,8
Kharkivska,2026-03-30,2026-04-05,Gas supply system,2
Kharkivska,2026-03-30,2026-04-05,Government facilities,2
Kharkivska,2026-03-30,2026-04-05,"Health facility (hospital, health clinic)",3
Kharkivska,2026-03-30,2026-04-05,Industrial/Business/Enterprise facilities,5
Kharkivska,2026-03-30,2026-04-05,Other,1
Kharkivska,2026-03-30,2026-04-05,Religious facilities,1
Kharkivska,2026-03-30,2026-04-05,Telecommunications,1
Kharkivska,2026-03-30,2026-04-05,Total,30
Kharkivska,2026-03-30,2026-04-05,Water supply system,1
Khmelnytska,2026-03-30,2026-04-05,Industrial/Business/Enterprise facilities,2
Khmelnytska,2026-03-30,2026-04-05,Total,3
Khmelnytska,2026-03-30,2026-04-05,Warehouse,1
Kyivska,2026-03-30,2026-04-05,"Education facility (school, etc.)",1
Kyivska,2026-03-30,2026-04-05,Government facilities,1
Kyivska,2026-03-30,2026-04-05,Industrial/Business/Enterprise facilities,6
Kyivska,2026-03-30,2026-04-05,Other,1
Kyivska,2026-03-30,2026-04-05,Total,9
Odeska,2026-03-30,2026-04-05,Gas supply system,1
Odeska,2026-03-30,2026-04-05,Industrial/Business/Enterprise facilities,1
Odeska,2026-03-30,2026-04-05,Total,2
Poltavska,2026-03-30,2026-04-05,"Education facility (school, etc.)",1
Poltavska,2026-03-30,2026-04-05,Industrial/Business/Enterprise facilities,1
Poltavska,2026-03-30,2026-04-05,Total,2
Sumska,2026-03-30,2026-04-05,Gas supply system,1
Sumska,2026-03-30,2026-04-05,Heating and water facility,1
Sumska,2026-03-30,2026-04-05,Industrial/Business/Enterprise facilities,3
Sumska,2026-03-30,2026-04-05,Total,6
Sumska,2026-03-30,2026-04-05,Water supply system,1
Ternopilska,2026-03-30,2026-04-05,Agricultural facilities,1
Ternopilska,2026-03-30,2026-04-05,Total,1
Volynska,2026-03-30,2026-04-05,Industrial/Business/Enterprise facilities,2
Volynska,2026-03-30,2026-04-05,Total,2
Zaporizka,2026-03-30,2026-04-05,Government facilities,1
Zaporizka,2026-03-30,2026-04-05,Total,1
Zhytomyrska,2026-03-30,2026-04-05,Industrial/Business/Enterprise facilities,2
Zhytomyrska,2026-03-30,2026-04-05,Total,2
Chernihivska,2026-03-23,2026-03-29,Agricultural facilities,1
Chernihivska,2026-03-23,2026-03-29,"Cultural facilities (museum, theater etc.)",1
Chernihivska,2026-03-23,2026-03-29,"Education facility (school, etc.)",2
Chernihivska,2026-03-23,2026-03-29,Energy Infrastructure (unknown type),1
Chernihivska,2026-03-23,2026-03-29,Government facilities,3
Chernihivska,2026-03-23,2026-03-29,Industrial/Business/Enterprise facilities,3
Chernihivska,2026-03-23,2026-03-29,Total,12
Chernihivska,2026-03-23,2026-03-29,Warehouse,1
Dnipropetrovska,2026-03-23,2026-03-29,Agricultural facilities,1
Dnipropetrovska,2026-03-23,2026-03-29,"Education facility (school, etc.)",2
Dnipropetrovska,2026-03-23,2026-03-29,Electricity supply system,1
Dnipropetrovska,2026-03-23,2026-03-29,Fuel depot,2
Dnipropetrovska,2026-03-23,2026-03-29,Government facilities,1
Dnipropetrovska,2026-03-23,2026-03-29,Industrial/Business/Enterprise facilities,10
Dnipropetrovska,2026-03-23,2026-03-29,Total,17
Donetska,2026-03-23,2026-03-29,"Cultural facilities (museum, theater etc.)",1
Donetska,2026-03-23,2026-03-29,"Education facility (school, etc.)",2
Donetska,2026-03-23,2026-03-29,Government facilities,2
Donetska,2026-03-23,2026-03-29,Heating and water facility,1
Donetska,2026-03-23,2026-03-29,Industrial/Business/Enterprise facilities,7
Donetska,2026-03-23,2026-03-29,Road / Highway,1
Donetska,2026-03-23,2026-03-29,Total,14
Ivano-Frankivska,2026-03-23,2026-03-29,"Health facility (hospital, health clinic)",1
Ivano-Frankivska,2026-03-23,2026-03-29,Total,1
Kharkivska,2026-03-23,2026-03-29,Agricultural facilities,6
Kharkivska,2026-03-23,2026-03-29,"Cultural facilities (museum, theater etc.)",1
Kharkivska,2026-03-23,2026-03-29,"Education facility (school, etc.)",5
Kharkivska,2026-03-23,2026-03-29,Electricity supply system,4
Kharkivska,2026-03-23,2026-03-29,Gas supply system,1
Kharkivska,2026-03-23,2026-03-29,Government facilities,2
Kharkivska,2026-03-23,2026-03-29,"Health facility (hospital, health clinic)",1
Kharkivska,2026-03-23,2026-03-29,Industrial/Business/Enterprise facilities,2
Kharkivska,2026-03-23,2026-03-29,Railway,1
Kharkivska,2026-03-23,2026-03-29,Total,23
Khersonska,2026-03-23,2026-03-29,"Education facility (school, etc.)",3
Khersonska,2026-03-23,2026-03-29,Electricity supply system,2
Khersonska,2026-03-23,2026-03-29,Gas supply system,2
Khersonska,2026-03-23,2026-03-29,"Health facility (hospital, health clinic)",1
Khersonska,2026-03-23,2026-03-29,Industrial/Business/Enterprise facilities,4
Khersonska,2026-03-23,2026-03-29,Power plant,1
Khersonska,2026-03-23,2026-03-29,Telecommunications,1
Khersonska,2026-03-23,2026-03-29,Total,14
Kyivska,2026-03-23,2026-03-29,Agricultural facilities,1
Kyivska,2026-03-23,2026-03-29,Industrial/Business/Enterprise facilities,1
Kyivska,2026-03-23,2026-03-29,Total,2
Lvivska,2026-03-23,2026-03-29,"Cultural facilities (museum, theater etc.)",1
Lvivska,2026-03-23,2026-03-29,Religious facilities,1
Lvivska,2026-03-23,2026-03-29,Total,2
Mykolaivska,2026-03-23,2026-03-29,"Education facility (school, etc.)",1
Mykolaivska,2026-03-23,2026-03-29,Electricity supply system,2
Mykolaivska,2026-03-23,2026-03-29,Other,1
Mykolaivska,2026-03-23,2026-03-29,Total,4
Odeska,2026-03-23,2026-03-29,"Education facility (school, etc.)",3
Odeska,2026-03-23,2026-03-29,Electricity supply system,3
Odeska,2026-03-23,2026-03-29,Energy Infrastructure (unknown type),1
Odeska,2026-03-23,2026-03-29,Government facilities,4
Odeska,2026-03-23,2026-03-29,Harbor,3
Odeska,2026-03-23,2026-03-29,"Health facility (hospital, health clinic)",2
Odeska,2026-03-23,2026-03-29,Industrial/Business/Enterprise facilities,2
Odeska,2026-03-23,2026-03-29,Road / Highway,1
Odeska,2026-03-23,2026-03-29,Telecommunications,1
Odeska,2026-03-23,2026-03-29,Total,21
Odeska,2026-03-23,2026-03-29,Warehouse,1
Poltavska,2026-03-23,2026-03-29,Gas supply system,2
Poltavska,2026-03-23,2026-03-29,Industrial/Business/Enterprise facilities,2
Poltavska,2026-03-23,2026-03-29,Total,4
Sumska,2026-03-23,2026-03-29,"Cultural facilities (museum, theater etc.)",2
Sumska,2026-03-23,2026-03-29,"Education facility (school, etc.)",1
Sumska,2026-03-23,2026-03-29,Government facilities,1
Sumska,2026-03-23,2026-03-29,"Health facility (hospital, health clinic)",1
Sumska,2026-03-23,2026-03-29,Industrial/Business/Enterprise facilities,2
Sumska,2026-03-23,2026-03-29,Other,1
Sumska,2026-03-23,2026-03-29,Total,9
Sumska,2026-03-23,2026-03-29,Warehouse,1
Ternopilska,2026-03-23,2026-03-29,Government facilities,1
Ternopilska,2026-03-23,2026-03-29,"Health facility (hospital, health clinic)",1
Ternopilska,2026-03-23,2026-03-29,Total,2
Zaporizka,2026-03-23,2026-03-29,Electricity supply system,1
Zaporizka,2026-03-23,2026-03-29,Fuel depot,1
Zaporizka,2026-03-23,2026-03-29,Government facilities,1
Zaporizka,2026-03-23,2026-03-29,Industrial/Business/Enterprise facilities,1
Zaporizka,2026-03-23,2026-03-29,Road / Highway,1
Zaporizka,2026-03-23,2026-03-29,Total,5
Chernihivska,2026-03-16,2026-03-22,Agricultural facilities,1
Chernihivska,2026-03-16,2026-03-22,"Cultural facilities (museum, theater etc.)",1
Chernihivska,2026-03-16,2026-03-22,Energy Infrastructure (unknown type),1
Chernihivska,2026-03-16,2026-03-22,Government facilities,2
Chernihivska,2026-03-16,2026-03-22,Industrial/Business/Enterprise facilities,3
Chernihivska,2026-03-16,2026-03-22,Railway,1
Chernihivska,2026-03-16,2026-03-22,Total,10
Chernihivska,2026-03-16,2026-03-22,Warehouse,1
Dnipropetrovska,2026-03-16,2026-03-22,Agricultural facilities,2
Dnipropetrovska,2026-03-16,2026-03-22,"Education facility (school, etc.)",3
Dnipropetrovska,2026-03-16,2026-03-22,Fuel depot,1
Dnipropetrovska,2026-03-16,2026-03-22,Government facilities,3
Dnipropetrovska,2026-03-16,2026-03-22,Industrial/Business/Enterprise facilities,6
Dnipropetrovska,2026-03-16,2026-03-22,Total,15
Donetska,2026-03-16,2026-03-22,"Cultural facilities (museum, theater etc.)",1
Donetska,2026-03-16,2026-03-22,Government facilities,1
Donetska,2026-03-16,2026-03-22,Heating and water facility,1
Donetska,2026-03-16,2026-03-22,Industrial/Business/Enterprise facilities,2
Donetska,2026-03-16,2026-03-22,Total,5
Kharkivska,2026-03-16,2026-03-22,"Education facility (school, etc.)",2
Kharkivska,2026-03-16,2026-03-22,Electricity supply system,2
Kharkivska,2026-03-16,2026-03-22,Total,7
Kharkivska,2026-03-16,2026-03-22,Warehouse,3
Khersonska,2026-03-16,2026-03-22,Government facilities,1
Khersonska,2026-03-16,2026-03-22,"Health facility (hospital, health clinic)",1
Khersonska,2026-03-16,2026-03-22,Total,2
Kyiv,2026-03-16,2026-03-22,Industrial/Business/Enterprise facilities,1
Kyiv,2026-03-16,2026-03-22,Total,1
Mykolaivska,2026-03-16,2026-03-22,"Education facility (school, etc.)",1
Mykolaivska,2026-03-16,2026-03-22,Total,1
Odeska,2026-03-16,2026-03-22,"Education facility (school, etc.)",2
Odeska,2026-03-16,2026-03-22,Government facilities,3
Odeska,2026-03-16,2026-03-22,Harbor,3
Odeska,2026-03-16,2026-03-22,Industrial/Business/Enterprise facilities,2
Odeska,2026-03-16,2026-03-22,Total,11
Odeska,2026-03-16,2026-03-22,Warehouse,1
Sumska,2026-03-16,2026-03-22,"Education facility (school, etc.)",2
Sumska,2026-03-16,2026-03-22,Electricity supply system,1
Sumska,2026-03-16,2026-03-22,Energy Infrastructure (unknown type),1
Sumska,2026-03-16,2026-03-22,Government facilities,1
Sumska,2026-03-16,2026-03-22,"Health facility (hospital, health clinic)",1
Sumska,2026-03-16,2026-03-22,Industrial/Business/Enterprise facilities,2
Sumska,2026-03-16,2026-03-22,Railway,1
Sumska,2026-03-16,2026-03-22,Total,10
Sumska,2026-03-16,2026-03-22,Warehouse,1
Zaporizka,2026-03-16,2026-03-22,"Education facility (school, etc.)",1
Zaporizka,2026-03-16,2026-03-22,Electricity supply system,2
Zaporizka,2026-03-16,2026-03-22,"Health facility (hospital, health clinic)",2
Zaporizka,2026-03-16,2026-03-22,Industrial/Business/Enterprise facilities,3
Zaporizka,2026-03-16,2026-03-22,Total,8
Cherkaska,2026-03-09,2026-03-15,Government facilities,1
Cherkaska,2026-03-09,2026-03-15,Total,1
Chernihivska,2026-03-09,2026-03-15,Agricultural facilities,1
Chernihivska,2026-03-09,2026-03-15,"Cultural facilities (museum, theater etc.)",1
Chernihivska,2026-03-09,2026-03-15,Government facilities,2
Chernihivska,2026-03-09,2026-03-15,Industrial/Business/Enterprise facilities,2
Chernihivska,2026-03-09,2026-03-15,Total,6
Dnipropetrovska,2026-03-09,2026-03-15,Agricultural facilities,3
Dnipropetrovska,2026-03-09,2026-03-15,"Cultural facilities (museum, theater etc.)",1
Dnipropetrovska,2026-03-09,2026-03-15,"Education facility (school, etc.)",2
Dnipropetrovska,2026-03-09,2026-03-15,Electricity supply system,2
Dnipropetrovska,2026-03-09,2026-03-15,Fuel depot,5
Dnipropetrovska,2026-03-09,2026-03-15,Government facilities,4
Dnipropetrovska,2026-03-09,2026-03-15,"Health facility (hospital, health clinic)",2
Dnipropetrovska,2026-03-09,2026-03-15,Industrial/Business/Enterprise facilities,12
Dnipropetrovska,2026-03-09,2026-03-15,Total,31
Donetska,2026-03-09,2026-03-15,"Cultural facilities (museum, theater etc.)",1
Donetska,2026-03-09,2026-03-15,"Education facility (school, etc.)",1
Donetska,2026-03-09,2026-03-15,Gas supply system,1
Donetska,2026-03-09,2026-03-15,Government facilities,2
Donetska,2026-03-09,2026-03-15,"Health facility (hospital, health clinic)",1
Donetska,2026-03-09,2026-03-15,Industrial/Business/Enterprise facilities,5
Donetska,2026-03-09,2026-03-15,Total,11
Kharkivska,2026-03-09,2026-03-15,Agricultural facilities,1
Kharkivska,2026-03-09,2026-03-15,"Cultural facilities (museum, theater etc.)",1
Kharkivska,2026-03-09,2026-03-15,Electricity supply system,5
Kharkivska,2026-03-09,2026-03-15,Government facilities,2
Kharkivska,2026-03-09,2026-03-15,Industrial/Business/Enterprise facilities,7
Kharkivska,2026-03-09,2026-03-15,Railway,1
Kharkivska,2026-03-09,2026-03-15,Total,21
Kharkivska,2026-03-09,2026-03-15,Warehouse,4
Khersonska,2026-03-09,2026-03-15,Electricity supply system,1
Khersonska,2026-03-09,2026-03-15,Government facilities,1
Khersonska,2026-03-09,2026-03-15,Industrial/Business/Enterprise facilities,1
Khersonska,2026-03-09,2026-03-15,Total,3
Kyiv,2026-03-09,2026-03-15,Energy Infrastructure (unknown type),1
Kyiv,2026-03-09,2026-03-15,Total,1
Kyivska,2026-03-09,2026-03-15,"Education facility (school, etc.)",3
Kyivska,2026-03-09,2026-03-15,Gas supply system,1
Kyivska,2026-03-09,2026-03-15,Industrial/Business/Enterprise facilities,4
Kyivska,2026-03-09,2026-03-15,Total,9
Kyivska,2026-03-09,2026-03-15,Warehouse,1
Mykolaivska,2026-03-09,2026-03-15,Industrial/Business/Enterprise facilities,1
Mykolaivska,2026-03-09,2026-03-15,Total,1
Sumska,2026-03-09,2026-03-15,"Education facility (school, etc.)",1
Sumska,2026-03-09,2026-03-15,Government facilities,4
Sumska,2026-03-09,2026-03-15,Industrial/Business/Enterprise facilities,2
Sumska,2026-03-09,2026-03-15,Railway,1
Sumska,2026-03-09,2026-03-15,Total,9
Sumska,2026-03-09,2026-03-15,Warehouse,1
Zaporizka,2026-03-09,2026-03-15,Electricity supply system,1
Zaporizka,2026-03-09,2026-03-15,Government facilities,1
Zaporizka,2026-03-09,2026-03-15,Total,2
Dnipropetrovska,2026-03-02,2026-03-08,Agricultural facilities,2
Dnipropetrovska,2026-03-02,2026-03-08,"Education facility (school, etc.)",8
Dnipropetrovska,2026-03-02,2026-03-08,Electricity supply system,3
Dnipropetrovska,2026-03-02,2026-03-08,Gas supply system,1
Dnipropetrovska,2026-03-02,2026-03-08,Government facilities,3
Dnipropetrovska,2026-03-02,2026-03-08,Industrial/Business/Enterprise facilities,9
Dnipropetrovska,2026-03-02,2026-03-08,Telecommunications,1
Dnipropetrovska,2026-03-02,2026-03-08,Total,27
Donetska,2026-03-02,2026-03-08,"Education facility (school, etc.)",2
Donetska,2026-03-02,2026-03-08,Government facilities,1
Donetska,2026-03-02,2026-03-08,Heating and water facility,2
Donetska,2026-03-02,2026-03-08,Industrial/Business/Enterprise facilities,6
Donetska,2026-03-02,2026-03-08,Total,11
Kharkivska,2026-03-02,2026-03-08,Electricity supply system,6
Kharkivska,2026-03-02,2026-03-08,Gas supply system,1
Kharkivska,2026-03-02,2026-03-08,Government facilities,1
Kharkivska,2026-03-02,2026-03-08,Industrial/Business/Enterprise facilities,1
Kharkivska,2026-03-02,2026-03-08,Railway,1
Kharkivska,2026-03-02,2026-03-08,Road / Highway,1
Kharkivska,2026-03-02,2026-03-08,Total,11
Khersonska,2026-03-02,2026-03-08,Government facilities,2
Khersonska,2026-03-02,2026-03-08,Total,2
Khmelnytska,2026-03-02,2026-03-08,Railway,1
Khmelnytska,2026-03-02,2026-03-08,Total,1
Mykolaivska,2026-03-02,2026-03-08,Gas supply system,1
Mykolaivska,2026-03-02,2026-03-08,Total,1
Odeska,2026-03-02,2026-03-08,"Education facility (school, etc.)",1
Odeska,2026-03-02,2026-03-08,Total,1
Poltavska,2026-03-02,2026-03-08,"Education facility (school, etc.)",1
Poltavska,2026-03-02,2026-03-08,Total,1
Sumska,2026-03-02,2026-03-08,Fuel depot,1
Sumska,2026-03-02,2026-03-08,Total,1
Chernihivska,2026-02-23,2026-03-01,Electricity supply system,1
Chernihivska,2026-02-23,2026-03-01,Government facilities,1
Chernihivska,2026-02-23,2026-03-01,Industrial/Business/Enterprise facilities,2
Chernihivska,2026-02-23,2026-03-01,Total,4
Dnipropetrovska,2026-02-23,2026-03-01,Agricultural facilities,1
Dnipropetrovska,2026-02-23,2026-03-01,"Cultural facilities (museum, theater etc.)",1
Dnipropetrovska,2026-02-23,2026-03-01,"Education facility (school, etc.)",3
Dnipropetrovska,2026-02-23,2026-03-01,Electricity supply system,2
Dnipropetrovska,2026-02-23,2026-03-01,Government facilities,4
Dnipropetrovska,2026-02-23,2026-03-01,"Health facility (hospital, health clinic)",1
Dnipropetrovska,2026-02-23,2026-03-01,Industrial/Business/Enterprise facilities,4
Dnipropetrovska,2026-02-23,2026-03-01,Railway,1
Dnipropetrovska,2026-02-23,2026-03-01,Total,17
Donetska,2026-02-23,2026-03-01,"Education facility (school, etc.)",1
Donetska,2026-02-23,2026-03-01,Government facilities,1
Donetska,2026-02-23,2026-03-01,"Health facility (hospital, health clinic)",1
Donetska,2026-02-23,2026-03-01,Heating and water facility,1
Donetska,2026-02-23,2026-03-01,Industrial/Business/Enterprise facilities,1
Donetska,2026-02-23,2026-03-01,Road / Highway,1
Donetska,2026-02-23,2026-03-01,Total,6
Kharkivska,2026-02-23,2026-03-01,Agricultural facilities,1
Kharkivska,2026-02-23,2026-03-01,"Cultural facilities (museum, theater etc.)",2
Kharkivska,2026-02-23,2026-03-01,"Education facility (school, etc.)",3
Kharkivska,2026-02-23,2026-03-01,Electricity supply system,3
Kharkivska,2026-02-23,2026-03-01,Energy Infrastructure (unknown type),1
Kharkivska,2026-02-23,2026-03-01,Gas supply system,2
Kharkivska,2026-02-23,2026-03-01,Government facilities,2
Kharkivska,2026-02-23,2026-03-01,Industrial/Business/Enterprise facilities,2
Kharkivska,2026-02-23,2026-03-01,Other,1
Kharkivska,2026-02-23,2026-03-01,Total,18
Kharkivska,2026-02-23,2026-03-01,Water supply system,1
Khersonska,2026-02-23,2026-03-01,Government facilities,1
Khersonska,2026-02-23,2026-03-01,Religious facilities,1
Khersonska,2026-02-23,2026-03-01,Total,2
Kyivska,2026-02-23,2026-03-01,"Cultural facilities (museum, theater etc.)",1
Kyivska,2026-02-23,2026-03-01,Total,3
Kyivska,2026-02-23,2026-03-01,Warehouse,2
Odeska,2026-02-23,2026-03-01,"Cultural facilities (museum, theater etc.)",1
Odeska,2026-02-23,2026-03-01,"Education facility (school, etc.)",1
Odeska,2026-02-23,2026-03-01,Government facilities,2
Odeska,2026-02-23,2026-03-01,Harbor,1
Odeska,2026-02-23,2026-03-01,"Health facility (hospital, health clinic)",2
Odeska,2026-02-23,2026-03-01,Total,7
Poltavska,2026-02-23,2026-03-01,Electricity supply system,1
Poltavska,2026-02-23,2026-03-01,Industrial/Business/Enterprise facilities,1
Poltavska,2026-02-23,2026-03-01,Total,2
Sumska,2026-02-23,2026-03-01,Agricultural facilities,1
Sumska,2026-02-23,2026-03-01,Fuel depot,1
Sumska,2026-02-23,2026-03-01,Government facilities,1
Sumska,2026-02-23,2026-03-01,Industrial/Business/Enterprise facilities,1
Sumska,2026-02-23,2026-03-01,Religious facilities,1
Sumska,2026-02-23,2026-03-01,Total,6
Sumska,2026-02-23,2026-03-01,Warehouse,1
Zaporizka,2026-02-23,2026-03-01,"Education facility (school, etc.)",1
Zaporizka,2026-02-23,2026-03-01,Heating and water facility,1
Zaporizka,2026-02-23,2026-03-01,Industrial/Business/Enterprise facilities,4
Zaporizka,2026-02-23,2026-03-01,Total,7
Zaporizka,2026-02-23,2026-03-01,Water supply system,1
Chernihivska,2026-02-16,2026-02-22,Electricity supply system,1
Chernihivska,2026-02-16,2026-02-22,Telecommunications,1
Chernihivska,2026-02-16,2026-02-22,Total,3
Chernihivska,2026-02-16,2026-02-22,Warehouse,1
Dnipropetrovska,2026-02-16,2026-02-22,Agricultural facilities,6
Dnipropetrovska,2026-02-16,2026-02-22,"Education facility (school, etc.)",11
Dnipropetrovska,2026-02-16,2026-02-22,Electricity supply system,5
Dnipropetrovska,2026-02-16,2026-02-22,Gas supply system,3
Dnipropetrovska,2026-02-16,2026-02-22,Government facilities,8
Dnipropetrovska,2026-02-16,2026-02-22,Industrial/Business/Enterprise facilities,17
Dnipropetrovska,2026-02-16,2026-02-22,Religious facilities,1
Dnipropetrovska,2026-02-16,2026-02-22,Total,51
Donetska,2026-02-16,2026-02-22,Industrial/Business/Enterprise facilities,1
Donetska,2026-02-16,2026-02-22,Total,1
Ivano-Frankivska,2026-02-16,2026-02-22,Heating and water facility,1
Ivano-Frankivska,2026-02-16,2026-02-22,Total,1
Kharkivska,2026-02-16,2026-02-22,Agricultural facilities,1
Kharkivska,2026-02-16,2026-02-22,Electricity supply system,1
Kharkivska,2026-02-16,2026-02-22,Government facilities,1
Kharkivska,2026-02-16,2026-02-22,"Health facility (hospital, health clinic)",1
Kharkivska,2026-02-16,2026-02-22,Heating and water facility,1
Kharkivska,2026-02-16,2026-02-22,Total,6
Kharkivska,2026-02-16,2026-02-22,Warehouse,1
Khersonska,2026-02-16,2026-02-22,"Education facility (school, etc.)",2
Khersonska,2026-02-16,2026-02-22,Government facilities,2
Khersonska,2026-02-16,2026-02-22,"Health facility (hospital, health clinic)",1
Khersonska,2026-02-16,2026-02-22,Heating and water facility,1
Khersonska,2026-02-16,2026-02-22,Industrial/Business/Enterprise facilities,3
Khersonska,2026-02-16,2026-02-22,Road / Highway,1
Khersonska,2026-02-16,2026-02-22,Total,11
Khersonska,2026-02-16,2026-02-22,Water supply system,1
Kirovohradska,2026-02-16,2026-02-22,Electricity supply system,1
Kirovohradska,2026-02-16,2026-02-22,Total,1
Kyiv,2026-02-16,2026-02-22,Industrial/Business/Enterprise facilities,1
Kyiv,2026-02-16,2026-02-22,Total,1
Kyivska,2026-02-16,2026-02-22,Agricultural facilities,1
Kyivska,2026-02-16,2026-02-22,"Education facility (school, etc.)",1
Kyivska,2026-02-16,2026-02-22,Industrial/Business/Enterprise facilities,6
Kyivska,2026-02-16,2026-02-22,Railway,1
Kyivska,2026-02-16,2026-02-22,Religious facilities,1
Kyivska,2026-02-16,2026-02-22,Total,11
Kyivska,2026-02-16,2026-02-22,Warehouse,1
Luhanska,2026-02-16,2026-02-22,Fuel depot,1
Luhanska,2026-02-16,2026-02-22,Total,1
Mykolaivska,2026-02-16,2026-02-22,Total,1
Mykolaivska,2026-02-16,2026-02-22,Warehouse,1
Odeska,2026-02-16,2026-02-22,"Education facility (school, etc.)",1
Odeska,2026-02-16,2026-02-22,Gas supply system,1
Odeska,2026-02-16,2026-02-22,Industrial/Business/Enterprise facilities,3
Odeska,2026-02-16,2026-02-22,Power plant,1
Odeska,2026-02-16,2026-02-22,Total,8
Odeska,2026-02-16,2026-02-22,Warehouse,2
Poltavska,2026-02-16,2026-02-22,Electricity supply system,1
Poltavska,2026-02-16,2026-02-22,Oil depot,1
Poltavska,2026-02-16,2026-02-22,Road / Highway,1
Poltavska,2026-02-16,2026-02-22,Total,3
Sevastopol,2026-02-16,2026-02-22,Gas supply system,1
Sevastopol,2026-02-16,2026-02-22,Total,1
Sumska,2026-02-16,2026-02-22,"Cultural facilities (museum, theater etc.)",1
Sumska,2026-02-16,2026-02-22,Gas supply system,2
Sumska,2026-02-16,2026-02-22,Government facilities,1
Sumska,2026-02-16,2026-02-22,Industrial/Business/Enterprise facilities,3
Sumska,2026-02-16,2026-02-22,Total,7
Zaporizka,2026-02-16,2026-02-22,Industrial/Business/Enterprise facilities,1
Zaporizka,2026-02-16,2026-02-22,Road / Highway,1
Zaporizka,2026-02-16,2026-02-22,Total,2
Chernihivska,2026-02-09,2026-02-15,Agricultural facilities,1
Chernihivska,2026-02-09,2026-02-15,Electricity supply system,1
Chernihivska,2026-02-09,2026-02-15,Government facilities,1
Chernihivska,2026-02-09,2026-02-15,Total,3
Dnipropetrovska,2026-02-09,2026-02-15,Agricultural facilities,2
Dnipropetrovska,2026-02-09,2026-02-15,"Education facility (school, etc.)",4
Dnipropetrovska,2026-02-09,2026-02-15,Electricity supply system,3
Dnipropetrovska,2026-02-09,2026-02-15,Gas supply system,1
Dnipropetrovska,2026-02-09,2026-02-15,Government facilities,3
Dnipropetrovska,2026-02-09,2026-02-15,"Health facility (hospital, health clinic)",2
Dnipropetrovska,2026-02-09,2026-02-15,Industrial/Business/Enterprise facilities,5
Dnipropetrovska,2026-02-09,2026-02-15,Religious facilities,2
Dnipropetrovska,2026-02-09,2026-02-15,Total,22
Donetska,2026-02-09,2026-02-15,"Education facility (school, etc.)",1
Donetska,2026-02-09,2026-02-15,Fuel depot,1
Donetska,2026-02-09,2026-02-15,Gas supply system,1
Donetska,2026-02-09,2026-02-15,Government facilities,1
Donetska,2026-02-09,2026-02-15,"Health facility (hospital, health clinic)",1
Donetska,2026-02-09,2026-02-15,Heating and water facility,1
Donetska,2026-02-09,2026-02-15,Industrial/Business/Enterprise facilities,8
Donetska,2026-02-09,2026-02-15,Railway,1
Donetska,2026-02-09,2026-02-15,Religious facilities,1
Donetska,2026-02-09,2026-02-15,Road / Highway,2
Donetska,2026-02-09,2026-02-15,Total,21
Donetska,2026-02-09,2026-02-15,Warehouse,3
Kharkivska,2026-02-09,2026-02-15,"Education facility (school, etc.)",1
Kharkivska,2026-02-09,2026-02-15,Fuel depot,1
Kharkivska,2026-02-09,2026-02-15,Gas supply system,1
Kharkivska,2026-02-09,2026-02-15,Industrial/Business/Enterprise facilities,5
Kharkivska,2026-02-09,2026-02-15,Total,9
Kharkivska,2026-02-09,2026-02-15,Warehouse,1
Khersonska,2026-02-09,2026-02-15,Electricity supply system,1
Khersonska,2026-02-09,2026-02-15,Fuel depot,1
Khersonska,2026-02-09,2026-02-15,Gas supply system,1
Khersonska,2026-02-09,2026-02-15,Government facilities,1
Khersonska,2026-02-09,2026-02-15,Total,4
Kyiv,2026-02-09,2026-02-15,Energy Infrastructure (unknown type),1
Kyiv,2026-02-09,2026-02-15,Heating and water facility,1
Kyiv,2026-02-09,2026-02-15,Total,2
Kyivska,2026-02-09,2026-02-15,Industrial/Business/Enterprise facilities,1
Kyivska,2026-02-09,2026-02-15,Total,2
Kyivska,2026-02-09,2026-02-15,Warehouse,1
Odeska,2026-02-09,2026-02-15,"Education facility (school, etc.)",5
Odeska,2026-02-09,2026-02-15,Electricity supply system,2
Odeska,2026-02-09,2026-02-15,Harbor,1
Odeska,2026-02-09,2026-02-15,"Health facility (hospital, health clinic)",1
Odeska,2026-02-09,2026-02-15,Industrial/Business/Enterprise facilities,5
Odeska,2026-02-09,2026-02-15,Railway,1
Odeska,2026-02-09,2026-02-15,Total,16
Odeska,2026-02-09,2026-02-15,Warehouse,1
Sumska,2026-02-09,2026-02-15,"Education facility (school, etc.)",2
Sumska,2026-02-09,2026-02-15,"Health facility (hospital, health clinic)",4
Sumska,2026-02-09,2026-02-15,Industrial/Business/Enterprise facilities,1
Sumska,2026-02-09,2026-02-15,Other,1
Sumska,2026-02-09,2026-02-15,Railway,2
Sumska,2026-02-09,2026-02-15,Total,10
Volynska,2026-02-09,2026-02-15,Electricity supply system,1
Volynska,2026-02-09,2026-02-15,Total,1
Zaporizka,2026-02-09,2026-02-15,"Education facility (school, etc.)",1
Zaporizka,2026-02-09,2026-02-15,Electricity supply system,1
Zaporizka,2026-02-09,2026-02-15,"Health facility (hospital, health clinic)",1
Zaporizka,2026-02-09,2026-02-15,Heating and water facility,1
Zaporizka,2026-02-09,2026-02-15,Total,4
Cherkaska,2026-02-02,2026-02-08,Fuel depot,1
Cherkaska,2026-02-02,2026-02-08,Industrial/Business/Enterprise facilities,2
Cherkaska,2026-02-02,2026-02-08,Total,3
Chernihivska,2026-02-02,2026-02-08,"Cultural facilities (museum, theater etc.)",1
Chernihivska,2026-02-02,2026-02-08,"Education facility (school, etc.)",1
Chernihivska,2026-02-02,2026-02-08,Government facilities,1
Chernihivska,2026-02-02,2026-02-08,Industrial/Business/Enterprise facilities,1
Chernihivska,2026-02-02,2026-02-08,Total,4
Dnipropetrovska,2026-02-02,2026-02-08,Agricultural facilities,2
Dnipropetrovska,2026-02-02,2026-02-08,"Education facility (school, etc.)",5
Dnipropetrovska,2026-02-02,2026-02-08,Electricity supply system,8
Dnipropetrovska,2026-02-02,2026-02-08,Gas supply system,7
Dnipropetrovska,2026-02-02,2026-02-08,Government facilities,7
Dnipropetrovska,2026-02-02,2026-02-08,"Health facility (hospital, health clinic)",1
Dnipropetrovska,2026-02-02,2026-02-08,Industrial/Business/Enterprise facilities,10
Dnipropetrovska,2026-02-02,2026-02-08,Other,1
Dnipropetrovska,2026-02-02,2026-02-08,Total,41
Donetska,2026-02-02,2026-02-08,"Education facility (school, etc.)",2
Donetska,2026-02-02,2026-02-08,Government facilities,2
Donetska,2026-02-02,2026-02-08,Heating and water facility,1
Donetska,2026-02-02,2026-02-08,Industrial/Business/Enterprise facilities,3
Donetska,2026-02-02,2026-02-08,Total,8
Ivano-Frankivska,2026-02-02,2026-02-08,Electricity supply system,1
Ivano-Frankivska,2026-02-02,2026-02-08,Power plant,1
Ivano-Frankivska,2026-02-02,2026-02-08,Total,2
Kharkivska,2026-02-02,2026-02-08,Electricity supply system,5
Kharkivska,2026-02-02,2026-02-08,Energy Infrastructure (unknown type),1
Kharkivska,2026-02-02,2026-02-08,Heating and water facility,1
Kharkivska,2026-02-02,2026-02-08,Industrial/Business/Enterprise facilities,2
Kharkivska,2026-02-02,2026-02-08,Railway,1
Kharkivska,2026-02-02,2026-02-08,Total,10
Khersonska,2026-02-02,2026-02-08,Gas supply system,1
Khersonska,2026-02-02,2026-02-08,"Health facility (hospital, health clinic)",1
Khersonska,2026-02-02,2026-02-08,Industrial/Business/Enterprise facilities,2
Khersonska,2026-02-02,2026-02-08,Power plant,1
Khersonska,2026-02-02,2026-02-08,Total,6
Khersonska,2026-02-02,2026-02-08,Warehouse,1
Kirovohradska,2026-02-02,2026-02-08,Electricity supply system,1
Kirovohradska,2026-02-02,2026-02-08,Total,2
Kirovohradska,2026-02-02,2026-02-08,Warehouse,1
Kyiv,2026-02-02,2026-02-08,"Cultural facilities (museum, theater etc.)",2
Kyiv,2026-02-02,2026-02-08,"Education facility (school, etc.)",2
Kyiv,2026-02-02,2026-02-08,Electricity supply system,1
Kyiv,2026-02-02,2026-02-08,Fuel depot,1
Kyiv,2026-02-02,2026-02-08,Government facilities,1
Kyiv,2026-02-02,2026-02-08,Heating and water facility,1
Kyiv,2026-02-02,2026-02-08,Road / Highway,1
Kyiv,2026-02-02,2026-02-08,Total,10
Kyiv,2026-02-02,2026-02-08,Warehouse,1
Kyivska,2026-02-02,2026-02-08,Total,1
Kyivska,2026-02-02,2026-02-08,Warehouse,1
Lvivska,2026-02-02,2026-02-08,Electricity supply system,1
Lvivska,2026-02-02,2026-02-08,Power plant,1
Lvivska,2026-02-02,2026-02-08,Total,2
Mykolaivska,2026-02-02,2026-02-08,Government facilities,1
Mykolaivska,2026-02-02,2026-02-08,Total,1
Odeska,2026-02-02,2026-02-08,"Education facility (school, etc.)",3
Odeska,2026-02-02,2026-02-08,Industrial/Business/Enterprise facilities,2
Odeska,2026-02-02,2026-02-08,Religious facilities,1
Odeska,2026-02-02,2026-02-08,Total,6
Poltavska,2026-02-02,2026-02-08,Industrial/Business/Enterprise facilities,1
Poltavska,2026-02-02,2026-02-08,Total,1
Sumska,2026-02-02,2026-02-08,"Education facility (school, etc.)",1
Sumska,2026-02-02,2026-02-08,Heating and water facility,1
Sumska,2026-02-02,2026-02-08,Total,2
Vinnytska,2026-02-02,2026-02-08,"Education facility (school, etc.)",1
Vinnytska,2026-02-02,2026-02-08,Total,1
Volynska,2026-02-02,2026-02-08,Electricity supply system,1
Volynska,2026-02-02,2026-02-08,Total,1
Zaporizka,2026-02-02,2026-02-08,"Education facility (school, etc.)",1
Zaporizka,2026-02-02,2026-02-08,Electricity supply system,1
Zaporizka,2026-02-02,2026-02-08,"Health facility (hospital, health clinic)",1
Zaporizka,2026-02-02,2026-02-08,Industrial/Business/Enterprise facilities,1
Zaporizka,2026-02-02,2026-02-08,Other,1
Zaporizka,2026-02-02,2026-02-08,Total,5
Autonomous Republic of Crimea,2026-01-26,2026-02-01,Harbor,1
Autonomous Republic of Crimea,2026-01-26,2026-02-01,Oil depot,1
Autonomous Republic of Crimea,2026-01-26,2026-02-01,Total,2
Chernihivska,2026-01-26,2026-02-01,"Cultural facilities (museum, theater etc.)",1
Chernihivska,2026-01-26,2026-02-01,Industrial/Business/Enterprise facilities,2
Chernihivska,2026-01-26,2026-02-01,Total,4
Chernihivska,2026-01-26,2026-02-01,Warehouse,1
Dnipropetrovska,2026-01-26,2026-02-01,Agricultural facilities,4
Dnipropetrovska,2026-01-26,2026-02-01,"Cultural facilities (museum, theater etc.)",2
Dnipropetrovska,2026-01-26,2026-02-01,"Education facility (school, etc.)",3
Dnipropetrovska,2026-01-26,2026-02-01,Electricity supply system,6
Dnipropetrovska,2026-01-26,2026-02-01,Gas supply system,3
Dnipropetrovska,2026-01-26,2026-02-01,Government facilities,3
Dnipropetrovska,2026-01-26,2026-02-01,"Health facility (hospital, health clinic)",1
Dnipropetrovska,2026-01-26,2026-02-01,Heating and water facility,1
Dnipropetrovska,2026-01-26,2026-02-01,Industrial/Business/Enterprise facilities,16
Dnipropetrovska,2026-01-26,2026-02-01,Total,39
Donetska,2026-01-26,2026-02-01,"Education facility (school, etc.)",1
Donetska,2026-01-26,2026-02-01,Electricity supply system,2
Donetska,2026-01-26,2026-02-01,Gas supply system,86
Donetska,2026-01-26,2026-02-01,Heating and water facility,1
Donetska,2026-01-26,2026-02-01,Industrial/Business/Enterprise facilities,2
Donetska,2026-01-26,2026-02-01,Total,92
Kharkivska,2026-01-26,2026-02-01,Agricultural facilities,2
Kharkivska,2026-01-26,2026-02-01,"Education facility (school, etc.)",6
Kharkivska,2026-01-26,2026-02-01,Electricity supply system,2
Kharkivska,2026-01-26,2026-02-01,Energy Infrastructure (unknown type),1
Kharkivska,2026-01-26,2026-02-01,Gas supply system,1
Kharkivska,2026-01-26,2026-02-01,Industrial/Business/Enterprise facilities,4
Kharkivska,2026-01-26,2026-02-01,Total,17
Kharkivska,2026-01-26,2026-02-01,Warehouse,1
Khersonska,2026-01-26,2026-02-01,"Cultural facilities (museum, theater etc.)",1
Khersonska,2026-01-26,2026-02-01,"Education facility (school, etc.)",1
Khersonska,2026-01-26,2026-02-01,"Health facility (hospital, health clinic)",3
Khersonska,2026-01-26,2026-02-01,Industrial/Business/Enterprise facilities,2
Khersonska,2026-01-26,2026-02-01,Road / Highway,1
Khersonska,2026-01-26,2026-02-01,Total,8
Kyivska,2026-01-26,2026-02-01,Government facilities,1
Kyivska,2026-01-26,2026-02-01,Total,1
Luhanska,2026-01-26,2026-02-01,Electricity supply system,1
Luhanska,2026-01-26,2026-02-01,Total,1
Lvivska,2026-01-26,2026-02-01,Fuel depot,1
Lvivska,2026-01-26,2026-02-01,Total,1
Mykolaivska,2026-01-26,2026-02-01,Gas supply system,1
Mykolaivska,2026-01-26,2026-02-01,Total,1
Odeska,2026-01-26,2026-02-01,"Cultural facilities (museum, theater etc.)",1
Odeska,2026-01-26,2026-02-01,"Education facility (school, etc.)",2
Odeska,2026-01-26,2026-02-01,Electricity supply system,1
Odeska,2026-01-26,2026-02-01,Harbor,1
Odeska,2026-01-26,2026-02-01,Industrial/Business/Enterprise facilities,2
Odeska,2026-01-26,2026-02-01,Religious facilities,2
Odeska,2026-01-26,2026-02-01,Total,9
Sevastopol,2026-01-26,2026-02-01,"Cultural facilities (museum, theater etc.)",1
Sevastopol,2026-01-26,2026-02-01,Road / Highway,1
Sevastopol,2026-01-26,2026-02-01,Total,2
Sumska,2026-01-26,2026-02-01,"Health facility (hospital, health clinic)",1
Sumska,2026-01-26,2026-02-01,Industrial/Business/Enterprise facilities,1
Sumska,2026-01-26,2026-02-01,Total,3
Sumska,2026-01-26,2026-02-01,Warehouse,1
Zaporizka,2026-01-26,2026-02-01,Gas supply system,1
Zaporizka,2026-01-26,2026-02-01,"Health facility (hospital, health clinic)",2
Zaporizka,2026-01-26,2026-02-01,Industrial/Business/Enterprise facilities,1
Zaporizka,2026-01-26,2026-02-01,Total,6
Zaporizka,2026-01-26,2026-02-01,Warehouse,2
Dnipropetrovska,2026-01-19,2026-01-25,Agricultural facilities,5
Dnipropetrovska,2026-01-19,2026-01-25,"Cultural facilities (museum, theater etc.)",5
Dnipropetrovska,2026-01-19,2026-01-25,"Education facility (school, etc.)",3
Dnipropetrovska,2026-01-19,2026-01-25,Electricity supply system,8
Dnipropetrovska,2026-01-19,2026-01-25,Gas supply system,6
Dnipropetrovska,2026-01-19,2026-01-25,Government facilities,6
Dnipropetrovska,2026-01-19,2026-01-25,"Health facility (hospital, health clinic)",1
Dnipropetrovska,2026-01-19,2026-01-25,Heating and water facility,1
Dnipropetrovska,2026-01-19,2026-01-25,Industrial/Business/Enterprise facilities,13
Dnipropetrovska,2026-01-19,2026-01-25,Total,48
Donetska,2026-01-19,2026-01-25,Fuel depot,1
Donetska,2026-01-19,2026-01-25,Government facilities,1
Donetska,2026-01-19,2026-01-25,Industrial/Business/Enterprise facilities,2
Donetska,2026-01-19,2026-01-25,Total,5
Donetska,2026-01-19,2026-01-25,Warehouse,1
Kharkivska,2026-01-19,2026-01-25,"Education facility (school, etc.)",1
Kharkivska,2026-01-19,2026-01-25,Electricity supply system,2
Kharkivska,2026-01-19,2026-01-25,"Health facility (hospital, health clinic)",2
Kharkivska,2026-01-19,2026-01-25,Industrial/Business/Enterprise facilities,4
Kharkivska,2026-01-19,2026-01-25,Other,1
Kharkivska,2026-01-19,2026-01-25,Road / Highway,1
Kharkivska,2026-01-19,2026-01-25,Total,11
Kyiv,2026-01-19,2026-01-25,"Cultural facilities (museum, theater etc.)",1
Kyiv,2026-01-19,2026-01-25,"Education facility (school, etc.)",1
Kyiv,2026-01-19,2026-01-25,Electricity supply system,1
Kyiv,2026-01-19,2026-01-25,Energy Infrastructure (unknown type),1
Kyiv,2026-01-19,2026-01-25,"Health facility (hospital, health clinic)",1
Kyiv,2026-01-19,2026-01-25,Heating and water facility,2
Kyiv,2026-01-19,2026-01-25,Industrial/Business/Enterprise facilities,2
Kyiv,2026-01-19,2026-01-25,Other,1
Kyiv,2026-01-19,2026-01-25,Total,11
Kyiv,2026-01-19,2026-01-25,Warehouse,1
Kyivska,2026-01-19,2026-01-25,"Cultural facilities (museum, theater etc.)",1
Kyivska,2026-01-19,2026-01-25,Fuel depot,3
Kyivska,2026-01-19,2026-01-25,Industrial/Business/Enterprise facilities,1
Kyivska,2026-01-19,2026-01-25,Total,6
Kyivska,2026-01-19,2026-01-25,Warehouse,1
Mykolaivska,2026-01-19,2026-01-25,Electricity supply system,1
Mykolaivska,2026-01-19,2026-01-25,Total,1
Odeska,2026-01-19,2026-01-25,Electricity supply system,1
Odeska,2026-01-19,2026-01-25,Gas supply system,1
Odeska,2026-01-19,2026-01-25,Industrial/Business/Enterprise facilities,2
Odeska,2026-01-19,2026-01-25,Total,5
Odeska,2026-01-19,2026-01-25,Warehouse,1
Poltavska,2026-01-19,2026-01-25,"Cultural facilities (museum, theater etc.)",1
Poltavska,2026-01-19,2026-01-25,Industrial/Business/Enterprise facilities,2
Poltavska,2026-01-19,2026-01-25,Total,3
Sumska,2026-01-19,2026-01-25,"Education facility (school, etc.)",1
Sumska,2026-01-19,2026-01-25,Electricity supply system,1
Sumska,2026-01-19,2026-01-25,Fuel depot,1
Sumska,2026-01-19,2026-01-25,Gas supply system,1
Sumska,2026-01-19,2026-01-25,Heating and water facility,1
Sumska,2026-01-19,2026-01-25,Total,5
Zaporizka,2026-01-19,2026-01-25,Electricity supply system,1
Zaporizka,2026-01-19,2026-01-25,Fuel depot,1
Zaporizka,2026-01-19,2026-01-25,Gas supply system,1
Zaporizka,2026-01-19,2026-01-25,Government facilities,1
Zaporizka,2026-01-19,2026-01-25,Industrial/Business/Enterprise facilities,3
Zaporizka,2026-01-19,2026-01-25,Total,7
Chernihivska,2026-01-12,2026-01-18,"Cultural facilities (museum, theater etc.)",1
Chernihivska,2026-01-12,2026-01-18,Electricity supply system,1
Chernihivska,2026-01-12,2026-01-18,Industrial/Business/Enterprise facilities,1
Chernihivska,2026-01-12,2026-01-18,Total,3
Dnipropetrovska,2026-01-12,2026-01-18,Agricultural facilities,1
Dnipropetrovska,2026-01-12,2026-01-18,Electricity supply system,6
Dnipropetrovska,2026-01-12,2026-01-18,Gas supply system,7
Dnipropetrovska,2026-01-12,2026-01-18,Government facilities,3
Dnipropetrovska,2026-01-12,2026-01-18,"Health facility (hospital, health clinic)",1
Dnipropetrovska,2026-01-12,2026-01-18,Industrial/Business/Enterprise facilities,4
Dnipropetrovska,2026-01-12,2026-01-18,Total,22
Donetska,2026-01-12,2026-01-18,Electricity supply system,2
Donetska,2026-01-12,2026-01-18,Government facilities,1
Donetska,2026-01-12,2026-01-18,Railway,1
Donetska,2026-01-12,2026-01-18,Total,5
Donetska,2026-01-12,2026-01-18,Warehouse,1
Kharkivska,2026-01-12,2026-01-18,Electricity supply system,2
Kharkivska,2026-01-12,2026-01-18,Energy Infrastructure (unknown type),2
Kharkivska,2026-01-12,2026-01-18,Fuel depot,1
Kharkivska,2026-01-12,2026-01-18,Government facilities,1
Kharkivska,2026-01-12,2026-01-18,Industrial/Business/Enterprise facilities,3
Kharkivska,2026-01-12,2026-01-18,Total,11
Kharkivska,2026-01-12,2026-01-18,Warehouse,2
Khersonska,2026-01-12,2026-01-18,"Education facility (school, etc.)",2
Khersonska,2026-01-12,2026-01-18,Total,2
Khmelnytska,2026-01-12,2026-01-18,"Cultural facilities (museum, theater etc.)",1
Khmelnytska,2026-01-12,2026-01-18,Industrial/Business/Enterprise facilities,2
Khmelnytska,2026-01-12,2026-01-18,Total,3
Kyiv,2026-01-12,2026-01-18,"Education facility (school, etc.)",2
Kyiv,2026-01-12,2026-01-18,Total,2
Lvivska,2026-01-12,2026-01-18,"Cultural facilities (museum, theater etc.)",1
Lvivska,2026-01-12,2026-01-18,"Education facility (school, etc.)",3
Lvivska,2026-01-12,2026-01-18,Religious facilities,1
Lvivska,2026-01-12,2026-01-18,Total,5
Odeska,2026-01-12,2026-01-18,"Cultural facilities (museum, theater etc.)",1
Odeska,2026-01-12,2026-01-18,"Education facility (school, etc.)",5
Odeska,2026-01-12,2026-01-18,Energy Infrastructure (unknown type),3
Odeska,2026-01-12,2026-01-18,Government facilities,4
Odeska,2026-01-12,2026-01-18,"Health facility (hospital, health clinic)",1
Odeska,2026-01-12,2026-01-18,Industrial/Business/Enterprise facilities,2
Odeska,2026-01-12,2026-01-18,Total,16
Sumska,2026-01-12,2026-01-18,"Education facility (school, etc.)",2
Sumska,2026-01-12,2026-01-18,Fuel depot,1
Sumska,2026-01-12,2026-01-18,Gas supply system,1
Sumska,2026-01-12,2026-01-18,Industrial/Business/Enterprise facilities,2
Sumska,2026-01-12,2026-01-18,Railway,1
Sumska,2026-01-12,2026-01-18,Total,7
Zaporizka,2026-01-12,2026-01-18,Government facilities,1
Zaporizka,2026-01-12,2026-01-18,Total,1
Cherkaska,2026-01-05,2026-01-11,Industrial/Business/Enterprise facilities,1
Cherkaska,2026-01-05,2026-01-11,Total,1
Chernihivska,2026-01-05,2026-01-11,Government facilities,1
Chernihivska,2026-01-05,2026-01-11,"Health facility (hospital, health clinic)",1
Chernihivska,2026-01-05,2026-01-11,Industrial/Business/Enterprise facilities,3
Chernihivska,2026-01-05,2026-01-11,Total,8
Chernihivska,2026-01-05,2026-01-11,Warehouse,3
Dnipropetrovska,2026-01-05,2026-01-11,"Cultural facilities (museum, theater etc.)",1
Dnipropetrovska,2026-01-05,2026-01-11,"Education facility (school, etc.)",9
Dnipropetrovska,2026-01-05,2026-01-11,Electricity supply system,9
Dnipropetrovska,2026-01-05,2026-01-11,Energy Infrastructure (unknown type),1
Dnipropetrovska,2026-01-05,2026-01-11,Gas supply system,8
Dnipropetrovska,2026-01-05,2026-01-11,Government facilities,2
Dnipropetrovska,2026-01-05,2026-01-11,"Health facility (hospital, health clinic)",1
Dnipropetrovska,2026-01-05,2026-01-11,Heating and water facility,1
Dnipropetrovska,2026-01-05,2026-01-11,Industrial/Business/Enterprise facilities,8
Dnipropetrovska,2026-01-05,2026-01-11,Power plant,1
Dnipropetrovska,2026-01-05,2026-01-11,Religious facilities,1
Dnipropetrovska,2026-01-05,2026-01-11,Total,42
Donetska,2026-01-05,2026-01-11,Heating and water facility,1
Donetska,2026-01-05,2026-01-11,Industrial/Business/Enterprise facilities,1
Donetska,2026-01-05,2026-01-11,Total,3
Donetska,2026-01-05,2026-01-11,Warehouse,1
Kharkivska,2026-01-05,2026-01-11,Agricultural facilities,1
Kharkivska,2026-01-05,2026-01-11,Electricity supply system,1
Kharkivska,2026-01-05,2026-01-11,Energy Infrastructure (unknown type),1
Kharkivska,2026-01-05,2026-01-11,Total,3
Khersonska,2026-01-05,2026-01-11,Electricity supply system,1
Khersonska,2026-01-05,2026-01-11,Gas supply system,2
Khersonska,2026-01-05,2026-01-11,"Health facility (hospital, health clinic)",2
Khersonska,2026-01-05,2026-01-11,Other,1
Khersonska,2026-01-05,2026-01-11,Total,6
Kirovohradska,2026-01-05,2026-01-11,"Education facility (school, etc.)",1
Kirovohradska,2026-01-05,2026-01-11,Total,1
Kyiv,2026-01-05,2026-01-11,"Education facility (school, etc.)",1
Kyiv,2026-01-05,2026-01-11,Fuel depot,1
Kyiv,2026-01-05,2026-01-11,Government facilities,1
Kyiv,2026-01-05,2026-01-11,"Health facility (hospital, health clinic)",1
Kyiv,2026-01-05,2026-01-11,Industrial/Business/Enterprise facilities,4
Kyiv,2026-01-05,2026-01-11,Power plant,1
Kyiv,2026-01-05,2026-01-11,Road / Highway,1
Kyiv,2026-01-05,2026-01-11,Total,10
Kyivska,2026-01-05,2026-01-11,Electricity supply system,1
Kyivska,2026-01-05,2026-01-11,Industrial/Business/Enterprise facilities,1
Kyivska,2026-01-05,2026-01-11,Total,2
Odeska,2026-01-05,2026-01-11,Government facilities,1
Odeska,2026-01-05,2026-01-11,Harbor,1
Odeska,2026-01-05,2026-01-11,Total,3
Odeska,2026-01-05,2026-01-11,Warehouse,1
Poltavska,2026-01-05,2026-01-11,Industrial/Business/Enterprise facilities,1
Poltavska,2026-01-05,2026-01-11,Total,1
Sumska,2026-01-05,2026-01-11,Government facilities,1
Sumska,2026-01-05,2026-01-11,Total,1
Zaporizka,2026-01-05,2026-01-11,Industrial/Business/Enterprise facilities,1
Zaporizka,2026-01-05,2026-01-11,Total,1
Cherkaska,2025-12-29,2026-01-04,"Education facility (school, etc.)",2
Cherkaska,2025-12-29,2026-01-04,Industrial/Business/Enterprise facilities,1
Cherkaska,2025-12-29,2026-01-04,Total,3
Chernihivska,2025-12-29,2026-01-04,Government facilities,1
Chernihivska,2025-12-29,2026-01-04,"Health facility (hospital, health clinic)",1
Chernihivska,2025-12-29,2026-01-04,Total,2
Dnipropetrovska,2025-12-29,2026-01-04,"Cultural facilities (museum, theater etc.)",1
Dnipropetrovska,2025-12-29,2026-01-04,"Education facility (school, etc.)",4
Dnipropetrovska,2025-12-29,2026-01-04,Electricity supply system,6
Dnipropetrovska,2025-12-29,2026-01-04,Gas supply system,3
Dnipropetrovska,2025-12-29,2026-01-04,Industrial/Business/Enterprise facilities,6
Dnipropetrovska,2025-12-29,2026-01-04,Total,20
Donetska,2025-12-29,2026-01-04,Government facilities,1
Donetska,2025-12-29,2026-01-04,"Health facility (hospital, health clinic)",1
Donetska,2025-12-29,2026-01-04,Industrial/Business/Enterprise facilities,9
Donetska,2025-12-29,2026-01-04,Total,12
Donetska,2025-12-29,2026-01-04,Water supply system,1
Kharkivska,2025-12-29,2026-01-04,Agricultural facilities,1
Kharkivska,2025-12-29,2026-01-04,Industrial/Business/Enterprise facilities,1
Kharkivska,2025-12-29,2026-01-04,Total,2
Khersonska,2025-12-29,2026-01-04,Fuel depot,1
Khersonska,2025-12-29,2026-01-04,"Health facility (hospital, health clinic)",1
Khersonska,2025-12-29,2026-01-04,Heating and water facility,1
Khersonska,2025-12-29,2026-01-04,Total,3
Mykolaivska,2025-12-29,2026-01-04,Gas supply system,1
Mykolaivska,2025-12-29,2026-01-04,Total,1
Odeska,2025-12-29,2026-01-04,Electricity supply system,2
Odeska,2025-12-29,2026-01-04,Government facilities,1
Odeska,2025-12-29,2026-01-04,Harbor,6
Odeska,2025-12-29,2026-01-04,Total,10
Odeska,2025-12-29,2026-01-04,Warehouse,1
Sumska,2025-12-29,2026-01-04,Government facilities,2
Sumska,2025-12-29,2026-01-04,Industrial/Business/Enterprise facilities,1
Sumska,2025-12-29,2026-01-04,Total,3
Volynska,2025-12-29,2026-01-04,Railway,1
Volynska,2025-12-29,2026-01-04,Total,1
Zaporizka,2025-12-29,2026-01-04,Industrial/Business/Enterprise facilities,3
Zaporizka,2025-12-29,2026-01-04,Total,3
Cherkaska,2025-12-22,2025-12-28,"Education facility (school, etc.)",1
Cherkaska,2025-12-22,2025-12-28,Industrial/Business/Enterprise facilities,1
Cherkaska,2025-12-22,2025-12-28,Other,1
Cherkaska,2025-12-22,2025-12-28,Total,3
Chernihivska,2025-12-22,2025-12-28,Agricultural facilities,1
Chernihivska,2025-12-22,2025-12-28,"Cultural facilities (museum, theater etc.)",1
Chernihivska,2025-12-22,2025-12-28,"Education facility (school, etc.)",1
Chernihivska,2025-12-22,2025-12-28,Electricity supply system,1
Chernihivska,2025-12-22,2025-12-28,Government facilities,1
Chernihivska,2025-12-22,2025-12-28,Industrial/Business/Enterprise facilities,1
Chernihivska,2025-12-22,2025-12-28,Total,6
Dnipropetrovska,2025-12-22,2025-12-28,Agricultural facilities,1
Dnipropetrovska,2025-12-22,2025-12-28,"Cultural facilities (museum, theater etc.)",2
Dnipropetrovska,2025-12-22,2025-12-28,"Education facility (school, etc.)",3
Dnipropetrovska,2025-12-22,2025-12-28,Electricity supply system,1
Dnipropetrovska,2025-12-22,2025-12-28,Gas supply system,1
Dnipropetrovska,2025-12-22,2025-12-28,Government facilities,1
Dnipropetrovska,2025-12-22,2025-12-28,"Health facility (hospital, health clinic)",1
Dnipropetrovska,2025-12-22,2025-12-28,Industrial/Business/Enterprise facilities,7
Dnipropetrovska,2025-12-22,2025-12-28,Total,17
Donetska,2025-12-22,2025-12-28,Industrial/Business/Enterprise facilities,1
Donetska,2025-12-22,2025-12-28,Total,1
Kharkivska,2025-12-22,2025-12-28,Power plant,1
Kharkivska,2025-12-22,2025-12-28,Road / Highway,1
Kharkivska,2025-12-22,2025-12-28,Total,3
Kharkivska,2025-12-22,2025-12-28,Warehouse,1
Khersonska,2025-12-22,2025-12-28,"Education facility (school, etc.)",2
Khersonska,2025-12-22,2025-12-28,Electricity supply system,1
Khersonska,2025-12-22,2025-12-28,Energy Infrastructure (unknown type),1
Khersonska,2025-12-22,2025-12-28,Gas supply system,3
Khersonska,2025-12-22,2025-12-28,Government facilities,5
Khersonska,2025-12-22,2025-12-28,Industrial/Business/Enterprise facilities,2
Khersonska,2025-12-22,2025-12-28,Power plant,1
Khersonska,2025-12-22,2025-12-28,Total,15
Khmelnytska,2025-12-22,2025-12-28,Electricity supply system,1
Khmelnytska,2025-12-22,2025-12-28,Total,1
Kyiv,2025-12-22,2025-12-28,"Education facility (school, etc.)",1
Kyiv,2025-12-22,2025-12-28,Government facilities,1
Kyiv,2025-12-22,2025-12-28,Power plant,2
Kyiv,2025-12-22,2025-12-28,Total,4
Mykolaivska,2025-12-22,2025-12-28,"Education facility (school, etc.)",1
Mykolaivska,2025-12-22,2025-12-28,Industrial/Business/Enterprise facilities,1
Mykolaivska,2025-12-22,2025-12-28,Total,2
Odeska,2025-12-22,2025-12-28,Agricultural facilities,1
Odeska,2025-12-22,2025-12-28,"Education facility (school, etc.)",2
Odeska,2025-12-22,2025-12-28,Electricity supply system,2
Odeska,2025-12-22,2025-12-28,Harbor,4
Odeska,2025-12-22,2025-12-28,"Health facility (hospital, health clinic)",1
Odeska,2025-12-22,2025-12-28,Total,11
Odeska,2025-12-22,2025-12-28,Warehouse,1
Poltavska,2025-12-22,2025-12-28,Industrial/Business/Enterprise facilities,1
Poltavska,2025-12-22,2025-12-28,Total,1
Sumska,2025-12-22,2025-12-28,Electricity supply system,1
Sumska,2025-12-22,2025-12-28,Total,1
Volynska,2025-12-22,2025-12-28,Railway,3
Volynska,2025-12-22,2025-12-28,Total,3
Zaporizka,2025-12-22,2025-12-28,"Education facility (school, etc.)",1
Zaporizka,2025-12-22,2025-12-28,Government facilities,2
Zaporizka,2025-12-22,2025-12-28,Industrial/Business/Enterprise facilities,1
Zaporizka,2025-12-22,2025-12-28,Total,4
Zhytomyrska,2025-12-22,2025-12-28,Electricity supply system,1
Zhytomyrska,2025-12-22,2025-12-28,"Health facility (hospital, health clinic)",1
Zhytomyrska,2025-12-22,2025-12-28,Industrial/Business/Enterprise facilities,3
Zhytomyrska,2025-12-22,2025-12-28,Railway,1
Zhytomyrska,2025-12-22,2025-12-28,Total,6
Cherkaska,2025-12-15,2025-12-21,"Cultural facilities (museum, theater etc.)",1
Cherkaska,2025-12-15,2025-12-21,Total,1
Chernihivska,2025-12-15,2025-12-21,Agricultural facilities,1
Chernihivska,2025-12-15,2025-12-21,"Education facility (school, etc.)",1
Chernihivska,2025-12-15,2025-12-21,Government facilities,2
Chernihivska,2025-12-15,2025-12-21,Total,4
Dnipropetrovska,2025-12-15,2025-12-21,Agricultural facilities,3
Dnipropetrovska,2025-12-15,2025-12-21,"Cultural facilities (museum, theater etc.)",1
Dnipropetrovska,2025-12-15,2025-12-21,"Education facility (school, etc.)",1
Dnipropetrovska,2025-12-15,2025-12-21,Electricity supply system,5
Dnipropetrovska,2025-12-15,2025-12-21,Fuel depot,2
Dnipropetrovska,2025-12-15,2025-12-21,Gas supply system,2
Dnipropetrovska,2025-12-15,2025-12-21,Government facilities,2
Dnipropetrovska,2025-12-15,2025-12-21,"Health facility (hospital, health clinic)",1
Dnipropetrovska,2025-12-15,2025-12-21,Industrial/Business/Enterprise facilities,6
Dnipropetrovska,2025-12-15,2025-12-21,Railway,1
Dnipropetrovska,2025-12-15,2025-12-21,Total,24
Donetska,2025-12-15,2025-12-21,"Cultural facilities (museum, theater etc.)",1
Donetska,2025-12-15,2025-12-21,"Education facility (school, etc.)",2
Donetska,2025-12-15,2025-12-21,Government facilities,1
Donetska,2025-12-15,2025-12-21,"Health facility (hospital, health clinic)",1
Donetska,2025-12-15,2025-12-21,Industrial/Business/Enterprise facilities,4
Donetska,2025-12-15,2025-12-21,Religious facilities,1
Donetska,2025-12-15,2025-12-21,Total,10
Khersonska,2025-12-15,2025-12-21,Electricity supply system,1
Khersonska,2025-12-15,2025-12-21,Energy Infrastructure (unknown type),1
Khersonska,2025-12-15,2025-12-21,Gas supply system,2
Khersonska,2025-12-15,2025-12-21,Government facilities,2
Khersonska,2025-12-15,2025-12-21,Road / Highway,1
Khersonska,2025-12-15,2025-12-21,Total,9
Khersonska,2025-12-15,2025-12-21,Warehouse,1
Khersonska,2025-12-15,2025-12-21,Water supply system,1
Mykolaivska,2025-12-15,2025-12-21,Gas supply system,1
Mykolaivska,2025-12-15,2025-12-21,Total,2
Mykolaivska,2025-12-15,2025-12-21,Warehouse,1
Odeska,2025-12-15,2025-12-21,"Education facility (school, etc.)",1
Odeska,2025-12-15,2025-12-21,Government facilities,1
Odeska,2025-12-15,2025-12-21,Harbor,2
Odeska,2025-12-15,2025-12-21,Industrial/Business/Enterprise facilities,1
Odeska,2025-12-15,2025-12-21,Road / Highway,3
Odeska,2025-12-15,2025-12-21,Total,8
Sumska,2025-12-15,2025-12-21,"Education facility (school, etc.)",2
Sumska,2025-12-15,2025-12-21,Electricity supply system,1
Sumska,2025-12-15,2025-12-21,Government facilities,1
Sumska,2025-12-15,2025-12-21,Industrial/Business/Enterprise facilities,4
Sumska,2025-12-15,2025-12-21,Railway,1
Sumska,2025-12-15,2025-12-21,Total,9
Zaporizka,2025-12-15,2025-12-21,"Education facility (school, etc.)",2
Zaporizka,2025-12-15,2025-12-21,Electricity supply system,1
Zaporizka,2025-12-15,2025-12-21,Industrial/Business/Enterprise facilities,1
Zaporizka,2025-12-15,2025-12-21,Total,4
Chernihivska,2025-12-08,2025-12-14,Fuel depot,2
Chernihivska,2025-12-08,2025-12-14,Gas supply system,1
Chernihivska,2025-12-08,2025-12-14,Government facilities,4
Chernihivska,2025-12-08,2025-12-14,Industrial/Business/Enterprise facilities,1
Chernihivska,2025-12-08,2025-12-14,Total,8
Dnipropetrovska,2025-12-08,2025-12-14,Agricultural facilities,5
Dnipropetrovska,2025-12-08,2025-12-14,"Education facility (school, etc.)",4
Dnipropetrovska,2025-12-08,2025-12-14,Electricity supply system,7
Dnipropetrovska,2025-12-08,2025-12-14,Fuel depot,4
Dnipropetrovska,2025-12-08,2025-12-14,Gas supply system,4
Dnipropetrovska,2025-12-08,2025-12-14,Government facilities,1
Dnipropetrovska,2025-12-08,2025-12-14,Industrial/Business/Enterprise facilities,8
Dnipropetrovska,2025-12-08,2025-12-14,Total,33
Donetska,2025-12-08,2025-12-14,Agricultural facilities,1
Donetska,2025-12-08,2025-12-14,"Education facility (school, etc.)",2
Donetska,2025-12-08,2025-12-14,Electricity supply system,1
Donetska,2025-12-08,2025-12-14,Government facilities,4
Donetska,2025-12-08,2025-12-14,Industrial/Business/Enterprise facilities,7
Donetska,2025-12-08,2025-12-14,Total,16
Donetska,2025-12-08,2025-12-14,Warehouse,1
Kharkivska,2025-12-08,2025-12-14,"Education facility (school, etc.)",1
Kharkivska,2025-12-08,2025-12-14,Electricity supply system,2
Kharkivska,2025-12-08,2025-12-14,Fuel depot,1
Kharkivska,2025-12-08,2025-12-14,Government facilities,1
Kharkivska,2025-12-08,2025-12-14,Telecommunications,1
Kharkivska,2025-12-08,2025-12-14,Total,6
Khersonska,2025-12-08,2025-12-14,"Cultural facilities (museum, theater etc.)",1
Khersonska,2025-12-08,2025-12-14,Energy Infrastructure (unknown type),1
Khersonska,2025-12-08,2025-12-14,Gas supply system,1
Khersonska,2025-12-08,2025-12-14,"Health facility (hospital, health clinic)",2
Khersonska,2025-12-08,2025-12-14,Industrial/Business/Enterprise facilities,1
Khersonska,2025-12-08,2025-12-14,Power plant,1
Khersonska,2025-12-08,2025-12-14,Total,8
Khersonska,2025-12-08,2025-12-14,Water supply system,1
Kyivska,2025-12-08,2025-12-14,Government facilities,1
Kyivska,2025-12-08,2025-12-14,Total,1
Mykolaivska,2025-12-08,2025-12-14,Electricity supply system,1
Mykolaivska,2025-12-08,2025-12-14,Total,1
Odeska,2025-12-08,2025-12-14,Electricity supply system,1
Odeska,2025-12-08,2025-12-14,Government facilities,2
Odeska,2025-12-08,2025-12-14,Harbor,3
Odeska,2025-12-08,2025-12-14,Power plant,1
Odeska,2025-12-08,2025-12-14,Road / Highway,1
Odeska,2025-12-08,2025-12-14,Total,10
Odeska,2025-12-08,2025-12-14,Warehouse,2
Sumska,2025-12-08,2025-12-14,"Education facility (school, etc.)",1
Sumska,2025-12-08,2025-12-14,"Health facility (hospital, health clinic)",1
Sumska,2025-12-08,2025-12-14,Industrial/Business/Enterprise facilities,4
Sumska,2025-12-08,2025-12-14,Total,6
Zaporizka,2025-12-08,2025-12-14,Electricity supply system,1
Zaporizka,2025-12-08,2025-12-14,Government facilities,1
Zaporizka,2025-12-08,2025-12-14,Industrial/Business/Enterprise facilities,1
Zaporizka,2025-12-08,2025-12-14,Total,3
Autonomous Republic of Crimea,2025-12-01,2025-12-07,Power plant,1
Autonomous Republic of Crimea,2025-12-01,2025-12-07,Total,1
Chernihivska,2025-12-01,2025-12-07,"Education facility (school, etc.)",1
Chernihivska,2025-12-01,2025-12-07,Electricity supply system,1
Chernihivska,2025-12-01,2025-12-07,Energy Infrastructure (unknown type),1
Chernihivska,2025-12-01,2025-12-07,Government facilities,1
Chernihivska,2025-12-01,2025-12-07,Heating and water facility,1
Chernihivska,2025-12-01,2025-12-07,Industrial/Business/Enterprise facilities,1
Chernihivska,2025-12-01,2025-12-07,Telecommunications,1
Chernihivska,2025-12-01,2025-12-07,Total,7
Dnipropetrovska,2025-12-01,2025-12-07,Agricultural facilities,1
Dnipropetrovska,2025-12-01,2025-12-07,"Cultural facilities (museum, theater etc.)",1
Dnipropetrovska,2025-12-01,2025-12-07,"Education facility (school, etc.)",10
Dnipropetrovska,2025-12-01,2025-12-07,Electricity supply system,5
Dnipropetrovska,2025-12-01,2025-12-07,Fuel depot,6
Dnipropetrovska,2025-12-01,2025-12-07,Gas supply system,3
Dnipropetrovska,2025-12-01,2025-12-07,Government facilities,5
Dnipropetrovska,2025-12-01,2025-12-07,Heating and water facility,1
Dnipropetrovska,2025-12-01,2025-12-07,Industrial/Business/Enterprise facilities,8
Dnipropetrovska,2025-12-01,2025-12-07,Other,1
Dnipropetrovska,2025-12-01,2025-12-07,Total,43
Dnipropetrovska,2025-12-01,2025-12-07,Warehouse,2
Donetska,2025-12-01,2025-12-07,"Education facility (school, etc.)",2
Donetska,2025-12-01,2025-12-07,Electricity supply system,2
Donetska,2025-12-01,2025-12-07,Fuel depot,3
Donetska,2025-12-01,2025-12-07,Government facilities,1
Donetska,2025-12-01,2025-12-07,Industrial/Business/Enterprise facilities,12
Donetska,2025-12-01,2025-12-07,Road / Highway,1
Donetska,2025-12-01,2025-12-07,Total,21
Kharkivska,2025-12-01,2025-12-07,Bridge,1
Kharkivska,2025-12-01,2025-12-07,"Education facility (school, etc.)",1
Kharkivska,2025-12-01,2025-12-07,Electricity supply system,1
Kharkivska,2025-12-01,2025-12-07,Government facilities,2
Kharkivska,2025-12-01,2025-12-07,Industrial/Business/Enterprise facilities,2
Kharkivska,2025-12-01,2025-12-07,Total,9
Kharkivska,2025-12-01,2025-12-07,Warehouse,1
Kharkivska,2025-12-01,2025-12-07,Water supply system,1
Khersonska,2025-12-01,2025-12-07,Electricity supply system,2
Khersonska,2025-12-01,2025-12-07,Gas supply system,1
Khersonska,2025-12-01,2025-12-07,Government facilities,2
Khersonska,2025-12-01,2025-12-07,"Health facility (hospital, health clinic)",1
Khersonska,2025-12-01,2025-12-07,Power plant,1
Khersonska,2025-12-01,2025-12-07,Total,7
Kyivska,2025-12-01,2025-12-07,Gas supply system,1
Kyivska,2025-12-01,2025-12-07,Railway,1
Kyivska,2025-12-01,2025-12-07,Total,4
Kyivska,2025-12-01,2025-12-07,Warehouse,2
Lvivska,2025-12-01,2025-12-07,Electricity supply system,1
Lvivska,2025-12-01,2025-12-07,Heating and water facility,1
Lvivska,2025-12-01,2025-12-07,Total,2
Odeska,2025-12-01,2025-12-07,Electricity supply system,3
Odeska,2025-12-01,2025-12-07,Government facilities,1
Odeska,2025-12-01,2025-12-07,Total,4
Volynska,2025-12-01,2025-12-07,Industrial/Business/Enterprise facilities,3
Volynska,2025-12-01,2025-12-07,Total,4
Volynska,2025-12-01,2025-12-07,Warehouse,1
Zaporizka,2025-12-01,2025-12-07,"Education facility (school, etc.)",1
Zaporizka,2025-12-01,2025-12-07,Electricity supply system,1
Zaporizka,2025-12-01,2025-12-07,Gas supply system,1
Zaporizka,2025-12-01,2025-12-07,Industrial/Business/Enterprise facilities,1
Zaporizka,2025-12-01,2025-12-07,Total,4
Cherkaska,2025-11-24,2025-11-30,Electricity supply system,1
Cherkaska,2025-11-24,2025-11-30,Total,1
Chernihivska,2025-11-24,2025-11-30,Agricultural facilities,1
Chernihivska,2025-11-24,2025-11-30,Industrial/Business/Enterprise facilities,3
Chernihivska,2025-11-24,2025-11-30,Total,5
Chernihivska,2025-11-24,2025-11-30,Warehouse,1
Dnipropetrovska,2025-11-24,2025-11-30,Agricultural facilities,1
Dnipropetrovska,2025-11-24,2025-11-30,"Education facility (school, etc.)",6
Dnipropetrovska,2025-11-24,2025-11-30,Electricity supply system,6
Dnipropetrovska,2025-11-24,2025-11-30,Fuel depot,4
Dnipropetrovska,2025-11-24,2025-11-30,Gas supply system,3
Dnipropetrovska,2025-11-24,2025-11-30,Government facilities,3
Dnipropetrovska,2025-11-24,2025-11-30,Industrial/Business/Enterprise facilities,9
Dnipropetrovska,2025-11-24,2025-11-30,Total,32
Donetska,2025-11-24,2025-11-30,"Education facility (school, etc.)",3
Donetska,2025-11-24,2025-11-30,Fuel depot,1
Donetska,2025-11-24,2025-11-30,Government facilities,3
Donetska,2025-11-24,2025-11-30,Heating and water facility,1
Donetska,2025-11-24,2025-11-30,Industrial/Business/Enterprise facilities,3
Donetska,2025-11-24,2025-11-30,Total,11
Kharkivska,2025-11-24,2025-11-30,Agricultural facilities,1
Kharkivska,2025-11-24,2025-11-30,Total,1
Khersonska,2025-11-24,2025-11-30,"Education facility (school, etc.)",1
Khersonska,2025-11-24,2025-11-30,Electricity supply system,2
Khersonska,2025-11-24,2025-11-30,Government facilities,1
Khersonska,2025-11-24,2025-11-30,Total,4
Kyiv,2025-11-24,2025-11-30,Energy Infrastructure (unknown type),1
Kyiv,2025-11-24,2025-11-30,Industrial/Business/Enterprise facilities,1
Kyiv,2025-11-24,2025-11-30,Railway,1
Kyiv,2025-11-24,2025-11-30,Total,5
Kyiv,2025-11-24,2025-11-30,Warehouse,2
Kyivska,2025-11-24,2025-11-30,Industrial/Business/Enterprise facilities,4
Kyivska,2025-11-24,2025-11-30,Total,6
Kyivska,2025-11-24,2025-11-30,Warehouse,2
Mykolaivska,2025-11-24,2025-11-30,Total,1
Mykolaivska,2025-11-24,2025-11-30,Warehouse,1
Odeska,2025-11-24,2025-11-30,Harbor,1
Odeska,2025-11-24,2025-11-30,Total,1
Sumska,2025-11-24,2025-11-30,"Education facility (school, etc.)",1
Sumska,2025-11-24,2025-11-30,Total,1
Zaporizka,2025-11-24,2025-11-30,Fuel depot,1
Zaporizka,2025-11-24,2025-11-30,Industrial/Business/Enterprise facilities,2
Zaporizka,2025-11-24,2025-11-30,Total,3
Autonomous Republic of Crimea,2025-11-17,2025-11-23,Electricity supply system,1
Autonomous Republic of Crimea,2025-11-17,2025-11-23,Power plant,2
Autonomous Republic of Crimea,2025-11-17,2025-11-23,Total,3
Cherkaska,2025-11-17,2025-11-23,Electricity supply system,1
Cherkaska,2025-11-17,2025-11-23,Total,1
Chernihivska,2025-11-17,2025-11-23,Government facilities,4
Chernihivska,2025-11-17,2025-11-23,Industrial/Business/Enterprise facilities,1
Chernihivska,2025-11-17,2025-11-23,Total,5
Dnipropetrovska,2025-11-17,2025-11-23,Agricultural facilities,4
Dnipropetrovska,2025-11-17,2025-11-23,"Cultural facilities (museum, theater etc.)",2
Dnipropetrovska,2025-11-17,2025-11-23,"Education facility (school, etc.)",5
Dnipropetrovska,2025-11-17,2025-11-23,Electricity supply system,8
Dnipropetrovska,2025-11-17,2025-11-23,Fuel depot,4
Dnipropetrovska,2025-11-17,2025-11-23,Gas supply system,4
Dnipropetrovska,2025-11-17,2025-11-23,Government facilities,7
Dnipropetrovska,2025-11-17,2025-11-23,Industrial/Business/Enterprise facilities,33
Dnipropetrovska,2025-11-17,2025-11-23,Railway,1
Dnipropetrovska,2025-11-17,2025-11-23,Religious facilities,2
Dnipropetrovska,2025-11-17,2025-11-23,Telecommunications,3
Dnipropetrovska,2025-11-17,2025-11-23,Total,74
Dnipropetrovska,2025-11-17,2025-11-23,Warehouse,1
Donetska,2025-11-17,2025-11-23,"Cultural facilities (museum, theater etc.)",1
Donetska,2025-11-17,2025-11-23,"Education facility (school, etc.)",1
Donetska,2025-11-17,2025-11-23,Electricity supply system,2
Donetska,2025-11-17,2025-11-23,Government facilities,1
Donetska,2025-11-17,2025-11-23,Heating and water facility,1
Donetska,2025-11-17,2025-11-23,Industrial/Business/Enterprise facilities,2
Donetska,2025-11-17,2025-11-23,Power plant,2
Donetska,2025-11-17,2025-11-23,Railway,1
Donetska,2025-11-17,2025-11-23,Religious facilities,1
Donetska,2025-11-17,2025-11-23,Total,12
Ivano-Frankivska,2025-11-17,2025-11-23,Government facilities,1
Ivano-Frankivska,2025-11-17,2025-11-23,Power plant,1
Ivano-Frankivska,2025-11-17,2025-11-23,Total,2
Kharkivska,2025-11-17,2025-11-23,"Education facility (school, etc.)",2
Kharkivska,2025-11-17,2025-11-23,Electricity supply system,5
Kharkivska,2025-11-17,2025-11-23,Energy Infrastructure (unknown type),1
Kharkivska,2025-11-17,2025-11-23,Government facilities,1
Kharkivska,2025-11-17,2025-11-23,"Health facility (hospital, health clinic)",1
Kharkivska,2025-11-17,2025-11-23,Industrial/Business/Enterprise facilities,9
Kharkivska,2025-11-17,2025-11-23,Railway,2
Kharkivska,2025-11-17,2025-11-23,Religious facilities,1
Kharkivska,2025-11-17,2025-11-23,Total,22
Khersonska,2025-11-17,2025-11-23,Electricity supply system,1
Khersonska,2025-11-17,2025-11-23,Gas supply system,1
Khersonska,2025-11-17,2025-11-23,"Health facility (hospital, health clinic)",1
Khersonska,2025-11-17,2025-11-23,Total,3
Khmelnytska,2025-11-17,2025-11-23,Electricity supply system,1
Khmelnytska,2025-11-17,2025-11-23,Total,1
Lvivska,2025-11-17,2025-11-23,Government facilities,1
Lvivska,2025-11-17,2025-11-23,"Health facility (hospital, health clinic)",1
Lvivska,2025-11-17,2025-11-23,Industrial/Business/Enterprise facilities,3
Lvivska,2025-11-17,2025-11-23,Total,7
Lvivska,2025-11-17,2025-11-23,Warehouse,2
Mykolaivska,2025-11-17,2025-11-23,Electricity supply system,1
Mykolaivska,2025-11-17,2025-11-23,Total,1
Odeska,2025-11-17,2025-11-23,Government facilities,2
Odeska,2025-11-17,2025-11-23,Industrial/Business/Enterprise facilities,3
Odeska,2025-11-17,2025-11-23,Total,5
Sumska,2025-11-17,2025-11-23,"Cultural facilities (museum, theater etc.)",1
Sumska,2025-11-17,2025-11-23,Government facilities,1
Sumska,2025-11-17,2025-11-23,Total,2
Ternopilska,2025-11-17,2025-11-23,"Education facility (school, etc.)",3
Ternopilska,2025-11-17,2025-11-23,Heating and water facility,1
Ternopilska,2025-11-17,2025-11-23,Industrial/Business/Enterprise facilities,1
Ternopilska,2025-11-17,2025-11-23,Total,6
Ternopilska,2025-11-17,2025-11-23,Warehouse,1
Zaporizka,2025-11-17,2025-11-23,Industrial/Business/Enterprise facilities,5
Zaporizka,2025-11-17,2025-11-23,Total,5
Autonomous Republic of Crimea,2025-11-10,2025-11-16,Oil depot,1
Autonomous Republic of Crimea,2025-11-10,2025-11-16,Total,1
Cherkaska,2025-11-10,2025-11-16,Electricity supply system,1
Cherkaska,2025-11-10,2025-11-16,Gas supply system,1
Cherkaska,2025-11-10,2025-11-16,Total,2
Chernihivska,2025-11-10,2025-11-16,"Cultural facilities (museum, theater etc.)",1
Chernihivska,2025-11-10,2025-11-16,Electricity supply system,2
Chernihivska,2025-11-10,2025-11-16,Gas supply system,1
Chernihivska,2025-11-10,2025-11-16,Government facilities,2
Chernihivska,2025-11-10,2025-11-16,Industrial/Business/Enterprise facilities,2
Chernihivska,2025-11-10,2025-11-16,Road / Highway,1
Chernihivska,2025-11-10,2025-11-16,Total,9
Dnipropetrovska,2025-11-10,2025-11-16,Agricultural facilities,2
Dnipropetrovska,2025-11-10,2025-11-16,"Cultural facilities (museum, theater etc.)",2
Dnipropetrovska,2025-11-10,2025-11-16,"Education facility (school, etc.)",3
Dnipropetrovska,2025-11-10,2025-11-16,Electricity supply system,5
Dnipropetrovska,2025-11-10,2025-11-16,Fuel depot,4
Dnipropetrovska,2025-11-10,2025-11-16,Gas supply system,2
Dnipropetrovska,2025-11-10,2025-11-16,Government facilities,2
Dnipropetrovska,2025-11-10,2025-11-16,Industrial/Business/Enterprise facilities,13
Dnipropetrovska,2025-11-10,2025-11-16,Religious facilities,1
Dnipropetrovska,2025-11-10,2025-11-16,Total,35
Dnipropetrovska,2025-11-10,2025-11-16,Warehouse,1
Donetska,2025-11-10,2025-11-16,"Cultural facilities (museum, theater etc.)",1
Donetska,2025-11-10,2025-11-16,"Education facility (school, etc.)",2
Donetska,2025-11-10,2025-11-16,Electricity supply system,2
Donetska,2025-11-10,2025-11-16,Government facilities,2
Donetska,2025-11-10,2025-11-16,Railway,1
Donetska,2025-11-10,2025-11-16,Religious facilities,2
Donetska,2025-11-10,2025-11-16,Total,10
Kharkivska,2025-11-10,2025-11-16,"Education facility (school, etc.)",1
Kharkivska,2025-11-10,2025-11-16,Electricity supply system,6
Kharkivska,2025-11-10,2025-11-16,Energy Infrastructure (unknown type),1
Kharkivska,2025-11-10,2025-11-16,Gas supply system,1
Kharkivska,2025-11-10,2025-11-16,Government facilities,4
Kharkivska,2025-11-10,2025-11-16,"Health facility (hospital, health clinic)",1
Kharkivska,2025-11-10,2025-11-16,Industrial/Business/Enterprise facilities,14
Kharkivska,2025-11-10,2025-11-16,Other,1
Kharkivska,2025-11-10,2025-11-16,Railway,2
Kharkivska,2025-11-10,2025-11-16,Religious facilities,1
Kharkivska,2025-11-10,2025-11-16,Total,35
Kharkivska,2025-11-10,2025-11-16,Warehouse,2
Kharkivska,2025-11-10,2025-11-16,Water supply system,1
Khersonska,2025-11-10,2025-11-16,"Cultural facilities (museum, theater etc.)",1
Khersonska,2025-11-10,2025-11-16,Electricity supply system,1
Khersonska,2025-11-10,2025-11-16,Industrial/Business/Enterprise facilities,1
Khersonska,2025-11-10,2025-11-16,Total,3
Kirovohradska,2025-11-10,2025-11-16,Electricity supply system,1
Kirovohradska,2025-11-10,2025-11-16,Total,1
Kyiv,2025-11-10,2025-11-16,"Cultural facilities (museum, theater etc.)",1
Kyiv,2025-11-10,2025-11-16,"Education facility (school, etc.)",2
Kyiv,2025-11-10,2025-11-16,Government facilities,1
Kyiv,2025-11-10,2025-11-16,"Health facility (hospital, health clinic)",3
Kyiv,2025-11-10,2025-11-16,Heating and water facility,1
Kyiv,2025-11-10,2025-11-16,Industrial/Business/Enterprise facilities,3
Kyiv,2025-11-10,2025-11-16,Total,11
Kyivska,2025-11-10,2025-11-16,"Education facility (school, etc.)",1
Kyivska,2025-11-10,2025-11-16,Industrial/Business/Enterprise facilities,1
Kyivska,2025-11-10,2025-11-16,Total,3
Kyivska,2025-11-10,2025-11-16,Warehouse,1
Mykolaivska,2025-11-10,2025-11-16,Industrial/Business/Enterprise facilities,2
Mykolaivska,2025-11-10,2025-11-16,Total,2
Odeska,2025-11-10,2025-11-16,"Education facility (school, etc.)",1
Odeska,2025-11-10,2025-11-16,Government facilities,1
Odeska,2025-11-10,2025-11-16,"Health facility (hospital, health clinic)",1
Odeska,2025-11-10,2025-11-16,Industrial/Business/Enterprise facilities,2
Odeska,2025-11-10,2025-11-16,Other,1
Odeska,2025-11-10,2025-11-16,Railway,1
Odeska,2025-11-10,2025-11-16,Road / Highway,1
Odeska,2025-11-10,2025-11-16,Total,8
Sumska,2025-11-10,2025-11-16,Electricity supply system,1
Sumska,2025-11-10,2025-11-16,Industrial/Business/Enterprise facilities,4
Sumska,2025-11-10,2025-11-16,Road / Highway,1
Sumska,2025-11-10,2025-11-16,Total,6
Autonomous Republic of Crimea,2025-11-03,2025-11-09,Oil depot,1
Autonomous Republic of Crimea,2025-11-03,2025-11-09,Total,1
Chernihivska,2025-11-03,2025-11-09,Electricity supply system,1
Chernihivska,2025-11-03,2025-11-09,Industrial/Business/Enterprise facilities,1
Chernihivska,2025-11-03,2025-11-09,Total,2
Dnipropetrovska,2025-11-03,2025-11-09,Agricultural facilities,3
Dnipropetrovska,2025-11-03,2025-11-09,"Cultural facilities (museum, theater etc.)",1
Dnipropetrovska,2025-11-03,2025-11-09,"Education facility (school, etc.)",3
Dnipropetrovska,2025-11-03,2025-11-09,Electricity supply system,6
Dnipropetrovska,2025-11-03,2025-11-09,Energy Infrastructure (unknown type),1
Dnipropetrovska,2025-11-03,2025-11-09,Fuel depot,2
Dnipropetrovska,2025-11-03,2025-11-09,Gas supply system,3
Dnipropetrovska,2025-11-03,2025-11-09,Government facilities,1
Dnipropetrovska,2025-11-03,2025-11-09,"Health facility (hospital, health clinic)",1
Dnipropetrovska,2025-11-03,2025-11-09,Industrial/Business/Enterprise facilities,15
Dnipropetrovska,2025-11-03,2025-11-09,Railway,1
Dnipropetrovska,2025-11-03,2025-11-09,Religious facilities,1
Dnipropetrovska,2025-11-03,2025-11-09,Total,38
Donetska,2025-11-03,2025-11-09,"Education facility (school, etc.)",6
Donetska,2025-11-03,2025-11-09,Fuel depot,2
Donetska,2025-11-03,2025-11-09,Government facilities,4
Donetska,2025-11-03,2025-11-09,"Health facility (hospital, health clinic)",1
Donetska,2025-11-03,2025-11-09,Heating and water facility,1
Donetska,2025-11-03,2025-11-09,Industrial/Business/Enterprise facilities,12
Donetska,2025-11-03,2025-11-09,Total,26
Kharkivska,2025-11-03,2025-11-09,Agricultural facilities,2
Kharkivska,2025-11-03,2025-11-09,"Education facility (school, etc.)",1
Kharkivska,2025-11-03,2025-11-09,Electricity supply system,2
Kharkivska,2025-11-03,2025-11-09,Fuel depot,2
Kharkivska,2025-11-03,2025-11-09,Gas supply system,1
Kharkivska,2025-11-03,2025-11-09,Government facilities,1
Kharkivska,2025-11-03,2025-11-09,"Health facility (hospital, health clinic)",1
Kharkivska,2025-11-03,2025-11-09,Heating and water facility,1
Kharkivska,2025-11-03,2025-11-09,Industrial/Business/Enterprise facilities,4
Kharkivska,2025-11-03,2025-11-09,Power plant,1
Kharkivska,2025-11-03,2025-11-09,Railway,3
Kharkivska,2025-11-03,2025-11-09,Road / Highway,1
Kharkivska,2025-11-03,2025-11-09,Total,20
Khersonska,2025-11-03,2025-11-09,Gas supply system,1
Khersonska,2025-11-03,2025-11-09,Government facilities,1
Khersonska,2025-11-03,2025-11-09,"Health facility (hospital, health clinic)",1
Khersonska,2025-11-03,2025-11-09,Other,1
Khersonska,2025-11-03,2025-11-09,Total,4
Kirovohradska,2025-11-03,2025-11-09,Electricity supply system,2
Kirovohradska,2025-11-03,2025-11-09,Total,2
Kyivska,2025-11-03,2025-11-09,Power plant,1
Kyivska,2025-11-03,2025-11-09,Total,1
Mykolaivska,2025-11-03,2025-11-09,Agricultural facilities,1
Mykolaivska,2025-11-03,2025-11-09,Industrial/Business/Enterprise facilities,5
Mykolaivska,2025-11-03,2025-11-09,Total,6
Odeska,2025-11-03,2025-11-09,Electricity supply system,1
Odeska,2025-11-03,2025-11-09,Harbor,1
Odeska,2025-11-03,2025-11-09,Total,2
Poltavska,2025-11-03,2025-11-09,Electricity supply system,1
Poltavska,2025-11-03,2025-11-09,Gas supply system,1
Poltavska,2025-11-03,2025-11-09,Railway,1
Poltavska,2025-11-03,2025-11-09,Total,3
Sumska,2025-11-03,2025-11-09,"Cultural facilities (museum, theater etc.)",3
Sumska,2025-11-03,2025-11-09,Electricity supply system,1
Sumska,2025-11-03,2025-11-09,Industrial/Business/Enterprise facilities,2
Sumska,2025-11-03,2025-11-09,Road / Highway,1
Sumska,2025-11-03,2025-11-09,Total,9
Sumska,2025-11-03,2025-11-09,Warehouse,2
Zaporizka,2025-11-03,2025-11-09,"Education facility (school, etc.)",1
Zaporizka,2025-11-03,2025-11-09,Industrial/Business/Enterprise facilities,1
Zaporizka,2025-11-03,2025-11-09,Total,3
Zaporizka,2025-11-03,2025-11-09,Warehouse,1
Cherkaska,2025-10-27,2025-11-02,Agricultural facilities,1
Cherkaska,2025-10-27,2025-11-02,Electricity supply system,1
Cherkaska,2025-10-27,2025-11-02,Total,2
Chernihivska,2025-10-27,2025-11-02,Agricultural facilities,1
Chernihivska,2025-10-27,2025-11-02,Electricity supply system,1
Chernihivska,2025-10-27,2025-11-02,Government facilities,4
Chernihivska,2025-10-27,2025-11-02,"Health facility (hospital, health clinic)",1
Chernihivska,2025-10-27,2025-11-02,Industrial/Business/Enterprise facilities,5
Chernihivska,2025-10-27,2025-11-02,Road / Highway,1
Chernihivska,2025-10-27,2025-11-02,Telecommunications,1
Chernihivska,2025-10-27,2025-11-02,Total,15
Chernihivska,2025-10-27,2025-11-02,Warehouse,1
Chernivetska,2025-10-27,2025-11-02,Electricity supply system,1
Chernivetska,2025-10-27,2025-11-02,Total,1
Dnipropetrovska,2025-10-27,2025-11-02,Agricultural facilities,2
Dnipropetrovska,2025-10-27,2025-11-02,"Education facility (school, etc.)",4
Dnipropetrovska,2025-10-27,2025-11-02,Electricity supply system,3
Dnipropetrovska,2025-10-27,2025-11-02,Fuel depot,2
Dnipropetrovska,2025-10-27,2025-11-02,Gas supply system,8
Dnipropetrovska,2025-10-27,2025-11-02,Government facilities,2
Dnipropetrovska,2025-10-27,2025-11-02,Industrial/Business/Enterprise facilities,10
Dnipropetrovska,2025-10-27,2025-11-02,Total,31
Donetska,2025-10-27,2025-11-02,"Cultural facilities (museum, theater etc.)",1
Donetska,2025-10-27,2025-11-02,"Education facility (school, etc.)",1
Donetska,2025-10-27,2025-11-02,Energy Infrastructure (unknown type),1
Donetska,2025-10-27,2025-11-02,Government facilities,5
Donetska,2025-10-27,2025-11-02,Heating and water facility,1
Donetska,2025-10-27,2025-11-02,Industrial/Business/Enterprise facilities,4
Donetska,2025-10-27,2025-11-02,Power plant,1
Donetska,2025-10-27,2025-11-02,Religious facilities,2
Donetska,2025-10-27,2025-11-02,Total,16
Ivano-Frankivska,2025-10-27,2025-11-02,Heating and water facility,1
Ivano-Frankivska,2025-10-27,2025-11-02,Total,1
Kharkivska,2025-10-27,2025-11-02,"Education facility (school, etc.)",2
Kharkivska,2025-10-27,2025-11-02,Electricity supply system,2
Kharkivska,2025-10-27,2025-11-02,Government facilities,1
Kharkivska,2025-10-27,2025-11-02,Industrial/Business/Enterprise facilities,7
Kharkivska,2025-10-27,2025-11-02,Railway,2
Kharkivska,2025-10-27,2025-11-02,Total,16
Kharkivska,2025-10-27,2025-11-02,Warehouse,1
Kharkivska,2025-10-27,2025-11-02,Water supply system,1
Khersonska,2025-10-27,2025-11-02,Agricultural facilities,1
Khersonska,2025-10-27,2025-11-02,"Education facility (school, etc.)",1
Khersonska,2025-10-27,2025-11-02,Electricity supply system,1
Khersonska,2025-10-27,2025-11-02,Government facilities,2
Khersonska,2025-10-27,2025-11-02,"Health facility (hospital, health clinic)",2
Khersonska,2025-10-27,2025-11-02,Industrial/Business/Enterprise facilities,2
Khersonska,2025-10-27,2025-11-02,Total,9
Kyivska,2025-10-27,2025-11-02,Industrial/Business/Enterprise facilities,6
Kyivska,2025-10-27,2025-11-02,Total,6
Lvivska,2025-10-27,2025-11-02,Heating and water facility,1
Lvivska,2025-10-27,2025-11-02,Industrial/Business/Enterprise facilities,1
Lvivska,2025-10-27,2025-11-02,Total,2
Mykolaivska,2025-10-27,2025-11-02,"Education facility (school, etc.)",2
Mykolaivska,2025-10-27,2025-11-02,Electricity supply system,1
Mykolaivska,2025-10-27,2025-11-02,Fuel depot,1
Mykolaivska,2025-10-27,2025-11-02,Total,4
Poltavska,2025-10-27,2025-11-02,Gas supply system,1
Poltavska,2025-10-27,2025-11-02,Total,1
Sumska,2025-10-27,2025-11-02,Electricity supply system,2
Sumska,2025-10-27,2025-11-02,Fuel depot,1
Sumska,2025-10-27,2025-11-02,Government facilities,2
Sumska,2025-10-27,2025-11-02,Industrial/Business/Enterprise facilities,1
Sumska,2025-10-27,2025-11-02,Railway,1
Sumska,2025-10-27,2025-11-02,Road / Highway,1
Sumska,2025-10-27,2025-11-02,Total,8
Vinnytska,2025-10-27,2025-11-02,Heating and water facility,1
Vinnytska,2025-10-27,2025-11-02,Total,1
Zaporizka,2025-10-27,2025-11-02,"Education facility (school, etc.)",2
Zaporizka,2025-10-27,2025-11-02,Total,2
Cherkaska,2025-10-20,2025-10-26,Electricity supply system,1
Cherkaska,2025-10-20,2025-10-26,Other,1
Cherkaska,2025-10-20,2025-10-26,Total,2
Chernihivska,2025-10-20,2025-10-26,"Education facility (school, etc.)",1
Chernihivska,2025-10-20,2025-10-26,Electricity supply system,2
Chernihivska,2025-10-20,2025-10-26,Government facilities,1
Chernihivska,2025-10-20,2025-10-26,"Health facility (hospital, health clinic)",2
Chernihivska,2025-10-20,2025-10-26,Heating and water facility,1
Chernihivska,2025-10-20,2025-10-26,Industrial/Business/Enterprise facilities,3
Chernihivska,2025-10-20,2025-10-26,Railway,2
Chernihivska,2025-10-20,2025-10-26,Telecommunications,1
Chernihivska,2025-10-20,2025-10-26,Total,14
Chernihivska,2025-10-20,2025-10-26,Warehouse,1
Dnipropetrovska,2025-10-20,2025-10-26,Agricultural facilities,3
Dnipropetrovska,2025-10-20,2025-10-26,"Cultural facilities (museum, theater etc.)",2
Dnipropetrovska,2025-10-20,2025-10-26,"Education facility (school, etc.)",2
Dnipropetrovska,2025-10-20,2025-10-26,Electricity supply system,4
Dnipropetrovska,2025-10-20,2025-10-26,Fuel depot,1
Dnipropetrovska,2025-10-20,2025-10-26,Gas supply system,9
Dnipropetrovska,2025-10-20,2025-10-26,"Health facility (hospital, health clinic)",1
Dnipropetrovska,2025-10-20,2025-10-26,Industrial/Business/Enterprise facilities,8
Dnipropetrovska,2025-10-20,2025-10-26,Total,30
Donetska,2025-10-20,2025-10-26,"Education facility (school, etc.)",5
Donetska,2025-10-20,2025-10-26,Fuel depot,3
Donetska,2025-10-20,2025-10-26,Gas supply system,1
Donetska,2025-10-20,2025-10-26,Government facilities,2
Donetska,2025-10-20,2025-10-26,"Health facility (hospital, health clinic)",2
Donetska,2025-10-20,2025-10-26,Industrial/Business/Enterprise facilities,12
Donetska,2025-10-20,2025-10-26,Railway,1
Donetska,2025-10-20,2025-10-26,Total,28
Donetska,2025-10-20,2025-10-26,Warehouse,2
Kharkivska,2025-10-20,2025-10-26,"Cultural facilities (museum, theater etc.)",10
Kharkivska,2025-10-20,2025-10-26,"Education facility (school, etc.)",2
Kharkivska,2025-10-20,2025-10-26,Electricity supply system,6
Kharkivska,2025-10-20,2025-10-26,Energy Infrastructure (unknown type),1
Kharkivska,2025-10-20,2025-10-26,Gas supply system,3
Kharkivska,2025-10-20,2025-10-26,Government facilities,2
Kharkivska,2025-10-20,2025-10-26,Industrial/Business/Enterprise facilities,13
Kharkivska,2025-10-20,2025-10-26,Railway,5
Kharkivska,2025-10-20,2025-10-26,Road / Highway,1
Kharkivska,2025-10-20,2025-10-26,Total,50
Kharkivska,2025-10-20,2025-10-26,Warehouse,7
Khersonska,2025-10-20,2025-10-26,"Education facility (school, etc.)",2
Khersonska,2025-10-20,2025-10-26,Road / Highway,2
Khersonska,2025-10-20,2025-10-26,Total,4
Kirovohradska,2025-10-20,2025-10-26,Industrial/Business/Enterprise facilities,1
Kirovohradska,2025-10-20,2025-10-26,Railway,1
Kirovohradska,2025-10-20,2025-10-26,Total,2
Kyiv,2025-10-20,2025-10-26,"Cultural facilities (museum, theater etc.)",2
Kyiv,2025-10-20,2025-10-26,"Education facility (school, etc.)",8
Kyiv,2025-10-20,2025-10-26,Gas supply system,1
Kyiv,2025-10-20,2025-10-26,Government facilities,1
Kyiv,2025-10-20,2025-10-26,"Health facility (hospital, health clinic)",1
Kyiv,2025-10-20,2025-10-26,Industrial/Business/Enterprise facilities,9
Kyiv,2025-10-20,2025-10-26,Religious facilities,1
Kyiv,2025-10-20,2025-10-26,Total,26
Kyiv,2025-10-20,2025-10-26,Warehouse,3
Kyivska,2025-10-20,2025-10-26,"Education facility (school, etc.)",4
Kyivska,2025-10-20,2025-10-26,Fuel depot,1
Kyivska,2025-10-20,2025-10-26,Railway,1
Kyivska,2025-10-20,2025-10-26,Total,6
Mykolaivska,2025-10-20,2025-10-26,Electricity supply system,1
Mykolaivska,2025-10-20,2025-10-26,Total,1
Odeska,2025-10-20,2025-10-26,Harbor,2
Odeska,2025-10-20,2025-10-26,Total,2
Poltavska,2025-10-20,2025-10-26,Oil depot,1
Poltavska,2025-10-20,2025-10-26,Total,1
Sumska,2025-10-20,2025-10-26,Bridge,1
Sumska,2025-10-20,2025-10-26,Electricity supply system,1
Sumska,2025-10-20,2025-10-26,Railway,2
Sumska,2025-10-20,2025-10-26,Road / Highway,2
Sumska,2025-10-20,2025-10-26,Total,6
Zaporizka,2025-10-20,2025-10-26,"Education facility (school, etc.)",1
Zaporizka,2025-10-20,2025-10-26,Electricity supply system,2
Zaporizka,2025-10-20,2025-10-26,Gas supply system,1
Zaporizka,2025-10-20,2025-10-26,Industrial/Business/Enterprise facilities,1
Zaporizka,2025-10-20,2025-10-26,Total,5
Autonomous Republic of Crimea,2025-10-13,2025-10-19,Electricity supply system,1
Autonomous Republic of Crimea,2025-10-13,2025-10-19,Fuel depot,1
Autonomous Republic of Crimea,2025-10-13,2025-10-19,Oil depot,1
Autonomous Republic of Crimea,2025-10-13,2025-10-19,Power plant,3
Autonomous Republic of Crimea,2025-10-13,2025-10-19,Total,6
Chernihivska,2025-10-13,2025-10-19,Electricity supply system,1
Chernihivska,2025-10-13,2025-10-19,Fuel depot,1
Chernihivska,2025-10-13,2025-10-19,Industrial/Business/Enterprise facilities,8
Chernihivska,2025-10-13,2025-10-19,Oil depot,1
Chernihivska,2025-10-13,2025-10-19,Total,11
Dnipropetrovska,2025-10-13,2025-10-19,Agricultural facilities,6
Dnipropetrovska,2025-10-13,2025-10-19,"Cultural facilities (museum, theater etc.)",2
Dnipropetrovska,2025-10-13,2025-10-19,"Education facility (school, etc.)",1
Dnipropetrovska,2025-10-13,2025-10-19,Electricity supply system,5
Dnipropetrovska,2025-10-13,2025-10-19,Gas supply system,2
Dnipropetrovska,2025-10-13,2025-10-19,"Health facility (hospital, health clinic)",1
Dnipropetrovska,2025-10-13,2025-10-19,Industrial/Business/Enterprise facilities,12
Dnipropetrovska,2025-10-13,2025-10-19,Total,29
Donetska,2025-10-13,2025-10-19,Agricultural facilities,1
Donetska,2025-10-13,2025-10-19,"Education facility (school, etc.)",10
Donetska,2025-10-13,2025-10-19,Gas supply system,5
Donetska,2025-10-13,2025-10-19,Government facilities,5
Donetska,2025-10-13,2025-10-19,"Health facility (hospital, health clinic)",2
Donetska,2025-10-13,2025-10-19,Industrial/Business/Enterprise facilities,11
Donetska,2025-10-13,2025-10-19,Religious facilities,1
Donetska,2025-10-13,2025-10-19,Road / Highway,1
Donetska,2025-10-13,2025-10-19,Total,36
Kharkivska,2025-10-13,2025-10-19,Agricultural facilities,3
Kharkivska,2025-10-13,2025-10-19,"Cultural facilities (museum, theater etc.)",1
Kharkivska,2025-10-13,2025-10-19,"Education facility (school, etc.)",3
Kharkivska,2025-10-13,2025-10-19,Electricity supply system,4
Kharkivska,2025-10-13,2025-10-19,Government facilities,2
Kharkivska,2025-10-13,2025-10-19,"Health facility (hospital, health clinic)",1
Kharkivska,2025-10-13,2025-10-19,Industrial/Business/Enterprise facilities,3
Kharkivska,2025-10-13,2025-10-19,Railway,1
Kharkivska,2025-10-13,2025-10-19,Total,21
Kharkivska,2025-10-13,2025-10-19,Warehouse,3
Khersonska,2025-10-13,2025-10-19,"Cultural facilities (museum, theater etc.)",2
Khersonska,2025-10-13,2025-10-19,"Education facility (school, etc.)",1
Khersonska,2025-10-13,2025-10-19,Electricity supply system,3
Khersonska,2025-10-13,2025-10-19,Gas supply system,1
Khersonska,2025-10-13,2025-10-19,Government facilities,2
Khersonska,2025-10-13,2025-10-19,"Health facility (hospital, health clinic)",1
Khersonska,2025-10-13,2025-10-19,Industrial/Business/Enterprise facilities,2
Khersonska,2025-10-13,2025-10-19,Road / Highway,2
Khersonska,2025-10-13,2025-10-19,Telecommunications,1
Khersonska,2025-10-13,2025-10-19,Total,15
Mykolaivska,2025-10-13,2025-10-19,Total,1
Mykolaivska,2025-10-13,2025-10-19,Warehouse,1
Poltavska,2025-10-13,2025-10-19,Total,1
Poltavska,2025-10-13,2025-10-19,Warehouse,1
Sumska,2025-10-13,2025-10-19,Fuel depot,1
Sumska,2025-10-13,2025-10-19,Industrial/Business/Enterprise facilities,3
Sumska,2025-10-13,2025-10-19,Railway,1
Sumska,2025-10-13,2025-10-19,Total,5
Zaporizka,2025-10-13,2025-10-19,"Education facility (school, etc.)",1
Zaporizka,2025-10-13,2025-10-19,Government facilities,1
Zaporizka,2025-10-13,2025-10-19,Road / Highway,1
Zaporizka,2025-10-13,2025-10-19,Total,3
Autonomous Republic of Crimea,2025-10-06,2025-10-12,Fuel depot,1
Autonomous Republic of Crimea,2025-10-06,2025-10-12,Total,1
Cherkaska,2025-10-06,2025-10-12,"Cultural facilities (museum, theater etc.)",1
Cherkaska,2025-10-06,2025-10-12,"Education facility (school, etc.)",5
Cherkaska,2025-10-06,2025-10-12,Total,6
Chernihivska,2025-10-06,2025-10-12,Electricity supply system,1
Chernihivska,2025-10-06,2025-10-12,Fuel depot,2
Chernihivska,2025-10-06,2025-10-12,Government facilities,4
Chernihivska,2025-10-06,2025-10-12,"Health facility (hospital, health clinic)",2
Chernihivska,2025-10-06,2025-10-12,Industrial/Business/Enterprise facilities,4
Chernihivska,2025-10-06,2025-10-12,Oil depot,1
Chernihivska,2025-10-06,2025-10-12,Railway,2
Chernihivska,2025-10-06,2025-10-12,Total,18
Chernihivska,2025-10-06,2025-10-12,Warehouse,2
Dnipropetrovska,2025-10-06,2025-10-12,Agricultural facilities,4
Dnipropetrovska,2025-10-06,2025-10-12,"Cultural facilities (museum, theater etc.)",1
Dnipropetrovska,2025-10-06,2025-10-12,"Education facility (school, etc.)",6
Dnipropetrovska,2025-10-06,2025-10-12,Electricity supply system,5
Dnipropetrovska,2025-10-06,2025-10-12,Fuel depot,1
Dnipropetrovska,2025-10-06,2025-10-12,Gas supply system,2
Dnipropetrovska,2025-10-06,2025-10-12,Government facilities,2
Dnipropetrovska,2025-10-06,2025-10-12,Industrial/Business/Enterprise facilities,4
Dnipropetrovska,2025-10-06,2025-10-12,Religious facilities,1
Dnipropetrovska,2025-10-06,2025-10-12,Total,27
Dnipropetrovska,2025-10-06,2025-10-12,Warehouse,1
Donetska,2025-10-06,2025-10-12,Agricultural facilities,1
Donetska,2025-10-06,2025-10-12,Chemical storage unit,1
Donetska,2025-10-06,2025-10-12,"Cultural facilities (museum, theater etc.)",1
Donetska,2025-10-06,2025-10-12,"Education facility (school, etc.)",7
Donetska,2025-10-06,2025-10-12,Government facilities,2
Donetska,2025-10-06,2025-10-12,"Health facility (hospital, health clinic)",1
Donetska,2025-10-06,2025-10-12,Heating and water facility,2
Donetska,2025-10-06,2025-10-12,Industrial/Business/Enterprise facilities,13
Donetska,2025-10-06,2025-10-12,Other,1
Donetska,2025-10-06,2025-10-12,Railway,1
Donetska,2025-10-06,2025-10-12,Religious facilities,3
Donetska,2025-10-06,2025-10-12,Total,33
Kharkivska,2025-10-06,2025-10-12,Agricultural facilities,1
Kharkivska,2025-10-06,2025-10-12,"Cultural facilities (museum, theater etc.)",1
Kharkivska,2025-10-06,2025-10-12,"Education facility (school, etc.)",4
Kharkivska,2025-10-06,2025-10-12,Government facilities,2
Kharkivska,2025-10-06,2025-10-12,Industrial/Business/Enterprise facilities,4
Kharkivska,2025-10-06,2025-10-12,Total,14
Kharkivska,2025-10-06,2025-10-12,Warehouse,2
Kirovohradska,2025-10-06,2025-10-12,Total,1
Kirovohradska,2025-10-06,2025-10-12,Water supply system,1
Kyiv,2025-10-06,2025-10-12,Electricity supply system,1
Kyiv,2025-10-06,2025-10-12,Power plant,2
Kyiv,2025-10-06,2025-10-12,Total,3
Kyivska,2025-10-06,2025-10-12,Electricity supply system,1
Kyivska,2025-10-06,2025-10-12,Industrial/Business/Enterprise facilities,5
Kyivska,2025-10-06,2025-10-12,Total,6
Odeska,2025-10-06,2025-10-12,"Education facility (school, etc.)",2
Odeska,2025-10-06,2025-10-12,Gas supply system,1
Odeska,2025-10-06,2025-10-12,Government facilities,2
Odeska,2025-10-06,2025-10-12,Harbor,1
Odeska,2025-10-06,2025-10-12,Total,6
Poltavska,2025-10-06,2025-10-12,Electricity supply system,1
Poltavska,2025-10-06,2025-10-12,Government facilities,1
Poltavska,2025-10-06,2025-10-12,Railway,5
Poltavska,2025-10-06,2025-10-12,Road / Highway,2
Poltavska,2025-10-06,2025-10-12,Total,9
Sumska,2025-10-06,2025-10-12,"Education facility (school, etc.)",1
Sumska,2025-10-06,2025-10-12,Gas supply system,1
Sumska,2025-10-06,2025-10-12,Government facilities,3
Sumska,2025-10-06,2025-10-12,"Health facility (hospital, health clinic)",1
Sumska,2025-10-06,2025-10-12,Industrial/Business/Enterprise facilities,3
Sumska,2025-10-06,2025-10-12,Total,10
Sumska,2025-10-06,2025-10-12,Warehouse,1
Zaporizka,2025-10-06,2025-10-12,Gas supply system,1
Zaporizka,2025-10-06,2025-10-12,Government facilities,1
Zaporizka,2025-10-06,2025-10-12,Industrial/Business/Enterprise facilities,2
Zaporizka,2025-10-06,2025-10-12,Total,4
Autonomous Republic of Crimea,2025-09-29,2025-10-05,Railway,1
Autonomous Republic of Crimea,2025-09-29,2025-10-05,Total,1
Cherkaska,2025-09-29,2025-10-05,Electricity supply system,1
Cherkaska,2025-09-29,2025-10-05,Total,1
Chernihivska,2025-09-29,2025-10-05,"Cultural facilities (museum, theater etc.)",1
Chernihivska,2025-09-29,2025-10-05,Electricity supply system,2
Chernihivska,2025-09-29,2025-10-05,Fuel depot,1
Chernihivska,2025-09-29,2025-10-05,Government facilities,1
Chernihivska,2025-09-29,2025-10-05,Industrial/Business/Enterprise facilities,4
Chernihivska,2025-09-29,2025-10-05,Telecommunications,1
Chernihivska,2025-09-29,2025-10-05,Total,10
Dnipropetrovska,2025-09-29,2025-10-05,"Cultural facilities (museum, theater etc.)",2
Dnipropetrovska,2025-09-29,2025-10-05,"Education facility (school, etc.)",3
Dnipropetrovska,2025-09-29,2025-10-05,Electricity supply system,4
Dnipropetrovska,2025-09-29,2025-10-05,Gas supply system,3
Dnipropetrovska,2025-09-29,2025-10-05,Government facilities,1
Dnipropetrovska,2025-09-29,2025-10-05,"Health facility (hospital, health clinic)",3
Dnipropetrovska,2025-09-29,2025-10-05,Industrial/Business/Enterprise facilities,6
Dnipropetrovska,2025-09-29,2025-10-05,Total,23
Dnipropetrovska,2025-09-29,2025-10-05,Warehouse,1
Donetska,2025-09-29,2025-10-05,Agricultural facilities,3
Donetska,2025-09-29,2025-10-05,"Cultural facilities (museum, theater etc.)",1
Donetska,2025-09-29,2025-10-05,"Education facility (school, etc.)",3
Donetska,2025-09-29,2025-10-05,Electricity supply system,2
Donetska,2025-09-29,2025-10-05,Fuel depot,1
Donetska,2025-09-29,2025-10-05,Government facilities,2
Donetska,2025-09-29,2025-10-05,"Health facility (hospital, health clinic)",2
Donetska,2025-09-29,2025-10-05,Industrial/Business/Enterprise facilities,17
Donetska,2025-09-29,2025-10-05,Other,1
Donetska,2025-09-29,2025-10-05,Total,36
Donetska,2025-09-29,2025-10-05,Warehouse,4
Kharkivska,2025-09-29,2025-10-05,Agricultural facilities,1
Kharkivska,2025-09-29,2025-10-05,"Education facility (school, etc.)",2
Kharkivska,2025-09-29,2025-10-05,Electricity supply system,1
Kharkivska,2025-09-29,2025-10-05,Government facilities,1
Kharkivska,2025-09-29,2025-10-05,"Health facility (hospital, health clinic)",3
Kharkivska,2025-09-29,2025-10-05,Industrial/Business/Enterprise facilities,11
Kharkivska,2025-09-29,2025-10-05,Other,1
Kharkivska,2025-09-29,2025-10-05,Road / Highway,1
Kharkivska,2025-09-29,2025-10-05,Total,22
Kharkivska,2025-09-29,2025-10-05,Warehouse,1
Khersonska,2025-09-29,2025-10-05,Electricity supply system,1
Khersonska,2025-09-29,2025-10-05,"Health facility (hospital, health clinic)",1
Khersonska,2025-09-29,2025-10-05,Industrial/Business/Enterprise facilities,1
Khersonska,2025-09-29,2025-10-05,Religious facilities,2
Khersonska,2025-09-29,2025-10-05,Total,5
Kirovohradska,2025-09-29,2025-10-05,Electricity supply system,1
Kirovohradska,2025-09-29,2025-10-05,Total,1
Kyivska,2025-09-29,2025-10-05,Electricity supply system,1
Kyivska,2025-09-29,2025-10-05,Total,1
Lvivska,2025-09-29,2025-10-05,"Education facility (school, etc.)",2
Lvivska,2025-09-29,2025-10-05,Industrial/Business/Enterprise facilities,3
Lvivska,2025-09-29,2025-10-05,Religious facilities,1
Lvivska,2025-09-29,2025-10-05,Total,7
Lvivska,2025-09-29,2025-10-05,Warehouse,1
Mykolaivska,2025-09-29,2025-10-05,Electricity supply system,1
Mykolaivska,2025-09-29,2025-10-05,Total,1
Odeska,2025-09-29,2025-10-05,Railway,1
Odeska,2025-09-29,2025-10-05,Total,1
Poltavska,2025-09-29,2025-10-05,Gas supply system,1
Poltavska,2025-09-29,2025-10-05,Government facilities,1
Poltavska,2025-09-29,2025-10-05,Religious facilities,2
Poltavska,2025-09-29,2025-10-05,Total,4
Sumska,2025-09-29,2025-10-05,Agricultural facilities,3
Sumska,2025-09-29,2025-10-05,"Education facility (school, etc.)",4
Sumska,2025-09-29,2025-10-05,Electricity supply system,2
Sumska,2025-09-29,2025-10-05,Fuel depot,1
Sumska,2025-09-29,2025-10-05,Gas supply system,1
Sumska,2025-09-29,2025-10-05,Government facilities,1
Sumska,2025-09-29,2025-10-05,Industrial/Business/Enterprise facilities,1
Sumska,2025-09-29,2025-10-05,Railway,2
Sumska,2025-09-29,2025-10-05,Total,17
Sumska,2025-09-29,2025-10-05,Warehouse,1
Sumska,2025-09-29,2025-10-05,Water supply system,1
Zaporizka,2025-09-29,2025-10-05,Electricity supply system,1
Zaporizka,2025-09-29,2025-10-05,Gas supply system,1
Zaporizka,2025-09-29,2025-10-05,Industrial/Business/Enterprise facilities,2
Zaporizka,2025-09-29,2025-10-05,Total,5
Zaporizka,2025-09-29,2025-10-05,Warehouse,1
Autonomous Republic of Crimea,2025-09-22,2025-09-28,"Education facility (school, etc.)",1
Autonomous Republic of Crimea,2025-09-22,2025-09-28,Total,1
Chernihivska,2025-09-22,2025-09-28,Agricultural facilities,1
Chernihivska,2025-09-22,2025-09-28,Government facilities,2
Chernihivska,2025-09-22,2025-09-28,Industrial/Business/Enterprise facilities,2
Chernihivska,2025-09-22,2025-09-28,Telecommunications,1
Chernihivska,2025-09-22,2025-09-28,Total,6
Dnipropetrovska,2025-09-22,2025-09-28,Agricultural facilities,3
Dnipropetrovska,2025-09-22,2025-09-28,"Cultural facilities (museum, theater etc.)",1
Dnipropetrovska,2025-09-22,2025-09-28,Electricity supply system,4
Dnipropetrovska,2025-09-22,2025-09-28,Fuel depot,2
Dnipropetrovska,2025-09-22,2025-09-28,Gas supply system,2
Dnipropetrovska,2025-09-22,2025-09-28,Government facilities,1
Dnipropetrovska,2025-09-22,2025-09-28,Industrial/Business/Enterprise facilities,7
Dnipropetrovska,2025-09-22,2025-09-28,Total,20
Donetska,2025-09-22,2025-09-28,"Cultural facilities (museum, theater etc.)",2
Donetska,2025-09-22,2025-09-28,"Education facility (school, etc.)",8
Donetska,2025-09-22,2025-09-28,Electricity supply system,1
Donetska,2025-09-22,2025-09-28,Fuel depot,3
Donetska,2025-09-22,2025-09-28,Gas supply system,2
Donetska,2025-09-22,2025-09-28,Government facilities,9
Donetska,2025-09-22,2025-09-28,"Health facility (hospital, health clinic)",6
Donetska,2025-09-22,2025-09-28,Heating and water facility,1
Donetska,2025-09-22,2025-09-28,Industrial/Business/Enterprise facilities,12
Donetska,2025-09-22,2025-09-28,Other,1
Donetska,2025-09-22,2025-09-28,Religious facilities,1
Donetska,2025-09-22,2025-09-28,Total,52
Donetska,2025-09-22,2025-09-28,Warehouse,6
Kharkivska,2025-09-22,2025-09-28,Agricultural facilities,1
Kharkivska,2025-09-22,2025-09-28,"Education facility (school, etc.)",1
Kharkivska,2025-09-22,2025-09-28,Electricity supply system,4
Kharkivska,2025-09-22,2025-09-28,Government facilities,1
Kharkivska,2025-09-22,2025-09-28,Industrial/Business/Enterprise facilities,5
Kharkivska,2025-09-22,2025-09-28,Road / Highway,2
Kharkivska,2025-09-22,2025-09-28,Total,14
Khersonska,2025-09-22,2025-09-28,"Education facility (school, etc.)",2
Khersonska,2025-09-22,2025-09-28,Electricity supply system,1
Khersonska,2025-09-22,2025-09-28,Government facilities,1
Khersonska,2025-09-22,2025-09-28,"Health facility (hospital, health clinic)",2
Khersonska,2025-09-22,2025-09-28,Industrial/Business/Enterprise facilities,1
Khersonska,2025-09-22,2025-09-28,Total,8
Khersonska,2025-09-22,2025-09-28,Warehouse,1
Kyiv,2025-09-22,2025-09-28,"Education facility (school, etc.)",1
Kyiv,2025-09-22,2025-09-28,Fuel depot,1
Kyiv,2025-09-22,2025-09-28,Government facilities,1
Kyiv,2025-09-22,2025-09-28,"Health facility (hospital, health clinic)",1
Kyiv,2025-09-22,2025-09-28,Industrial/Business/Enterprise facilities,2
Kyiv,2025-09-22,2025-09-28,Total,6
Kyivska,2025-09-22,2025-09-28,Government facilities,2
Kyivska,2025-09-22,2025-09-28,Industrial/Business/Enterprise facilities,4
Kyivska,2025-09-22,2025-09-28,Telecommunications,1
Kyivska,2025-09-22,2025-09-28,Total,9
Kyivska,2025-09-22,2025-09-28,Warehouse,2
Luhanska,2025-09-22,2025-09-28,Gas supply system,3
Luhanska,2025-09-22,2025-09-28,Total,3
Mykolaivska,2025-09-22,2025-09-28,Electricity supply system,2
Mykolaivska,2025-09-22,2025-09-28,Industrial/Business/Enterprise facilities,1
Mykolaivska,2025-09-22,2025-09-28,Total,3
Odeska,2025-09-22,2025-09-28,"Cultural facilities (museum, theater etc.)",1
Odeska,2025-09-22,2025-09-28,"Education facility (school, etc.)",1
Odeska,2025-09-22,2025-09-28,Electricity supply system,3
Odeska,2025-09-22,2025-09-28,Government facilities,2
Odeska,2025-09-22,2025-09-28,Industrial/Business/Enterprise facilities,13
Odeska,2025-09-22,2025-09-28,Total,21
Odeska,2025-09-22,2025-09-28,Warehouse,1
Poltavska,2025-09-22,2025-09-28,Industrial/Business/Enterprise facilities,1
Poltavska,2025-09-22,2025-09-28,Total,1
Sumska,2025-09-22,2025-09-28,"Cultural facilities (museum, theater etc.)",1
Sumska,2025-09-22,2025-09-28,"Education facility (school, etc.)",3
Sumska,2025-09-22,2025-09-28,Electricity supply system,1
Sumska,2025-09-22,2025-09-28,Government facilities,1
Sumska,2025-09-22,2025-09-28,Industrial/Business/Enterprise facilities,3
Sumska,2025-09-22,2025-09-28,Telecommunications,1
Sumska,2025-09-22,2025-09-28,Total,11
Sumska,2025-09-22,2025-09-28,Warehouse,1
Zaporizka,2025-09-22,2025-09-28,"Cultural facilities (museum, theater etc.)",1
Zaporizka,2025-09-22,2025-09-28,"Education facility (school, etc.)",1
Zaporizka,2025-09-22,2025-09-28,Fuel depot,1
Zaporizka,2025-09-22,2025-09-28,Government facilities,1
Zaporizka,2025-09-22,2025-09-28,Industrial/Business/Enterprise facilities,17
Zaporizka,2025-09-22,2025-09-28,Total,23
Zaporizka,2025-09-22,2025-09-28,Warehouse,1
Zaporizka,2025-09-22,2025-09-28,Water supply system,1
Chernihivska,2025-09-15,2025-09-21,Agricultural facilities,1
Chernihivska,2025-09-15,2025-09-21,Government facilities,1
Chernihivska,2025-09-15,2025-09-21,"Health facility (hospital, health clinic)",1
Chernihivska,2025-09-15,2025-09-21,Industrial/Business/Enterprise facilities,3
Chernihivska,2025-09-15,2025-09-21,Road / Highway,1
Chernihivska,2025-09-15,2025-09-21,Total,8
Chernihivska,2025-09-15,2025-09-21,Warehouse,1
Dnipropetrovska,2025-09-15,2025-09-21,Agricultural facilities,4
Dnipropetrovska,2025-09-15,2025-09-21,"Cultural facilities (museum, theater etc.)",1
Dnipropetrovska,2025-09-15,2025-09-21,"Education facility (school, etc.)",11
Dnipropetrovska,2025-09-15,2025-09-21,Electricity supply system,3
Dnipropetrovska,2025-09-15,2025-09-21,Gas supply system,6
Dnipropetrovska,2025-09-15,2025-09-21,Government facilities,6
Dnipropetrovska,2025-09-15,2025-09-21,"Health facility (hospital, health clinic)",1
Dnipropetrovska,2025-09-15,2025-09-21,Industrial/Business/Enterprise facilities,14
Dnipropetrovska,2025-09-15,2025-09-21,Road / Highway,1
Dnipropetrovska,2025-09-15,2025-09-21,Total,49
Dnipropetrovska,2025-09-15,2025-09-21,Warehouse,1
Dnipropetrovska,2025-09-15,2025-09-21,Water supply system,1
Donetska,2025-09-15,2025-09-21,"Cultural facilities (museum, theater etc.)",2
Donetska,2025-09-15,2025-09-21,"Education facility (school, etc.)",3
Donetska,2025-09-15,2025-09-21,Gas supply system,1
Donetska,2025-09-15,2025-09-21,Government facilities,9
Donetska,2025-09-15,2025-09-21,"Health facility (hospital, health clinic)",4
Donetska,2025-09-15,2025-09-21,Industrial/Business/Enterprise facilities,13
Donetska,2025-09-15,2025-09-21,Religious facilities,1
Donetska,2025-09-15,2025-09-21,Total,33
Kharkivska,2025-09-15,2025-09-21,"Cultural facilities (museum, theater etc.)",1
Kharkivska,2025-09-15,2025-09-21,"Education facility (school, etc.)",2
Kharkivska,2025-09-15,2025-09-21,Electricity supply system,4
Kharkivska,2025-09-15,2025-09-21,Fuel depot,1
Kharkivska,2025-09-15,2025-09-21,Heating and water facility,1
Kharkivska,2025-09-15,2025-09-21,Railway,1
Kharkivska,2025-09-15,2025-09-21,Total,18
Kharkivska,2025-09-15,2025-09-21,Warehouse,8
Khersonska,2025-09-15,2025-09-21,Government facilities,1
Khersonska,2025-09-15,2025-09-21,Industrial/Business/Enterprise facilities,1
Khersonska,2025-09-15,2025-09-21,Total,2
Kyivska,2025-09-15,2025-09-21,Total,2
Kyivska,2025-09-15,2025-09-21,Warehouse,2
Mykolaivska,2025-09-15,2025-09-21,Electricity supply system,1
Mykolaivska,2025-09-15,2025-09-21,Industrial/Business/Enterprise facilities,1
Mykolaivska,2025-09-15,2025-09-21,Total,3
Mykolaivska,2025-09-15,2025-09-21,Warehouse,1
Odeska,2025-09-15,2025-09-21,Total,2
Odeska,2025-09-15,2025-09-21,Warehouse,2
Poltavska,2025-09-15,2025-09-21,Fuel depot,1
Poltavska,2025-09-15,2025-09-21,Industrial/Business/Enterprise facilities,2
Poltavska,2025-09-15,2025-09-21,Railway,1
Poltavska,2025-09-15,2025-09-21,Total,4
Sumska,2025-09-15,2025-09-21,Electricity supply system,1
Sumska,2025-09-15,2025-09-21,Total,3
Sumska,2025-09-15,2025-09-21,Warehouse,2
Zaporizka,2025-09-15,2025-09-21,"Education facility (school, etc.)",1
Zaporizka,2025-09-15,2025-09-21,Electricity supply system,1
Zaporizka,2025-09-15,2025-09-21,Gas supply system,2
Zaporizka,2025-09-15,2025-09-21,Industrial/Business/Enterprise facilities,1
Zaporizka,2025-09-15,2025-09-21,Total,5
Cherkaska,2025-09-08,2025-09-14,Agricultural facilities,1
Cherkaska,2025-09-08,2025-09-14,Electricity supply system,1
Cherkaska,2025-09-08,2025-09-14,Total,2
Chernihivska,2025-09-08,2025-09-14,"Education facility (school, etc.)",1
Chernihivska,2025-09-08,2025-09-14,Electricity supply system,1
Chernihivska,2025-09-08,2025-09-14,Fuel depot,1
Chernihivska,2025-09-08,2025-09-14,Government facilities,1
Chernihivska,2025-09-08,2025-09-14,Industrial/Business/Enterprise facilities,2
Chernihivska,2025-09-08,2025-09-14,Total,7
Chernihivska,2025-09-08,2025-09-14,Warehouse,1
Dnipropetrovska,2025-09-08,2025-09-14,Agricultural facilities,4
Dnipropetrovska,2025-09-08,2025-09-14,"Cultural facilities (museum, theater etc.)",2
Dnipropetrovska,2025-09-08,2025-09-14,"Education facility (school, etc.)",4
Dnipropetrovska,2025-09-08,2025-09-14,Electricity supply system,5
Dnipropetrovska,2025-09-08,2025-09-14,Gas supply system,5
Dnipropetrovska,2025-09-08,2025-09-14,Government facilities,5
Dnipropetrovska,2025-09-08,2025-09-14,"Health facility (hospital, health clinic)",4
Dnipropetrovska,2025-09-08,2025-09-14,Industrial/Business/Enterprise facilities,11
Dnipropetrovska,2025-09-08,2025-09-14,Religious facilities,3
Dnipropetrovska,2025-09-08,2025-09-14,Total,43
Donetska,2025-09-08,2025-09-14,Agricultural facilities,1
Donetska,2025-09-08,2025-09-14,"Cultural facilities (museum, theater etc.)",2
Donetska,2025-09-08,2025-09-14,"Education facility (school, etc.)",11
Donetska,2025-09-08,2025-09-14,Electricity supply system,2
Donetska,2025-09-08,2025-09-14,Fuel depot,1
Donetska,2025-09-08,2025-09-14,Gas supply system,2
Donetska,2025-09-08,2025-09-14,Government facilities,12
Donetska,2025-09-08,2025-09-14,"Health facility (hospital, health clinic)",4
Donetska,2025-09-08,2025-09-14,Industrial/Business/Enterprise facilities,17
Donetska,2025-09-08,2025-09-14,Other,2
Donetska,2025-09-08,2025-09-14,Railway,2
Donetska,2025-09-08,2025-09-14,Religious facilities,2
Donetska,2025-09-08,2025-09-14,Road / Highway,2
Donetska,2025-09-08,2025-09-14,Total,61
Donetska,2025-09-08,2025-09-14,Warehouse,1
Kharkivska,2025-09-08,2025-09-14,Agricultural facilities,2
Kharkivska,2025-09-08,2025-09-14,"Cultural facilities (museum, theater etc.)",2
Kharkivska,2025-09-08,2025-09-14,"Education facility (school, etc.)",5
Kharkivska,2025-09-08,2025-09-14,Electricity supply system,3
Kharkivska,2025-09-08,2025-09-14,Government facilities,3
Kharkivska,2025-09-08,2025-09-14,"Health facility (hospital, health clinic)",1
Kharkivska,2025-09-08,2025-09-14,Industrial/Business/Enterprise facilities,4
Kharkivska,2025-09-08,2025-09-14,Other,1
Kharkivska,2025-09-08,2025-09-14,Railway,1
Kharkivska,2025-09-08,2025-09-14,Total,29
Kharkivska,2025-09-08,2025-09-14,Warehouse,7
Khersonska,2025-09-08,2025-09-14,"Education facility (school, etc.)",2
Khersonska,2025-09-08,2025-09-14,Industrial/Business/Enterprise facilities,2
Khersonska,2025-09-08,2025-09-14,Total,4
Khmelnytska,2025-09-08,2025-09-14,Fuel depot,1
Khmelnytska,2025-09-08,2025-09-14,Industrial/Business/Enterprise facilities,1
Khmelnytska,2025-09-08,2025-09-14,Other,1
Khmelnytska,2025-09-08,2025-09-14,Total,3
Kyivska,2025-09-08,2025-09-14,Heating and water facility,1
Kyivska,2025-09-08,2025-09-14,Industrial/Business/Enterprise facilities,3
Kyivska,2025-09-08,2025-09-14,Total,4
Lvivska,2025-09-08,2025-09-14,Total,1
Lvivska,2025-09-08,2025-09-14,Warehouse,1
Mykolaivska,2025-09-08,2025-09-14,Industrial/Business/Enterprise facilities,1
Mykolaivska,2025-09-08,2025-09-14,Total,2
Mykolaivska,2025-09-08,2025-09-14,Warehouse,1
Odeska,2025-09-08,2025-09-14,Total,1
Odeska,2025-09-08,2025-09-14,Warehouse,1
Sumska,2025-09-08,2025-09-14,"Cultural facilities (museum, theater etc.)",2
Sumska,2025-09-08,2025-09-14,"Education facility (school, etc.)",3
Sumska,2025-09-08,2025-09-14,Electricity supply system,1
Sumska,2025-09-08,2025-09-14,"Health facility (hospital, health clinic)",1
Sumska,2025-09-08,2025-09-14,Industrial/Business/Enterprise facilities,9
Sumska,2025-09-08,2025-09-14,Other,1
Sumska,2025-09-08,2025-09-14,Religious facilities,1
Sumska,2025-09-08,2025-09-14,Total,19
Sumska,2025-09-08,2025-09-14,Warehouse,1
Vinnytska,2025-09-08,2025-09-14,"Education facility (school, etc.)",4
Vinnytska,2025-09-08,2025-09-14,Industrial/Business/Enterprise facilities,2
Vinnytska,2025-09-08,2025-09-14,Total,6
Volynska,2025-09-08,2025-09-14,Industrial/Business/Enterprise facilities,1
Volynska,2025-09-08,2025-09-14,Total,1
Zaporizka,2025-09-08,2025-09-14,Government facilities,1
Zaporizka,2025-09-08,2025-09-14,Industrial/Business/Enterprise facilities,1
Zaporizka,2025-09-08,2025-09-14,Total,3
Zaporizka,2025-09-08,2025-09-14,Warehouse,1
Zhytomyrska,2025-09-08,2025-09-14,"Education facility (school, etc.)",6
Zhytomyrska,2025-09-08,2025-09-14,Industrial/Business/Enterprise facilities,1
Zhytomyrska,2025-09-08,2025-09-14,Other,1
Zhytomyrska,2025-09-08,2025-09-14,Total,8
Chernihivska,2025-09-01,2025-09-07,"Education facility (school, etc.)",3
Chernihivska,2025-09-01,2025-09-07,Electricity supply system,2
Chernihivska,2025-09-01,2025-09-07,Fuel depot,1
Chernihivska,2025-09-01,2025-09-07,Industrial/Business/Enterprise facilities,3
Chernihivska,2025-09-01,2025-09-07,Telecommunications,1
Chernihivska,2025-09-01,2025-09-07,Total,10
Dnipropetrovska,2025-09-01,2025-09-07,Agricultural facilities,2
Dnipropetrovska,2025-09-01,2025-09-07,"Education facility (school, etc.)",1
Dnipropetrovska,2025-09-01,2025-09-07,Electricity supply system,3
Dnipropetrovska,2025-09-01,2025-09-07,Fuel depot,2
Dnipropetrovska,2025-09-01,2025-09-07,Gas supply system,2
Dnipropetrovska,2025-09-01,2025-09-07,Government facilities,3
Dnipropetrovska,2025-09-01,2025-09-07,"Health facility (hospital, health clinic)",3
Dnipropetrovska,2025-09-01,2025-09-07,Industrial/Business/Enterprise facilities,6
Dnipropetrovska,2025-09-01,2025-09-07,Total,24
Dnipropetrovska,2025-09-01,2025-09-07,Warehouse,2
Donetska,2025-09-01,2025-09-07,Agricultural facilities,2
Donetska,2025-09-01,2025-09-07,"Education facility (school, etc.)",3
Donetska,2025-09-01,2025-09-07,Electricity supply system,1
Donetska,2025-09-01,2025-09-07,Government facilities,8
Donetska,2025-09-01,2025-09-07,"Health facility (hospital, health clinic)",2
Donetska,2025-09-01,2025-09-07,Industrial/Business/Enterprise facilities,16
Donetska,2025-09-01,2025-09-07,Railway,1
Donetska,2025-09-01,2025-09-07,Total,33
Ivano-Frankivska,2025-09-01,2025-09-07,Total,1
Ivano-Frankivska,2025-09-01,2025-09-07,Warehouse,1
Kharkivska,2025-09-01,2025-09-07,"Education facility (school, etc.)",2
Kharkivska,2025-09-01,2025-09-07,Government facilities,1
Kharkivska,2025-09-01,2025-09-07,Telecommunications,1
Kharkivska,2025-09-01,2025-09-07,Total,5
Kharkivska,2025-09-01,2025-09-07,Warehouse,1
Khmelnytska,2025-09-01,2025-09-07,Agricultural facilities,1
Khmelnytska,2025-09-01,2025-09-07,"Education facility (school, etc.)",1
Khmelnytska,2025-09-01,2025-09-07,Electricity supply system,1
Khmelnytska,2025-09-01,2025-09-07,Government facilities,1
Khmelnytska,2025-09-01,2025-09-07,Total,4
Kirovohradska,2025-09-01,2025-09-07,"Education facility (school, etc.)",1
Kirovohradska,2025-09-01,2025-09-07,Electricity supply system,1
Kirovohradska,2025-09-01,2025-09-07,Total,2
Kyiv,2025-09-01,2025-09-07,"Cultural facilities (museum, theater etc.)",1
Kyiv,2025-09-01,2025-09-07,"Education facility (school, etc.)",5
Kyiv,2025-09-01,2025-09-07,Government facilities,1
Kyiv,2025-09-01,2025-09-07,Total,7
Kyivska,2025-09-01,2025-09-07,"Education facility (school, etc.)",2
Kyivska,2025-09-01,2025-09-07,Industrial/Business/Enterprise facilities,3
Kyivska,2025-09-01,2025-09-07,Other,1
Kyivska,2025-09-01,2025-09-07,Total,8
Kyivska,2025-09-01,2025-09-07,Warehouse,2
Lvivska,2025-09-01,2025-09-07,Gas supply system,1
Lvivska,2025-09-01,2025-09-07,Industrial/Business/Enterprise facilities,1
Lvivska,2025-09-01,2025-09-07,Total,2
Mykolaivska,2025-09-01,2025-09-07,"Education facility (school, etc.)",1
Mykolaivska,2025-09-01,2025-09-07,Electricity supply system,1
Mykolaivska,2025-09-01,2025-09-07,Total,2
Odeska,2025-09-01,2025-09-07,"Cultural facilities (museum, theater etc.)",2
Odeska,2025-09-01,2025-09-07,Harbor,1
Odeska,2025-09-01,2025-09-07,Industrial/Business/Enterprise facilities,4
Odeska,2025-09-01,2025-09-07,Other,1
Odeska,2025-09-01,2025-09-07,Total,10
Odeska,2025-09-01,2025-09-07,Warehouse,2
Poltavska,2025-09-01,2025-09-07,Bridge,1
Poltavska,2025-09-01,2025-09-07,"Cultural facilities (museum, theater etc.)",1
Poltavska,2025-09-01,2025-09-07,Government facilities,1
Poltavska,2025-09-01,2025-09-07,Industrial/Business/Enterprise facilities,1
Poltavska,2025-09-01,2025-09-07,Railway,1
Poltavska,2025-09-01,2025-09-07,Total,5
Sumska,2025-09-01,2025-09-07,Government facilities,1
Sumska,2025-09-01,2025-09-07,Industrial/Business/Enterprise facilities,2
Sumska,2025-09-01,2025-09-07,Other,2
Sumska,2025-09-01,2025-09-07,Road / Highway,1
Sumska,2025-09-01,2025-09-07,Total,6
Zaporizka,2025-09-01,2025-09-07,"Education facility (school, etc.)",2
Zaporizka,2025-09-01,2025-09-07,Electricity supply system,1
Zaporizka,2025-09-01,2025-09-07,Gas supply system,1
Zaporizka,2025-09-01,2025-09-07,Government facilities,1
Zaporizka,2025-09-01,2025-09-07,Industrial/Business/Enterprise facilities,3
Zaporizka,2025-09-01,2025-09-07,Total,8
Chernihivska,2025-08-25,2025-08-31,Electricity supply system,1
Chernihivska,2025-08-25,2025-08-31,Fuel depot,1
Chernihivska,2025-08-25,2025-08-31,Government facilities,1
Chernihivska,2025-08-25,2025-08-31,Industrial/Business/Enterprise facilities,1
Chernihivska,2025-08-25,2025-08-31,Telecommunications,1
Chernihivska,2025-08-25,2025-08-31,Total,6
Chernihivska,2025-08-25,2025-08-31,Warehouse,1
Dnipropetrovska,2025-08-25,2025-08-31,Agricultural facilities,7
Dnipropetrovska,2025-08-25,2025-08-31,"Cultural facilities (museum, theater etc.)",2
Dnipropetrovska,2025-08-25,2025-08-31,"Education facility (school, etc.)",1
Dnipropetrovska,2025-08-25,2025-08-31,Electricity supply system,4
Dnipropetrovska,2025-08-25,2025-08-31,Fuel depot,5
Dnipropetrovska,2025-08-25,2025-08-31,Gas supply system,3
Dnipropetrovska,2025-08-25,2025-08-31,Government facilities,4
Dnipropetrovska,2025-08-25,2025-08-31,"Health facility (hospital, health clinic)",1
Dnipropetrovska,2025-08-25,2025-08-31,Industrial/Business/Enterprise facilities,8
Dnipropetrovska,2025-08-25,2025-08-31,Religious facilities,1
Dnipropetrovska,2025-08-25,2025-08-31,Total,36
Donetska,2025-08-25,2025-08-31,Agricultural facilities,1
Donetska,2025-08-25,2025-08-31,"Cultural facilities (museum, theater etc.)",4
Donetska,2025-08-25,2025-08-31,"Education facility (school, etc.)",7
Donetska,2025-08-25,2025-08-31,Electricity supply system,2
Donetska,2025-08-25,2025-08-31,Government facilities,5
Donetska,2025-08-25,2025-08-31,"Health facility (hospital, health clinic)",1
Donetska,2025-08-25,2025-08-31,Heating and water facility,1
Donetska,2025-08-25,2025-08-31,Industrial/Business/Enterprise facilities,31
Donetska,2025-08-25,2025-08-31,Railway,1
Donetska,2025-08-25,2025-08-31,Total,53
Kharkivska,2025-08-25,2025-08-31,"Education facility (school, etc.)",2
Kharkivska,2025-08-25,2025-08-31,Electricity supply system,3
Kharkivska,2025-08-25,2025-08-31,Gas supply system,1
Kharkivska,2025-08-25,2025-08-31,Total,8
Kharkivska,2025-08-25,2025-08-31,Warehouse,2
Khersonska,2025-08-25,2025-08-31,"Education facility (school, etc.)",1
Khersonska,2025-08-25,2025-08-31,Gas supply system,1
Khersonska,2025-08-25,2025-08-31,Government facilities,1
Khersonska,2025-08-25,2025-08-31,"Health facility (hospital, health clinic)",1
Khersonska,2025-08-25,2025-08-31,Total,4
Kyiv,2025-08-25,2025-08-31,"Education facility (school, etc.)",3
Kyiv,2025-08-25,2025-08-31,Electricity supply system,1
Kyiv,2025-08-25,2025-08-31,Government facilities,3
Kyiv,2025-08-25,2025-08-31,"Health facility (hospital, health clinic)",2
Kyiv,2025-08-25,2025-08-31,Industrial/Business/Enterprise facilities,8
Kyiv,2025-08-25,2025-08-31,Other,2
Kyiv,2025-08-25,2025-08-31,Total,19
Kyivska,2025-08-25,2025-08-31,Electricity supply system,1
Kyivska,2025-08-25,2025-08-31,Total,1
Mykolaivska,2025-08-25,2025-08-31,Agricultural facilities,1
Mykolaivska,2025-08-25,2025-08-31,"Education facility (school, etc.)",1
Mykolaivska,2025-08-25,2025-08-31,Total,2
Odeska,2025-08-25,2025-08-31,Electricity supply system,1
Odeska,2025-08-25,2025-08-31,Government facilities,1
Odeska,2025-08-25,2025-08-31,Total,3
Odeska,2025-08-25,2025-08-31,Warehouse,1
Sumska,2025-08-25,2025-08-31,"Cultural facilities (museum, theater etc.)",1
Sumska,2025-08-25,2025-08-31,"Education facility (school, etc.)",1
Sumska,2025-08-25,2025-08-31,Electricity supply system,2
Sumska,2025-08-25,2025-08-31,Fuel depot,1
Sumska,2025-08-25,2025-08-31,Industrial/Business/Enterprise facilities,3
Sumska,2025-08-25,2025-08-31,Total,11
Sumska,2025-08-25,2025-08-31,Warehouse,2
Sumska,2025-08-25,2025-08-31,Water supply system,1
Vinnytska,2025-08-25,2025-08-31,Railway,1
Vinnytska,2025-08-25,2025-08-31,Total,1
Zaporizka,2025-08-25,2025-08-31,Electricity supply system,1
Zaporizka,2025-08-25,2025-08-31,Gas supply system,2
Zaporizka,2025-08-25,2025-08-31,Industrial/Business/Enterprise facilities,4
Zaporizka,2025-08-25,2025-08-31,Total,7
Chernihivska,2025-08-18,2025-08-24,Telecommunications,2
Chernihivska,2025-08-18,2025-08-24,Total,2
Dnipropetrovska,2025-08-18,2025-08-24,Agricultural facilities,4
Dnipropetrovska,2025-08-18,2025-08-24,"Cultural facilities (museum, theater etc.)",2
Dnipropetrovska,2025-08-18,2025-08-24,"Education facility (school, etc.)",3
Dnipropetrovska,2025-08-18,2025-08-24,Electricity supply system,7
Dnipropetrovska,2025-08-18,2025-08-24,Gas supply system,6
Dnipropetrovska,2025-08-18,2025-08-24,Government facilities,2
Dnipropetrovska,2025-08-18,2025-08-24,Industrial/Business/Enterprise facilities,6
Dnipropetrovska,2025-08-18,2025-08-24,Total,30
Donetska,2025-08-18,2025-08-24,Agricultural facilities,2
Donetska,2025-08-18,2025-08-24,"Cultural facilities (museum, theater etc.)",2
Donetska,2025-08-18,2025-08-24,"Education facility (school, etc.)",9
Donetska,2025-08-18,2025-08-24,Electricity supply system,2
Donetska,2025-08-18,2025-08-24,Gas supply system,3
Donetska,2025-08-18,2025-08-24,Government facilities,13
Donetska,2025-08-18,2025-08-24,"Health facility (hospital, health clinic)",4
Donetska,2025-08-18,2025-08-24,Heating and water facility,2
Donetska,2025-08-18,2025-08-24,Industrial/Business/Enterprise facilities,17
Donetska,2025-08-18,2025-08-24,Road / Highway,1
Donetska,2025-08-18,2025-08-24,Total,58
Donetska,2025-08-18,2025-08-24,Warehouse,3
Kharkivska,2025-08-18,2025-08-24,Agricultural facilities,3
Kharkivska,2025-08-18,2025-08-24,"Education facility (school, etc.)",2
Kharkivska,2025-08-18,2025-08-24,Electricity supply system,2
Kharkivska,2025-08-18,2025-08-24,Government facilities,1
Kharkivska,2025-08-18,2025-08-24,"Health facility (hospital, health clinic)",2
Kharkivska,2025-08-18,2025-08-24,Industrial/Business/Enterprise facilities,2
Kharkivska,2025-08-18,2025-08-24,Total,14
Kharkivska,2025-08-18,2025-08-24,Warehouse,2
Khersonska,2025-08-18,2025-08-24,"Education facility (school, etc.)",3
Khersonska,2025-08-18,2025-08-24,Government facilities,1
Khersonska,2025-08-18,2025-08-24,"Health facility (hospital, health clinic)",1
Khersonska,2025-08-18,2025-08-24,Industrial/Business/Enterprise facilities,2
Khersonska,2025-08-18,2025-08-24,Road / Highway,1
Khersonska,2025-08-18,2025-08-24,Total,8
Kyivska,2025-08-18,2025-08-24,Total,1
Kyivska,2025-08-18,2025-08-24,Warehouse,1
Lvivska,2025-08-18,2025-08-24,"Education facility (school, etc.)",1
Lvivska,2025-08-18,2025-08-24,Government facilities,3
Lvivska,2025-08-18,2025-08-24,Industrial/Business/Enterprise facilities,1
Lvivska,2025-08-18,2025-08-24,Total,5
Odeska,2025-08-18,2025-08-24,Fuel depot,1
Odeska,2025-08-18,2025-08-24,Gas supply system,1
Odeska,2025-08-18,2025-08-24,Harbor,1
Odeska,2025-08-18,2025-08-24,Industrial/Business/Enterprise facilities,2
Odeska,2025-08-18,2025-08-24,Total,6
Odeska,2025-08-18,2025-08-24,Water supply system,1
Poltavska,2025-08-18,2025-08-24,"Education facility (school, etc.)",1
Poltavska,2025-08-18,2025-08-24,Industrial/Business/Enterprise facilities,1
Poltavska,2025-08-18,2025-08-24,Total,2
Sumska,2025-08-18,2025-08-24,Agricultural facilities,2
Sumska,2025-08-18,2025-08-24,"Education facility (school, etc.)",2
Sumska,2025-08-18,2025-08-24,Electricity supply system,1
Sumska,2025-08-18,2025-08-24,Gas supply system,1
Sumska,2025-08-18,2025-08-24,Government facilities,3
Sumska,2025-08-18,2025-08-24,Industrial/Business/Enterprise facilities,3
Sumska,2025-08-18,2025-08-24,Religious facilities,1
Sumska,2025-08-18,2025-08-24,Total,15
Sumska,2025-08-18,2025-08-24,Warehouse,2
Volynska,2025-08-18,2025-08-24,Industrial/Business/Enterprise facilities,1
Volynska,2025-08-18,2025-08-24,Total,1
Zakarpatska,2025-08-18,2025-08-24,Electricity supply system,1
Zakarpatska,2025-08-18,2025-08-24,Industrial/Business/Enterprise facilities,7
Zakarpatska,2025-08-18,2025-08-24,Total,9
Zakarpatska,2025-08-18,2025-08-24,Warehouse,1
Zaporizka,2025-08-18,2025-08-24,"Education facility (school, etc.)",1
Zaporizka,2025-08-18,2025-08-24,Industrial/Business/Enterprise facilities,4
Zaporizka,2025-08-18,2025-08-24,Road / Highway,1
Zaporizka,2025-08-18,2025-08-24,Total,6
Chernihivska,2025-08-11,2025-08-17,Telecommunications,1
Chernihivska,2025-08-11,2025-08-17,Total,3
Chernihivska,2025-08-11,2025-08-17,Warehouse,2
Dnipropetrovska,2025-08-11,2025-08-17,Agricultural facilities,4
Dnipropetrovska,2025-08-11,2025-08-17,"Cultural facilities (museum, theater etc.)",1
Dnipropetrovska,2025-08-11,2025-08-17,"Education facility (school, etc.)",2
Dnipropetrovska,2025-08-11,2025-08-17,Electricity supply system,5
Dnipropetrovska,2025-08-11,2025-08-17,Gas supply system,2
Dnipropetrovska,2025-08-11,2025-08-17,Government facilities,2
Dnipropetrovska,2025-08-11,2025-08-17,"Health facility (hospital, health clinic)",1
Dnipropetrovska,2025-08-11,2025-08-17,Industrial/Business/Enterprise facilities,11
Dnipropetrovska,2025-08-11,2025-08-17,Total,28
Donetska,2025-08-11,2025-08-17,"Cultural facilities (museum, theater etc.)",1
Donetska,2025-08-11,2025-08-17,"Education facility (school, etc.)",6
Donetska,2025-08-11,2025-08-17,Government facilities,2
Donetska,2025-08-11,2025-08-17,Industrial/Business/Enterprise facilities,8
Donetska,2025-08-11,2025-08-17,Religious facilities,1
Donetska,2025-08-11,2025-08-17,Total,18
Kharkivska,2025-08-11,2025-08-17,Electricity supply system,2
Kharkivska,2025-08-11,2025-08-17,Gas supply system,1
Kharkivska,2025-08-11,2025-08-17,Other,1
Kharkivska,2025-08-11,2025-08-17,Total,5
Kharkivska,2025-08-11,2025-08-17,Warehouse,1
Khersonska,2025-08-11,2025-08-17,"Education facility (school, etc.)",3
Khersonska,2025-08-11,2025-08-17,"Health facility (hospital, health clinic)",2
Khersonska,2025-08-11,2025-08-17,Total,5
Mykolaivska,2025-08-11,2025-08-17,Agricultural facilities,1
Mykolaivska,2025-08-11,2025-08-17,Total,1
Sumska,2025-08-11,2025-08-17,"Education facility (school, etc.)",3
Sumska,2025-08-11,2025-08-17,Electricity supply system,1
Sumska,2025-08-11,2025-08-17,Fuel depot,1
Sumska,2025-08-11,2025-08-17,Industrial/Business/Enterprise facilities,3
Sumska,2025-08-11,2025-08-17,Total,11
Sumska,2025-08-11,2025-08-17,Warehouse,3
Chernihivska,2025-08-04,2025-08-10,"Cultural facilities (museum, theater etc.)",2
Chernihivska,2025-08-04,2025-08-10,"Education facility (school, etc.)",2
Chernihivska,2025-08-04,2025-08-10,Industrial/Business/Enterprise facilities,2
Chernihivska,2025-08-04,2025-08-10,Telecommunications,1
Chernihivska,2025-08-04,2025-08-10,Total,9
Chernihivska,2025-08-04,2025-08-10,Warehouse,2
Dnipropetrovska,2025-08-04,2025-08-10,Agricultural facilities,3
Dnipropetrovska,2025-08-04,2025-08-10,"Cultural facilities (museum, theater etc.)",1
Dnipropetrovska,2025-08-04,2025-08-10,"Education facility (school, etc.)",2
Dnipropetrovska,2025-08-04,2025-08-10,Electricity supply system,5
Dnipropetrovska,2025-08-04,2025-08-10,Gas supply system,2
Dnipropetrovska,2025-08-04,2025-08-10,Government facilities,5
Dnipropetrovska,2025-08-04,2025-08-10,Industrial/Business/Enterprise facilities,9
Dnipropetrovska,2025-08-04,2025-08-10,Railway,1
Dnipropetrovska,2025-08-04,2025-08-10,Total,28
Donetska,2025-08-04,2025-08-10,"Cultural facilities (museum, theater etc.)",1
Donetska,2025-08-04,2025-08-10,"Education facility (school, etc.)",5
Donetska,2025-08-04,2025-08-10,Electricity supply system,3
Donetska,2025-08-04,2025-08-10,Gas supply system,3
Donetska,2025-08-04,2025-08-10,Government facilities,4
Donetska,2025-08-04,2025-08-10,"Health facility (hospital, health clinic)",3
Donetska,2025-08-04,2025-08-10,Industrial/Business/Enterprise facilities,7
Donetska,2025-08-04,2025-08-10,Religious facilities,1
Donetska,2025-08-04,2025-08-10,Total,28
Donetska,2025-08-04,2025-08-10,Warehouse,1
Kharkivska,2025-08-04,2025-08-10,Agricultural facilities,1
Kharkivska,2025-08-04,2025-08-10,"Cultural facilities (museum, theater etc.)",1
Kharkivska,2025-08-04,2025-08-10,"Education facility (school, etc.)",4
Kharkivska,2025-08-04,2025-08-10,Fuel depot,1
Kharkivska,2025-08-04,2025-08-10,Government facilities,1
Kharkivska,2025-08-04,2025-08-10,"Health facility (hospital, health clinic)",2
Kharkivska,2025-08-04,2025-08-10,Industrial/Business/Enterprise facilities,6
Kharkivska,2025-08-04,2025-08-10,Railway,2
Kharkivska,2025-08-04,2025-08-10,Road / Highway,1
Kharkivska,2025-08-04,2025-08-10,Total,21
Kharkivska,2025-08-04,2025-08-10,Warehouse,2
Khersonska,2025-08-04,2025-08-10,"Education facility (school, etc.)",2
Khersonska,2025-08-04,2025-08-10,Fuel depot,1
Khersonska,2025-08-04,2025-08-10,Government facilities,1
Khersonska,2025-08-04,2025-08-10,Road / Highway,1
Khersonska,2025-08-04,2025-08-10,Total,5
Kyivska,2025-08-04,2025-08-10,"Education facility (school, etc.)",1
Kyivska,2025-08-04,2025-08-10,Religious facilities,1
Kyivska,2025-08-04,2025-08-10,Total,2
Odeska,2025-08-04,2025-08-10,"Education facility (school, etc.)",1
Odeska,2025-08-04,2025-08-10,Fuel depot,1
Odeska,2025-08-04,2025-08-10,Gas supply system,1
Odeska,2025-08-04,2025-08-10,Industrial/Business/Enterprise facilities,2
Odeska,2025-08-04,2025-08-10,Total,8
Odeska,2025-08-04,2025-08-10,Warehouse,2
Odeska,2025-08-04,2025-08-10,Water supply system,1
Sumska,2025-08-04,2025-08-10,Agricultural facilities,2
Sumska,2025-08-04,2025-08-10,"Cultural facilities (museum, theater etc.)",2
Sumska,2025-08-04,2025-08-10,"Education facility (school, etc.)",2
Sumska,2025-08-04,2025-08-10,Gas supply system,1
Sumska,2025-08-04,2025-08-10,Government facilities,2
Sumska,2025-08-04,2025-08-10,Industrial/Business/Enterprise facilities,6
Sumska,2025-08-04,2025-08-10,Other,1
Sumska,2025-08-04,2025-08-10,Total,16
Zaporizka,2025-08-04,2025-08-10,Government facilities,1
Zaporizka,2025-08-04,2025-08-10,"Health facility (hospital, health clinic)",1
Zaporizka,2025-08-04,2025-08-10,Industrial/Business/Enterprise facilities,1
Zaporizka,2025-08-04,2025-08-10,Other,1
Zaporizka,2025-08-04,2025-08-10,Total,4
Dnipropetrovska,2025-07-28,2025-08-03,Agricultural facilities,6
Dnipropetrovska,2025-07-28,2025-08-03,"Education facility (school, etc.)",8
Dnipropetrovska,2025-07-28,2025-08-03,Electricity supply system,5
Dnipropetrovska,2025-07-28,2025-08-03,Fuel depot,1
Dnipropetrovska,2025-07-28,2025-08-03,Gas supply system,4
Dnipropetrovska,2025-07-28,2025-08-03,Government facilities,8
Dnipropetrovska,2025-07-28,2025-08-03,"Health facility (hospital, health clinic)",2
Dnipropetrovska,2025-07-28,2025-08-03,Industrial/Business/Enterprise facilities,14
Dnipropetrovska,2025-07-28,2025-08-03,Railway,1
Dnipropetrovska,2025-07-28,2025-08-03,Total,49
Donetska,2025-07-28,2025-08-03,Bridge,1
Donetska,2025-07-28,2025-08-03,"Education facility (school, etc.)",6
Donetska,2025-07-28,2025-08-03,Gas supply system,1
Donetska,2025-07-28,2025-08-03,Government facilities,7
Donetska,2025-07-28,2025-08-03,"Health facility (hospital, health clinic)",2
Donetska,2025-07-28,2025-08-03,Industrial/Business/Enterprise facilities,13
Donetska,2025-07-28,2025-08-03,Railway,1
Donetska,2025-07-28,2025-08-03,Total,32
Donetska,2025-07-28,2025-08-03,Warehouse,1
Kharkivska,2025-07-28,2025-08-03,Electricity supply system,1
Kharkivska,2025-07-28,2025-08-03,Government facilities,1
Kharkivska,2025-07-28,2025-08-03,"Health facility (hospital, health clinic)",1
Kharkivska,2025-07-28,2025-08-03,Industrial/Business/Enterprise facilities,4
Kharkivska,2025-07-28,2025-08-03,Total,8
Kharkivska,2025-07-28,2025-08-03,Warehouse,1
Khersonska,2025-07-28,2025-08-03,Bridge,1
Khersonska,2025-07-28,2025-08-03,"Education facility (school, etc.)",1
Khersonska,2025-07-28,2025-08-03,Gas supply system,1
Khersonska,2025-07-28,2025-08-03,Government facilities,1
Khersonska,2025-07-28,2025-08-03,Industrial/Business/Enterprise facilities,1
Khersonska,2025-07-28,2025-08-03,Total,5
Kirovohradska,2025-07-28,2025-08-03,"Cultural facilities (museum, theater etc.)",1
Kirovohradska,2025-07-28,2025-08-03,"Education facility (school, etc.)",1
Kirovohradska,2025-07-28,2025-08-03,Government facilities,1
Kirovohradska,2025-07-28,2025-08-03,Industrial/Business/Enterprise facilities,1
Kirovohradska,2025-07-28,2025-08-03,Total,4
Kyiv,2025-07-28,2025-08-03,"Cultural facilities (museum, theater etc.)",2
Kyiv,2025-07-28,2025-08-03,"Education facility (school, etc.)",1
Kyiv,2025-07-28,2025-08-03,Electricity supply system,1
Kyiv,2025-07-28,2025-08-03,"Health facility (hospital, health clinic)",3
Kyiv,2025-07-28,2025-08-03,Industrial/Business/Enterprise facilities,1
Kyiv,2025-07-28,2025-08-03,Other,3
Kyiv,2025-07-28,2025-08-03,Religious facilities,1
Kyiv,2025-07-28,2025-08-03,Total,13
Kyiv,2025-07-28,2025-08-03,Warehouse,1
Kyivska,2025-07-28,2025-08-03,Industrial/Business/Enterprise facilities,4
Kyivska,2025-07-28,2025-08-03,Total,5
Kyivska,2025-07-28,2025-08-03,Warehouse,1
Mykolaivska,2025-07-28,2025-08-03,Electricity supply system,1
Mykolaivska,2025-07-28,2025-08-03,Gas supply system,1
Mykolaivska,2025-07-28,2025-08-03,Industrial/Business/Enterprise facilities,2
Mykolaivska,2025-07-28,2025-08-03,Total,4
Sumska,2025-07-28,2025-08-03,"Cultural facilities (museum, theater etc.)",1
Sumska,2025-07-28,2025-08-03,Government facilities,2
Sumska,2025-07-28,2025-08-03,Industrial/Business/Enterprise facilities,4
Sumska,2025-07-28,2025-08-03,Religious facilities,1
Sumska,2025-07-28,2025-08-03,Total,8
Zaporizka,2025-07-28,2025-08-03,"Cultural facilities (museum, theater etc.)",1
Zaporizka,2025-07-28,2025-08-03,"Education facility (school, etc.)",3
Zaporizka,2025-07-28,2025-08-03,Government facilities,1
Zaporizka,2025-07-28,2025-08-03,"Health facility (hospital, health clinic)",2
Zaporizka,2025-07-28,2025-08-03,Total,7
Cherkaska,2025-07-21,2025-07-27,"Education facility (school, etc.)",1
Cherkaska,2025-07-21,2025-07-27,Gas supply system,1
Cherkaska,2025-07-21,2025-07-27,Government facilities,2
Cherkaska,2025-07-21,2025-07-27,"Health facility (hospital, health clinic)",1
Cherkaska,2025-07-21,2025-07-27,Heating and water facility,1
Cherkaska,2025-07-21,2025-07-27,Other,1
Cherkaska,2025-07-21,2025-07-27,Total,7
Dnipropetrovska,2025-07-21,2025-07-27,Agricultural facilities,5
Dnipropetrovska,2025-07-21,2025-07-27,"Cultural facilities (museum, theater etc.)",2
Dnipropetrovska,2025-07-21,2025-07-27,"Education facility (school, etc.)",8
Dnipropetrovska,2025-07-21,2025-07-27,Electricity supply system,6
Dnipropetrovska,2025-07-21,2025-07-27,Gas supply system,3
Dnipropetrovska,2025-07-21,2025-07-27,Government facilities,7
Dnipropetrovska,2025-07-21,2025-07-27,"Health facility (hospital, health clinic)",2
Dnipropetrovska,2025-07-21,2025-07-27,Industrial/Business/Enterprise facilities,19
Dnipropetrovska,2025-07-21,2025-07-27,Religious facilities,1
Dnipropetrovska,2025-07-21,2025-07-27,Total,54
Dnipropetrovska,2025-07-21,2025-07-27,Warehouse,1
Donetska,2025-07-21,2025-07-27,Agricultural facilities,2
Donetska,2025-07-21,2025-07-27,"Cultural facilities (museum, theater etc.)",2
Donetska,2025-07-21,2025-07-27,"Education facility (school, etc.)",9
Donetska,2025-07-21,2025-07-27,Electricity supply system,1
Donetska,2025-07-21,2025-07-27,Fuel depot,1
Donetska,2025-07-21,2025-07-27,Gas supply system,1
Donetska,2025-07-21,2025-07-27,Government facilities,7
Donetska,2025-07-21,2025-07-27,"Health facility (hospital, health clinic)",1
Donetska,2025-07-21,2025-07-27,Heating and water facility,1
Donetska,2025-07-21,2025-07-27,Industrial/Business/Enterprise facilities,10
Donetska,2025-07-21,2025-07-27,Total,35
Ivano-Frankivska,2025-07-21,2025-07-27,Electricity supply system,1
Ivano-Frankivska,2025-07-21,2025-07-27,Industrial/Business/Enterprise facilities,1
Ivano-Frankivska,2025-07-21,2025-07-27,Total,2
Kharkivska,2025-07-21,2025-07-27,Agricultural facilities,1
Kharkivska,2025-07-21,2025-07-27,"Education facility (school, etc.)",1
Kharkivska,2025-07-21,2025-07-27,Electricity supply system,2
Kharkivska,2025-07-21,2025-07-27,Gas supply system,1
Kharkivska,2025-07-21,2025-07-27,Government facilities,1
Kharkivska,2025-07-21,2025-07-27,"Health facility (hospital, health clinic)",1
Kharkivska,2025-07-21,2025-07-27,Heating and water facility,1
Kharkivska,2025-07-21,2025-07-27,Industrial/Business/Enterprise facilities,5
Kharkivska,2025-07-21,2025-07-27,Road / Highway,5
Kharkivska,2025-07-21,2025-07-27,Total,21
Kharkivska,2025-07-21,2025-07-27,Warehouse,3
Khersonska,2025-07-21,2025-07-27,"Cultural facilities (museum, theater etc.)",1
Khersonska,2025-07-21,2025-07-27,"Education facility (school, etc.)",3
Khersonska,2025-07-21,2025-07-27,"Health facility (hospital, health clinic)",4
Khersonska,2025-07-21,2025-07-27,Industrial/Business/Enterprise facilities,1
Khersonska,2025-07-21,2025-07-27,Total,9
Kyiv,2025-07-21,2025-07-27,"Education facility (school, etc.)",1
Kyiv,2025-07-21,2025-07-27,Government facilities,1
Kyiv,2025-07-21,2025-07-27,Industrial/Business/Enterprise facilities,2
Kyiv,2025-07-21,2025-07-27,Other,1
Kyiv,2025-07-21,2025-07-27,Total,7
Kyiv,2025-07-21,2025-07-27,Warehouse,2
Kyivska,2025-07-21,2025-07-27,Total,1
Kyivska,2025-07-21,2025-07-27,Warehouse,1
Mykolaivska,2025-07-21,2025-07-27,"Education facility (school, etc.)",1
Mykolaivska,2025-07-21,2025-07-27,Heating and water facility,1
Mykolaivska,2025-07-21,2025-07-27,Other,1
Mykolaivska,2025-07-21,2025-07-27,Total,5
Mykolaivska,2025-07-21,2025-07-27,Warehouse,2
Odeska,2025-07-21,2025-07-27,"Cultural facilities (museum, theater etc.)",8
Odeska,2025-07-21,2025-07-27,"Education facility (school, etc.)",3
Odeska,2025-07-21,2025-07-27,Fuel depot,1
Odeska,2025-07-21,2025-07-27,Government facilities,1
Odeska,2025-07-21,2025-07-27,Industrial/Business/Enterprise facilities,2
Odeska,2025-07-21,2025-07-27,Total,15
Sumska,2025-07-21,2025-07-27,"Cultural facilities (museum, theater etc.)",1
Sumska,2025-07-21,2025-07-27,"Education facility (school, etc.)",1
Sumska,2025-07-21,2025-07-27,Fuel depot,2
Sumska,2025-07-21,2025-07-27,Government facilities,3
Sumska,2025-07-21,2025-07-27,"Health facility (hospital, health clinic)",1
Sumska,2025-07-21,2025-07-27,Industrial/Business/Enterprise facilities,5
Sumska,2025-07-21,2025-07-27,Total,14
Sumska,2025-07-21,2025-07-27,Warehouse,1
Zaporizka,2025-07-21,2025-07-27,Electricity supply system,1
Zaporizka,2025-07-21,2025-07-27,Government facilities,1
Zaporizka,2025-07-21,2025-07-27,Other,1
Zaporizka,2025-07-21,2025-07-27,Total,4
Zaporizka,2025-07-21,2025-07-27,Warehouse,1
Cherkaska,2025-07-14,2025-07-20,Agricultural facilities,1
Cherkaska,2025-07-14,2025-07-20,Electricity supply system,1
Cherkaska,2025-07-14,2025-07-20,Total,2
Chernihivska,2025-07-14,2025-07-20,Agricultural facilities,1
Chernihivska,2025-07-14,2025-07-20,Government facilities,2
Chernihivska,2025-07-14,2025-07-20,Total,3
Dnipropetrovska,2025-07-14,2025-07-20,Agricultural facilities,6
Dnipropetrovska,2025-07-14,2025-07-20,"Cultural facilities (museum, theater etc.)",2
Dnipropetrovska,2025-07-14,2025-07-20,"Education facility (school, etc.)",5
Dnipropetrovska,2025-07-14,2025-07-20,Electricity supply system,5
Dnipropetrovska,2025-07-14,2025-07-20,Gas supply system,6
Dnipropetrovska,2025-07-14,2025-07-20,Government facilities,5
Dnipropetrovska,2025-07-14,2025-07-20,"Health facility (hospital, health clinic)",3
Dnipropetrovska,2025-07-14,2025-07-20,Industrial/Business/Enterprise facilities,16
Dnipropetrovska,2025-07-14,2025-07-20,Other,1
Dnipropetrovska,2025-07-14,2025-07-20,Religious facilities,1
Dnipropetrovska,2025-07-14,2025-07-20,Road / Highway,1
Dnipropetrovska,2025-07-14,2025-07-20,Total,51
Donetska,2025-07-14,2025-07-20,Agricultural facilities,3
Donetska,2025-07-14,2025-07-20,"Cultural facilities (museum, theater etc.)",2
Donetska,2025-07-14,2025-07-20,"Education facility (school, etc.)",7
Donetska,2025-07-14,2025-07-20,Fuel depot,1
Donetska,2025-07-14,2025-07-20,Gas supply system,2
Donetska,2025-07-14,2025-07-20,Government facilities,7
Donetska,2025-07-14,2025-07-20,"Health facility (hospital, health clinic)",1
Donetska,2025-07-14,2025-07-20,Industrial/Business/Enterprise facilities,6
Donetska,2025-07-14,2025-07-20,Other,1
Donetska,2025-07-14,2025-07-20,Road / Highway,1
Donetska,2025-07-14,2025-07-20,Total,35
Donetska,2025-07-14,2025-07-20,Warehouse,4
Kharkivska,2025-07-14,2025-07-20,"Cultural facilities (museum, theater etc.)",1
Kharkivska,2025-07-14,2025-07-20,"Education facility (school, etc.)",1
Kharkivska,2025-07-14,2025-07-20,Government facilities,3
Kharkivska,2025-07-14,2025-07-20,"Health facility (hospital, health clinic)",1
Kharkivska,2025-07-14,2025-07-20,Heating and water facility,1
Kharkivska,2025-07-14,2025-07-20,Industrial/Business/Enterprise facilities,4
Kharkivska,2025-07-14,2025-07-20,Other,1
Kharkivska,2025-07-14,2025-07-20,Road / Highway,2
Kharkivska,2025-07-14,2025-07-20,Total,16
Kharkivska,2025-07-14,2025-07-20,Water supply system,2
Khersonska,2025-07-14,2025-07-20,"Education facility (school, etc.)",2
Khersonska,2025-07-14,2025-07-20,Government facilities,5
Khersonska,2025-07-14,2025-07-20,"Health facility (hospital, health clinic)",2
Khersonska,2025-07-14,2025-07-20,Heating and water facility,1
Khersonska,2025-07-14,2025-07-20,Religious facilities,1
Khersonska,2025-07-14,2025-07-20,Total,11
Kirovohradska,2025-07-14,2025-07-20,Agricultural facilities,1
Kirovohradska,2025-07-14,2025-07-20,Total,1
Kyivska,2025-07-14,2025-07-20,Total,2
Kyivska,2025-07-14,2025-07-20,Warehouse,2
Mykolaivska,2025-07-14,2025-07-20,Agricultural facilities,1
Mykolaivska,2025-07-14,2025-07-20,"Education facility (school, etc.)",1
Mykolaivska,2025-07-14,2025-07-20,Electricity supply system,1
Mykolaivska,2025-07-14,2025-07-20,Industrial/Business/Enterprise facilities,2
Mykolaivska,2025-07-14,2025-07-20,Total,5
Odeska,2025-07-14,2025-07-20,Government facilities,1
Odeska,2025-07-14,2025-07-20,"Health facility (hospital, health clinic)",2
Odeska,2025-07-14,2025-07-20,Industrial/Business/Enterprise facilities,3
Odeska,2025-07-14,2025-07-20,Total,6
Sumska,2025-07-14,2025-07-20,Agricultural facilities,1
Sumska,2025-07-14,2025-07-20,"Education facility (school, etc.)",4
Sumska,2025-07-14,2025-07-20,Electricity supply system,1
Sumska,2025-07-14,2025-07-20,Government facilities,1
Sumska,2025-07-14,2025-07-20,"Health facility (hospital, health clinic)",2
Sumska,2025-07-14,2025-07-20,Industrial/Business/Enterprise facilities,2
Sumska,2025-07-14,2025-07-20,Religious facilities,1
Sumska,2025-07-14,2025-07-20,Total,12
Vinnytska,2025-07-14,2025-07-20,Heating and water facility,1
Vinnytska,2025-07-14,2025-07-20,Industrial/Business/Enterprise facilities,3
Vinnytska,2025-07-14,2025-07-20,Total,4
Zaporizka,2025-07-14,2025-07-20,Government facilities,1
Zaporizka,2025-07-14,2025-07-20,Industrial/Business/Enterprise facilities,1
Zaporizka,2025-07-14,2025-07-20,Total,3
Zaporizka,2025-07-14,2025-07-20,Warehouse,1
Chernihivska,2025-07-07,2025-07-13,Government facilities,1
Chernihivska,2025-07-07,2025-07-13,"Health facility (hospital, health clinic)",1
Chernihivska,2025-07-07,2025-07-13,Total,2
Chernivetska,2025-07-07,2025-07-13,"Education facility (school, etc.)",1
Chernivetska,2025-07-07,2025-07-13,Government facilities,1
Chernivetska,2025-07-07,2025-07-13,Industrial/Business/Enterprise facilities,1
Chernivetska,2025-07-07,2025-07-13,Total,3
Dnipropetrovska,2025-07-07,2025-07-13,Agricultural facilities,9
Dnipropetrovska,2025-07-07,2025-07-13,"Education facility (school, etc.)",5
Dnipropetrovska,2025-07-07,2025-07-13,Electricity supply system,8
Dnipropetrovska,2025-07-07,2025-07-13,Fuel depot,1
Dnipropetrovska,2025-07-07,2025-07-13,Gas supply system,5
Dnipropetrovska,2025-07-07,2025-07-13,Government facilities,1
Dnipropetrovska,2025-07-07,2025-07-13,"Health facility (hospital, health clinic)",2
Dnipropetrovska,2025-07-07,2025-07-13,Industrial/Business/Enterprise facilities,6
Dnipropetrovska,2025-07-07,2025-07-13,Total,37
Donetska,2025-07-07,2025-07-13,"Cultural facilities (museum, theater etc.)",1
Donetska,2025-07-07,2025-07-13,"Education facility (school, etc.)",8
Donetska,2025-07-07,2025-07-13,Electricity supply system,1
Donetska,2025-07-07,2025-07-13,Fuel depot,1
Donetska,2025-07-07,2025-07-13,Gas supply system,3
Donetska,2025-07-07,2025-07-13,Government facilities,8
Donetska,2025-07-07,2025-07-13,"Health facility (hospital, health clinic)",1
Donetska,2025-07-07,2025-07-13,Heating and water facility,1
Donetska,2025-07-07,2025-07-13,Industrial/Business/Enterprise facilities,22
Donetska,2025-07-07,2025-07-13,Railway,4
Donetska,2025-07-07,2025-07-13,Religious facilities,1
Donetska,2025-07-07,2025-07-13,Total,51
Kharkivska,2025-07-07,2025-07-13,Agricultural facilities,1
Kharkivska,2025-07-07,2025-07-13,"Cultural facilities (museum, theater etc.)",26
Kharkivska,2025-07-07,2025-07-13,"Education facility (school, etc.)",4
Kharkivska,2025-07-07,2025-07-13,Electricity supply system,1
Kharkivska,2025-07-07,2025-07-13,Government facilities,2
Kharkivska,2025-07-07,2025-07-13,"Health facility (hospital, health clinic)",3
Kharkivska,2025-07-07,2025-07-13,Industrial/Business/Enterprise facilities,5
Kharkivska,2025-07-07,2025-07-13,Road / Highway,1
Kharkivska,2025-07-07,2025-07-13,Telecommunications,2
Kharkivska,2025-07-07,2025-07-13,Total,47
Kharkivska,2025-07-07,2025-07-13,Warehouse,1
Kharkivska,2025-07-07,2025-07-13,Water supply system,1
Khersonska,2025-07-07,2025-07-13,"Education facility (school, etc.)",6
Khersonska,2025-07-07,2025-07-13,Electricity supply system,1
Khersonska,2025-07-07,2025-07-13,"Health facility (hospital, health clinic)",2
Khersonska,2025-07-07,2025-07-13,Railway,1
Khersonska,2025-07-07,2025-07-13,Road / Highway,1
Khersonska,2025-07-07,2025-07-13,Total,11
Khmelnytska,2025-07-07,2025-07-13,Electricity supply system,1
Khmelnytska,2025-07-07,2025-07-13,Total,1
Kyiv,2025-07-07,2025-07-13,"Education facility (school, etc.)",1
Kyiv,2025-07-07,2025-07-13,Electricity supply system,1
Kyiv,2025-07-07,2025-07-13,Fuel depot,1
Kyiv,2025-07-07,2025-07-13,Gas supply system,1
Kyiv,2025-07-07,2025-07-13,Government facilities,2
Kyiv,2025-07-07,2025-07-13,"Health facility (hospital, health clinic)",1
Kyiv,2025-07-07,2025-07-13,Heating and water facility,1
Kyiv,2025-07-07,2025-07-13,Industrial/Business/Enterprise facilities,6
Kyiv,2025-07-07,2025-07-13,Total,16
Kyiv,2025-07-07,2025-07-13,Warehouse,1
Kyiv,2025-07-07,2025-07-13,Water supply system,1
Kyivska,2025-07-07,2025-07-13,Industrial/Business/Enterprise facilities,1
Kyivska,2025-07-07,2025-07-13,Total,1
Lvivska,2025-07-07,2025-07-13,Gas supply system,1
Lvivska,2025-07-07,2025-07-13,Industrial/Business/Enterprise facilities,21
Lvivska,2025-07-07,2025-07-13,Total,23
Lvivska,2025-07-07,2025-07-13,Water supply system,1
Mykolaivska,2025-07-07,2025-07-13,Agricultural facilities,2
Mykolaivska,2025-07-07,2025-07-13,Electricity supply system,1
Mykolaivska,2025-07-07,2025-07-13,Industrial/Business/Enterprise facilities,2
Mykolaivska,2025-07-07,2025-07-13,Total,6
Mykolaivska,2025-07-07,2025-07-13,Warehouse,1
Odeska,2025-07-07,2025-07-13,Government facilities,1
Odeska,2025-07-07,2025-07-13,Industrial/Business/Enterprise facilities,1
Odeska,2025-07-07,2025-07-13,Other,1
Odeska,2025-07-07,2025-07-13,Total,3
Sumska,2025-07-07,2025-07-13,"Education facility (school, etc.)",3
Sumska,2025-07-07,2025-07-13,Electricity supply system,1
Sumska,2025-07-07,2025-07-13,Government facilities,2
Sumska,2025-07-07,2025-07-13,Heating and water facility,1
Sumska,2025-07-07,2025-07-13,Industrial/Business/Enterprise facilities,2
Sumska,2025-07-07,2025-07-13,Total,9
Volynska,2025-07-07,2025-07-13,Electricity supply system,2
Volynska,2025-07-07,2025-07-13,Industrial/Business/Enterprise facilities,1
Volynska,2025-07-07,2025-07-13,Total,4
Volynska,2025-07-07,2025-07-13,Warehouse,1
Zaporizka,2025-07-07,2025-07-13,Agricultural facilities,1
Zaporizka,2025-07-07,2025-07-13,"Education facility (school, etc.)",2
Zaporizka,2025-07-07,2025-07-13,Government facilities,1
Zaporizka,2025-07-07,2025-07-13,Industrial/Business/Enterprise facilities,1
Zaporizka,2025-07-07,2025-07-13,Total,5
Chernihivska,2025-06-30,2025-07-06,Government facilities,1
Chernihivska,2025-06-30,2025-07-06,Total,1
Dnipropetrovska,2025-06-30,2025-07-06,Agricultural facilities,9
Dnipropetrovska,2025-06-30,2025-07-06,"Cultural facilities (museum, theater etc.)",1
Dnipropetrovska,2025-06-30,2025-07-06,"Education facility (school, etc.)",2
Dnipropetrovska,2025-06-30,2025-07-06,Electricity supply system,7
Dnipropetrovska,2025-06-30,2025-07-06,Gas supply system,6
Dnipropetrovska,2025-06-30,2025-07-06,Government facilities,4
Dnipropetrovska,2025-06-30,2025-07-06,Industrial/Business/Enterprise facilities,9
Dnipropetrovska,2025-06-30,2025-07-06,Road / Highway,2
Dnipropetrovska,2025-06-30,2025-07-06,Total,40
Donetska,2025-06-30,2025-07-06,"Cultural facilities (museum, theater etc.)",1
Donetska,2025-06-30,2025-07-06,"Education facility (school, etc.)",10
Donetska,2025-06-30,2025-07-06,Electricity supply system,3
Donetska,2025-06-30,2025-07-06,Gas supply system,5
Donetska,2025-06-30,2025-07-06,Government facilities,7
Donetska,2025-06-30,2025-07-06,"Health facility (hospital, health clinic)",1
Donetska,2025-06-30,2025-07-06,Heating and water facility,1
Donetska,2025-06-30,2025-07-06,Industrial/Business/Enterprise facilities,27
Donetska,2025-06-30,2025-07-06,Other,1
Donetska,2025-06-30,2025-07-06,Road / Highway,1
Donetska,2025-06-30,2025-07-06,Total,59
Donetska,2025-06-30,2025-07-06,Warehouse,2
Kharkivska,2025-06-30,2025-07-06,Agricultural facilities,3
Kharkivska,2025-06-30,2025-07-06,"Cultural facilities (museum, theater etc.)",6
Kharkivska,2025-06-30,2025-07-06,"Education facility (school, etc.)",4
Kharkivska,2025-06-30,2025-07-06,Electricity supply system,1
Kharkivska,2025-06-30,2025-07-06,Government facilities,7
Kharkivska,2025-06-30,2025-07-06,"Health facility (hospital, health clinic)",1
Kharkivska,2025-06-30,2025-07-06,Industrial/Business/Enterprise facilities,14
Kharkivska,2025-06-30,2025-07-06,Other,1
Kharkivska,2025-06-30,2025-07-06,Road / Highway,1
Kharkivska,2025-06-30,2025-07-06,Total,42
Kharkivska,2025-06-30,2025-07-06,Warehouse,4
Khersonska,2025-06-30,2025-07-06,Agricultural facilities,1
Khersonska,2025-06-30,2025-07-06,"Cultural facilities (museum, theater etc.)",2
Khersonska,2025-06-30,2025-07-06,"Education facility (school, etc.)",4
Khersonska,2025-06-30,2025-07-06,Fuel depot,1
Khersonska,2025-06-30,2025-07-06,Government facilities,2
Khersonska,2025-06-30,2025-07-06,Harbor,1
Khersonska,2025-06-30,2025-07-06,"Health facility (hospital, health clinic)",2
Khersonska,2025-06-30,2025-07-06,Other,1
Khersonska,2025-06-30,2025-07-06,Total,14
Kyiv,2025-06-30,2025-07-06,"Education facility (school, etc.)",5
Kyiv,2025-06-30,2025-07-06,Electricity supply system,2
Kyiv,2025-06-30,2025-07-06,Government facilities,1
Kyiv,2025-06-30,2025-07-06,"Health facility (hospital, health clinic)",1
Kyiv,2025-06-30,2025-07-06,Industrial/Business/Enterprise facilities,3
Kyiv,2025-06-30,2025-07-06,Other,1
Kyiv,2025-06-30,2025-07-06,Railway,1
Kyiv,2025-06-30,2025-07-06,Total,16
Kyiv,2025-06-30,2025-07-06,Warehouse,2
Kyivska,2025-06-30,2025-07-06,"Cultural facilities (museum, theater etc.)",1
Kyivska,2025-06-30,2025-07-06,"Education facility (school, etc.)",3
Kyivska,2025-06-30,2025-07-06,Heating and water facility,1
Kyivska,2025-06-30,2025-07-06,Industrial/Business/Enterprise facilities,1
Kyivska,2025-06-30,2025-07-06,Other,1
Kyivska,2025-06-30,2025-07-06,Total,8
Kyivska,2025-06-30,2025-07-06,Warehouse,1
Mykolaivska,2025-06-30,2025-07-06,"Education facility (school, etc.)",5
Mykolaivska,2025-06-30,2025-07-06,Electricity supply system,3
Mykolaivska,2025-06-30,2025-07-06,Government facilities,3
Mykolaivska,2025-06-30,2025-07-06,Industrial/Business/Enterprise facilities,7
Mykolaivska,2025-06-30,2025-07-06,Total,19
Mykolaivska,2025-06-30,2025-07-06,Warehouse,1
Odeska,2025-06-30,2025-07-06,"Cultural facilities (museum, theater etc.)",1
Odeska,2025-06-30,2025-07-06,Harbor,2
Odeska,2025-06-30,2025-07-06,Total,6
Odeska,2025-06-30,2025-07-06,Warehouse,1
Odeska,2025-06-30,2025-07-06,Water supply system,2
Poltavska,2025-06-30,2025-07-06,"Education facility (school, etc.)",3
Poltavska,2025-06-30,2025-07-06,Government facilities,3
Poltavska,2025-06-30,2025-07-06,Industrial/Business/Enterprise facilities,1
Poltavska,2025-06-30,2025-07-06,Total,7
Sumska,2025-06-30,2025-07-06,"Education facility (school, etc.)",2
Sumska,2025-06-30,2025-07-06,Electricity supply system,1
Sumska,2025-06-30,2025-07-06,Government facilities,1
Sumska,2025-06-30,2025-07-06,"Health facility (hospital, health clinic)",2
Sumska,2025-06-30,2025-07-06,Total,6
Zaporizka,2025-06-30,2025-07-06,Agricultural facilities,2
Zaporizka,2025-06-30,2025-07-06,"Cultural facilities (museum, theater etc.)",1
Zaporizka,2025-06-30,2025-07-06,Electricity supply system,1
Zaporizka,2025-06-30,2025-07-06,Industrial/Business/Enterprise facilities,2
Zaporizka,2025-06-30,2025-07-06,Total,7
Zaporizka,2025-06-30,2025-07-06,Warehouse,1
Zhytomyrska,2025-06-30,2025-07-06,"Cultural facilities (museum, theater etc.)",1
Zhytomyrska,2025-06-30,2025-07-06,Total,1
Cherkaska,2025-06-23,2025-06-29,"Education facility (school, etc.)",4
Cherkaska,2025-06-23,2025-06-29,Electricity supply system,1
Cherkaska,2025-06-23,2025-06-29,"Health facility (hospital, health clinic)",1
Cherkaska,2025-06-23,2025-06-29,Industrial/Business/Enterprise facilities,1
Cherkaska,2025-06-23,2025-06-29,Total,7
Dnipropetrovska,2025-06-23,2025-06-29,Agricultural facilities,1
Dnipropetrovska,2025-06-23,2025-06-29,"Cultural facilities (museum, theater etc.)",2
Dnipropetrovska,2025-06-23,2025-06-29,"Education facility (school, etc.)",42
Dnipropetrovska,2025-06-23,2025-06-29,Electricity supply system,2
Dnipropetrovska,2025-06-23,2025-06-29,Gas supply system,1
Dnipropetrovska,2025-06-23,2025-06-29,Government facilities,7
Dnipropetrovska,2025-06-23,2025-06-29,"Health facility (hospital, health clinic)",10
Dnipropetrovska,2025-06-23,2025-06-29,Industrial/Business/Enterprise facilities,8
Dnipropetrovska,2025-06-23,2025-06-29,Religious facilities,1
Dnipropetrovska,2025-06-23,2025-06-29,Road / Highway,7
Dnipropetrovska,2025-06-23,2025-06-29,Total,98
Dnipropetrovska,2025-06-23,2025-06-29,Water supply system,17
Donetska,2025-06-23,2025-06-29,Agricultural facilities,2
Donetska,2025-06-23,2025-06-29,"Cultural facilities (museum, theater etc.)",3
Donetska,2025-06-23,2025-06-29,"Education facility (school, etc.)",3
Donetska,2025-06-23,2025-06-29,Government facilities,4
Donetska,2025-06-23,2025-06-29,"Health facility (hospital, health clinic)",2
Donetska,2025-06-23,2025-06-29,Heating and water facility,1
Donetska,2025-06-23,2025-06-29,Industrial/Business/Enterprise facilities,16
Donetska,2025-06-23,2025-06-29,Other,2
Donetska,2025-06-23,2025-06-29,Railway,1
Donetska,2025-06-23,2025-06-29,Total,34
Ivano-Frankivska,2025-06-23,2025-06-29,Religious facilities,1
Ivano-Frankivska,2025-06-23,2025-06-29,Total,1
Kharkivska,2025-06-23,2025-06-29,Agricultural facilities,2
Kharkivska,2025-06-23,2025-06-29,"Cultural facilities (museum, theater etc.)",2
Kharkivska,2025-06-23,2025-06-29,"Education facility (school, etc.)",1
Kharkivska,2025-06-23,2025-06-29,Electricity supply system,1
Kharkivska,2025-06-23,2025-06-29,"Health facility (hospital, health clinic)",1
Kharkivska,2025-06-23,2025-06-29,Industrial/Business/Enterprise facilities,6
Kharkivska,2025-06-23,2025-06-29,Total,17
Kharkivska,2025-06-23,2025-06-29,Warehouse,4
Khersonska,2025-06-23,2025-06-29,"Education facility (school, etc.)",6
Khersonska,2025-06-23,2025-06-29,Gas supply system,3
Khersonska,2025-06-23,2025-06-29,Government facilities,1
Khersonska,2025-06-23,2025-06-29,"Health facility (hospital, health clinic)",1
Khersonska,2025-06-23,2025-06-29,Industrial/Business/Enterprise facilities,1
Khersonska,2025-06-23,2025-06-29,Total,12
Kyiv,2025-06-23,2025-06-29,"Education facility (school, etc.)",5
Kyiv,2025-06-23,2025-06-29,Electricity supply system,1
Kyiv,2025-06-23,2025-06-29,Industrial/Business/Enterprise facilities,1
Kyiv,2025-06-23,2025-06-29,Other,3
Kyiv,2025-06-23,2025-06-29,Total,10
Kyivska,2025-06-23,2025-06-29,"Health facility (hospital, health clinic)",1
Kyivska,2025-06-23,2025-06-29,Industrial/Business/Enterprise facilities,1
Kyivska,2025-06-23,2025-06-29,Total,2
Lvivska,2025-06-23,2025-06-29,Industrial/Business/Enterprise facilities,1
Lvivska,2025-06-23,2025-06-29,Total,1
Mykolaivska,2025-06-23,2025-06-29,Total,1
Mykolaivska,2025-06-23,2025-06-29,Warehouse,1
Odeska,2025-06-23,2025-06-29,"Education facility (school, etc.)",1
Odeska,2025-06-23,2025-06-29,Government facilities,1
Odeska,2025-06-23,2025-06-29,Industrial/Business/Enterprise facilities,2
Odeska,2025-06-23,2025-06-29,Total,9
Odeska,2025-06-23,2025-06-29,Warehouse,2
Odeska,2025-06-23,2025-06-29,Water supply system,3
Poltavska,2025-06-23,2025-06-29,"Education facility (school, etc.)",2
Poltavska,2025-06-23,2025-06-29,"Health facility (hospital, health clinic)",1
Poltavska,2025-06-23,2025-06-29,Industrial/Business/Enterprise facilities,4
Poltavska,2025-06-23,2025-06-29,Railway,1
Poltavska,2025-06-23,2025-06-29,Total,8
Sumska,2025-06-23,2025-06-29,"Education facility (school, etc.)",4
Sumska,2025-06-23,2025-06-29,Government facilities,6
Sumska,2025-06-23,2025-06-29,Industrial/Business/Enterprise facilities,2
Sumska,2025-06-23,2025-06-29,Total,12
Ternopilska,2025-06-23,2025-06-29,Agricultural facilities,1
Ternopilska,2025-06-23,2025-06-29,Total,1
Zaporizka,2025-06-23,2025-06-29,Industrial/Business/Enterprise facilities,3
Zaporizka,2025-06-23,2025-06-29,Total,4
Zaporizka,2025-06-23,2025-06-29,Warehouse,1
Cherkaska,2025-06-16,2025-06-22,Gas supply system,1
Cherkaska,2025-06-16,2025-06-22,Total,1
Dnipropetrovska,2025-06-16,2025-06-22,"Education facility (school, etc.)",4
Dnipropetrovska,2025-06-16,2025-06-22,Electricity supply system,25
Dnipropetrovska,2025-06-16,2025-06-22,Gas supply system,5
Dnipropetrovska,2025-06-16,2025-06-22,Government facilities,1
Dnipropetrovska,2025-06-16,2025-06-22,Industrial/Business/Enterprise facilities,8
Dnipropetrovska,2025-06-16,2025-06-22,Other,1
Dnipropetrovska,2025-06-16,2025-06-22,Religious facilities,1
Dnipropetrovska,2025-06-16,2025-06-22,Total,45
Donetska,2025-06-16,2025-06-22,"Cultural facilities (museum, theater etc.)",2
Donetska,2025-06-16,2025-06-22,"Education facility (school, etc.)",1
Donetska,2025-06-16,2025-06-22,Electricity supply system,2
Donetska,2025-06-16,2025-06-22,Gas supply system,3
Donetska,2025-06-16,2025-06-22,Government facilities,8
Donetska,2025-06-16,2025-06-22,"Health facility (hospital, health clinic)",2
Donetska,2025-06-16,2025-06-22,Industrial/Business/Enterprise facilities,12
Donetska,2025-06-16,2025-06-22,Other,1
Donetska,2025-06-16,2025-06-22,Religious facilities,1
Donetska,2025-06-16,2025-06-22,Road / Highway,1
Donetska,2025-06-16,2025-06-22,Total,40
Donetska,2025-06-16,2025-06-22,Warehouse,7
Kharkivska,2025-06-16,2025-06-22,"Cultural facilities (museum, theater etc.)",1
Kharkivska,2025-06-16,2025-06-22,"Education facility (school, etc.)",1
Kharkivska,2025-06-16,2025-06-22,Electricity supply system,4
Kharkivska,2025-06-16,2025-06-22,Gas supply system,1
Kharkivska,2025-06-16,2025-06-22,Government facilities,1
Kharkivska,2025-06-16,2025-06-22,Industrial/Business/Enterprise facilities,4
Kharkivska,2025-06-16,2025-06-22,Other,1
Kharkivska,2025-06-16,2025-06-22,Road / Highway,1
Kharkivska,2025-06-16,2025-06-22,Total,17
Kharkivska,2025-06-16,2025-06-22,Warehouse,3
Khersonska,2025-06-16,2025-06-22,"Cultural facilities (museum, theater etc.)",1
Khersonska,2025-06-16,2025-06-22,"Education facility (school, etc.)",2
Khersonska,2025-06-16,2025-06-22,Electricity supply system,1
Khersonska,2025-06-16,2025-06-22,Government facilities,2
Khersonska,2025-06-16,2025-06-22,Total,7
Khersonska,2025-06-16,2025-06-22,Water supply system,1
Kyiv,2025-06-16,2025-06-22,"Education facility (school, etc.)",1
Kyiv,2025-06-16,2025-06-22,Industrial/Business/Enterprise facilities,4
Kyiv,2025-06-16,2025-06-22,Railway,1
Kyiv,2025-06-16,2025-06-22,Road / Highway,1
Kyiv,2025-06-16,2025-06-22,Total,9
Kyiv,2025-06-16,2025-06-22,Warehouse,2
Mykolaivska,2025-06-16,2025-06-22,Agricultural facilities,1
Mykolaivska,2025-06-16,2025-06-22,Electricity supply system,1
Mykolaivska,2025-06-16,2025-06-22,Total,3
Mykolaivska,2025-06-16,2025-06-22,Warehouse,1
Odeska,2025-06-16,2025-06-22,"Cultural facilities (museum, theater etc.)",2
Odeska,2025-06-16,2025-06-22,"Education facility (school, etc.)",4
Odeska,2025-06-16,2025-06-22,Gas supply system,1
Odeska,2025-06-16,2025-06-22,"Health facility (hospital, health clinic)",4
Odeska,2025-06-16,2025-06-22,Industrial/Business/Enterprise facilities,1
Odeska,2025-06-16,2025-06-22,Railway,1
Odeska,2025-06-16,2025-06-22,Total,13
Poltavska,2025-06-16,2025-06-22,Electricity supply system,1
Poltavska,2025-06-16,2025-06-22,Power plant,1
Poltavska,2025-06-16,2025-06-22,Total,2
Sumska,2025-06-16,2025-06-22,"Education facility (school, etc.)",1
Sumska,2025-06-16,2025-06-22,Government facilities,1
Sumska,2025-06-16,2025-06-22,Industrial/Business/Enterprise facilities,4
Sumska,2025-06-16,2025-06-22,Total,6
Zaporizka,2025-06-16,2025-06-22,Agricultural facilities,1
Zaporizka,2025-06-16,2025-06-22,Industrial/Business/Enterprise facilities,5
Zaporizka,2025-06-16,2025-06-22,Total,9
Zaporizka,2025-06-16,2025-06-22,Warehouse,3
Cherkaska,2025-06-09,2025-06-15,Industrial/Business/Enterprise facilities,1
Cherkaska,2025-06-09,2025-06-15,Total,1
Chernihivska,2025-06-09,2025-06-15,"Education facility (school, etc.)",1
Chernihivska,2025-06-09,2025-06-15,Government facilities,2
Chernihivska,2025-06-09,2025-06-15,"Health facility (hospital, health clinic)",1
Chernihivska,2025-06-09,2025-06-15,Total,4
Dnipropetrovska,2025-06-09,2025-06-15,Agricultural facilities,5
Dnipropetrovska,2025-06-09,2025-06-15,"Cultural facilities (museum, theater etc.)",1
Dnipropetrovska,2025-06-09,2025-06-15,"Education facility (school, etc.)",1
Dnipropetrovska,2025-06-09,2025-06-15,Electricity supply system,10
Dnipropetrovska,2025-06-09,2025-06-15,Gas supply system,4
Dnipropetrovska,2025-06-09,2025-06-15,Government facilities,4
Dnipropetrovska,2025-06-09,2025-06-15,Industrial/Business/Enterprise facilities,4
Dnipropetrovska,2025-06-09,2025-06-15,Total,29
Donetska,2025-06-09,2025-06-15,Agricultural facilities,3
Donetska,2025-06-09,2025-06-15,"Education facility (school, etc.)",6
Donetska,2025-06-09,2025-06-15,Gas supply system,1
Donetska,2025-06-09,2025-06-15,Government facilities,6
Donetska,2025-06-09,2025-06-15,"Health facility (hospital, health clinic)",1
Donetska,2025-06-09,2025-06-15,Industrial/Business/Enterprise facilities,12
Donetska,2025-06-09,2025-06-15,Total,34
Donetska,2025-06-09,2025-06-15,Warehouse,5
Kharkivska,2025-06-09,2025-06-15,Agricultural facilities,1
Kharkivska,2025-06-09,2025-06-15,"Cultural facilities (museum, theater etc.)",1
Kharkivska,2025-06-09,2025-06-15,"Education facility (school, etc.)",4
Kharkivska,2025-06-09,2025-06-15,Electricity supply system,2
Kharkivska,2025-06-09,2025-06-15,Gas supply system,1
Kharkivska,2025-06-09,2025-06-15,Government facilities,2
Kharkivska,2025-06-09,2025-06-15,"Health facility (hospital, health clinic)",2
Kharkivska,2025-06-09,2025-06-15,Industrial/Business/Enterprise facilities,8
Kharkivska,2025-06-09,2025-06-15,Road / Highway,1
Kharkivska,2025-06-09,2025-06-15,Telecommunications,1
Kharkivska,2025-06-09,2025-06-15,Total,24
Kharkivska,2025-06-09,2025-06-15,Warehouse,1
Khersonska,2025-06-09,2025-06-15,Gas supply system,1
Khersonska,2025-06-09,2025-06-15,Road / Highway,1
Khersonska,2025-06-09,2025-06-15,Telecommunications,1
Khersonska,2025-06-09,2025-06-15,Total,3
Khmelnytska,2025-06-09,2025-06-15,"Cultural facilities (museum, theater etc.)",1
Khmelnytska,2025-06-09,2025-06-15,Total,1
Kyiv,2025-06-09,2025-06-15,"Cultural facilities (museum, theater etc.)",2
Kyiv,2025-06-09,2025-06-15,"Education facility (school, etc.)",2
Kyiv,2025-06-09,2025-06-15,"Health facility (hospital, health clinic)",1
Kyiv,2025-06-09,2025-06-15,Industrial/Business/Enterprise facilities,7
Kyiv,2025-06-09,2025-06-15,Religious facilities,2
Kyiv,2025-06-09,2025-06-15,Total,17
Kyiv,2025-06-09,2025-06-15,Warehouse,2
Kyiv,2025-06-09,2025-06-15,Water supply system,1
Kyivska,2025-06-09,2025-06-15,Industrial/Business/Enterprise facilities,1
Kyivska,2025-06-09,2025-06-15,Total,4
Kyivska,2025-06-09,2025-06-15,Warehouse,3
Odeska,2025-06-09,2025-06-15,Agricultural facilities,1
Odeska,2025-06-09,2025-06-15,"Cultural facilities (museum, theater etc.)",3
Odeska,2025-06-09,2025-06-15,"Health facility (hospital, health clinic)",4
Odeska,2025-06-09,2025-06-15,Railway,1
Odeska,2025-06-09,2025-06-15,Total,9
Poltavska,2025-06-09,2025-06-15,Agricultural facilities,1
Poltavska,2025-06-09,2025-06-15,Electricity supply system,4
Poltavska,2025-06-09,2025-06-15,Gas supply system,1
Poltavska,2025-06-09,2025-06-15,Total,6
Sumska,2025-06-09,2025-06-15,Electricity supply system,1
Sumska,2025-06-09,2025-06-15,Industrial/Business/Enterprise facilities,1
Sumska,2025-06-09,2025-06-15,Total,2
Zaporizka,2025-06-09,2025-06-15,Agricultural facilities,1
Zaporizka,2025-06-09,2025-06-15,"Cultural facilities (museum, theater etc.)",1
Zaporizka,2025-06-09,2025-06-15,"Education facility (school, etc.)",1
Zaporizka,2025-06-09,2025-06-15,Gas supply system,2
Zaporizka,2025-06-09,2025-06-15,Industrial/Business/Enterprise facilities,3
Zaporizka,2025-06-09,2025-06-15,Road / Highway,1
Zaporizka,2025-06-09,2025-06-15,Total,10
Zaporizka,2025-06-09,2025-06-15,Warehouse,1
Autonomous Republic of Crimea,2025-06-02,2025-06-08,Bridge,1
Autonomous Republic of Crimea,2025-06-02,2025-06-08,Total,1
Cherkaska,2025-06-02,2025-06-08,Electricity supply system,1
Cherkaska,2025-06-02,2025-06-08,Total,1
Chernihivska,2025-06-02,2025-06-08,"Education facility (school, etc.)",11
Chernihivska,2025-06-02,2025-06-08,Electricity supply system,1
Chernihivska,2025-06-02,2025-06-08,Government facilities,2
Chernihivska,2025-06-02,2025-06-08,"Health facility (hospital, health clinic)",1
Chernihivska,2025-06-02,2025-06-08,Industrial/Business/Enterprise facilities,6
Chernihivska,2025-06-02,2025-06-08,Total,21
Dnipropetrovska,2025-06-02,2025-06-08,"Education facility (school, etc.)",5
Dnipropetrovska,2025-06-02,2025-06-08,Electricity supply system,7
Dnipropetrovska,2025-06-02,2025-06-08,Gas supply system,1
Dnipropetrovska,2025-06-02,2025-06-08,Government facilities,4
Dnipropetrovska,2025-06-02,2025-06-08,"Health facility (hospital, health clinic)",2
Dnipropetrovska,2025-06-02,2025-06-08,Industrial/Business/Enterprise facilities,11
Dnipropetrovska,2025-06-02,2025-06-08,Other,1
Dnipropetrovska,2025-06-02,2025-06-08,Total,31
Donetska,2025-06-02,2025-06-08,Agricultural facilities,2
Donetska,2025-06-02,2025-06-08,"Cultural facilities (museum, theater etc.)",1
Donetska,2025-06-02,2025-06-08,"Education facility (school, etc.)",5
Donetska,2025-06-02,2025-06-08,Electricity supply system,2
Donetska,2025-06-02,2025-06-08,Fuel depot,1
Donetska,2025-06-02,2025-06-08,Gas supply system,3
Donetska,2025-06-02,2025-06-08,Government facilities,9
Donetska,2025-06-02,2025-06-08,"Health facility (hospital, health clinic)",2
Donetska,2025-06-02,2025-06-08,Industrial/Business/Enterprise facilities,6
Donetska,2025-06-02,2025-06-08,Other,1
Donetska,2025-06-02,2025-06-08,Railway,1
Donetska,2025-06-02,2025-06-08,Religious facilities,1
Donetska,2025-06-02,2025-06-08,Road / Highway,3
Donetska,2025-06-02,2025-06-08,Total,40
Donetska,2025-06-02,2025-06-08,Warehouse,3
Kharkivska,2025-06-02,2025-06-08,Agricultural facilities,3
Kharkivska,2025-06-02,2025-06-08,"Cultural facilities (museum, theater etc.)",2
Kharkivska,2025-06-02,2025-06-08,"Education facility (school, etc.)",3
Kharkivska,2025-06-02,2025-06-08,Electricity supply system,2
Kharkivska,2025-06-02,2025-06-08,Fuel depot,2
Kharkivska,2025-06-02,2025-06-08,Gas supply system,2
Kharkivska,2025-06-02,2025-06-08,Government facilities,4
Kharkivska,2025-06-02,2025-06-08,"Health facility (hospital, health clinic)",1
Kharkivska,2025-06-02,2025-06-08,Industrial/Business/Enterprise facilities,14
Kharkivska,2025-06-02,2025-06-08,Other,2
Kharkivska,2025-06-02,2025-06-08,Total,41
Kharkivska,2025-06-02,2025-06-08,Warehouse,6
Khersonska,2025-06-02,2025-06-08,"Education facility (school, etc.)",5
Khersonska,2025-06-02,2025-06-08,Electricity supply system,3
Khersonska,2025-06-02,2025-06-08,Government facilities,1
Khersonska,2025-06-02,2025-06-08,"Health facility (hospital, health clinic)",3
Khersonska,2025-06-02,2025-06-08,Industrial/Business/Enterprise facilities,2
Khersonska,2025-06-02,2025-06-08,Total,14
Kyiv,2025-06-02,2025-06-08,"Cultural facilities (museum, theater etc.)",2
Kyiv,2025-06-02,2025-06-08,"Education facility (school, etc.)",1
Kyiv,2025-06-02,2025-06-08,Fuel depot,1
Kyiv,2025-06-02,2025-06-08,Government facilities,1
Kyiv,2025-06-02,2025-06-08,Industrial/Business/Enterprise facilities,2
Kyiv,2025-06-02,2025-06-08,Other,2
Kyiv,2025-06-02,2025-06-08,Total,11
Kyiv,2025-06-02,2025-06-08,Unspecified,1
Kyiv,2025-06-02,2025-06-08,Warehouse,1
Lvivska,2025-06-02,2025-06-08,Electricity supply system,1
Lvivska,2025-06-02,2025-06-08,Industrial/Business/Enterprise facilities,1
Lvivska,2025-06-02,2025-06-08,Total,2
Mykolaivska,2025-06-02,2025-06-08,Total,1
Mykolaivska,2025-06-02,2025-06-08,Warehouse,1
Odeska,2025-06-02,2025-06-08,"Education facility (school, etc.)",2
Odeska,2025-06-02,2025-06-08,"Health facility (hospital, health clinic)",1
Odeska,2025-06-02,2025-06-08,Industrial/Business/Enterprise facilities,2
Odeska,2025-06-02,2025-06-08,Religious facilities,1
Odeska,2025-06-02,2025-06-08,Total,8
Odeska,2025-06-02,2025-06-08,Warehouse,2
Poltavska,2025-06-02,2025-06-08,Government facilities,2
Poltavska,2025-06-02,2025-06-08,Industrial/Business/Enterprise facilities,2
Poltavska,2025-06-02,2025-06-08,Total,6
Poltavska,2025-06-02,2025-06-08,Warehouse,2
Sumska,2025-06-02,2025-06-08,"Education facility (school, etc.)",2
Sumska,2025-06-02,2025-06-08,Electricity supply system,1
Sumska,2025-06-02,2025-06-08,Gas supply system,2
Sumska,2025-06-02,2025-06-08,"Health facility (hospital, health clinic)",2
Sumska,2025-06-02,2025-06-08,Industrial/Business/Enterprise facilities,3
Sumska,2025-06-02,2025-06-08,Religious facilities,1
Sumska,2025-06-02,2025-06-08,Total,13
Sumska,2025-06-02,2025-06-08,Warehouse,2
Ternopilska,2025-06-02,2025-06-08,"Education facility (school, etc.)",1
Ternopilska,2025-06-02,2025-06-08,Electricity supply system,1
Ternopilska,2025-06-02,2025-06-08,Industrial/Business/Enterprise facilities,5
Ternopilska,2025-06-02,2025-06-08,Total,7
Volynska,2025-06-02,2025-06-08,"Education facility (school, etc.)",1
Volynska,2025-06-02,2025-06-08,Government facilities,1
Volynska,2025-06-02,2025-06-08,Industrial/Business/Enterprise facilities,2
Volynska,2025-06-02,2025-06-08,Total,4
Zaporizka,2025-06-02,2025-06-08,Electricity supply system,4
Zaporizka,2025-06-02,2025-06-08,Government facilities,1
Zaporizka,2025-06-02,2025-06-08,Industrial/Business/Enterprise facilities,1
Zaporizka,2025-06-02,2025-06-08,Total,6
Zhytomyrska,2025-06-02,2025-06-08,Industrial/Business/Enterprise facilities,1
Zhytomyrska,2025-06-02,2025-06-08,Total,1
Chernihivska,2025-05-26,2025-06-01,Agricultural facilities,2
Chernihivska,2025-05-26,2025-06-01,"Education facility (school, etc.)",1
Chernihivska,2025-05-26,2025-06-01,Government facilities,1
Chernihivska,2025-05-26,2025-06-01,Industrial/Business/Enterprise facilities,3
Chernihivska,2025-05-26,2025-06-01,Total,9
Chernihivska,2025-05-26,2025-06-01,Warehouse,2
Dnipropetrovska,2025-05-26,2025-06-01,Agricultural facilities,10
Dnipropetrovska,2025-05-26,2025-06-01,"Education facility (school, etc.)",1
Dnipropetrovska,2025-05-26,2025-06-01,Electricity supply system,5
Dnipropetrovska,2025-05-26,2025-06-01,Gas supply system,2
Dnipropetrovska,2025-05-26,2025-06-01,Government facilities,7
Dnipropetrovska,2025-05-26,2025-06-01,Industrial/Business/Enterprise facilities,2
Dnipropetrovska,2025-05-26,2025-06-01,Total,27
Donetska,2025-05-26,2025-06-01,Agricultural facilities,4
Donetska,2025-05-26,2025-06-01,"Cultural facilities (museum, theater etc.)",1
Donetska,2025-05-26,2025-06-01,"Education facility (school, etc.)",7
Donetska,2025-05-26,2025-06-01,Electricity supply system,4
Donetska,2025-05-26,2025-06-01,Fuel depot,5
Donetska,2025-05-26,2025-06-01,Gas supply system,1
Donetska,2025-05-26,2025-06-01,Government facilities,5
Donetska,2025-05-26,2025-06-01,"Health facility (hospital, health clinic)",2
Donetska,2025-05-26,2025-06-01,Heating and water facility,1
Donetska,2025-05-26,2025-06-01,Industrial/Business/Enterprise facilities,17
Donetska,2025-05-26,2025-06-01,Other,2
Donetska,2025-05-26,2025-06-01,Railway,2
Donetska,2025-05-26,2025-06-01,Religious facilities,1
Donetska,2025-05-26,2025-06-01,Road / Highway,3
Donetska,2025-05-26,2025-06-01,Total,56
Donetska,2025-05-26,2025-06-01,Warehouse,1
Kharkivska,2025-05-26,2025-06-01,Agricultural facilities,3
Kharkivska,2025-05-26,2025-06-01,"Education facility (school, etc.)",3
Kharkivska,2025-05-26,2025-06-01,Electricity supply system,4
Kharkivska,2025-05-26,2025-06-01,Gas supply system,1
Kharkivska,2025-05-26,2025-06-01,Government facilities,9
Kharkivska,2025-05-26,2025-06-01,Industrial/Business/Enterprise facilities,12
Kharkivska,2025-05-26,2025-06-01,Total,41
Kharkivska,2025-05-26,2025-06-01,Warehouse,9
Khersonska,2025-05-26,2025-06-01,"Education facility (school, etc.)",3
Khersonska,2025-05-26,2025-06-01,Electricity supply system,1
Khersonska,2025-05-26,2025-06-01,Gas supply system,2
Khersonska,2025-05-26,2025-06-01,Government facilities,4
Khersonska,2025-05-26,2025-06-01,Harbor,1
Khersonska,2025-05-26,2025-06-01,"Health facility (hospital, health clinic)",2
Khersonska,2025-05-26,2025-06-01,Industrial/Business/Enterprise facilities,3
Khersonska,2025-05-26,2025-06-01,Other,2
Khersonska,2025-05-26,2025-06-01,Total,18
Khmelnytska,2025-05-26,2025-06-01,"Education facility (school, etc.)",1
Khmelnytska,2025-05-26,2025-06-01,Total,1
Kirovohradska,2025-05-26,2025-06-01,"Education facility (school, etc.)",1
Kirovohradska,2025-05-26,2025-06-01,Industrial/Business/Enterprise facilities,1
Kirovohradska,2025-05-26,2025-06-01,Total,2
Mykolaivska,2025-05-26,2025-06-01,Agricultural facilities,1
Mykolaivska,2025-05-26,2025-06-01,Electricity supply system,1
Mykolaivska,2025-05-26,2025-06-01,Industrial/Business/Enterprise facilities,1
Mykolaivska,2025-05-26,2025-06-01,Total,3
Odeska,2025-05-26,2025-06-01,Gas supply system,1
Odeska,2025-05-26,2025-06-01,Industrial/Business/Enterprise facilities,2
Odeska,2025-05-26,2025-06-01,Total,4
Odeska,2025-05-26,2025-06-01,Warehouse,1
Sumska,2025-05-26,2025-06-01,Agricultural facilities,6
Sumska,2025-05-26,2025-06-01,"Cultural facilities (museum, theater etc.)",3
Sumska,2025-05-26,2025-06-01,"Education facility (school, etc.)",2
Sumska,2025-05-26,2025-06-01,Electricity supply system,3
Sumska,2025-05-26,2025-06-01,Gas supply system,1
Sumska,2025-05-26,2025-06-01,Government facilities,5
Sumska,2025-05-26,2025-06-01,Heating and water facility,2
Sumska,2025-05-26,2025-06-01,Industrial/Business/Enterprise facilities,5
Sumska,2025-05-26,2025-06-01,Road / Highway,1
Sumska,2025-05-26,2025-06-01,Total,31
Sumska,2025-05-26,2025-06-01,Warehouse,3
Zaporizka,2025-05-26,2025-06-01,Agricultural facilities,1
Zaporizka,2025-05-26,2025-06-01,Electricity supply system,1
Zaporizka,2025-05-26,2025-06-01,Government facilities,1
Zaporizka,2025-05-26,2025-06-01,Industrial/Business/Enterprise facilities,5
Zaporizka,2025-05-26,2025-06-01,Religious facilities,1
Zaporizka,2025-05-26,2025-06-01,Total,9
Zhytomyrska,2025-05-26,2025-06-01,Industrial/Business/Enterprise facilities,1
Zhytomyrska,2025-05-26,2025-06-01,Total,1
Cherkaska,2025-05-19,2025-05-25,"Education facility (school, etc.)",1
Cherkaska,2025-05-19,2025-05-25,Electricity supply system,1
Cherkaska,2025-05-19,2025-05-25,Heating and water facility,1
Cherkaska,2025-05-19,2025-05-25,Total,3
Chernihivska,2025-05-19,2025-05-25,Agricultural facilities,1
Chernihivska,2025-05-19,2025-05-25,"Education facility (school, etc.)",1
Chernihivska,2025-05-19,2025-05-25,"Health facility (hospital, health clinic)",1
Chernihivska,2025-05-19,2025-05-25,Industrial/Business/Enterprise facilities,1
Chernihivska,2025-05-19,2025-05-25,Telecommunications,2
Chernihivska,2025-05-19,2025-05-25,Total,7
Chernihivska,2025-05-19,2025-05-25,Warehouse,1
Dnipropetrovska,2025-05-19,2025-05-25,Agricultural facilities,3
Dnipropetrovska,2025-05-19,2025-05-25,"Cultural facilities (museum, theater etc.)",1
Dnipropetrovska,2025-05-19,2025-05-25,Electricity supply system,6
Dnipropetrovska,2025-05-19,2025-05-25,Fuel depot,1
Dnipropetrovska,2025-05-19,2025-05-25,Gas supply system,2
Dnipropetrovska,2025-05-19,2025-05-25,Government facilities,5
Dnipropetrovska,2025-05-19,2025-05-25,Industrial/Business/Enterprise facilities,8
Dnipropetrovska,2025-05-19,2025-05-25,Religious facilities,1
Dnipropetrovska,2025-05-19,2025-05-25,Total,28
Dnipropetrovska,2025-05-19,2025-05-25,Warehouse,1
Donetska,2025-05-19,2025-05-25,"Cultural facilities (museum, theater etc.)",4
Donetska,2025-05-19,2025-05-25,"Education facility (school, etc.)",2
Donetska,2025-05-19,2025-05-25,Electricity supply system,5
Donetska,2025-05-19,2025-05-25,Gas supply system,4
Donetska,2025-05-19,2025-05-25,Government facilities,5
Donetska,2025-05-19,2025-05-25,"Health facility (hospital, health clinic)",2
Donetska,2025-05-19,2025-05-25,Heating and water facility,2
Donetska,2025-05-19,2025-05-25,Industrial/Business/Enterprise facilities,18
Donetska,2025-05-19,2025-05-25,Other,2
Donetska,2025-05-19,2025-05-25,Religious facilities,2
Donetska,2025-05-19,2025-05-25,Total,47
Donetska,2025-05-19,2025-05-25,Water supply system,1
Kharkivska,2025-05-19,2025-05-25,Agricultural facilities,14
Kharkivska,2025-05-19,2025-05-25,"Education facility (school, etc.)",2
Kharkivska,2025-05-19,2025-05-25,Electricity supply system,2
Kharkivska,2025-05-19,2025-05-25,Gas supply system,2
Kharkivska,2025-05-19,2025-05-25,Government facilities,8
Kharkivska,2025-05-19,2025-05-25,"Health facility (hospital, health clinic)",1
Kharkivska,2025-05-19,2025-05-25,Industrial/Business/Enterprise facilities,12
Kharkivska,2025-05-19,2025-05-25,Total,43
Kharkivska,2025-05-19,2025-05-25,Warehouse,2
Khersonska,2025-05-19,2025-05-25,"Education facility (school, etc.)",4
Khersonska,2025-05-19,2025-05-25,Gas supply system,1
Khersonska,2025-05-19,2025-05-25,Total,5
Khmelnytska,2025-05-19,2025-05-25,"Education facility (school, etc.)",2
Khmelnytska,2025-05-19,2025-05-25,Total,2
Kyiv,2025-05-19,2025-05-25,"Education facility (school, etc.)",5
Kyiv,2025-05-19,2025-05-25,Electricity supply system,1
Kyiv,2025-05-19,2025-05-25,Gas supply system,2
Kyiv,2025-05-19,2025-05-25,Government facilities,1
Kyiv,2025-05-19,2025-05-25,"Health facility (hospital, health clinic)",1
Kyiv,2025-05-19,2025-05-25,Heating and water facility,1
Kyiv,2025-05-19,2025-05-25,Industrial/Business/Enterprise facilities,3
Kyiv,2025-05-19,2025-05-25,Total,15
Kyiv,2025-05-19,2025-05-25,Warehouse,1
Kyivska,2025-05-19,2025-05-25,"Education facility (school, etc.)",1
Kyivska,2025-05-19,2025-05-25,Fuel depot,1
Kyivska,2025-05-19,2025-05-25,Industrial/Business/Enterprise facilities,4
Kyivska,2025-05-19,2025-05-25,Total,12
Kyivska,2025-05-19,2025-05-25,Warehouse,6
Mykolaivska,2025-05-19,2025-05-25,Electricity supply system,1
Mykolaivska,2025-05-19,2025-05-25,Government facilities,1
Mykolaivska,2025-05-19,2025-05-25,Industrial/Business/Enterprise facilities,1
Mykolaivska,2025-05-19,2025-05-25,Total,4
Mykolaivska,2025-05-19,2025-05-25,Warehouse,1
Odeska,2025-05-19,2025-05-25,Government facilities,1
Odeska,2025-05-19,2025-05-25,Harbor,1
Odeska,2025-05-19,2025-05-25,Industrial/Business/Enterprise facilities,1
Odeska,2025-05-19,2025-05-25,Total,3
Poltavska,2025-05-19,2025-05-25,Electricity supply system,3
Poltavska,2025-05-19,2025-05-25,"Health facility (hospital, health clinic)",1
Poltavska,2025-05-19,2025-05-25,Industrial/Business/Enterprise facilities,1
Poltavska,2025-05-19,2025-05-25,Total,6
Poltavska,2025-05-19,2025-05-25,Warehouse,1
Sumska,2025-05-19,2025-05-25,Agricultural facilities,2
Sumska,2025-05-19,2025-05-25,Bridge,1
Sumska,2025-05-19,2025-05-25,"Cultural facilities (museum, theater etc.)",1
Sumska,2025-05-19,2025-05-25,"Education facility (school, etc.)",1
Sumska,2025-05-19,2025-05-25,Electricity supply system,1
Sumska,2025-05-19,2025-05-25,Government facilities,2
Sumska,2025-05-19,2025-05-25,Industrial/Business/Enterprise facilities,9
Sumska,2025-05-19,2025-05-25,Total,18
Sumska,2025-05-19,2025-05-25,Water supply system,1
Ternopilska,2025-05-19,2025-05-25,Industrial/Business/Enterprise facilities,10
Ternopilska,2025-05-19,2025-05-25,Total,10
Zaporizka,2025-05-19,2025-05-25,Agricultural facilities,1
Zaporizka,2025-05-19,2025-05-25,Total,1
Zhytomyrska,2025-05-19,2025-05-25,Electricity supply system,1
Zhytomyrska,2025-05-19,2025-05-25,Government facilities,1
Zhytomyrska,2025-05-19,2025-05-25,Industrial/Business/Enterprise facilities,1
Zhytomyrska,2025-05-19,2025-05-25,Total,4
Zhytomyrska,2025-05-19,2025-05-25,Water supply system,1
Chernihivska,2025-05-12,2025-05-18,"Cultural facilities (museum, theater etc.)",1
Chernihivska,2025-05-12,2025-05-18,"Education facility (school, etc.)",2
Chernihivska,2025-05-12,2025-05-18,Industrial/Business/Enterprise facilities,2
Chernihivska,2025-05-12,2025-05-18,Total,7
Chernihivska,2025-05-12,2025-05-18,Warehouse,2
Dnipropetrovska,2025-05-12,2025-05-18,Agricultural facilities,3
Dnipropetrovska,2025-05-12,2025-05-18,"Cultural facilities (museum, theater etc.)",2
Dnipropetrovska,2025-05-12,2025-05-18,"Education facility (school, etc.)",2
Dnipropetrovska,2025-05-12,2025-05-18,Electricity supply system,6
Dnipropetrovska,2025-05-12,2025-05-18,Gas supply system,1
Dnipropetrovska,2025-05-12,2025-05-18,Government facilities,5
Dnipropetrovska,2025-05-12,2025-05-18,"Health facility (hospital, health clinic)",2
Dnipropetrovska,2025-05-12,2025-05-18,Industrial/Business/Enterprise facilities,13
Dnipropetrovska,2025-05-12,2025-05-18,Religious facilities,1
Dnipropetrovska,2025-05-12,2025-05-18,Total,35
Donetska,2025-05-12,2025-05-18,Agricultural facilities,2
Donetska,2025-05-12,2025-05-18,"Cultural facilities (museum, theater etc.)",1
Donetska,2025-05-12,2025-05-18,"Education facility (school, etc.)",2
Donetska,2025-05-12,2025-05-18,Electricity supply system,2
Donetska,2025-05-12,2025-05-18,Fuel depot,3
Donetska,2025-05-12,2025-05-18,Gas supply system,1
Donetska,2025-05-12,2025-05-18,Government facilities,12
Donetska,2025-05-12,2025-05-18,"Health facility (hospital, health clinic)",4
Donetska,2025-05-12,2025-05-18,Industrial/Business/Enterprise facilities,8
Donetska,2025-05-12,2025-05-18,Railway,1
Donetska,2025-05-12,2025-05-18,Total,39
Donetska,2025-05-12,2025-05-18,Warehouse,3
Kharkivska,2025-05-12,2025-05-18,Agricultural facilities,3
Kharkivska,2025-05-12,2025-05-18,"Cultural facilities (museum, theater etc.)",1
Kharkivska,2025-05-12,2025-05-18,Electricity supply system,4
Kharkivska,2025-05-12,2025-05-18,Gas supply system,2
Kharkivska,2025-05-12,2025-05-18,Government facilities,5
Kharkivska,2025-05-12,2025-05-18,Industrial/Business/Enterprise facilities,5
Kharkivska,2025-05-12,2025-05-18,Total,20
Khersonska,2025-05-12,2025-05-18,Electricity supply system,1
Khersonska,2025-05-12,2025-05-18,Other,1
Khersonska,2025-05-12,2025-05-18,Railway,2
Khersonska,2025-05-12,2025-05-18,Road / Highway,1
Khersonska,2025-05-12,2025-05-18,Total,5
Kyiv,2025-05-12,2025-05-18,Heating and water facility,1
Kyiv,2025-05-12,2025-05-18,Road / Highway,1
Kyiv,2025-05-12,2025-05-18,Total,2
Kyivska,2025-05-12,2025-05-18,"Cultural facilities (museum, theater etc.)",1
Kyivska,2025-05-12,2025-05-18,"Education facility (school, etc.)",2
Kyivska,2025-05-12,2025-05-18,Government facilities,3
Kyivska,2025-05-12,2025-05-18,"Health facility (hospital, health clinic)",1
Kyivska,2025-05-12,2025-05-18,Industrial/Business/Enterprise facilities,3
Kyivska,2025-05-12,2025-05-18,Religious facilities,1
Kyivska,2025-05-12,2025-05-18,Total,14
Kyivska,2025-05-12,2025-05-18,Warehouse,2
Kyivska,2025-05-12,2025-05-18,Water supply system,1
Luhanska,2025-05-12,2025-05-18,Industrial/Business/Enterprise facilities,1
Luhanska,2025-05-12,2025-05-18,Total,1
Mykolaivska,2025-05-12,2025-05-18,Electricity supply system,1
Mykolaivska,2025-05-12,2025-05-18,"Health facility (hospital, health clinic)",1
Mykolaivska,2025-05-12,2025-05-18,Total,2
Odeska,2025-05-12,2025-05-18,Government facilities,2
Odeska,2025-05-12,2025-05-18,Total,2
Poltavska,2025-05-12,2025-05-18,Gas supply system,1
Poltavska,2025-05-12,2025-05-18,Total,1
Sumska,2025-05-12,2025-05-18,Agricultural facilities,16
Sumska,2025-05-12,2025-05-18,"Cultural facilities (museum, theater etc.)",2
Sumska,2025-05-12,2025-05-18,"Education facility (school, etc.)",1
Sumska,2025-05-12,2025-05-18,Electricity supply system,3
Sumska,2025-05-12,2025-05-18,Gas supply system,2
Sumska,2025-05-12,2025-05-18,Government facilities,1
Sumska,2025-05-12,2025-05-18,"Health facility (hospital, health clinic)",1
Sumska,2025-05-12,2025-05-18,Industrial/Business/Enterprise facilities,14
Sumska,2025-05-12,2025-05-18,Total,42
Sumska,2025-05-12,2025-05-18,Warehouse,2
Cherkaska,2025-05-05,2025-05-11,Agricultural facilities,1
Cherkaska,2025-05-05,2025-05-11,"Education facility (school, etc.)",2
Cherkaska,2025-05-05,2025-05-11,Government facilities,2
Cherkaska,2025-05-05,2025-05-11,"Health facility (hospital, health clinic)",2
Cherkaska,2025-05-05,2025-05-11,Industrial/Business/Enterprise facilities,3
Cherkaska,2025-05-05,2025-05-11,Total,10
Dnipropetrovska,2025-05-05,2025-05-11,Agricultural facilities,2
Dnipropetrovska,2025-05-05,2025-05-11,Electricity supply system,5
Dnipropetrovska,2025-05-05,2025-05-11,Gas supply system,5
Dnipropetrovska,2025-05-05,2025-05-11,Government facilities,1
Dnipropetrovska,2025-05-05,2025-05-11,Industrial/Business/Enterprise facilities,6
Dnipropetrovska,2025-05-05,2025-05-11,Total,19
Donetska,2025-05-05,2025-05-11,Agricultural facilities,9
Donetska,2025-05-05,2025-05-11,"Cultural facilities (museum, theater etc.)",2
Donetska,2025-05-05,2025-05-11,Electricity supply system,5
Donetska,2025-05-05,2025-05-11,Fuel depot,1
Donetska,2025-05-05,2025-05-11,Gas supply system,4
Donetska,2025-05-05,2025-05-11,Government facilities,5
Donetska,2025-05-05,2025-05-11,"Health facility (hospital, health clinic)",2
Donetska,2025-05-05,2025-05-11,Heating and water facility,2
Donetska,2025-05-05,2025-05-11,Industrial/Business/Enterprise facilities,9
Donetska,2025-05-05,2025-05-11,Religious facilities,2
Donetska,2025-05-05,2025-05-11,Road / Highway,1
Donetska,2025-05-05,2025-05-11,Total,44
Donetska,2025-05-05,2025-05-11,Warehouse,2
Kharkivska,2025-05-05,2025-05-11,Agricultural facilities,1
Kharkivska,2025-05-05,2025-05-11,"Education facility (school, etc.)",1
Kharkivska,2025-05-05,2025-05-11,Electricity supply system,3
Kharkivska,2025-05-05,2025-05-11,Government facilities,5
Kharkivska,2025-05-05,2025-05-11,"Health facility (hospital, health clinic)",1
Kharkivska,2025-05-05,2025-05-11,Industrial/Business/Enterprise facilities,7
Kharkivska,2025-05-05,2025-05-11,Total,19
Kharkivska,2025-05-05,2025-05-11,Warehouse,1
Khersonska,2025-05-05,2025-05-11,"Education facility (school, etc.)",2
Khersonska,2025-05-05,2025-05-11,Electricity supply system,3
Khersonska,2025-05-05,2025-05-11,Gas supply system,3
Khersonska,2025-05-05,2025-05-11,Total,8
Kyiv,2025-05-05,2025-05-11,Government facilities,1
Kyiv,2025-05-05,2025-05-11,Industrial/Business/Enterprise facilities,3
Kyiv,2025-05-05,2025-05-11,Total,5
Kyiv,2025-05-05,2025-05-11,Warehouse,1
Kyivska,2025-05-05,2025-05-11,Total,2
Kyivska,2025-05-05,2025-05-11,Warehouse,2
Mykolaivska,2025-05-05,2025-05-11,"Health facility (hospital, health clinic)",1
Mykolaivska,2025-05-05,2025-05-11,Industrial/Business/Enterprise facilities,1
Mykolaivska,2025-05-05,2025-05-11,Total,2
Odeska,2025-05-05,2025-05-11,"Education facility (school, etc.)",1
Odeska,2025-05-05,2025-05-11,Electricity supply system,1
Odeska,2025-05-05,2025-05-11,Total,3
Odeska,2025-05-05,2025-05-11,Warehouse,1
Poltavska,2025-05-05,2025-05-11,Electricity supply system,1
Poltavska,2025-05-05,2025-05-11,Total,1
Sumska,2025-05-05,2025-05-11,Agricultural facilities,3
Sumska,2025-05-05,2025-05-11,Bridge,1
Sumska,2025-05-05,2025-05-11,"Cultural facilities (museum, theater etc.)",1
Sumska,2025-05-05,2025-05-11,"Education facility (school, etc.)",1
Sumska,2025-05-05,2025-05-11,Electricity supply system,4
Sumska,2025-05-05,2025-05-11,Gas supply system,2
Sumska,2025-05-05,2025-05-11,Government facilities,1
Sumska,2025-05-05,2025-05-11,Industrial/Business/Enterprise facilities,6
Sumska,2025-05-05,2025-05-11,Religious facilities,2
Sumska,2025-05-05,2025-05-11,Road / Highway,1
Sumska,2025-05-05,2025-05-11,Total,22
Zaporizka,2025-05-05,2025-05-11,Electricity supply system,1
Zaporizka,2025-05-05,2025-05-11,Total,1
Cherkaska,2025-04-28,2025-05-04,"Education facility (school, etc.)",1
Cherkaska,2025-04-28,2025-05-04,Gas supply system,1
Cherkaska,2025-04-28,2025-05-04,Other,1
Cherkaska,2025-04-28,2025-05-04,Total,7
Cherkaska,2025-04-28,2025-05-04,Warehouse,3
Cherkaska,2025-04-28,2025-05-04,Water supply system,1
Chernihivska,2025-04-28,2025-05-04,"Education facility (school, etc.)",1
Chernihivska,2025-04-28,2025-05-04,Government facilities,1
Chernihivska,2025-04-28,2025-05-04,Total,2
Dnipropetrovska,2025-04-28,2025-05-04,Agricultural facilities,3
Dnipropetrovska,2025-04-28,2025-05-04,"Education facility (school, etc.)",2
Dnipropetrovska,2025-04-28,2025-05-04,Electricity supply system,4
Dnipropetrovska,2025-04-28,2025-05-04,Fuel depot,1
Dnipropetrovska,2025-04-28,2025-05-04,Gas supply system,2
Dnipropetrovska,2025-04-28,2025-05-04,Government facilities,3
Dnipropetrovska,2025-04-28,2025-05-04,Industrial/Business/Enterprise facilities,11
Dnipropetrovska,2025-04-28,2025-05-04,Religious facilities,1
Dnipropetrovska,2025-04-28,2025-05-04,Total,27
Donetska,2025-04-28,2025-05-04,Agricultural facilities,3
Donetska,2025-04-28,2025-05-04,"Cultural facilities (museum, theater etc.)",2
Donetska,2025-04-28,2025-05-04,"Education facility (school, etc.)",11
Donetska,2025-04-28,2025-05-04,Electricity supply system,3
Donetska,2025-04-28,2025-05-04,Gas supply system,1
Donetska,2025-04-28,2025-05-04,Government facilities,12
Donetska,2025-04-28,2025-05-04,"Health facility (hospital, health clinic)",3
Donetska,2025-04-28,2025-05-04,Industrial/Business/Enterprise facilities,18
Donetska,2025-04-28,2025-05-04,Religious facilities,2
Donetska,2025-04-28,2025-05-04,Total,57
Donetska,2025-04-28,2025-05-04,Warehouse,2
Kharkivska,2025-04-28,2025-05-04,Agricultural facilities,4
Kharkivska,2025-04-28,2025-05-04,"Cultural facilities (museum, theater etc.)",1
Kharkivska,2025-04-28,2025-05-04,"Education facility (school, etc.)",7
Kharkivska,2025-04-28,2025-05-04,Electricity supply system,3
Kharkivska,2025-04-28,2025-05-04,Fuel depot,1
Kharkivska,2025-04-28,2025-05-04,Government facilities,11
Kharkivska,2025-04-28,2025-05-04,"Health facility (hospital, health clinic)",2
Kharkivska,2025-04-28,2025-05-04,Industrial/Business/Enterprise facilities,24
Kharkivska,2025-04-28,2025-05-04,Other,1
Kharkivska,2025-04-28,2025-05-04,Total,67
Kharkivska,2025-04-28,2025-05-04,Warehouse,13
Khersonska,2025-04-28,2025-05-04,"Education facility (school, etc.)",3
Khersonska,2025-04-28,2025-05-04,"Health facility (hospital, health clinic)",1
Khersonska,2025-04-28,2025-05-04,Industrial/Business/Enterprise facilities,3
Khersonska,2025-04-28,2025-05-04,Road / Highway,1
Khersonska,2025-04-28,2025-05-04,Telecommunications,1
Khersonska,2025-04-28,2025-05-04,Total,9
Kyiv,2025-04-28,2025-05-04,"Education facility (school, etc.)",2
Kyiv,2025-04-28,2025-05-04,Electricity supply system,1
Kyiv,2025-04-28,2025-05-04,Industrial/Business/Enterprise facilities,3
Kyiv,2025-04-28,2025-05-04,Road / Highway,1
Kyiv,2025-04-28,2025-05-04,Total,7
Kyivska,2025-04-28,2025-05-04,Industrial/Business/Enterprise facilities,1
Kyivska,2025-04-28,2025-05-04,Total,1
Mykolaivska,2025-04-28,2025-05-04,Electricity supply system,2
Mykolaivska,2025-04-28,2025-05-04,Total,3
Mykolaivska,2025-04-28,2025-05-04,Warehouse,1
Odeska,2025-04-28,2025-05-04,Agricultural facilities,1
Odeska,2025-04-28,2025-05-04,"Education facility (school, etc.)",1
Odeska,2025-04-28,2025-05-04,Industrial/Business/Enterprise facilities,2
Odeska,2025-04-28,2025-05-04,Total,4
Sumska,2025-04-28,2025-05-04,Agricultural facilities,1
Sumska,2025-04-28,2025-05-04,"Cultural facilities (museum, theater etc.)",1
Sumska,2025-04-28,2025-05-04,"Education facility (school, etc.)",4
Sumska,2025-04-28,2025-05-04,Electricity supply system,1
Sumska,2025-04-28,2025-05-04,Gas supply system,1
Sumska,2025-04-28,2025-05-04,Government facilities,3
Sumska,2025-04-28,2025-05-04,"Health facility (hospital, health clinic)",1
Sumska,2025-04-28,2025-05-04,Industrial/Business/Enterprise facilities,5
Sumska,2025-04-28,2025-05-04,Religious facilities,2
Sumska,2025-04-28,2025-05-04,Total,20
Sumska,2025-04-28,2025-05-04,Warehouse,1
Zaporizka,2025-04-28,2025-05-04,"Education facility (school, etc.)",5
Zaporizka,2025-04-28,2025-05-04,Government facilities,1
Zaporizka,2025-04-28,2025-05-04,Industrial/Business/Enterprise facilities,1
Zaporizka,2025-04-28,2025-05-04,Other,1
Zaporizka,2025-04-28,2025-05-04,Railway,1
Zaporizka,2025-04-28,2025-05-04,Total,9
Chernihivska,2025-04-21,2025-04-27,Industrial/Business/Enterprise facilities,1
Chernihivska,2025-04-21,2025-04-27,Total,1
Dnipropetrovska,2025-04-21,2025-04-27,Agricultural facilities,6
Dnipropetrovska,2025-04-21,2025-04-27,Electricity supply system,7
Dnipropetrovska,2025-04-21,2025-04-27,Gas supply system,4
Dnipropetrovska,2025-04-21,2025-04-27,Government facilities,8
Dnipropetrovska,2025-04-21,2025-04-27,Industrial/Business/Enterprise facilities,16
Dnipropetrovska,2025-04-21,2025-04-27,Other,1
Dnipropetrovska,2025-04-21,2025-04-27,Religious facilities,1
Dnipropetrovska,2025-04-21,2025-04-27,Road / Highway,1
Dnipropetrovska,2025-04-21,2025-04-27,Total,45
Dnipropetrovska,2025-04-21,2025-04-27,Warehouse,1
Donetska,2025-04-21,2025-04-27,Agricultural facilities,1
Donetska,2025-04-21,2025-04-27,"Cultural facilities (museum, theater etc.)",1
Donetska,2025-04-21,2025-04-27,"Education facility (school, etc.)",6
Donetska,2025-04-21,2025-04-27,Electricity supply system,4
Donetska,2025-04-21,2025-04-27,Fuel depot,2
Donetska,2025-04-21,2025-04-27,Gas supply system,2
Donetska,2025-04-21,2025-04-27,Government facilities,8
Donetska,2025-04-21,2025-04-27,"Health facility (hospital, health clinic)",7
Donetska,2025-04-21,2025-04-27,Heating and water facility,2
Donetska,2025-04-21,2025-04-27,Industrial/Business/Enterprise facilities,25
Donetska,2025-04-21,2025-04-27,Other,1
Donetska,2025-04-21,2025-04-27,Railway,3
Donetska,2025-04-21,2025-04-27,Religious facilities,1
Donetska,2025-04-21,2025-04-27,Total,70
Donetska,2025-04-21,2025-04-27,Warehouse,7
Kharkivska,2025-04-21,2025-04-27,"Education facility (school, etc.)",2
Kharkivska,2025-04-21,2025-04-27,Electricity supply system,5
Kharkivska,2025-04-21,2025-04-27,Gas supply system,2
Kharkivska,2025-04-21,2025-04-27,Government facilities,3
Kharkivska,2025-04-21,2025-04-27,"Health facility (hospital, health clinic)",1
Kharkivska,2025-04-21,2025-04-27,Heating and water facility,1
Kharkivska,2025-04-21,2025-04-27,Industrial/Business/Enterprise facilities,33
Kharkivska,2025-04-21,2025-04-27,Other,2
Kharkivska,2025-04-21,2025-04-27,Railway,1
Kharkivska,2025-04-21,2025-04-27,Road / Highway,3
Kharkivska,2025-04-21,2025-04-27,Total,61
Kharkivska,2025-04-21,2025-04-27,Warehouse,8
Khersonska,2025-04-21,2025-04-27,"Education facility (school, etc.)",2
Khersonska,2025-04-21,2025-04-27,Electricity supply system,1
Khersonska,2025-04-21,2025-04-27,Government facilities,1
Khersonska,2025-04-21,2025-04-27,"Health facility (hospital, health clinic)",2
Khersonska,2025-04-21,2025-04-27,Total,6
Khmelnytska,2025-04-21,2025-04-27,Electricity supply system,1
Khmelnytska,2025-04-21,2025-04-27,Total,1
Kirovohradska,2025-04-21,2025-04-27,Industrial/Business/Enterprise facilities,1
Kirovohradska,2025-04-21,2025-04-27,Telecommunications,1
Kirovohradska,2025-04-21,2025-04-27,Total,3
Kirovohradska,2025-04-21,2025-04-27,Warehouse,1
Kyiv,2025-04-21,2025-04-27,"Education facility (school, etc.)",6
Kyiv,2025-04-21,2025-04-27,Gas supply system,1
Kyiv,2025-04-21,2025-04-27,Government facilities,3
Kyiv,2025-04-21,2025-04-27,"Health facility (hospital, health clinic)",1
Kyiv,2025-04-21,2025-04-27,Industrial/Business/Enterprise facilities,1
Kyiv,2025-04-21,2025-04-27,Other,1
Kyiv,2025-04-21,2025-04-27,Railway,1
Kyiv,2025-04-21,2025-04-27,Road / Highway,1
Kyiv,2025-04-21,2025-04-27,Total,16
Kyiv,2025-04-21,2025-04-27,Warehouse,1
Kyivska,2025-04-21,2025-04-27,Industrial/Business/Enterprise facilities,7
Kyivska,2025-04-21,2025-04-27,Road / Highway,1
Kyivska,2025-04-21,2025-04-27,Total,10
Kyivska,2025-04-21,2025-04-27,Warehouse,2
Mykolaivska,2025-04-21,2025-04-27,Electricity supply system,2
Mykolaivska,2025-04-21,2025-04-27,Total,2
Odeska,2025-04-21,2025-04-27,"Education facility (school, etc.)",4
Odeska,2025-04-21,2025-04-27,Industrial/Business/Enterprise facilities,2
Odeska,2025-04-21,2025-04-27,Other,7
Odeska,2025-04-21,2025-04-27,Total,13
Poltavska,2025-04-21,2025-04-27,Industrial/Business/Enterprise facilities,5
Poltavska,2025-04-21,2025-04-27,Total,7
Poltavska,2025-04-21,2025-04-27,Warehouse,2
Sumska,2025-04-21,2025-04-27,Agricultural facilities,1
Sumska,2025-04-21,2025-04-27,Bridge,1
Sumska,2025-04-21,2025-04-27,"Cultural facilities (museum, theater etc.)",2
Sumska,2025-04-21,2025-04-27,"Education facility (school, etc.)",4
Sumska,2025-04-21,2025-04-27,Electricity supply system,4
Sumska,2025-04-21,2025-04-27,Gas supply system,2
Sumska,2025-04-21,2025-04-27,Government facilities,4
Sumska,2025-04-21,2025-04-27,"Health facility (hospital, health clinic)",1
Sumska,2025-04-21,2025-04-27,Industrial/Business/Enterprise facilities,5
Sumska,2025-04-21,2025-04-27,Other,1
Sumska,2025-04-21,2025-04-27,Railway,1
Sumska,2025-04-21,2025-04-27,Telecommunications,1
Sumska,2025-04-21,2025-04-27,Total,27
Zaporizka,2025-04-21,2025-04-27,"Education facility (school, etc.)",1
Zaporizka,2025-04-21,2025-04-27,Electricity supply system,1
Zaporizka,2025-04-21,2025-04-27,Gas supply system,2
Zaporizka,2025-04-21,2025-04-27,Government facilities,1
Zaporizka,2025-04-21,2025-04-27,Total,5
Zhytomyrska,2025-04-21,2025-04-27,"Education facility (school, etc.)",1
Zhytomyrska,2025-04-21,2025-04-27,Industrial/Business/Enterprise facilities,1
Zhytomyrska,2025-04-21,2025-04-27,Total,3
Zhytomyrska,2025-04-21,2025-04-27,Warehouse,1
Chernihivska,2025-04-14,2025-04-20,Industrial/Business/Enterprise facilities,2
Chernihivska,2025-04-14,2025-04-20,Total,2
Dnipropetrovska,2025-04-14,2025-04-20,Agricultural facilities,1
Dnipropetrovska,2025-04-14,2025-04-20,"Cultural facilities (museum, theater etc.)",3
Dnipropetrovska,2025-04-14,2025-04-20,"Education facility (school, etc.)",11
Dnipropetrovska,2025-04-14,2025-04-20,Electricity supply system,4
Dnipropetrovska,2025-04-14,2025-04-20,Gas supply system,2
Dnipropetrovska,2025-04-14,2025-04-20,Government facilities,4
Dnipropetrovska,2025-04-14,2025-04-20,Industrial/Business/Enterprise facilities,16
Dnipropetrovska,2025-04-14,2025-04-20,Other,3
Dnipropetrovska,2025-04-14,2025-04-20,Road / Highway,1
Dnipropetrovska,2025-04-14,2025-04-20,Total,46
Dnipropetrovska,2025-04-14,2025-04-20,Water supply system,1
Donetska,2025-04-14,2025-04-20,"Cultural facilities (museum, theater etc.)",1
Donetska,2025-04-14,2025-04-20,"Education facility (school, etc.)",4
Donetska,2025-04-14,2025-04-20,Electricity supply system,5
Donetska,2025-04-14,2025-04-20,Fuel depot,1
Donetska,2025-04-14,2025-04-20,Gas supply system,2
Donetska,2025-04-14,2025-04-20,Government facilities,5
Donetska,2025-04-14,2025-04-20,"Health facility (hospital, health clinic)",2
Donetska,2025-04-14,2025-04-20,Industrial/Business/Enterprise facilities,15
Donetska,2025-04-14,2025-04-20,Total,37
Donetska,2025-04-14,2025-04-20,Warehouse,2
Kharkivska,2025-04-14,2025-04-20,"Education facility (school, etc.)",6
Kharkivska,2025-04-14,2025-04-20,Electricity supply system,1
Kharkivska,2025-04-14,2025-04-20,Gas supply system,2
Kharkivska,2025-04-14,2025-04-20,Government facilities,2
Kharkivska,2025-04-14,2025-04-20,"Health facility (hospital, health clinic)",1
Kharkivska,2025-04-14,2025-04-20,Industrial/Business/Enterprise facilities,4
Kharkivska,2025-04-14,2025-04-20,Road / Highway,1
Kharkivska,2025-04-14,2025-04-20,Total,19
Kharkivska,2025-04-14,2025-04-20,Warehouse,1
Kharkivska,2025-04-14,2025-04-20,Water supply system,1
Khersonska,2025-04-14,2025-04-20,"Education facility (school, etc.)",2
Khersonska,2025-04-14,2025-04-20,Electricity supply system,2
Khersonska,2025-04-14,2025-04-20,Government facilities,1
Khersonska,2025-04-14,2025-04-20,Industrial/Business/Enterprise facilities,8
Khersonska,2025-04-14,2025-04-20,Other,1
Khersonska,2025-04-14,2025-04-20,Road / Highway,2
Khersonska,2025-04-14,2025-04-20,Total,16
Mykolaivska,2025-04-14,2025-04-20,Industrial/Business/Enterprise facilities,1
Mykolaivska,2025-04-14,2025-04-20,Total,3
Mykolaivska,2025-04-14,2025-04-20,Warehouse,2
Odeska,2025-04-14,2025-04-20,"Education facility (school, etc.)",1
Odeska,2025-04-14,2025-04-20,"Health facility (hospital, health clinic)",1
Odeska,2025-04-14,2025-04-20,Religious facilities,1
Odeska,2025-04-14,2025-04-20,Total,4
Odeska,2025-04-14,2025-04-20,Warehouse,1
Poltavska,2025-04-14,2025-04-20,Electricity supply system,1
Poltavska,2025-04-14,2025-04-20,Total,1
Sumska,2025-04-14,2025-04-20,Agricultural facilities,2
Sumska,2025-04-14,2025-04-20,"Education facility (school, etc.)",2
Sumska,2025-04-14,2025-04-20,Electricity supply system,1
Sumska,2025-04-14,2025-04-20,Gas supply system,1
Sumska,2025-04-14,2025-04-20,Government facilities,1
Sumska,2025-04-14,2025-04-20,Industrial/Business/Enterprise facilities,4
Sumska,2025-04-14,2025-04-20,Other,1
Sumska,2025-04-14,2025-04-20,Road / Highway,1
Sumska,2025-04-14,2025-04-20,Total,13
Zaporizka,2025-04-14,2025-04-20,Agricultural facilities,1
Zaporizka,2025-04-14,2025-04-20,Electricity supply system,2
Zaporizka,2025-04-14,2025-04-20,Fuel depot,1
Zaporizka,2025-04-14,2025-04-20,Industrial/Business/Enterprise facilities,1
Zaporizka,2025-04-14,2025-04-20,Total,5
Chernihivska,2025-04-07,2025-04-13,Agricultural facilities,1
Chernihivska,2025-04-07,2025-04-13,"Health facility (hospital, health clinic)",1
Chernihivska,2025-04-07,2025-04-13,Other,1
Chernihivska,2025-04-07,2025-04-13,Total,3
Dnipropetrovska,2025-04-07,2025-04-13,Agricultural facilities,3
Dnipropetrovska,2025-04-07,2025-04-13,"Cultural facilities (museum, theater etc.)",1
Dnipropetrovska,2025-04-07,2025-04-13,"Education facility (school, etc.)",3
Dnipropetrovska,2025-04-07,2025-04-13,Electricity supply system,4
Dnipropetrovska,2025-04-07,2025-04-13,Gas supply system,2
Dnipropetrovska,2025-04-07,2025-04-13,Government facilities,4
Dnipropetrovska,2025-04-07,2025-04-13,"Health facility (hospital, health clinic)",1
Dnipropetrovska,2025-04-07,2025-04-13,Industrial/Business/Enterprise facilities,12
Dnipropetrovska,2025-04-07,2025-04-13,Religious facilities,1
Dnipropetrovska,2025-04-07,2025-04-13,Total,32
Dnipropetrovska,2025-04-07,2025-04-13,Warehouse,1
Donetska,2025-04-07,2025-04-13,Agricultural facilities,3
Donetska,2025-04-07,2025-04-13,"Education facility (school, etc.)",3
Donetska,2025-04-07,2025-04-13,Electricity supply system,1
Donetska,2025-04-07,2025-04-13,Government facilities,9
Donetska,2025-04-07,2025-04-13,Industrial/Business/Enterprise facilities,12
Donetska,2025-04-07,2025-04-13,Total,29
Donetska,2025-04-07,2025-04-13,Warehouse,1
Kharkivska,2025-04-07,2025-04-13,"Education facility (school, etc.)",2
Kharkivska,2025-04-07,2025-04-13,Electricity supply system,4
Kharkivska,2025-04-07,2025-04-13,Gas supply system,1
Kharkivska,2025-04-07,2025-04-13,Government facilities,3
Kharkivska,2025-04-07,2025-04-13,"Health facility (hospital, health clinic)",1
Kharkivska,2025-04-07,2025-04-13,Industrial/Business/Enterprise facilities,17
Kharkivska,2025-04-07,2025-04-13,Road / Highway,1
Kharkivska,2025-04-07,2025-04-13,Total,35
Kharkivska,2025-04-07,2025-04-13,Warehouse,5
Kharkivska,2025-04-07,2025-04-13,Water supply system,1
Khersonska,2025-04-07,2025-04-13,"Education facility (school, etc.)",3
Khersonska,2025-04-07,2025-04-13,Gas supply system,1
Khersonska,2025-04-07,2025-04-13,"Health facility (hospital, health clinic)",2
Khersonska,2025-04-07,2025-04-13,Industrial/Business/Enterprise facilities,1
Khersonska,2025-04-07,2025-04-13,Total,7
Kirovohradska,2025-04-07,2025-04-13,Electricity supply system,3
Kirovohradska,2025-04-07,2025-04-13,Industrial/Business/Enterprise facilities,1
Kirovohradska,2025-04-07,2025-04-13,Total,4
Kyiv,2025-04-07,2025-04-13,"Health facility (hospital, health clinic)",1
Kyiv,2025-04-07,2025-04-13,Industrial/Business/Enterprise facilities,1
Kyiv,2025-04-07,2025-04-13,Other,1
Kyiv,2025-04-07,2025-04-13,Total,6
Kyiv,2025-04-07,2025-04-13,Warehouse,3
Kyivska,2025-04-07,2025-04-13,Total,2
Kyivska,2025-04-07,2025-04-13,Warehouse,2
Mykolaivska,2025-04-07,2025-04-13,Gas supply system,1
Mykolaivska,2025-04-07,2025-04-13,Government facilities,1
Mykolaivska,2025-04-07,2025-04-13,Total,2
Odeska,2025-04-07,2025-04-13,"Health facility (hospital, health clinic)",1
Odeska,2025-04-07,2025-04-13,Industrial/Business/Enterprise facilities,3
Odeska,2025-04-07,2025-04-13,Road / Highway,1
Odeska,2025-04-07,2025-04-13,Total,6
Odeska,2025-04-07,2025-04-13,Warehouse,1
Sumska,2025-04-07,2025-04-13,Agricultural facilities,2
Sumska,2025-04-07,2025-04-13,"Cultural facilities (museum, theater etc.)",9
Sumska,2025-04-07,2025-04-13,"Education facility (school, etc.)",4
Sumska,2025-04-07,2025-04-13,Electricity supply system,1
Sumska,2025-04-07,2025-04-13,Gas supply system,2
Sumska,2025-04-07,2025-04-13,Government facilities,4
Sumska,2025-04-07,2025-04-13,"Health facility (hospital, health clinic)",1
Sumska,2025-04-07,2025-04-13,Industrial/Business/Enterprise facilities,8
Sumska,2025-04-07,2025-04-13,Road / Highway,1
Sumska,2025-04-07,2025-04-13,Total,33
Sumska,2025-04-07,2025-04-13,Warehouse,1
Zhytomyrska,2025-04-07,2025-04-13,Gas supply system,2
Zhytomyrska,2025-04-07,2025-04-13,Industrial/Business/Enterprise facilities,1
Zhytomyrska,2025-04-07,2025-04-13,Total,3
Cherkaska,2025-03-31,2025-04-06,Electricity supply system,1
Cherkaska,2025-03-31,2025-04-06,Total,1
Chernihivska,2025-03-31,2025-04-06,Industrial/Business/Enterprise facilities,1
Chernihivska,2025-03-31,2025-04-06,Railway,1
Chernihivska,2025-03-31,2025-04-06,Total,2
Dnipropetrovska,2025-03-31,2025-04-06,"Cultural facilities (museum, theater etc.)",2
Dnipropetrovska,2025-03-31,2025-04-06,"Education facility (school, etc.)",6
Dnipropetrovska,2025-03-31,2025-04-06,Electricity supply system,9
Dnipropetrovska,2025-03-31,2025-04-06,Fuel depot,2
Dnipropetrovska,2025-03-31,2025-04-06,Gas supply system,5
Dnipropetrovska,2025-03-31,2025-04-06,Government facilities,9
Dnipropetrovska,2025-03-31,2025-04-06,"Health facility (hospital, health clinic)",1
Dnipropetrovska,2025-03-31,2025-04-06,Industrial/Business/Enterprise facilities,44
Dnipropetrovska,2025-03-31,2025-04-06,Other,2
Dnipropetrovska,2025-03-31,2025-04-06,Road / Highway,2
Dnipropetrovska,2025-03-31,2025-04-06,Total,84
Dnipropetrovska,2025-03-31,2025-04-06,Warehouse,1
Dnipropetrovska,2025-03-31,2025-04-06,Water supply system,1
Donetska,2025-03-31,2025-04-06,Agricultural facilities,1
Donetska,2025-03-31,2025-04-06,"Education facility (school, etc.)",5
Donetska,2025-03-31,2025-04-06,Electricity supply system,5
Donetska,2025-03-31,2025-04-06,Gas supply system,4
Donetska,2025-03-31,2025-04-06,Government facilities,5
Donetska,2025-03-31,2025-04-06,Industrial/Business/Enterprise facilities,2
Donetska,2025-03-31,2025-04-06,Other,1
Donetska,2025-03-31,2025-04-06,Religious facilities,1
Donetska,2025-03-31,2025-04-06,Total,28
Donetska,2025-03-31,2025-04-06,Warehouse,4
Kharkivska,2025-03-31,2025-04-06,"Cultural facilities (museum, theater etc.)",2
Kharkivska,2025-03-31,2025-04-06,"Education facility (school, etc.)",4
Kharkivska,2025-03-31,2025-04-06,Electricity supply system,2
Kharkivska,2025-03-31,2025-04-06,Gas supply system,1
Kharkivska,2025-03-31,2025-04-06,Government facilities,2
Kharkivska,2025-03-31,2025-04-06,Industrial/Business/Enterprise facilities,5
Kharkivska,2025-03-31,2025-04-06,Other,1
Kharkivska,2025-03-31,2025-04-06,Total,20
Kharkivska,2025-03-31,2025-04-06,Warehouse,3
Khersonska,2025-03-31,2025-04-06,"Cultural facilities (museum, theater etc.)",1
Khersonska,2025-03-31,2025-04-06,"Education facility (school, etc.)",1
Khersonska,2025-03-31,2025-04-06,Electricity supply system,4
Khersonska,2025-03-31,2025-04-06,Government facilities,1
Khersonska,2025-03-31,2025-04-06,"Health facility (hospital, health clinic)",2
Khersonska,2025-03-31,2025-04-06,Industrial/Business/Enterprise facilities,2
Khersonska,2025-03-31,2025-04-06,Power plant,1
Khersonska,2025-03-31,2025-04-06,Total,12
Kirovohradska,2025-03-31,2025-04-06,"Education facility (school, etc.)",1
Kirovohradska,2025-03-31,2025-04-06,Electricity supply system,1
Kirovohradska,2025-03-31,2025-04-06,Total,2
Kyiv,2025-03-31,2025-04-06,Government facilities,1
Kyiv,2025-03-31,2025-04-06,Industrial/Business/Enterprise facilities,2
Kyiv,2025-03-31,2025-04-06,Total,5
Kyiv,2025-03-31,2025-04-06,Warehouse,2
Kyivska,2025-03-31,2025-04-06,Fuel depot,3
Kyivska,2025-03-31,2025-04-06,Government facilities,1
Kyivska,2025-03-31,2025-04-06,Industrial/Business/Enterprise facilities,10
Kyivska,2025-03-31,2025-04-06,Total,14
Mykolaivska,2025-03-31,2025-04-06,Gas supply system,1
Mykolaivska,2025-03-31,2025-04-06,Government facilities,1
Mykolaivska,2025-03-31,2025-04-06,Total,2
Odeska,2025-03-31,2025-04-06,"Education facility (school, etc.)",1
Odeska,2025-03-31,2025-04-06,Heating and water facility,1
Odeska,2025-03-31,2025-04-06,Total,2
Sumska,2025-03-31,2025-04-06,"Cultural facilities (museum, theater etc.)",2
Sumska,2025-03-31,2025-04-06,"Education facility (school, etc.)",1
Sumska,2025-03-31,2025-04-06,Government facilities,2
Sumska,2025-03-31,2025-04-06,Industrial/Business/Enterprise facilities,5
Sumska,2025-03-31,2025-04-06,Total,11
Sumska,2025-03-31,2025-04-06,Warehouse,1
Zaporizka,2025-03-31,2025-04-06,"Education facility (school, etc.)",1
Zaporizka,2025-03-31,2025-04-06,Government facilities,2
Zaporizka,2025-03-31,2025-04-06,Industrial/Business/Enterprise facilities,4
Zaporizka,2025-03-31,2025-04-06,Religious facilities,1
Zaporizka,2025-03-31,2025-04-06,Road / Highway,1
Zaporizka,2025-03-31,2025-04-06,Total,10
Zaporizka,2025-03-31,2025-04-06,Warehouse,1
Chernihivska,2025-03-24,2025-03-30,Industrial/Business/Enterprise facilities,2
Chernihivska,2025-03-24,2025-03-30,Total,2
Dnipropetrovska,2025-03-24,2025-03-30,Agricultural facilities,8
Dnipropetrovska,2025-03-24,2025-03-30,"Cultural facilities (museum, theater etc.)",4
Dnipropetrovska,2025-03-24,2025-03-30,"Education facility (school, etc.)",12
Dnipropetrovska,2025-03-24,2025-03-30,Electricity supply system,3
Dnipropetrovska,2025-03-24,2025-03-30,Fuel depot,1
Dnipropetrovska,2025-03-24,2025-03-30,Gas supply system,6
Dnipropetrovska,2025-03-24,2025-03-30,Government facilities,8
Dnipropetrovska,2025-03-24,2025-03-30,"Health facility (hospital, health clinic)",3
Dnipropetrovska,2025-03-24,2025-03-30,Industrial/Business/Enterprise facilities,17
Dnipropetrovska,2025-03-24,2025-03-30,Total,65
Dnipropetrovska,2025-03-24,2025-03-30,Warehouse,3
Donetska,2025-03-24,2025-03-30,Agricultural facilities,1
Donetska,2025-03-24,2025-03-30,"Cultural facilities (museum, theater etc.)",1
Donetska,2025-03-24,2025-03-30,"Education facility (school, etc.)",3
Donetska,2025-03-24,2025-03-30,Electricity supply system,8
Donetska,2025-03-24,2025-03-30,Gas supply system,1
Donetska,2025-03-24,2025-03-30,Government facilities,2
Donetska,2025-03-24,2025-03-30,Industrial/Business/Enterprise facilities,4
Donetska,2025-03-24,2025-03-30,Religious facilities,1
Donetska,2025-03-24,2025-03-30,Total,22
Donetska,2025-03-24,2025-03-30,Warehouse,1
Kharkivska,2025-03-24,2025-03-30,"Cultural facilities (museum, theater etc.)",2
Kharkivska,2025-03-24,2025-03-30,"Education facility (school, etc.)",3
Kharkivska,2025-03-24,2025-03-30,Electricity supply system,4
Kharkivska,2025-03-24,2025-03-30,Gas supply system,1
Kharkivska,2025-03-24,2025-03-30,Government facilities,3
Kharkivska,2025-03-24,2025-03-30,"Health facility (hospital, health clinic)",3
Kharkivska,2025-03-24,2025-03-30,Heating and water facility,1
Kharkivska,2025-03-24,2025-03-30,Industrial/Business/Enterprise facilities,15
Kharkivska,2025-03-24,2025-03-30,Other,4
Kharkivska,2025-03-24,2025-03-30,Railway,1
Kharkivska,2025-03-24,2025-03-30,Total,41
Kharkivska,2025-03-24,2025-03-30,Warehouse,4
Khersonska,2025-03-24,2025-03-30,"Cultural facilities (museum, theater etc.)",1
Khersonska,2025-03-24,2025-03-30,"Education facility (school, etc.)",1
Khersonska,2025-03-24,2025-03-30,Electricity supply system,3
Khersonska,2025-03-24,2025-03-30,Fuel depot,1
Khersonska,2025-03-24,2025-03-30,Gas supply system,1
Khersonska,2025-03-24,2025-03-30,Government facilities,1
Khersonska,2025-03-24,2025-03-30,Other,1
Khersonska,2025-03-24,2025-03-30,Railway,2
Khersonska,2025-03-24,2025-03-30,Total,14
Khersonska,2025-03-24,2025-03-30,Warehouse,2
Khersonska,2025-03-24,2025-03-30,Water supply system,1
Kyivska,2025-03-24,2025-03-30,Industrial/Business/Enterprise facilities,1
Kyivska,2025-03-24,2025-03-30,Total,3
Kyivska,2025-03-24,2025-03-30,Warehouse,2
Mykolaivska,2025-03-24,2025-03-30,Electricity supply system,1
Mykolaivska,2025-03-24,2025-03-30,Total,2
Mykolaivska,2025-03-24,2025-03-30,Warehouse,1
Odeska,2025-03-24,2025-03-30,"Education facility (school, etc.)",1
Odeska,2025-03-24,2025-03-30,Total,3
Odeska,2025-03-24,2025-03-30,Warehouse,2
Poltavska,2025-03-24,2025-03-30,Electricity supply system,1
Poltavska,2025-03-24,2025-03-30,Government facilities,1
Poltavska,2025-03-24,2025-03-30,Industrial/Business/Enterprise facilities,2
Poltavska,2025-03-24,2025-03-30,Total,6
Poltavska,2025-03-24,2025-03-30,Warehouse,2
Sumska,2025-03-24,2025-03-30,"Cultural facilities (museum, theater etc.)",2
Sumska,2025-03-24,2025-03-30,"Education facility (school, etc.)",7
Sumska,2025-03-24,2025-03-30,Electricity supply system,1
Sumska,2025-03-24,2025-03-30,Government facilities,4
Sumska,2025-03-24,2025-03-30,"Health facility (hospital, health clinic)",2
Sumska,2025-03-24,2025-03-30,Industrial/Business/Enterprise facilities,11
Sumska,2025-03-24,2025-03-30,Religious facilities,1
Sumska,2025-03-24,2025-03-30,Total,28
Zaporizka,2025-03-24,2025-03-30,"Education facility (school, etc.)",1
Zaporizka,2025-03-24,2025-03-30,Electricity supply system,1
Zaporizka,2025-03-24,2025-03-30,Gas supply system,1
Zaporizka,2025-03-24,2025-03-30,Total,3
Cherkaska,2025-03-17,2025-03-23,Industrial/Business/Enterprise facilities,1
Cherkaska,2025-03-17,2025-03-23,Total,2
Cherkaska,2025-03-17,2025-03-23,Warehouse,1
Chernihivska,2025-03-17,2025-03-23,Agricultural facilities,1
Chernihivska,2025-03-17,2025-03-23,Industrial/Business/Enterprise facilities,3
Chernihivska,2025-03-17,2025-03-23,Other,1
Chernihivska,2025-03-17,2025-03-23,Telecommunications,1
Chernihivska,2025-03-17,2025-03-23,Total,15
Chernihivska,2025-03-17,2025-03-23,Warehouse,9
Dnipropetrovska,2025-03-17,2025-03-23,Agricultural facilities,5
Dnipropetrovska,2025-03-17,2025-03-23,Electricity supply system,4
Dnipropetrovska,2025-03-17,2025-03-23,Gas supply system,2
Dnipropetrovska,2025-03-17,2025-03-23,Industrial/Business/Enterprise facilities,6
Dnipropetrovska,2025-03-17,2025-03-23,Total,17
Donetska,2025-03-17,2025-03-23,"Cultural facilities (museum, theater etc.)",2
Donetska,2025-03-17,2025-03-23,"Education facility (school, etc.)",8
Donetska,2025-03-17,2025-03-23,Electricity supply system,16
Donetska,2025-03-17,2025-03-23,Gas supply system,9
Donetska,2025-03-17,2025-03-23,Government facilities,10
Donetska,2025-03-17,2025-03-23,"Health facility (hospital, health clinic)",1
Donetska,2025-03-17,2025-03-23,Industrial/Business/Enterprise facilities,7
Donetska,2025-03-17,2025-03-23,Total,54
Donetska,2025-03-17,2025-03-23,Warehouse,1
Kharkivska,2025-03-17,2025-03-23,"Cultural facilities (museum, theater etc.)",1
Kharkivska,2025-03-17,2025-03-23,"Education facility (school, etc.)",3
Kharkivska,2025-03-17,2025-03-23,Electricity supply system,4
Kharkivska,2025-03-17,2025-03-23,Gas supply system,1
Kharkivska,2025-03-17,2025-03-23,Government facilities,2
Kharkivska,2025-03-17,2025-03-23,"Health facility (hospital, health clinic)",2
Kharkivska,2025-03-17,2025-03-23,Industrial/Business/Enterprise facilities,4
Kharkivska,2025-03-17,2025-03-23,Oil depot,1
Kharkivska,2025-03-17,2025-03-23,Total,23
Kharkivska,2025-03-17,2025-03-23,Warehouse,4
Kharkivska,2025-03-17,2025-03-23,Water supply system,1
Khersonska,2025-03-17,2025-03-23,"Education facility (school, etc.)",2
Khersonska,2025-03-17,2025-03-23,Electricity supply system,1
Khersonska,2025-03-17,2025-03-23,Industrial/Business/Enterprise facilities,1
Khersonska,2025-03-17,2025-03-23,Telecommunications,1
Khersonska,2025-03-17,2025-03-23,Total,5
Khmelnytska,2025-03-17,2025-03-23,Government facilities,1
Khmelnytska,2025-03-17,2025-03-23,Total,1
Kirovohradska,2025-03-17,2025-03-23,"Education facility (school, etc.)",4
Kirovohradska,2025-03-17,2025-03-23,Electricity supply system,2
Kirovohradska,2025-03-17,2025-03-23,Railway,1
Kirovohradska,2025-03-17,2025-03-23,Religious facilities,1
Kirovohradska,2025-03-17,2025-03-23,Total,8
Kyiv,2025-03-17,2025-03-23,"Education facility (school, etc.)",1
Kyiv,2025-03-17,2025-03-23,Industrial/Business/Enterprise facilities,2
Kyiv,2025-03-17,2025-03-23,Other,1
Kyiv,2025-03-17,2025-03-23,Total,5
Kyiv,2025-03-17,2025-03-23,Warehouse,1
Kyivska,2025-03-17,2025-03-23,Industrial/Business/Enterprise facilities,4
Kyivska,2025-03-17,2025-03-23,Total,4
Mykolaivska,2025-03-17,2025-03-23,Heating and water facility,1
Mykolaivska,2025-03-17,2025-03-23,Total,3
Mykolaivska,2025-03-17,2025-03-23,Warehouse,2
Odeska,2025-03-17,2025-03-23,"Education facility (school, etc.)",1
Odeska,2025-03-17,2025-03-23,Electricity supply system,1
Odeska,2025-03-17,2025-03-23,Government facilities,1
Odeska,2025-03-17,2025-03-23,Industrial/Business/Enterprise facilities,10
Odeska,2025-03-17,2025-03-23,Other,1
Odeska,2025-03-17,2025-03-23,Total,14
Poltavska,2025-03-17,2025-03-23,Total,1
Poltavska,2025-03-17,2025-03-23,Warehouse,1
Sumska,2025-03-17,2025-03-23,Agricultural facilities,3
Sumska,2025-03-17,2025-03-23,Bridge,1
Sumska,2025-03-17,2025-03-23,"Cultural facilities (museum, theater etc.)",2
Sumska,2025-03-17,2025-03-23,"Education facility (school, etc.)",4
Sumska,2025-03-17,2025-03-23,Fuel depot,1
Sumska,2025-03-17,2025-03-23,Gas supply system,1
Sumska,2025-03-17,2025-03-23,Government facilities,3
Sumska,2025-03-17,2025-03-23,"Health facility (hospital, health clinic)",3
Sumska,2025-03-17,2025-03-23,Industrial/Business/Enterprise facilities,9
Sumska,2025-03-17,2025-03-23,Religious facilities,1
Sumska,2025-03-17,2025-03-23,Road / Highway,2
Sumska,2025-03-17,2025-03-23,Total,32
Sumska,2025-03-17,2025-03-23,Warehouse,2
Zaporizka,2025-03-17,2025-03-23,"Education facility (school, etc.)",1
Zaporizka,2025-03-17,2025-03-23,Gas supply system,2
Zaporizka,2025-03-17,2025-03-23,Government facilities,1
Zaporizka,2025-03-17,2025-03-23,Industrial/Business/Enterprise facilities,2
Zaporizka,2025-03-17,2025-03-23,Other,1
Zaporizka,2025-03-17,2025-03-23,Total,7
Autonomous Republic of Crimea,2025-03-10,2025-03-16,Industrial/Business/Enterprise facilities,1
Autonomous Republic of Crimea,2025-03-10,2025-03-16,Total,1
Chernihivska,2025-03-10,2025-03-16,Agricultural facilities,2
Chernihivska,2025-03-10,2025-03-16,Government facilities,1
Chernihivska,2025-03-10,2025-03-16,Industrial/Business/Enterprise facilities,3
Chernihivska,2025-03-10,2025-03-16,Telecommunications,1
Chernihivska,2025-03-10,2025-03-16,Total,7
Dnipropetrovska,2025-03-10,2025-03-16,Agricultural facilities,4
Dnipropetrovska,2025-03-10,2025-03-16,"Cultural facilities (museum, theater etc.)",1
Dnipropetrovska,2025-03-10,2025-03-16,"Education facility (school, etc.)",12
Dnipropetrovska,2025-03-10,2025-03-16,Electricity supply system,3
Dnipropetrovska,2025-03-10,2025-03-16,Gas supply system,2
Dnipropetrovska,2025-03-10,2025-03-16,Government facilities,6
Dnipropetrovska,2025-03-10,2025-03-16,"Health facility (hospital, health clinic)",3
Dnipropetrovska,2025-03-10,2025-03-16,Heating and water facility,1
Dnipropetrovska,2025-03-10,2025-03-16,Industrial/Business/Enterprise facilities,17
Dnipropetrovska,2025-03-10,2025-03-16,Religious facilities,2
Dnipropetrovska,2025-03-10,2025-03-16,Road / Highway,1
Dnipropetrovska,2025-03-10,2025-03-16,Total,52
Donetska,2025-03-10,2025-03-16,"Education facility (school, etc.)",5
Donetska,2025-03-10,2025-03-16,Electricity supply system,20
Donetska,2025-03-10,2025-03-16,Gas supply system,11
Donetska,2025-03-10,2025-03-16,Government facilities,15
Donetska,2025-03-10,2025-03-16,"Health facility (hospital, health clinic)",6
Donetska,2025-03-10,2025-03-16,Industrial/Business/Enterprise facilities,12
Donetska,2025-03-10,2025-03-16,Power plant,1
Donetska,2025-03-10,2025-03-16,Religious facilities,1
Donetska,2025-03-10,2025-03-16,Road / Highway,1
Donetska,2025-03-10,2025-03-16,Total,73
Donetska,2025-03-10,2025-03-16,Warehouse,1
Kharkivska,2025-03-10,2025-03-16,Agricultural facilities,1
Kharkivska,2025-03-10,2025-03-16,"Education facility (school, etc.)",1
Kharkivska,2025-03-10,2025-03-16,Electricity supply system,3
Kharkivska,2025-03-10,2025-03-16,Gas supply system,1
Kharkivska,2025-03-10,2025-03-16,"Health facility (hospital, health clinic)",1
Kharkivska,2025-03-10,2025-03-16,Industrial/Business/Enterprise facilities,3
Kharkivska,2025-03-10,2025-03-16,Total,15
Kharkivska,2025-03-10,2025-03-16,Warehouse,5
Khersonska,2025-03-10,2025-03-16,"Education facility (school, etc.)",1
Khersonska,2025-03-10,2025-03-16,Electricity supply system,1
Khersonska,2025-03-10,2025-03-16,Government facilities,3
Khersonska,2025-03-10,2025-03-16,"Health facility (hospital, health clinic)",1
Khersonska,2025-03-10,2025-03-16,Industrial/Business/Enterprise facilities,2
Khersonska,2025-03-10,2025-03-16,Total,9
Khersonska,2025-03-10,2025-03-16,Warehouse,1
Kyivska,2025-03-10,2025-03-16,Industrial/Business/Enterprise facilities,2
Kyivska,2025-03-10,2025-03-16,Total,2
Mykolaivska,2025-03-10,2025-03-16,Electricity supply system,1
Mykolaivska,2025-03-10,2025-03-16,Total,2
Mykolaivska,2025-03-10,2025-03-16,Warehouse,1
Odeska,2025-03-10,2025-03-16,Electricity supply system,1
Odeska,2025-03-10,2025-03-16,Fuel depot,1
Odeska,2025-03-10,2025-03-16,Harbor,1
Odeska,2025-03-10,2025-03-16,"Health facility (hospital, health clinic)",1
Odeska,2025-03-10,2025-03-16,Industrial/Business/Enterprise facilities,5
Odeska,2025-03-10,2025-03-16,Total,11
Odeska,2025-03-10,2025-03-16,Warehouse,2
Poltavska,2025-03-10,2025-03-16,Electricity supply system,1
Poltavska,2025-03-10,2025-03-16,Total,1
Sumska,2025-03-10,2025-03-16,Bridge,1
Sumska,2025-03-10,2025-03-16,"Cultural facilities (museum, theater etc.)",1
Sumska,2025-03-10,2025-03-16,"Education facility (school, etc.)",2
Sumska,2025-03-10,2025-03-16,Electricity supply system,1
Sumska,2025-03-10,2025-03-16,Fuel depot,2
Sumska,2025-03-10,2025-03-16,Government facilities,1
Sumska,2025-03-10,2025-03-16,"Health facility (hospital, health clinic)",1
Sumska,2025-03-10,2025-03-16,Industrial/Business/Enterprise facilities,3
Sumska,2025-03-10,2025-03-16,Total,13
Sumska,2025-03-10,2025-03-16,Warehouse,1
Zaporizka,2025-03-10,2025-03-16,Government facilities,1
Zaporizka,2025-03-10,2025-03-16,Power plant,1
Zaporizka,2025-03-10,2025-03-16,Railway,1
Zaporizka,2025-03-10,2025-03-16,Total,3
Cherkaska,2025-03-03,2025-03-09,Industrial/Business/Enterprise facilities,3
Cherkaska,2025-03-03,2025-03-09,Total,3
Chernihivska,2025-03-03,2025-03-09,Gas supply system,1
Chernihivska,2025-03-03,2025-03-09,Government facilities,1
Chernihivska,2025-03-03,2025-03-09,Total,2
Dnipropetrovska,2025-03-03,2025-03-09,"Cultural facilities (museum, theater etc.)",1
Dnipropetrovska,2025-03-03,2025-03-09,"Education facility (school, etc.)",10
Dnipropetrovska,2025-03-03,2025-03-09,Electricity supply system,3
Dnipropetrovska,2025-03-03,2025-03-09,Fuel depot,1
Dnipropetrovska,2025-03-03,2025-03-09,Government facilities,3
Dnipropetrovska,2025-03-03,2025-03-09,"Health facility (hospital, health clinic)",1
Dnipropetrovska,2025-03-03,2025-03-09,Industrial/Business/Enterprise facilities,19
Dnipropetrovska,2025-03-03,2025-03-09,Road / Highway,1
Dnipropetrovska,2025-03-03,2025-03-09,Total,39
Donetska,2025-03-03,2025-03-09,"Cultural facilities (museum, theater etc.)",3
Donetska,2025-03-03,2025-03-09,"Education facility (school, etc.)",4
Donetska,2025-03-03,2025-03-09,Electricity supply system,17
Donetska,2025-03-03,2025-03-09,Gas supply system,14
Donetska,2025-03-03,2025-03-09,Government facilities,16
Donetska,2025-03-03,2025-03-09,"Health facility (hospital, health clinic)",5
Donetska,2025-03-03,2025-03-09,Industrial/Business/Enterprise facilities,14
Donetska,2025-03-03,2025-03-09,Total,74
Donetska,2025-03-03,2025-03-09,Warehouse,1
Kharkivska,2025-03-03,2025-03-09,"Cultural facilities (museum, theater etc.)",2
Kharkivska,2025-03-03,2025-03-09,"Education facility (school, etc.)",8
Kharkivska,2025-03-03,2025-03-09,Electricity supply system,2
Kharkivska,2025-03-03,2025-03-09,Gas supply system,1
Kharkivska,2025-03-03,2025-03-09,Government facilities,4
Kharkivska,2025-03-03,2025-03-09,"Health facility (hospital, health clinic)",2
Kharkivska,2025-03-03,2025-03-09,Industrial/Business/Enterprise facilities,7
Kharkivska,2025-03-03,2025-03-09,Total,31
Kharkivska,2025-03-03,2025-03-09,Warehouse,5
Khersonska,2025-03-03,2025-03-09,"Cultural facilities (museum, theater etc.)",1
Khersonska,2025-03-03,2025-03-09,Industrial/Business/Enterprise facilities,1
Khersonska,2025-03-03,2025-03-09,Other,1
Khersonska,2025-03-03,2025-03-09,Religious facilities,1
Khersonska,2025-03-03,2025-03-09,Total,4
Kyivska,2025-03-03,2025-03-09,"Education facility (school, etc.)",2
Kyivska,2025-03-03,2025-03-09,Industrial/Business/Enterprise facilities,2
Kyivska,2025-03-03,2025-03-09,Total,8
Kyivska,2025-03-03,2025-03-09,Warehouse,4
Mykolaivska,2025-03-03,2025-03-09,Electricity supply system,1
Mykolaivska,2025-03-03,2025-03-09,Total,1
Odeska,2025-03-03,2025-03-09,"Education facility (school, etc.)",1
Odeska,2025-03-03,2025-03-09,Electricity supply system,2
Odeska,2025-03-03,2025-03-09,Fuel depot,1
Odeska,2025-03-03,2025-03-09,Gas supply system,1
Odeska,2025-03-03,2025-03-09,Government facilities,2
Odeska,2025-03-03,2025-03-09,Harbor,1
Odeska,2025-03-03,2025-03-09,"Health facility (hospital, health clinic)",1
Odeska,2025-03-03,2025-03-09,Heating and water facility,3
Odeska,2025-03-03,2025-03-09,Industrial/Business/Enterprise facilities,6
Odeska,2025-03-03,2025-03-09,Other,1
Odeska,2025-03-03,2025-03-09,Total,20
Odeska,2025-03-03,2025-03-09,Warehouse,1
Poltavska,2025-03-03,2025-03-09,Gas supply system,1
Poltavska,2025-03-03,2025-03-09,Total,1
Sumska,2025-03-03,2025-03-09,"Cultural facilities (museum, theater etc.)",1
Sumska,2025-03-03,2025-03-09,"Education facility (school, etc.)",4
Sumska,2025-03-03,2025-03-09,Electricity supply system,1
Sumska,2025-03-03,2025-03-09,Government facilities,2
Sumska,2025-03-03,2025-03-09,"Health facility (hospital, health clinic)",1
Sumska,2025-03-03,2025-03-09,Industrial/Business/Enterprise facilities,6
Sumska,2025-03-03,2025-03-09,Other,1
Sumska,2025-03-03,2025-03-09,Total,20
Sumska,2025-03-03,2025-03-09,Warehouse,4
Ternopilska,2025-03-03,2025-03-09,Gas supply system,2
Ternopilska,2025-03-03,2025-03-09,Industrial/Business/Enterprise facilities,1
Ternopilska,2025-03-03,2025-03-09,Total,4
Ternopilska,2025-03-03,2025-03-09,Water supply system,1
Zaporizka,2025-03-03,2025-03-09,Industrial/Business/Enterprise facilities,1
Zaporizka,2025-03-03,2025-03-09,Total,1
Cherkaska,2025-02-24,2025-03-02,Electricity supply system,1
Cherkaska,2025-02-24,2025-03-02,Other,1
Cherkaska,2025-02-24,2025-03-02,Total,2
Chernihivska,2025-02-24,2025-03-02,"Education facility (school, etc.)",1
Chernihivska,2025-02-24,2025-03-02,Electricity supply system,2
Chernihivska,2025-02-24,2025-03-02,"Health facility (hospital, health clinic)",1
Chernihivska,2025-02-24,2025-03-02,Total,4
Dnipropetrovska,2025-02-24,2025-03-02,"Education facility (school, etc.)",2
Dnipropetrovska,2025-02-24,2025-03-02,Electricity supply system,9
Dnipropetrovska,2025-02-24,2025-03-02,Fuel depot,1
Dnipropetrovska,2025-02-24,2025-03-02,Gas supply system,3
Dnipropetrovska,2025-02-24,2025-03-02,"Health facility (hospital, health clinic)",1
Dnipropetrovska,2025-02-24,2025-03-02,Industrial/Business/Enterprise facilities,8
Dnipropetrovska,2025-02-24,2025-03-02,Total,24
Donetska,2025-02-24,2025-03-02,Agricultural facilities,2
Donetska,2025-02-24,2025-03-02,Bridge,1
Donetska,2025-02-24,2025-03-02,"Education facility (school, etc.)",16
Donetska,2025-02-24,2025-03-02,Electricity supply system,31
Donetska,2025-02-24,2025-03-02,Fuel depot,2
Donetska,2025-02-24,2025-03-02,Gas supply system,21
Donetska,2025-02-24,2025-03-02,Government facilities,17
Donetska,2025-02-24,2025-03-02,"Health facility (hospital, health clinic)",3
Donetska,2025-02-24,2025-03-02,Heating and water facility,3
Donetska,2025-02-24,2025-03-02,Industrial/Business/Enterprise facilities,33
Donetska,2025-02-24,2025-03-02,Other,1
Donetska,2025-02-24,2025-03-02,Railway,1
Donetska,2025-02-24,2025-03-02,Religious facilities,1
Donetska,2025-02-24,2025-03-02,Road / Highway,2
Donetska,2025-02-24,2025-03-02,Total,136
Donetska,2025-02-24,2025-03-02,Warehouse,2
Kharkivska,2025-02-24,2025-03-02,Agricultural facilities,2
Kharkivska,2025-02-24,2025-03-02,"Cultural facilities (museum, theater etc.)",3
Kharkivska,2025-02-24,2025-03-02,"Education facility (school, etc.)",1
Kharkivska,2025-02-24,2025-03-02,Electricity supply system,12
Kharkivska,2025-02-24,2025-03-02,Gas supply system,1
Kharkivska,2025-02-24,2025-03-02,"Health facility (hospital, health clinic)",2
Kharkivska,2025-02-24,2025-03-02,Heating and water facility,2
Kharkivska,2025-02-24,2025-03-02,Industrial/Business/Enterprise facilities,9
Kharkivska,2025-02-24,2025-03-02,Other,1
Kharkivska,2025-02-24,2025-03-02,Road / Highway,6
Kharkivska,2025-02-24,2025-03-02,Total,51
Kharkivska,2025-02-24,2025-03-02,Warehouse,11
Kharkivska,2025-02-24,2025-03-02,Water supply system,1
Khersonska,2025-02-24,2025-03-02,Government facilities,1
Khersonska,2025-02-24,2025-03-02,"Health facility (hospital, health clinic)",1
Khersonska,2025-02-24,2025-03-02,Heating and water facility,3
Khersonska,2025-02-24,2025-03-02,Industrial/Business/Enterprise facilities,4
Khersonska,2025-02-24,2025-03-02,Total,10
Khersonska,2025-02-24,2025-03-02,Water supply system,1
Khmelnytska,2025-02-24,2025-03-02,Electricity supply system,3
Khmelnytska,2025-02-24,2025-03-02,Total,4
Khmelnytska,2025-02-24,2025-03-02,Warehouse,1
Kirovohradska,2025-02-24,2025-03-02,Electricity supply system,1
Kirovohradska,2025-02-24,2025-03-02,Total,1
Kyivska,2025-02-24,2025-03-02,Industrial/Business/Enterprise facilities,1
Kyivska,2025-02-24,2025-03-02,Total,2
Kyivska,2025-02-24,2025-03-02,Warehouse,1
Mykolaivska,2025-02-24,2025-03-02,Agricultural facilities,1
Mykolaivska,2025-02-24,2025-03-02,Electricity supply system,3
Mykolaivska,2025-02-24,2025-03-02,Industrial/Business/Enterprise facilities,1
Mykolaivska,2025-02-24,2025-03-02,Total,7
Mykolaivska,2025-02-24,2025-03-02,Warehouse,2
Odeska,2025-02-24,2025-03-02,"Cultural facilities (museum, theater etc.)",1
Odeska,2025-02-24,2025-03-02,Harbor,1
Odeska,2025-02-24,2025-03-02,Industrial/Business/Enterprise facilities,1
Odeska,2025-02-24,2025-03-02,Total,3
Poltavska,2025-02-24,2025-03-02,Industrial/Business/Enterprise facilities,1
Poltavska,2025-02-24,2025-03-02,Total,1
Sumska,2025-02-24,2025-03-02,"Education facility (school, etc.)",3
Sumska,2025-02-24,2025-03-02,Electricity supply system,2
Sumska,2025-02-24,2025-03-02,Gas supply system,2
Sumska,2025-02-24,2025-03-02,Government facilities,5
Sumska,2025-02-24,2025-03-02,Industrial/Business/Enterprise facilities,8
Sumska,2025-02-24,2025-03-02,Road / Highway,1
Sumska,2025-02-24,2025-03-02,Total,23
Sumska,2025-02-24,2025-03-02,Warehouse,2
Zaporizka,2025-02-24,2025-03-02,"Education facility (school, etc.)",1
Zaporizka,2025-02-24,2025-03-02,Government facilities,1
Zaporizka,2025-02-24,2025-03-02,Industrial/Business/Enterprise facilities,1
Zaporizka,2025-02-24,2025-03-02,Total,3
Cherkaska,2025-02-17,2025-02-23,Agricultural facilities,1
Cherkaska,2025-02-17,2025-02-23,Electricity supply system,2
Cherkaska,2025-02-17,2025-02-23,Industrial/Business/Enterprise facilities,1
Cherkaska,2025-02-17,2025-02-23,Other,1
Cherkaska,2025-02-17,2025-02-23,Total,5
Chernihivska,2025-02-17,2025-02-23,Government facilities,1
Chernihivska,2025-02-17,2025-02-23,Road / Highway,1
Chernihivska,2025-02-17,2025-02-23,Total,2
Dnipropetrovska,2025-02-17,2025-02-23,"Education facility (school, etc.)",5
Dnipropetrovska,2025-02-17,2025-02-23,Electricity supply system,5
Dnipropetrovska,2025-02-17,2025-02-23,Fuel depot,3
Dnipropetrovska,2025-02-17,2025-02-23,Gas supply system,2
Dnipropetrovska,2025-02-17,2025-02-23,Government facilities,2
Dnipropetrovska,2025-02-17,2025-02-23,"Health facility (hospital, health clinic)",2
Dnipropetrovska,2025-02-17,2025-02-23,Industrial/Business/Enterprise facilities,22
Dnipropetrovska,2025-02-17,2025-02-23,Religious facilities,1
Dnipropetrovska,2025-02-17,2025-02-23,Total,42
Donetska,2025-02-17,2025-02-23,"Education facility (school, etc.)",6
Donetska,2025-02-17,2025-02-23,Electricity supply system,22
Donetska,2025-02-17,2025-02-23,Fuel depot,1
Donetska,2025-02-17,2025-02-23,Gas supply system,21
Donetska,2025-02-17,2025-02-23,Government facilities,7
Donetska,2025-02-17,2025-02-23,"Health facility (hospital, health clinic)",5
Donetska,2025-02-17,2025-02-23,Heating and water facility,1
Donetska,2025-02-17,2025-02-23,Industrial/Business/Enterprise facilities,15
Donetska,2025-02-17,2025-02-23,Railway,1
Donetska,2025-02-17,2025-02-23,Road / Highway,3
Donetska,2025-02-17,2025-02-23,Total,85
Donetska,2025-02-17,2025-02-23,Water supply system,3
Kharkivska,2025-02-17,2025-02-23,Agricultural facilities,1
Kharkivska,2025-02-17,2025-02-23,"Cultural facilities (museum, theater etc.)",2
Kharkivska,2025-02-17,2025-02-23,"Education facility (school, etc.)",3
Kharkivska,2025-02-17,2025-02-23,Electricity supply system,8
Kharkivska,2025-02-17,2025-02-23,Gas supply system,2
Kharkivska,2025-02-17,2025-02-23,Government facilities,3
Kharkivska,2025-02-17,2025-02-23,Industrial/Business/Enterprise facilities,11
Kharkivska,2025-02-17,2025-02-23,Telecommunications,1
Kharkivska,2025-02-17,2025-02-23,Total,38
Kharkivska,2025-02-17,2025-02-23,Warehouse,7
Khersonska,2025-02-17,2025-02-23,"Education facility (school, etc.)",3
Khersonska,2025-02-17,2025-02-23,Electricity supply system,2
Khersonska,2025-02-17,2025-02-23,Government facilities,3
Khersonska,2025-02-17,2025-02-23,"Health facility (hospital, health clinic)",2
Khersonska,2025-02-17,2025-02-23,Industrial/Business/Enterprise facilities,2
Khersonska,2025-02-17,2025-02-23,Total,12
Kirovohradska,2025-02-17,2025-02-23,Industrial/Business/Enterprise facilities,1
Kirovohradska,2025-02-17,2025-02-23,Total,1
Kyiv,2025-02-17,2025-02-23,"Cultural facilities (museum, theater etc.)",1
Kyiv,2025-02-17,2025-02-23,"Education facility (school, etc.)",1
Kyiv,2025-02-17,2025-02-23,Industrial/Business/Enterprise facilities,1
Kyiv,2025-02-17,2025-02-23,Total,4
Kyiv,2025-02-17,2025-02-23,Warehouse,1
Kyivska,2025-02-17,2025-02-23,"Education facility (school, etc.)",2
Kyivska,2025-02-17,2025-02-23,Electricity supply system,3
Kyivska,2025-02-17,2025-02-23,Industrial/Business/Enterprise facilities,6
Kyivska,2025-02-17,2025-02-23,Total,14
Kyivska,2025-02-17,2025-02-23,Warehouse,3
Mykolaivska,2025-02-17,2025-02-23,Electricity supply system,1
Mykolaivska,2025-02-17,2025-02-23,Government facilities,1
Mykolaivska,2025-02-17,2025-02-23,Total,2
Odeska,2025-02-17,2025-02-23,"Education facility (school, etc.)",1
Odeska,2025-02-17,2025-02-23,Electricity supply system,1
Odeska,2025-02-17,2025-02-23,Government facilities,1
Odeska,2025-02-17,2025-02-23,Harbor,1
Odeska,2025-02-17,2025-02-23,"Health facility (hospital, health clinic)",3
Odeska,2025-02-17,2025-02-23,Industrial/Business/Enterprise facilities,4
Odeska,2025-02-17,2025-02-23,Road / Highway,1
Odeska,2025-02-17,2025-02-23,Total,13
Odeska,2025-02-17,2025-02-23,Warehouse,1
Poltavska,2025-02-17,2025-02-23,"Cultural facilities (museum, theater etc.)",1
Poltavska,2025-02-17,2025-02-23,Total,1
Sumska,2025-02-17,2025-02-23,Gas supply system,2
Sumska,2025-02-17,2025-02-23,Industrial/Business/Enterprise facilities,1
Sumska,2025-02-17,2025-02-23,Other,1
Sumska,2025-02-17,2025-02-23,Total,4
Zaporizka,2025-02-17,2025-02-23,Total,1
Zaporizka,2025-02-17,2025-02-23,Warehouse,1
Chernihivska,2025-02-10,2025-02-16,Agricultural facilities,1
Chernihivska,2025-02-10,2025-02-16,"Cultural facilities (museum, theater etc.)",1
Chernihivska,2025-02-10,2025-02-16,Electricity supply system,1
Chernihivska,2025-02-10,2025-02-16,Total,4
Chernihivska,2025-02-10,2025-02-16,Warehouse,1
Dnipropetrovska,2025-02-10,2025-02-16,Agricultural facilities,1
Dnipropetrovska,2025-02-10,2025-02-16,"Education facility (school, etc.)",4
Dnipropetrovska,2025-02-10,2025-02-16,Electricity supply system,6
Dnipropetrovska,2025-02-10,2025-02-16,Fuel depot,3
Dnipropetrovska,2025-02-10,2025-02-16,Gas supply system,5
Dnipropetrovska,2025-02-10,2025-02-16,Government facilities,3
Dnipropetrovska,2025-02-10,2025-02-16,"Health facility (hospital, health clinic)",1
Dnipropetrovska,2025-02-10,2025-02-16,Industrial/Business/Enterprise facilities,13
Dnipropetrovska,2025-02-10,2025-02-16,Total,36
Donetska,2025-02-10,2025-02-16,"Cultural facilities (museum, theater etc.)",3
Donetska,2025-02-10,2025-02-16,"Education facility (school, etc.)",2
Donetska,2025-02-10,2025-02-16,Electricity supply system,16
Donetska,2025-02-10,2025-02-16,Fuel depot,1
Donetska,2025-02-10,2025-02-16,Gas supply system,3
Donetska,2025-02-10,2025-02-16,Government facilities,3
Donetska,2025-02-10,2025-02-16,Industrial/Business/Enterprise facilities,11
Donetska,2025-02-10,2025-02-16,Railway,1
Donetska,2025-02-10,2025-02-16,Road / Highway,1
Donetska,2025-02-10,2025-02-16,Total,42
Donetska,2025-02-10,2025-02-16,Warehouse,1
Kharkivska,2025-02-10,2025-02-16,Agricultural facilities,2
Kharkivska,2025-02-10,2025-02-16,"Cultural facilities (museum, theater etc.)",2
Kharkivska,2025-02-10,2025-02-16,"Education facility (school, etc.)",1
Kharkivska,2025-02-10,2025-02-16,Electricity supply system,1
Kharkivska,2025-02-10,2025-02-16,Fuel depot,1
Kharkivska,2025-02-10,2025-02-16,Gas supply system,2
Kharkivska,2025-02-10,2025-02-16,Government facilities,2
Kharkivska,2025-02-10,2025-02-16,Industrial/Business/Enterprise facilities,1
Kharkivska,2025-02-10,2025-02-16,Religious facilities,1
Kharkivska,2025-02-10,2025-02-16,Total,14
Kharkivska,2025-02-10,2025-02-16,Warehouse,1
Khersonska,2025-02-10,2025-02-16,"Cultural facilities (museum, theater etc.)",2
Khersonska,2025-02-10,2025-02-16,"Education facility (school, etc.)",4
Khersonska,2025-02-10,2025-02-16,Electricity supply system,1
Khersonska,2025-02-10,2025-02-16,Government facilities,2
Khersonska,2025-02-10,2025-02-16,"Health facility (hospital, health clinic)",1
Khersonska,2025-02-10,2025-02-16,Industrial/Business/Enterprise facilities,1
Khersonska,2025-02-10,2025-02-16,Other,1
Khersonska,2025-02-10,2025-02-16,Total,13
Khersonska,2025-02-10,2025-02-16,Water supply system,1
Kirovohradska,2025-02-10,2025-02-16,Electricity supply system,1
Kirovohradska,2025-02-10,2025-02-16,Total,1
Kyiv,2025-02-10,2025-02-16,"Cultural facilities (museum, theater etc.)",1
Kyiv,2025-02-10,2025-02-16,Gas supply system,1
Kyiv,2025-02-10,2025-02-16,Heating and water facility,3
Kyiv,2025-02-10,2025-02-16,Industrial/Business/Enterprise facilities,4
Kyiv,2025-02-10,2025-02-16,Telecommunications,2
Kyiv,2025-02-10,2025-02-16,Total,12
Kyiv,2025-02-10,2025-02-16,Warehouse,1
Kyivska,2025-02-10,2025-02-16,"Education facility (school, etc.)",3
Kyivska,2025-02-10,2025-02-16,Nuclear unit,1
Kyivska,2025-02-10,2025-02-16,Other,1
Kyivska,2025-02-10,2025-02-16,Total,7
Kyivska,2025-02-10,2025-02-16,Warehouse,2
Mykolaivska,2025-02-10,2025-02-16,Agricultural facilities,1
Mykolaivska,2025-02-10,2025-02-16,"Education facility (school, etc.)",2
Mykolaivska,2025-02-10,2025-02-16,Government facilities,1
Mykolaivska,2025-02-10,2025-02-16,"Health facility (hospital, health clinic)",1
Mykolaivska,2025-02-10,2025-02-16,Heating and water facility,1
Mykolaivska,2025-02-10,2025-02-16,Industrial/Business/Enterprise facilities,7
Mykolaivska,2025-02-10,2025-02-16,Power plant,1
Mykolaivska,2025-02-10,2025-02-16,Road / Highway,1
Mykolaivska,2025-02-10,2025-02-16,Total,18
Mykolaivska,2025-02-10,2025-02-16,Warehouse,1
Mykolaivska,2025-02-10,2025-02-16,Water supply system,2
Odeska,2025-02-10,2025-02-16,"Education facility (school, etc.)",1
Odeska,2025-02-10,2025-02-16,Harbor,2
Odeska,2025-02-10,2025-02-16,Industrial/Business/Enterprise facilities,1
Odeska,2025-02-10,2025-02-16,Total,4
Poltavska,2025-02-10,2025-02-16,Gas supply system,1
Poltavska,2025-02-10,2025-02-16,Total,1
Sumska,2025-02-10,2025-02-16,Agricultural facilities,2
Sumska,2025-02-10,2025-02-16,"Education facility (school, etc.)",2
Sumska,2025-02-10,2025-02-16,Electricity supply system,1
Sumska,2025-02-10,2025-02-16,"Health facility (hospital, health clinic)",2
Sumska,2025-02-10,2025-02-16,Industrial/Business/Enterprise facilities,4
Sumska,2025-02-10,2025-02-16,Total,11
Cherkaska,2025-02-03,2025-02-09,Industrial/Business/Enterprise facilities,3
Cherkaska,2025-02-03,2025-02-09,Total,3
Chernihivska,2025-02-03,2025-02-09,Total,1
Chernihivska,2025-02-03,2025-02-09,Warehouse,1
Dnipropetrovska,2025-02-03,2025-02-09,Agricultural facilities,3
Dnipropetrovska,2025-02-03,2025-02-09,"Education facility (school, etc.)",1
Dnipropetrovska,2025-02-03,2025-02-09,Electricity supply system,8
Dnipropetrovska,2025-02-03,2025-02-09,Fuel depot,2
Dnipropetrovska,2025-02-03,2025-02-09,Gas supply system,7
Dnipropetrovska,2025-02-03,2025-02-09,Government facilities,4
Dnipropetrovska,2025-02-03,2025-02-09,Industrial/Business/Enterprise facilities,8
Dnipropetrovska,2025-02-03,2025-02-09,Total,33
Donetska,2025-02-03,2025-02-09,"Education facility (school, etc.)",2
Donetska,2025-02-03,2025-02-09,Electricity supply system,10
Donetska,2025-02-03,2025-02-09,Gas supply system,9
Donetska,2025-02-03,2025-02-09,Government facilities,6
Donetska,2025-02-03,2025-02-09,"Health facility (hospital, health clinic)",2
Donetska,2025-02-03,2025-02-09,Industrial/Business/Enterprise facilities,20
Donetska,2025-02-03,2025-02-09,Power plant,1
Donetska,2025-02-03,2025-02-09,Railway,1
Donetska,2025-02-03,2025-02-09,Religious facilities,1
Donetska,2025-02-03,2025-02-09,Road / Highway,1
Donetska,2025-02-03,2025-02-09,Total,53
Kharkivska,2025-02-03,2025-02-09,"Cultural facilities (museum, theater etc.)",1
Kharkivska,2025-02-03,2025-02-09,"Education facility (school, etc.)",1
Kharkivska,2025-02-03,2025-02-09,Electricity supply system,2
Kharkivska,2025-02-03,2025-02-09,Fuel depot,1
Kharkivska,2025-02-03,2025-02-09,Government facilities,7
Kharkivska,2025-02-03,2025-02-09,Industrial/Business/Enterprise facilities,5
Kharkivska,2025-02-03,2025-02-09,Road / Highway,2
Kharkivska,2025-02-03,2025-02-09,Total,20
Kharkivska,2025-02-03,2025-02-09,Warehouse,1
Khersonska,2025-02-03,2025-02-09,Electricity supply system,1
Khersonska,2025-02-03,2025-02-09,Industrial/Business/Enterprise facilities,1
Khersonska,2025-02-03,2025-02-09,Total,3
Khersonska,2025-02-03,2025-02-09,Warehouse,1
Kirovohradska,2025-02-03,2025-02-09,"Education facility (school, etc.)",1
Kirovohradska,2025-02-03,2025-02-09,Total,1
Kyiv,2025-02-03,2025-02-09,"Education facility (school, etc.)",3
Kyiv,2025-02-03,2025-02-09,"Health facility (hospital, health clinic)",1
Kyiv,2025-02-03,2025-02-09,Total,4
Odeska,2025-02-03,2025-02-09,Industrial/Business/Enterprise facilities,2
Odeska,2025-02-03,2025-02-09,Total,2
Sumska,2025-02-03,2025-02-09,"Cultural facilities (museum, theater etc.)",1
Sumska,2025-02-03,2025-02-09,"Education facility (school, etc.)",3
Sumska,2025-02-03,2025-02-09,Electricity supply system,1
Sumska,2025-02-03,2025-02-09,Gas supply system,3
Sumska,2025-02-03,2025-02-09,Government facilities,1
Sumska,2025-02-03,2025-02-09,"Health facility (hospital, health clinic)",1
Sumska,2025-02-03,2025-02-09,Industrial/Business/Enterprise facilities,2
Sumska,2025-02-03,2025-02-09,Road / Highway,1
Sumska,2025-02-03,2025-02-09,Total,13
Cherkaska,2025-01-27,2025-02-02,Electricity supply system,1
Cherkaska,2025-01-27,2025-02-02,Industrial/Business/Enterprise facilities,1
Cherkaska,2025-01-27,2025-02-02,Total,2
Chernihivska,2025-01-27,2025-02-02,Agricultural facilities,1
Chernihivska,2025-01-27,2025-02-02,Government facilities,1
Chernihivska,2025-01-27,2025-02-02,Industrial/Business/Enterprise facilities,2
Chernihivska,2025-01-27,2025-02-02,Total,4
Dnipropetrovska,2025-01-27,2025-02-02,Agricultural facilities,1
Dnipropetrovska,2025-01-27,2025-02-02,"Cultural facilities (museum, theater etc.)",1
Dnipropetrovska,2025-01-27,2025-02-02,"Education facility (school, etc.)",1
Dnipropetrovska,2025-01-27,2025-02-02,Electricity supply system,7
Dnipropetrovska,2025-01-27,2025-02-02,Gas supply system,6
Dnipropetrovska,2025-01-27,2025-02-02,Government facilities,2
Dnipropetrovska,2025-01-27,2025-02-02,"Health facility (hospital, health clinic)",1
Dnipropetrovska,2025-01-27,2025-02-02,Heating and water facility,1
Dnipropetrovska,2025-01-27,2025-02-02,Industrial/Business/Enterprise facilities,8
Dnipropetrovska,2025-01-27,2025-02-02,Religious facilities,1
Dnipropetrovska,2025-01-27,2025-02-02,Total,29
Donetska,2025-01-27,2025-02-02,"Cultural facilities (museum, theater etc.)",2
Donetska,2025-01-27,2025-02-02,"Education facility (school, etc.)",4
Donetska,2025-01-27,2025-02-02,Electricity supply system,8
Donetska,2025-01-27,2025-02-02,Fuel depot,1
Donetska,2025-01-27,2025-02-02,Gas supply system,7
Donetska,2025-01-27,2025-02-02,Government facilities,3
Donetska,2025-01-27,2025-02-02,"Health facility (hospital, health clinic)",3
Donetska,2025-01-27,2025-02-02,Industrial/Business/Enterprise facilities,5
Donetska,2025-01-27,2025-02-02,Other,1
Donetska,2025-01-27,2025-02-02,Religious facilities,1
Donetska,2025-01-27,2025-02-02,Road / Highway,2
Donetska,2025-01-27,2025-02-02,Total,37
Kharkivska,2025-01-27,2025-02-02,"Cultural facilities (museum, theater etc.)",1
Kharkivska,2025-01-27,2025-02-02,"Education facility (school, etc.)",3
Kharkivska,2025-01-27,2025-02-02,Electricity supply system,1
Kharkivska,2025-01-27,2025-02-02,Gas supply system,1
Kharkivska,2025-01-27,2025-02-02,Government facilities,1
Kharkivska,2025-01-27,2025-02-02,Industrial/Business/Enterprise facilities,6
Kharkivska,2025-01-27,2025-02-02,Power plant,1
Kharkivska,2025-01-27,2025-02-02,Road / Highway,1
Kharkivska,2025-01-27,2025-02-02,Total,15
Khersonska,2025-01-27,2025-02-02,"Education facility (school, etc.)",1
Khersonska,2025-01-27,2025-02-02,Gas supply system,1
Khersonska,2025-01-27,2025-02-02,Total,2
Kyiv,2025-01-27,2025-02-02,Railway,1
Kyiv,2025-01-27,2025-02-02,Total,1
Kyivska,2025-01-27,2025-02-02,"Cultural facilities (museum, theater etc.)",1
Kyivska,2025-01-27,2025-02-02,Total,2
Kyivska,2025-01-27,2025-02-02,Warehouse,1
Mykolaivska,2025-01-27,2025-02-02,Electricity supply system,2
Mykolaivska,2025-01-27,2025-02-02,Industrial/Business/Enterprise facilities,2
Mykolaivska,2025-01-27,2025-02-02,Total,4
Odeska,2025-01-27,2025-02-02,"Cultural facilities (museum, theater etc.)",15
Odeska,2025-01-27,2025-02-02,"Education facility (school, etc.)",4
Odeska,2025-01-27,2025-02-02,Electricity supply system,2
Odeska,2025-01-27,2025-02-02,Gas supply system,1
Odeska,2025-01-27,2025-02-02,Government facilities,1
Odeska,2025-01-27,2025-02-02,Harbor,1
Odeska,2025-01-27,2025-02-02,"Health facility (hospital, health clinic)",2
Odeska,2025-01-27,2025-02-02,Industrial/Business/Enterprise facilities,1
Odeska,2025-01-27,2025-02-02,Total,30
Odeska,2025-01-27,2025-02-02,Warehouse,3
Poltavska,2025-01-27,2025-02-02,"Education facility (school, etc.)",1
Poltavska,2025-01-27,2025-02-02,Electricity supply system,1
Poltavska,2025-01-27,2025-02-02,Heating and water facility,1
Poltavska,2025-01-27,2025-02-02,Total,3
Sumska,2025-01-27,2025-02-02,Agricultural facilities,1
Sumska,2025-01-27,2025-02-02,Electricity supply system,2
Sumska,2025-01-27,2025-02-02,Gas supply system,1
Sumska,2025-01-27,2025-02-02,Total,5
Sumska,2025-01-27,2025-02-02,Warehouse,1
Zaporizka,2025-01-27,2025-02-02,"Cultural facilities (museum, theater etc.)",1
Zaporizka,2025-01-27,2025-02-02,"Education facility (school, etc.)",2
Zaporizka,2025-01-27,2025-02-02,Harbor,1
Zaporizka,2025-01-27,2025-02-02,Industrial/Business/Enterprise facilities,4
Zaporizka,2025-01-27,2025-02-02,Other,1
Zaporizka,2025-01-27,2025-02-02,Total,9
Cherkaska,2025-01-20,2025-01-26,"Education facility (school, etc.)",1
Cherkaska,2025-01-20,2025-01-26,Electricity supply system,1
Cherkaska,2025-01-20,2025-01-26,Industrial/Business/Enterprise facilities,1
Cherkaska,2025-01-20,2025-01-26,Total,3
Chernihivska,2025-01-20,2025-01-26,Gas supply system,1
Chernihivska,2025-01-20,2025-01-26,Total,1
Dnipropetrovska,2025-01-20,2025-01-26,Agricultural facilities,2
Dnipropetrovska,2025-01-20,2025-01-26,"Education facility (school, etc.)",2
Dnipropetrovska,2025-01-20,2025-01-26,Electricity supply system,5
Dnipropetrovska,2025-01-20,2025-01-26,Fuel depot,1
Dnipropetrovska,2025-01-20,2025-01-26,Gas supply system,1
Dnipropetrovska,2025-01-20,2025-01-26,Industrial/Business/Enterprise facilities,15
Dnipropetrovska,2025-01-20,2025-01-26,Other,1
Dnipropetrovska,2025-01-20,2025-01-26,Total,28
Dnipropetrovska,2025-01-20,2025-01-26,Warehouse,1
Donetska,2025-01-20,2025-01-26,"Education facility (school, etc.)",4
Donetska,2025-01-20,2025-01-26,Electricity supply system,9
Donetska,2025-01-20,2025-01-26,Gas supply system,5
Donetska,2025-01-20,2025-01-26,Government facilities,6
Donetska,2025-01-20,2025-01-26,"Health facility (hospital, health clinic)",2
Donetska,2025-01-20,2025-01-26,Industrial/Business/Enterprise facilities,6
Donetska,2025-01-20,2025-01-26,Other,1
Donetska,2025-01-20,2025-01-26,Road / Highway,1
Donetska,2025-01-20,2025-01-26,Telecommunications,1
Donetska,2025-01-20,2025-01-26,Total,38
Donetska,2025-01-20,2025-01-26,Warehouse,3
Kharkivska,2025-01-20,2025-01-26,Agricultural facilities,1
Kharkivska,2025-01-20,2025-01-26,"Education facility (school, etc.)",2
Kharkivska,2025-01-20,2025-01-26,Electricity supply system,4
Kharkivska,2025-01-20,2025-01-26,Government facilities,1
Kharkivska,2025-01-20,2025-01-26,Industrial/Business/Enterprise facilities,2
Kharkivska,2025-01-20,2025-01-26,Road / Highway,2
Kharkivska,2025-01-20,2025-01-26,Total,12
Khersonska,2025-01-20,2025-01-26,"Education facility (school, etc.)",1
Khersonska,2025-01-20,2025-01-26,Electricity supply system,2
Khersonska,2025-01-20,2025-01-26,Government facilities,2
Khersonska,2025-01-20,2025-01-26,"Health facility (hospital, health clinic)",1
Khersonska,2025-01-20,2025-01-26,Industrial/Business/Enterprise facilities,1
Khersonska,2025-01-20,2025-01-26,Total,7
Khmelnytska,2025-01-20,2025-01-26,Industrial/Business/Enterprise facilities,1
Khmelnytska,2025-01-20,2025-01-26,Total,1
Kyivska,2025-01-20,2025-01-26,"Health facility (hospital, health clinic)",1
Kyivska,2025-01-20,2025-01-26,Industrial/Business/Enterprise facilities,2
Kyivska,2025-01-20,2025-01-26,Total,3
Mykolaivska,2025-01-20,2025-01-26,Government facilities,3
Mykolaivska,2025-01-20,2025-01-26,"Health facility (hospital, health clinic)",3
Mykolaivska,2025-01-20,2025-01-26,Industrial/Business/Enterprise facilities,1
Mykolaivska,2025-01-20,2025-01-26,Other,1
Mykolaivska,2025-01-20,2025-01-26,Railway,1
Mykolaivska,2025-01-20,2025-01-26,Total,10
Mykolaivska,2025-01-20,2025-01-26,Warehouse,1
Poltavska,2025-01-20,2025-01-26,Electricity supply system,2
Poltavska,2025-01-20,2025-01-26,Total,2
Sumska,2025-01-20,2025-01-26,Agricultural facilities,3
Sumska,2025-01-20,2025-01-26,"Cultural facilities (museum, theater etc.)",2
Sumska,2025-01-20,2025-01-26,"Education facility (school, etc.)",1
Sumska,2025-01-20,2025-01-26,Electricity supply system,1
Sumska,2025-01-20,2025-01-26,Government facilities,2
Sumska,2025-01-20,2025-01-26,Heating and water facility,2
Sumska,2025-01-20,2025-01-26,Industrial/Business/Enterprise facilities,3
Sumska,2025-01-20,2025-01-26,Other,1
Sumska,2025-01-20,2025-01-26,Total,16
Sumska,2025-01-20,2025-01-26,Water supply system,1
Zaporizka,2025-01-20,2025-01-26,"Cultural facilities (museum, theater etc.)",4
Zaporizka,2025-01-20,2025-01-26,"Education facility (school, etc.)",11
Zaporizka,2025-01-20,2025-01-26,Electricity supply system,1
Zaporizka,2025-01-20,2025-01-26,Government facilities,7
Zaporizka,2025-01-20,2025-01-26,Heating and water facility,1
Zaporizka,2025-01-20,2025-01-26,Industrial/Business/Enterprise facilities,4
Zaporizka,2025-01-20,2025-01-26,Power plant,1
Zaporizka,2025-01-20,2025-01-26,Total,30
Zaporizka,2025-01-20,2025-01-26,Water supply system,1
Cherkaska,2025-01-13,2025-01-19,Industrial/Business/Enterprise facilities,1
Cherkaska,2025-01-13,2025-01-19,Total,1
Chernihivska,2025-01-13,2025-01-19,Agricultural facilities,2
Chernihivska,2025-01-13,2025-01-19,Total,4
Chernihivska,2025-01-13,2025-01-19,Warehouse,2
Dnipropetrovska,2025-01-13,2025-01-19,"Education facility (school, etc.)",1
Dnipropetrovska,2025-01-13,2025-01-19,Electricity supply system,5
Dnipropetrovska,2025-01-13,2025-01-19,Gas supply system,2
Dnipropetrovska,2025-01-13,2025-01-19,Government facilities,2
Dnipropetrovska,2025-01-13,2025-01-19,Industrial/Business/Enterprise facilities,7
Dnipropetrovska,2025-01-13,2025-01-19,Religious facilities,1
Dnipropetrovska,2025-01-13,2025-01-19,Total,18
Donetska,2025-01-13,2025-01-19,"Cultural facilities (museum, theater etc.)",2
Donetska,2025-01-13,2025-01-19,"Education facility (school, etc.)",5
Donetska,2025-01-13,2025-01-19,Electricity supply system,5
Donetska,2025-01-13,2025-01-19,Gas supply system,4
Donetska,2025-01-13,2025-01-19,Government facilities,2
Donetska,2025-01-13,2025-01-19,"Health facility (hospital, health clinic)",1
Donetska,2025-01-13,2025-01-19,Heating and water facility,1
Donetska,2025-01-13,2025-01-19,Industrial/Business/Enterprise facilities,2
Donetska,2025-01-13,2025-01-19,Total,22
Kharkivska,2025-01-13,2025-01-19,Electricity supply system,3
Kharkivska,2025-01-13,2025-01-19,Gas supply system,2
Kharkivska,2025-01-13,2025-01-19,Industrial/Business/Enterprise facilities,6
Kharkivska,2025-01-13,2025-01-19,Road / Highway,2
Kharkivska,2025-01-13,2025-01-19,Total,14
Kharkivska,2025-01-13,2025-01-19,Warehouse,1
Khersonska,2025-01-13,2025-01-19,Electricity supply system,2
Khersonska,2025-01-13,2025-01-19,"Health facility (hospital, health clinic)",1
Khersonska,2025-01-13,2025-01-19,Industrial/Business/Enterprise facilities,1
Khersonska,2025-01-13,2025-01-19,Total,5
Khersonska,2025-01-13,2025-01-19,Water supply system,1
Kyiv,2025-01-13,2025-01-19,Government facilities,1
Kyiv,2025-01-13,2025-01-19,"Health facility (hospital, health clinic)",1
Kyiv,2025-01-13,2025-01-19,Industrial/Business/Enterprise facilities,6
Kyiv,2025-01-13,2025-01-19,Other,1
Kyiv,2025-01-13,2025-01-19,Road / Highway,2
Kyiv,2025-01-13,2025-01-19,Total,12
Kyiv,2025-01-13,2025-01-19,Water supply system,1
Kyivska,2025-01-13,2025-01-19,"Education facility (school, etc.)",1
Kyivska,2025-01-13,2025-01-19,Heating and water facility,1
Kyivska,2025-01-13,2025-01-19,Industrial/Business/Enterprise facilities,1
Kyivska,2025-01-13,2025-01-19,Total,3
Lvivska,2025-01-13,2025-01-19,Electricity supply system,1
Lvivska,2025-01-13,2025-01-19,Gas supply system,1
Lvivska,2025-01-13,2025-01-19,Total,2
Mykolaivska,2025-01-13,2025-01-19,Gas supply system,1
Mykolaivska,2025-01-13,2025-01-19,Total,1
Odeska,2025-01-13,2025-01-19,Electricity supply system,1
Odeska,2025-01-13,2025-01-19,Harbor,1
Odeska,2025-01-13,2025-01-19,Total,2
Sumska,2025-01-13,2025-01-19,Electricity supply system,1
Sumska,2025-01-13,2025-01-19,Government facilities,2
Sumska,2025-01-13,2025-01-19,Heating and water facility,1
Sumska,2025-01-13,2025-01-19,Industrial/Business/Enterprise facilities,4
Sumska,2025-01-13,2025-01-19,Total,9
Sumska,2025-01-13,2025-01-19,Warehouse,1
Zaporizka,2025-01-13,2025-01-19,Government facilities,1
Zaporizka,2025-01-13,2025-01-19,Industrial/Business/Enterprise facilities,2
Zaporizka,2025-01-13,2025-01-19,Religious facilities,1
Zaporizka,2025-01-13,2025-01-19,Total,4
Zhytomyrska,2025-01-13,2025-01-19,Fuel depot,1
Zhytomyrska,2025-01-13,2025-01-19,Total,1
Cherkaska,2025-01-06,2025-01-12,Agricultural facilities,1
Cherkaska,2025-01-06,2025-01-12,Industrial/Business/Enterprise facilities,1
Cherkaska,2025-01-06,2025-01-12,Total,3
Cherkaska,2025-01-06,2025-01-12,Warehouse,1
Chernihivska,2025-01-06,2025-01-12,Electricity supply system,1
Chernihivska,2025-01-06,2025-01-12,Government facilities,1
Chernihivska,2025-01-06,2025-01-12,Industrial/Business/Enterprise facilities,3
Chernihivska,2025-01-06,2025-01-12,Total,5
Dnipropetrovska,2025-01-06,2025-01-12,Agricultural facilities,2
Dnipropetrovska,2025-01-06,2025-01-12,"Education facility (school, etc.)",2
Dnipropetrovska,2025-01-06,2025-01-12,Electricity supply system,5
Dnipropetrovska,2025-01-06,2025-01-12,Fuel depot,1
Dnipropetrovska,2025-01-06,2025-01-12,Gas supply system,2
Dnipropetrovska,2025-01-06,2025-01-12,Government facilities,4
Dnipropetrovska,2025-01-06,2025-01-12,"Health facility (hospital, health clinic)",1
Dnipropetrovska,2025-01-06,2025-01-12,Industrial/Business/Enterprise facilities,14
Dnipropetrovska,2025-01-06,2025-01-12,Total,31
Donetska,2025-01-06,2025-01-12,"Education facility (school, etc.)",3
Donetska,2025-01-06,2025-01-12,Electricity supply system,10
Donetska,2025-01-06,2025-01-12,Fuel depot,1
Donetska,2025-01-06,2025-01-12,Gas supply system,4
Donetska,2025-01-06,2025-01-12,Government facilities,4
Donetska,2025-01-06,2025-01-12,"Health facility (hospital, health clinic)",3
Donetska,2025-01-06,2025-01-12,Industrial/Business/Enterprise facilities,10
Donetska,2025-01-06,2025-01-12,Railway,1
Donetska,2025-01-06,2025-01-12,Road / Highway,1
Donetska,2025-01-06,2025-01-12,Total,37
Kharkivska,2025-01-06,2025-01-12,Bridge,1
Kharkivska,2025-01-06,2025-01-12,"Cultural facilities (museum, theater etc.)",1
Kharkivska,2025-01-06,2025-01-12,Electricity supply system,3
Kharkivska,2025-01-06,2025-01-12,Gas supply system,1
Kharkivska,2025-01-06,2025-01-12,Industrial/Business/Enterprise facilities,4
Kharkivska,2025-01-06,2025-01-12,Total,10
Khersonska,2025-01-06,2025-01-12,Agricultural facilities,1
Khersonska,2025-01-06,2025-01-12,"Education facility (school, etc.)",2
Khersonska,2025-01-06,2025-01-12,Electricity supply system,1
Khersonska,2025-01-06,2025-01-12,Gas supply system,2
Khersonska,2025-01-06,2025-01-12,Heating and water facility,1
Khersonska,2025-01-06,2025-01-12,Industrial/Business/Enterprise facilities,4
Khersonska,2025-01-06,2025-01-12,Total,11
Kirovohradska,2025-01-06,2025-01-12,"Education facility (school, etc.)",1
Kirovohradska,2025-01-06,2025-01-12,Electricity supply system,1
Kirovohradska,2025-01-06,2025-01-12,Total,2
Mykolaivska,2025-01-06,2025-01-12,Electricity supply system,3
Mykolaivska,2025-01-06,2025-01-12,Total,3
Sumska,2025-01-06,2025-01-12,Electricity supply system,1
Sumska,2025-01-06,2025-01-12,Government facilities,2
Sumska,2025-01-06,2025-01-12,"Health facility (hospital, health clinic)",1
Sumska,2025-01-06,2025-01-12,Industrial/Business/Enterprise facilities,1
Sumska,2025-01-06,2025-01-12,Total,5
Zaporizka,2025-01-06,2025-01-12,Electricity supply system,1
Zaporizka,2025-01-06,2025-01-12,Gas supply system,1
Zaporizka,2025-01-06,2025-01-12,Government facilities,5
Zaporizka,2025-01-06,2025-01-12,Industrial/Business/Enterprise facilities,4
Zaporizka,2025-01-06,2025-01-12,Road / Highway,2
Zaporizka,2025-01-06,2025-01-12,Telecommunications,1
Zaporizka,2025-01-06,2025-01-12,Total,14
Chernihivska,2024-12-30,2025-01-05,Agricultural facilities,1
Chernihivska,2024-12-30,2025-01-05,Electricity supply system,1
Chernihivska,2024-12-30,2025-01-05,Gas supply system,1
Chernihivska,2024-12-30,2025-01-05,Government facilities,5
Chernihivska,2024-12-30,2025-01-05,"Health facility (hospital, health clinic)",1
Chernihivska,2024-12-30,2025-01-05,Industrial/Business/Enterprise facilities,6
Chernihivska,2024-12-30,2025-01-05,Total,15
Dnipropetrovska,2024-12-30,2025-01-05,Agricultural facilities,3
Dnipropetrovska,2024-12-30,2025-01-05,Electricity supply system,3
Dnipropetrovska,2024-12-30,2025-01-05,Fuel depot,4
Dnipropetrovska,2024-12-30,2025-01-05,Gas supply system,3
Dnipropetrovska,2024-12-30,2025-01-05,Government facilities,8
Dnipropetrovska,2024-12-30,2025-01-05,Industrial/Business/Enterprise facilities,10
Dnipropetrovska,2024-12-30,2025-01-05,Total,31
Donetska,2024-12-30,2025-01-05,Agricultural facilities,1
Donetska,2024-12-30,2025-01-05,"Education facility (school, etc.)",2
Donetska,2024-12-30,2025-01-05,Electricity supply system,7
Donetska,2024-12-30,2025-01-05,Gas supply system,6
Donetska,2024-12-30,2025-01-05,Government facilities,3
Donetska,2024-12-30,2025-01-05,"Health facility (hospital, health clinic)",2
Donetska,2024-12-30,2025-01-05,Heating and water facility,1
Donetska,2024-12-30,2025-01-05,Industrial/Business/Enterprise facilities,7
Donetska,2024-12-30,2025-01-05,Religious facilities,1
Donetska,2024-12-30,2025-01-05,Total,30
Kharkivska,2024-12-30,2025-01-05,"Cultural facilities (museum, theater etc.)",1
Kharkivska,2024-12-30,2025-01-05,"Education facility (school, etc.)",1
Kharkivska,2024-12-30,2025-01-05,Electricity supply system,3
Kharkivska,2024-12-30,2025-01-05,Government facilities,1
Kharkivska,2024-12-30,2025-01-05,Industrial/Business/Enterprise facilities,1
Kharkivska,2024-12-30,2025-01-05,Total,8
Kharkivska,2024-12-30,2025-01-05,Warehouse,1
Khersonska,2024-12-30,2025-01-05,"Cultural facilities (museum, theater etc.)",1
Khersonska,2024-12-30,2025-01-05,"Education facility (school, etc.)",3
Khersonska,2024-12-30,2025-01-05,Electricity supply system,1
Khersonska,2024-12-30,2025-01-05,Gas supply system,2
Khersonska,2024-12-30,2025-01-05,Total,7
Kyiv,2024-12-30,2025-01-05,"Cultural facilities (museum, theater etc.)",2
Kyiv,2024-12-30,2025-01-05,"Education facility (school, etc.)",1
Kyiv,2024-12-30,2025-01-05,Government facilities,1
Kyiv,2024-12-30,2025-01-05,Industrial/Business/Enterprise facilities,2
Kyiv,2024-12-30,2025-01-05,Railway,1
Kyiv,2024-12-30,2025-01-05,Road / Highway,1
Kyiv,2024-12-30,2025-01-05,Total,8
Kyivska,2024-12-30,2025-01-05,Electricity supply system,1
Kyivska,2024-12-30,2025-01-05,Total,1
Mykolaivska,2024-12-30,2025-01-05,Electricity supply system,1
Mykolaivska,2024-12-30,2025-01-05,Total,1
Odeska,2024-12-30,2025-01-05,Industrial/Business/Enterprise facilities,1
Odeska,2024-12-30,2025-01-05,Total,1
Sumska,2024-12-30,2025-01-05,"Education facility (school, etc.)",4
Sumska,2024-12-30,2025-01-05,Electricity supply system,2
Sumska,2024-12-30,2025-01-05,Government facilities,2
Sumska,2024-12-30,2025-01-05,"Health facility (hospital, health clinic)",2
Sumska,2024-12-30,2025-01-05,Heating and water facility,4
Sumska,2024-12-30,2025-01-05,Total,15
Sumska,2024-12-30,2025-01-05,Water supply system,1
Zaporizka,2024-12-30,2025-01-05,Electricity supply system,1
Zaporizka,2024-12-30,2025-01-05,Power plant,1
Zaporizka,2024-12-30,2025-01-05,Total,2
Dnipropetrovska,2024-12-23,2024-12-29,Agricultural facilities,1
Dnipropetrovska,2024-12-23,2024-12-29,"Cultural facilities (museum, theater etc.)",1
Dnipropetrovska,2024-12-23,2024-12-29,"Education facility (school, etc.)",14
Dnipropetrovska,2024-12-23,2024-12-29,Electricity supply system,14
Dnipropetrovska,2024-12-23,2024-12-29,Fuel depot,3
Dnipropetrovska,2024-12-23,2024-12-29,Gas supply system,6
Dnipropetrovska,2024-12-23,2024-12-29,Government facilities,2
Dnipropetrovska,2024-12-23,2024-12-29,"Health facility (hospital, health clinic)",2
Dnipropetrovska,2024-12-23,2024-12-29,Industrial/Business/Enterprise facilities,25
Dnipropetrovska,2024-12-23,2024-12-29,Power plant,1
Dnipropetrovska,2024-12-23,2024-12-29,Road / Highway,1
Dnipropetrovska,2024-12-23,2024-12-29,Total,70
Donetska,2024-12-23,2024-12-29,"Cultural facilities (museum, theater etc.)",1
Donetska,2024-12-23,2024-12-29,"Education facility (school, etc.)",2
Donetska,2024-12-23,2024-12-29,Gas supply system,1
Donetska,2024-12-23,2024-12-29,Industrial/Business/Enterprise facilities,5
Donetska,2024-12-23,2024-12-29,Total,11
Donetska,2024-12-23,2024-12-29,Warehouse,2
Kharkivska,2024-12-23,2024-12-29,Agricultural facilities,2
Kharkivska,2024-12-23,2024-12-29,Electricity supply system,2
Kharkivska,2024-12-23,2024-12-29,Gas supply system,1
Kharkivska,2024-12-23,2024-12-29,Heating and water facility,2
Kharkivska,2024-12-23,2024-12-29,Industrial/Business/Enterprise facilities,1
Kharkivska,2024-12-23,2024-12-29,Power plant,1
Kharkivska,2024-12-23,2024-12-29,Road / Highway,1
Kharkivska,2024-12-23,2024-12-29,Total,10
Khersonska,2024-12-23,2024-12-29,"Education facility (school, etc.)",1
Khersonska,2024-12-23,2024-12-29,Electricity supply system,4
Khersonska,2024-12-23,2024-12-29,Government facilities,3
Khersonska,2024-12-23,2024-12-29,Total,10
Khersonska,2024-12-23,2024-12-29,Water supply system,2
Khmelnytska,2024-12-23,2024-12-29,Electricity supply system,1
Khmelnytska,2024-12-23,2024-12-29,Total,1
Mykolaivska,2024-12-23,2024-12-29,Agricultural facilities,1
Mykolaivska,2024-12-23,2024-12-29,Electricity supply system,1
Mykolaivska,2024-12-23,2024-12-29,Government facilities,1
Mykolaivska,2024-12-23,2024-12-29,"Health facility (hospital, health clinic)",1
Mykolaivska,2024-12-23,2024-12-29,Industrial/Business/Enterprise facilities,1
Mykolaivska,2024-12-23,2024-12-29,Total,5
Poltavska,2024-12-23,2024-12-29,Electricity supply system,1
Poltavska,2024-12-23,2024-12-29,Total,1
Sumska,2024-12-23,2024-12-29,Agricultural facilities,1
Sumska,2024-12-23,2024-12-29,"Education facility (school, etc.)",1
Sumska,2024-12-23,2024-12-29,Total,2
Zaporizka,2024-12-23,2024-12-29,Industrial/Business/Enterprise facilities,1
Zaporizka,2024-12-23,2024-12-29,Other,1
Zaporizka,2024-12-23,2024-12-29,Total,2
Chernihivska,2024-12-16,2024-12-22,Electricity supply system,1
Chernihivska,2024-12-16,2024-12-22,Government facilities,1
Chernihivska,2024-12-16,2024-12-22,Industrial/Business/Enterprise facilities,2
Chernihivska,2024-12-16,2024-12-22,Other,1
Chernihivska,2024-12-16,2024-12-22,Total,5
Dnipropetrovska,2024-12-16,2024-12-22,Agricultural facilities,2
Dnipropetrovska,2024-12-16,2024-12-22,"Education facility (school, etc.)",2
Dnipropetrovska,2024-12-16,2024-12-22,Electricity supply system,6
Dnipropetrovska,2024-12-16,2024-12-22,Gas supply system,4
Dnipropetrovska,2024-12-16,2024-12-22,Government facilities,3
Dnipropetrovska,2024-12-16,2024-12-22,"Health facility (hospital, health clinic)",2
Dnipropetrovska,2024-12-16,2024-12-22,Heating and water facility,1
Dnipropetrovska,2024-12-16,2024-12-22,Industrial/Business/Enterprise facilities,17
Dnipropetrovska,2024-12-16,2024-12-22,Other,1
Dnipropetrovska,2024-12-16,2024-12-22,Religious facilities,1
Dnipropetrovska,2024-12-16,2024-12-22,Total,41
Dnipropetrovska,2024-12-16,2024-12-22,Water supply system,2
Donetska,2024-12-16,2024-12-22,"Cultural facilities (museum, theater etc.)",1
Donetska,2024-12-16,2024-12-22,"Education facility (school, etc.)",1
Donetska,2024-12-16,2024-12-22,Electricity supply system,4
Donetska,2024-12-16,2024-12-22,Fuel depot,2
Donetska,2024-12-16,2024-12-22,Gas supply system,3
Donetska,2024-12-16,2024-12-22,Government facilities,4
Donetska,2024-12-16,2024-12-22,"Health facility (hospital, health clinic)",1
Donetska,2024-12-16,2024-12-22,Industrial/Business/Enterprise facilities,9
Donetska,2024-12-16,2024-12-22,Railway,1
Donetska,2024-12-16,2024-12-22,Road / Highway,1
Donetska,2024-12-16,2024-12-22,Total,27
Kharkivska,2024-12-16,2024-12-22,Agricultural facilities,1
Kharkivska,2024-12-16,2024-12-22,Electricity supply system,1
Kharkivska,2024-12-16,2024-12-22,Gas supply system,2
Kharkivska,2024-12-16,2024-12-22,Government facilities,1
Kharkivska,2024-12-16,2024-12-22,Industrial/Business/Enterprise facilities,4
Kharkivska,2024-12-16,2024-12-22,Road / Highway,1
Kharkivska,2024-12-16,2024-12-22,Total,11
Kharkivska,2024-12-16,2024-12-22,Warehouse,1
Khersonska,2024-12-16,2024-12-22,"Cultural facilities (museum, theater etc.)",1
Khersonska,2024-12-16,2024-12-22,"Education facility (school, etc.)",11
Khersonska,2024-12-16,2024-12-22,Electricity supply system,1
Khersonska,2024-12-16,2024-12-22,Government facilities,1
Khersonska,2024-12-16,2024-12-22,"Health facility (hospital, health clinic)",4
Khersonska,2024-12-16,2024-12-22,Heating and water facility,1
Khersonska,2024-12-16,2024-12-22,Industrial/Business/Enterprise facilities,2
Khersonska,2024-12-16,2024-12-22,Railway,1
Khersonska,2024-12-16,2024-12-22,Religious facilities,1
Khersonska,2024-12-16,2024-12-22,Road / Highway,1
Khersonska,2024-12-16,2024-12-22,Total,25
Khersonska,2024-12-16,2024-12-22,Warehouse,1
Kyiv,2024-12-16,2024-12-22,"Cultural facilities (museum, theater etc.)",1
Kyiv,2024-12-16,2024-12-22,"Education facility (school, etc.)",1
Kyiv,2024-12-16,2024-12-22,Gas supply system,1
Kyiv,2024-12-16,2024-12-22,Government facilities,7
Kyiv,2024-12-16,2024-12-22,Heating and water facility,1
Kyiv,2024-12-16,2024-12-22,Industrial/Business/Enterprise facilities,4
Kyiv,2024-12-16,2024-12-22,Religious facilities,1
Kyiv,2024-12-16,2024-12-22,Road / Highway,4
Kyiv,2024-12-16,2024-12-22,Total,21
Kyiv,2024-12-16,2024-12-22,Warehouse,1
Kyivska,2024-12-16,2024-12-22,Total,1
Kyivska,2024-12-16,2024-12-22,Warehouse,1
Mykolaivska,2024-12-16,2024-12-22,Industrial/Business/Enterprise facilities,1
Mykolaivska,2024-12-16,2024-12-22,Total,1
Sumska,2024-12-16,2024-12-22,Electricity supply system,1
Sumska,2024-12-16,2024-12-22,Gas supply system,1
Sumska,2024-12-16,2024-12-22,Government facilities,4
Sumska,2024-12-16,2024-12-22,Industrial/Business/Enterprise facilities,2
Sumska,2024-12-16,2024-12-22,Total,9
Sumska,2024-12-16,2024-12-22,Warehouse,1
Zaporizka,2024-12-16,2024-12-22,Industrial/Business/Enterprise facilities,2
Zaporizka,2024-12-16,2024-12-22,Total,2
Chernihivska,2024-12-09,2024-12-15,Agricultural facilities,1
Chernihivska,2024-12-09,2024-12-15,"Cultural facilities (museum, theater etc.)",1
Chernihivska,2024-12-09,2024-12-15,"Education facility (school, etc.)",3
Chernihivska,2024-12-09,2024-12-15,Electricity supply system,2
Chernihivska,2024-12-09,2024-12-15,Total,7
Dnipropetrovska,2024-12-09,2024-12-15,Agricultural facilities,2
Dnipropetrovska,2024-12-09,2024-12-15,"Education facility (school, etc.)",4
Dnipropetrovska,2024-12-09,2024-12-15,Electricity supply system,8
Dnipropetrovska,2024-12-09,2024-12-15,Gas supply system,6
Dnipropetrovska,2024-12-09,2024-12-15,Government facilities,2
Dnipropetrovska,2024-12-09,2024-12-15,Industrial/Business/Enterprise facilities,6
Dnipropetrovska,2024-12-09,2024-12-15,Total,28
Donetska,2024-12-09,2024-12-15,"Cultural facilities (museum, theater etc.)",1
Donetska,2024-12-09,2024-12-15,Electricity supply system,7
Donetska,2024-12-09,2024-12-15,Gas supply system,4
Donetska,2024-12-09,2024-12-15,Government facilities,4
Donetska,2024-12-09,2024-12-15,Heating and water facility,1
Donetska,2024-12-09,2024-12-15,Industrial/Business/Enterprise facilities,10
Donetska,2024-12-09,2024-12-15,Total,27
Ivano-Frankivska,2024-12-09,2024-12-15,Power plant,1
Ivano-Frankivska,2024-12-09,2024-12-15,Total,1
Kharkivska,2024-12-09,2024-12-15,"Cultural facilities (museum, theater etc.)",1
Kharkivska,2024-12-09,2024-12-15,"Education facility (school, etc.)",1
Kharkivska,2024-12-09,2024-12-15,Electricity supply system,2
Kharkivska,2024-12-09,2024-12-15,Government facilities,1
Kharkivska,2024-12-09,2024-12-15,Industrial/Business/Enterprise facilities,6
Kharkivska,2024-12-09,2024-12-15,Total,12
Kharkivska,2024-12-09,2024-12-15,Warehouse,1
Khersonska,2024-12-09,2024-12-15,Electricity supply system,1
Khersonska,2024-12-09,2024-12-15,"Health facility (hospital, health clinic)",1
Khersonska,2024-12-09,2024-12-15,Total,2
Lvivska,2024-12-09,2024-12-15,Power plant,1
Lvivska,2024-12-09,2024-12-15,Total,1
Mykolaivska,2024-12-09,2024-12-15,Electricity supply system,1
Mykolaivska,2024-12-09,2024-12-15,Total,1
Odeska,2024-12-09,2024-12-15,Industrial/Business/Enterprise facilities,1
Odeska,2024-12-09,2024-12-15,Total,2
Odeska,2024-12-09,2024-12-15,Warehouse,1
Sevastopol,2024-12-09,2024-12-15,Harbor,1
Sevastopol,2024-12-09,2024-12-15,Total,1
Sumska,2024-12-09,2024-12-15,Government facilities,2
Sumska,2024-12-09,2024-12-15,Industrial/Business/Enterprise facilities,1
Sumska,2024-12-09,2024-12-15,Total,3
Zaporizka,2024-12-09,2024-12-15,"Education facility (school, etc.)",2
Zaporizka,2024-12-09,2024-12-15,Fuel depot,1
Zaporizka,2024-12-09,2024-12-15,"Health facility (hospital, health clinic)",1
Zaporizka,2024-12-09,2024-12-15,Industrial/Business/Enterprise facilities,4
Zaporizka,2024-12-09,2024-12-15,Railway,1
Zaporizka,2024-12-09,2024-12-15,Total,9
Autonomous Republic of Crimea,2024-12-02,2024-12-08,Industrial/Business/Enterprise facilities,1
Autonomous Republic of Crimea,2024-12-02,2024-12-08,Total,1
Chernihivska,2024-12-02,2024-12-08,Electricity supply system,2
Chernihivska,2024-12-02,2024-12-08,Total,2
Dnipropetrovska,2024-12-02,2024-12-08,Agricultural facilities,8
Dnipropetrovska,2024-12-02,2024-12-08,"Cultural facilities (museum, theater etc.)",1
Dnipropetrovska,2024-12-02,2024-12-08,"Education facility (school, etc.)",4
Dnipropetrovska,2024-12-02,2024-12-08,Electricity supply system,40
Dnipropetrovska,2024-12-02,2024-12-08,Fuel depot,3
Dnipropetrovska,2024-12-02,2024-12-08,Gas supply system,7
Dnipropetrovska,2024-12-02,2024-12-08,Government facilities,4
Dnipropetrovska,2024-12-02,2024-12-08,"Health facility (hospital, health clinic)",1
Dnipropetrovska,2024-12-02,2024-12-08,Industrial/Business/Enterprise facilities,6
Dnipropetrovska,2024-12-02,2024-12-08,Road / Highway,1
Dnipropetrovska,2024-12-02,2024-12-08,Total,75
Donetska,2024-12-02,2024-12-08,"Education facility (school, etc.)",2
Donetska,2024-12-02,2024-12-08,Electricity supply system,5
Donetska,2024-12-02,2024-12-08,Gas supply system,5
Donetska,2024-12-02,2024-12-08,Government facilities,3
Donetska,2024-12-02,2024-12-08,Industrial/Business/Enterprise facilities,11
Donetska,2024-12-02,2024-12-08,Railway,12
Donetska,2024-12-02,2024-12-08,Road / Highway,1
Donetska,2024-12-02,2024-12-08,Total,39
Kharkivska,2024-12-02,2024-12-08,Electricity supply system,1
Kharkivska,2024-12-02,2024-12-08,Industrial/Business/Enterprise facilities,1
Kharkivska,2024-12-02,2024-12-08,Total,2
Khersonska,2024-12-02,2024-12-08,Agricultural facilities,1
Khersonska,2024-12-02,2024-12-08,"Education facility (school, etc.)",2
Khersonska,2024-12-02,2024-12-08,Electricity supply system,2
Khersonska,2024-12-02,2024-12-08,Fuel depot,1
Khersonska,2024-12-02,2024-12-08,Gas supply system,1
Khersonska,2024-12-02,2024-12-08,Government facilities,1
Khersonska,2024-12-02,2024-12-08,Total,8
Kyiv,2024-12-02,2024-12-08,Road / Highway,1
Kyiv,2024-12-02,2024-12-08,Total,1
Kyivska,2024-12-02,2024-12-08,Gas supply system,1
Kyivska,2024-12-02,2024-12-08,Total,1
Mykolaivska,2024-12-02,2024-12-08,Electricity supply system,2
Mykolaivska,2024-12-02,2024-12-08,Government facilities,2
Mykolaivska,2024-12-02,2024-12-08,Total,4
Sumska,2024-12-02,2024-12-08,"Education facility (school, etc.)",1
Sumska,2024-12-02,2024-12-08,Government facilities,1
Sumska,2024-12-02,2024-12-08,Total,2
Ternopilska,2024-12-02,2024-12-08,"Education facility (school, etc.)",1
Ternopilska,2024-12-02,2024-12-08,Electricity supply system,1
Ternopilska,2024-12-02,2024-12-08,Industrial/Business/Enterprise facilities,1
Ternopilska,2024-12-02,2024-12-08,Total,3
Zaporizka,2024-12-02,2024-12-08,"Education facility (school, etc.)",1
Zaporizka,2024-12-02,2024-12-08,Electricity supply system,3
Zaporizka,2024-12-02,2024-12-08,Industrial/Business/Enterprise facilities,4
Zaporizka,2024-12-02,2024-12-08,Total,8
Autonomous Republic of Crimea,2024-11-25,2024-12-01,Road / Highway,1
Autonomous Republic of Crimea,2024-11-25,2024-12-01,Total,1
Dnipropetrovska,2024-11-25,2024-12-01,Agricultural facilities,3
Dnipropetrovska,2024-11-25,2024-12-01,"Education facility (school, etc.)",1
Dnipropetrovska,2024-11-25,2024-12-01,Electricity supply system,7
Dnipropetrovska,2024-11-25,2024-12-01,Fuel depot,2
Dnipropetrovska,2024-11-25,2024-12-01,Gas supply system,4
Dnipropetrovska,2024-11-25,2024-12-01,Government facilities,1
Dnipropetrovska,2024-11-25,2024-12-01,Industrial/Business/Enterprise facilities,2
Dnipropetrovska,2024-11-25,2024-12-01,Total,20
Donetska,2024-11-25,2024-12-01,"Education facility (school, etc.)",1
Donetska,2024-11-25,2024-12-01,Electricity supply system,3
Donetska,2024-11-25,2024-12-01,Gas supply system,5
Donetska,2024-11-25,2024-12-01,Government facilities,2
Donetska,2024-11-25,2024-12-01,Industrial/Business/Enterprise facilities,5
Donetska,2024-11-25,2024-12-01,Total,16
Kharkivska,2024-11-25,2024-12-01,Agricultural facilities,1
Kharkivska,2024-11-25,2024-12-01,"Cultural facilities (museum, theater etc.)",1
Kharkivska,2024-11-25,2024-12-01,"Education facility (school, etc.)",4
Kharkivska,2024-11-25,2024-12-01,Government facilities,4
Kharkivska,2024-11-25,2024-12-01,Industrial/Business/Enterprise facilities,5
Kharkivska,2024-11-25,2024-12-01,Other,1
Kharkivska,2024-11-25,2024-12-01,Total,17
Kharkivska,2024-11-25,2024-12-01,Warehouse,1
Khersonska,2024-11-25,2024-12-01,Government facilities,1
Khersonska,2024-11-25,2024-12-01,"Health facility (hospital, health clinic)",1
Khersonska,2024-11-25,2024-12-01,Other,1
Khersonska,2024-11-25,2024-12-01,Road / Highway,1
Khersonska,2024-11-25,2024-12-01,Total,4
Kyiv,2024-11-25,2024-12-01,"Health facility (hospital, health clinic)",1
Kyiv,2024-11-25,2024-12-01,Industrial/Business/Enterprise facilities,1
Kyiv,2024-11-25,2024-12-01,Other,1
Kyiv,2024-11-25,2024-12-01,Total,3
Lvivska,2024-11-25,2024-12-01,Electricity supply system,1
Lvivska,2024-11-25,2024-12-01,Total,1
Mykolaivska,2024-11-25,2024-12-01,Agricultural facilities,1
Mykolaivska,2024-11-25,2024-12-01,Total,1
Odeska,2024-11-25,2024-12-01,"Education facility (school, etc.)",2
Odeska,2024-11-25,2024-12-01,Gas supply system,2
Odeska,2024-11-25,2024-12-01,Government facilities,4
Odeska,2024-11-25,2024-12-01,Harbor,1
Odeska,2024-11-25,2024-12-01,"Health facility (hospital, health clinic)",2
Odeska,2024-11-25,2024-12-01,Industrial/Business/Enterprise facilities,5
Odeska,2024-11-25,2024-12-01,Railway,1
Odeska,2024-11-25,2024-12-01,Road / Highway,1
Odeska,2024-11-25,2024-12-01,Total,18
Sevastopol,2024-11-25,2024-12-01,"Education facility (school, etc.)",1
Sevastopol,2024-11-25,2024-12-01,Total,1
Sumska,2024-11-25,2024-12-01,"Cultural facilities (museum, theater etc.)",1
Sumska,2024-11-25,2024-12-01,"Education facility (school, etc.)",3
Sumska,2024-11-25,2024-12-01,Government facilities,1
Sumska,2024-11-25,2024-12-01,"Health facility (hospital, health clinic)",1
Sumska,2024-11-25,2024-12-01,Industrial/Business/Enterprise facilities,2
Sumska,2024-11-25,2024-12-01,Total,9
Sumska,2024-11-25,2024-12-01,Water supply system,1
Ternopilska,2024-11-25,2024-12-01,Electricity supply system,2
Ternopilska,2024-11-25,2024-12-01,Total,2
Zaporizka,2024-11-25,2024-12-01,Electricity supply system,1
Zaporizka,2024-11-25,2024-12-01,Telecommunications,1
Zaporizka,2024-11-25,2024-12-01,Total,2
Zhytomyrska,2024-11-25,2024-12-01,Industrial/Business/Enterprise facilities,1
Zhytomyrska,2024-11-25,2024-12-01,Total,1
Cherkaska,2024-11-18,2024-11-24,Electricity supply system,1
Cherkaska,2024-11-18,2024-11-24,Government facilities,1
Cherkaska,2024-11-18,2024-11-24,Total,2
Chernihivska,2024-11-18,2024-11-24,Total,1
Chernihivska,2024-11-18,2024-11-24,Warehouse,1
Dnipropetrovska,2024-11-18,2024-11-24,"Education facility (school, etc.)",1
Dnipropetrovska,2024-11-18,2024-11-24,Electricity supply system,5
Dnipropetrovska,2024-11-18,2024-11-24,Fuel depot,1
Dnipropetrovska,2024-11-18,2024-11-24,Government facilities,4
Dnipropetrovska,2024-11-18,2024-11-24,"Health facility (hospital, health clinic)",2
Dnipropetrovska,2024-11-18,2024-11-24,Heating and water facility,2
Dnipropetrovska,2024-11-18,2024-11-24,Industrial/Business/Enterprise facilities,3
Dnipropetrovska,2024-11-18,2024-11-24,Total,18
Donetska,2024-11-18,2024-11-24,Agricultural facilities,1
Donetska,2024-11-18,2024-11-24,"Cultural facilities (museum, theater etc.)",1
Donetska,2024-11-18,2024-11-24,"Education facility (school, etc.)",3
Donetska,2024-11-18,2024-11-24,Electricity supply system,2
Donetska,2024-11-18,2024-11-24,Gas supply system,2
Donetska,2024-11-18,2024-11-24,Government facilities,1
Donetska,2024-11-18,2024-11-24,Heating and water facility,2
Donetska,2024-11-18,2024-11-24,Industrial/Business/Enterprise facilities,4
Donetska,2024-11-18,2024-11-24,Total,16
Kharkivska,2024-11-18,2024-11-24,"Education facility (school, etc.)",1
Kharkivska,2024-11-18,2024-11-24,Fuel depot,1
Kharkivska,2024-11-18,2024-11-24,Government facilities,1
Kharkivska,2024-11-18,2024-11-24,Industrial/Business/Enterprise facilities,2
Kharkivska,2024-11-18,2024-11-24,Road / Highway,1
Kharkivska,2024-11-18,2024-11-24,Total,6
Khersonska,2024-11-18,2024-11-24,"Cultural facilities (museum, theater etc.)",1
Khersonska,2024-11-18,2024-11-24,"Health facility (hospital, health clinic)",3
Khersonska,2024-11-18,2024-11-24,Industrial/Business/Enterprise facilities,4
Khersonska,2024-11-18,2024-11-24,Total,8
Odeska,2024-11-18,2024-11-24,"Education facility (school, etc.)",3
Odeska,2024-11-18,2024-11-24,Government facilities,2
Odeska,2024-11-18,2024-11-24,Industrial/Business/Enterprise facilities,1
Odeska,2024-11-18,2024-11-24,Total,6
Sumska,2024-11-18,2024-11-24,"Education facility (school, etc.)",3
Sumska,2024-11-18,2024-11-24,Electricity supply system,1
Sumska,2024-11-18,2024-11-24,Gas supply system,1
Sumska,2024-11-18,2024-11-24,Government facilities,1
Sumska,2024-11-18,2024-11-24,"Health facility (hospital, health clinic)",1
Sumska,2024-11-18,2024-11-24,Industrial/Business/Enterprise facilities,8
Sumska,2024-11-18,2024-11-24,Religious facilities,1
Sumska,2024-11-18,2024-11-24,Total,16
Zaporizka,2024-11-18,2024-11-24,Agricultural facilities,1
Zaporizka,2024-11-18,2024-11-24,Harbor,1
Zaporizka,2024-11-18,2024-11-24,Heating and water facility,4
Zaporizka,2024-11-18,2024-11-24,Total,7
Zaporizka,2024-11-18,2024-11-24,Warehouse,1
Dnipropetrovska,2024-11-11,2024-11-17,Agricultural facilities,2
Dnipropetrovska,2024-11-11,2024-11-17,"Education facility (school, etc.)",3
Dnipropetrovska,2024-11-11,2024-11-17,Electricity supply system,8
Dnipropetrovska,2024-11-11,2024-11-17,Gas supply system,5
Dnipropetrovska,2024-11-11,2024-11-17,Government facilities,4
Dnipropetrovska,2024-11-11,2024-11-17,"Health facility (hospital, health clinic)",2
Dnipropetrovska,2024-11-11,2024-11-17,Industrial/Business/Enterprise facilities,10
Dnipropetrovska,2024-11-11,2024-11-17,Railway,1
Dnipropetrovska,2024-11-11,2024-11-17,Total,35
Donetska,2024-11-11,2024-11-17,"Cultural facilities (museum, theater etc.)",2
Donetska,2024-11-11,2024-11-17,"Education facility (school, etc.)",4
Donetska,2024-11-11,2024-11-17,Electricity supply system,8
Donetska,2024-11-11,2024-11-17,Gas supply system,3
Donetska,2024-11-11,2024-11-17,Government facilities,7
Donetska,2024-11-11,2024-11-17,"Health facility (hospital, health clinic)",2
Donetska,2024-11-11,2024-11-17,Industrial/Business/Enterprise facilities,7
Donetska,2024-11-11,2024-11-17,Railway,1
Donetska,2024-11-11,2024-11-17,Religious facilities,1
Donetska,2024-11-11,2024-11-17,Road / Highway,2
Donetska,2024-11-11,2024-11-17,Total,37
Kharkivska,2024-11-11,2024-11-17,Agricultural facilities,1
Kharkivska,2024-11-11,2024-11-17,"Education facility (school, etc.)",1
Kharkivska,2024-11-11,2024-11-17,Electricity supply system,4
Kharkivska,2024-11-11,2024-11-17,Gas supply system,1
Kharkivska,2024-11-11,2024-11-17,Government facilities,3
Kharkivska,2024-11-11,2024-11-17,"Health facility (hospital, health clinic)",1
Kharkivska,2024-11-11,2024-11-17,Industrial/Business/Enterprise facilities,2
Kharkivska,2024-11-11,2024-11-17,Road / Highway,1
Kharkivska,2024-11-11,2024-11-17,Total,16
Kharkivska,2024-11-11,2024-11-17,Warehouse,2
Khersonska,2024-11-11,2024-11-17,"Cultural facilities (museum, theater etc.)",1
Khersonska,2024-11-11,2024-11-17,Electricity supply system,1
Khersonska,2024-11-11,2024-11-17,Total,2
Kyiv,2024-11-11,2024-11-17,Other,1
Kyiv,2024-11-11,2024-11-17,Total,1
Kyivska,2024-11-11,2024-11-17,Total,2
Kyivska,2024-11-11,2024-11-17,Warehouse,1
Kyivska,2024-11-11,2024-11-17,Water supply system,1
Lvivska,2024-11-11,2024-11-17,Heating and water facility,1
Lvivska,2024-11-11,2024-11-17,Total,1
Mykolaivska,2024-11-11,2024-11-17,"Cultural facilities (museum, theater etc.)",3
Mykolaivska,2024-11-11,2024-11-17,Gas supply system,1
Mykolaivska,2024-11-11,2024-11-17,Heating and water facility,2
Mykolaivska,2024-11-11,2024-11-17,Industrial/Business/Enterprise facilities,5
Mykolaivska,2024-11-11,2024-11-17,Road / Highway,1
Mykolaivska,2024-11-11,2024-11-17,Total,12
Odeska,2024-11-11,2024-11-17,"Cultural facilities (museum, theater etc.)",23
Odeska,2024-11-11,2024-11-17,"Education facility (school, etc.)",5
Odeska,2024-11-11,2024-11-17,Harbor,1
Odeska,2024-11-11,2024-11-17,Heating and water facility,1
Odeska,2024-11-11,2024-11-17,Industrial/Business/Enterprise facilities,3
Odeska,2024-11-11,2024-11-17,Other,1
Odeska,2024-11-11,2024-11-17,Religious facilities,1
Odeska,2024-11-11,2024-11-17,Total,35
Poltavska,2024-11-11,2024-11-17,Industrial/Business/Enterprise facilities,1
Poltavska,2024-11-11,2024-11-17,Total,1
Rivnenska,2024-11-11,2024-11-17,Industrial/Business/Enterprise facilities,1
Rivnenska,2024-11-11,2024-11-17,Total,1
Sumska,2024-11-11,2024-11-17,Agricultural facilities,1
Sumska,2024-11-11,2024-11-17,"Education facility (school, etc.)",2
Sumska,2024-11-11,2024-11-17,Industrial/Business/Enterprise facilities,2
Sumska,2024-11-11,2024-11-17,Total,5
Vinnytska,2024-11-11,2024-11-17,"Education facility (school, etc.)",1
Vinnytska,2024-11-11,2024-11-17,Total,1
Zaporizka,2024-11-11,2024-11-17,"Education facility (school, etc.)",1
Zaporizka,2024-11-11,2024-11-17,Electricity supply system,2
Zaporizka,2024-11-11,2024-11-17,Industrial/Business/Enterprise facilities,3
Zaporizka,2024-11-11,2024-11-17,Road / Highway,1
Zaporizka,2024-11-11,2024-11-17,Total,7
Dnipropetrovska,2024-11-04,2024-11-10,Agricultural facilities,1
Dnipropetrovska,2024-11-04,2024-11-10,"Cultural facilities (museum, theater etc.)",1
Dnipropetrovska,2024-11-04,2024-11-10,Electricity supply system,2
Dnipropetrovska,2024-11-04,2024-11-10,Fuel depot,1
Dnipropetrovska,2024-11-04,2024-11-10,Gas supply system,1
Dnipropetrovska,2024-11-04,2024-11-10,Industrial/Business/Enterprise facilities,2
Dnipropetrovska,2024-11-04,2024-11-10,Total,8
Donetska,2024-11-04,2024-11-10,Electricity supply system,3
Donetska,2024-11-04,2024-11-10,"Health facility (hospital, health clinic)",1
Donetska,2024-11-04,2024-11-10,Heating and water facility,1
Donetska,2024-11-04,2024-11-10,Industrial/Business/Enterprise facilities,4
Donetska,2024-11-04,2024-11-10,Total,9
Kharkivska,2024-11-04,2024-11-10,Agricultural facilities,1
Kharkivska,2024-11-04,2024-11-10,"Cultural facilities (museum, theater etc.)",1
Kharkivska,2024-11-04,2024-11-10,"Education facility (school, etc.)",1
Kharkivska,2024-11-04,2024-11-10,Electricity supply system,3
Kharkivska,2024-11-04,2024-11-10,Fuel depot,2
Kharkivska,2024-11-04,2024-11-10,Government facilities,9
Kharkivska,2024-11-04,2024-11-10,Industrial/Business/Enterprise facilities,13
Kharkivska,2024-11-04,2024-11-10,Other,5
Kharkivska,2024-11-04,2024-11-10,Road / Highway,3
Kharkivska,2024-11-04,2024-11-10,Total,39
Kharkivska,2024-11-04,2024-11-10,Warehouse,1
Khersonska,2024-11-04,2024-11-10,"Education facility (school, etc.)",1
Khersonska,2024-11-04,2024-11-10,"Health facility (hospital, health clinic)",1
Khersonska,2024-11-04,2024-11-10,Industrial/Business/Enterprise facilities,1
Khersonska,2024-11-04,2024-11-10,Total,3
Kyiv,2024-11-04,2024-11-10,Government facilities,1
Kyiv,2024-11-04,2024-11-10,"Health facility (hospital, health clinic)",1
Kyiv,2024-11-04,2024-11-10,Industrial/Business/Enterprise facilities,5
Kyiv,2024-11-04,2024-11-10,Other,2
Kyiv,2024-11-04,2024-11-10,Total,11
Kyiv,2024-11-04,2024-11-10,Warehouse,2
Mykolaivska,2024-11-04,2024-11-10,Electricity supply system,1
Mykolaivska,2024-11-04,2024-11-10,Total,1
Odeska,2024-11-04,2024-11-10,"Cultural facilities (museum, theater etc.)",1
Odeska,2024-11-04,2024-11-10,"Education facility (school, etc.)",2
Odeska,2024-11-04,2024-11-10,Fuel depot,1
Odeska,2024-11-04,2024-11-10,Gas supply system,4
Odeska,2024-11-04,2024-11-10,Government facilities,1
Odeska,2024-11-04,2024-11-10,"Health facility (hospital, health clinic)",1
Odeska,2024-11-04,2024-11-10,Industrial/Business/Enterprise facilities,13
Odeska,2024-11-04,2024-11-10,Total,24
Odeska,2024-11-04,2024-11-10,Warehouse,1
Sumska,2024-11-04,2024-11-10,"Cultural facilities (museum, theater etc.)",1
Sumska,2024-11-04,2024-11-10,"Education facility (school, etc.)",3
Sumska,2024-11-04,2024-11-10,Fuel depot,2
Sumska,2024-11-04,2024-11-10,Government facilities,1
Sumska,2024-11-04,2024-11-10,Industrial/Business/Enterprise facilities,5
Sumska,2024-11-04,2024-11-10,Railway,1
Sumska,2024-11-04,2024-11-10,Total,13
Zaporizka,2024-11-04,2024-11-10,"Health facility (hospital, health clinic)",1
Zaporizka,2024-11-04,2024-11-10,Total,2
Zaporizka,2024-11-04,2024-11-10,Water supply system,1
Zhytomyrska,2024-11-04,2024-11-10,Electricity supply system,1
Zhytomyrska,2024-11-04,2024-11-10,Total,1
Cherkaska,2024-10-28,2024-11-03,Government facilities,1
Cherkaska,2024-10-28,2024-11-03,Industrial/Business/Enterprise facilities,2
Cherkaska,2024-10-28,2024-11-03,Total,3
Dnipropetrovska,2024-10-28,2024-11-03,Agricultural facilities,1
Dnipropetrovska,2024-10-28,2024-11-03,"Cultural facilities (museum, theater etc.)",1
Dnipropetrovska,2024-10-28,2024-11-03,"Education facility (school, etc.)",2
Dnipropetrovska,2024-10-28,2024-11-03,Electricity supply system,17
Dnipropetrovska,2024-10-28,2024-11-03,Fuel depot,2
Dnipropetrovska,2024-10-28,2024-11-03,Gas supply system,5
Dnipropetrovska,2024-10-28,2024-11-03,Government facilities,3
Dnipropetrovska,2024-10-28,2024-11-03,"Health facility (hospital, health clinic)",1
Dnipropetrovska,2024-10-28,2024-11-03,Industrial/Business/Enterprise facilities,8
Dnipropetrovska,2024-10-28,2024-11-03,Total,40
Donetska,2024-10-28,2024-11-03,Agricultural facilities,1
Donetska,2024-10-28,2024-11-03,"Education facility (school, etc.)",1
Donetska,2024-10-28,2024-11-03,Electricity supply system,2
Donetska,2024-10-28,2024-11-03,Gas supply system,3
Donetska,2024-10-28,2024-11-03,Government facilities,2
Donetska,2024-10-28,2024-11-03,"Health facility (hospital, health clinic)",1
Donetska,2024-10-28,2024-11-03,Industrial/Business/Enterprise facilities,8
Donetska,2024-10-28,2024-11-03,Total,18
Kharkivska,2024-10-28,2024-11-03,Agricultural facilities,2
Kharkivska,2024-10-28,2024-11-03,"Cultural facilities (museum, theater etc.)",1
Kharkivska,2024-10-28,2024-11-03,"Education facility (school, etc.)",3
Kharkivska,2024-10-28,2024-11-03,Electricity supply system,5
Kharkivska,2024-10-28,2024-11-03,Government facilities,3
Kharkivska,2024-10-28,2024-11-03,"Health facility (hospital, health clinic)",2
Kharkivska,2024-10-28,2024-11-03,Heating and water facility,1
Kharkivska,2024-10-28,2024-11-03,Industrial/Business/Enterprise facilities,34
Kharkivska,2024-10-28,2024-11-03,Other,2
Kharkivska,2024-10-28,2024-11-03,Railway,1
Kharkivska,2024-10-28,2024-11-03,Road / Highway,2
Kharkivska,2024-10-28,2024-11-03,Telecommunications,1
Kharkivska,2024-10-28,2024-11-03,Total,58
Kharkivska,2024-10-28,2024-11-03,Water supply system,1
Khersonska,2024-10-28,2024-11-03,"Education facility (school, etc.)",1
Khersonska,2024-10-28,2024-11-03,Electricity supply system,3
Khersonska,2024-10-28,2024-11-03,Gas supply system,2
Khersonska,2024-10-28,2024-11-03,Government facilities,2
Khersonska,2024-10-28,2024-11-03,"Health facility (hospital, health clinic)",3
Khersonska,2024-10-28,2024-11-03,Industrial/Business/Enterprise facilities,1
Khersonska,2024-10-28,2024-11-03,Total,12
Kyiv,2024-10-28,2024-11-03,"Education facility (school, etc.)",4
Kyiv,2024-10-28,2024-11-03,Electricity supply system,3
Kyiv,2024-10-28,2024-11-03,Gas supply system,2
Kyiv,2024-10-28,2024-11-03,Government facilities,3
Kyiv,2024-10-28,2024-11-03,Industrial/Business/Enterprise facilities,6
Kyiv,2024-10-28,2024-11-03,Other,1
Kyiv,2024-10-28,2024-11-03,Road / Highway,1
Kyiv,2024-10-28,2024-11-03,Total,20
Kyivska,2024-10-28,2024-11-03,Electricity supply system,2
Kyivska,2024-10-28,2024-11-03,Road / Highway,1
Kyivska,2024-10-28,2024-11-03,Total,3
Mykolaivska,2024-10-28,2024-11-03,Electricity supply system,1
Mykolaivska,2024-10-28,2024-11-03,Total,1
Odeska,2024-10-28,2024-11-03,Bridge,1
Odeska,2024-10-28,2024-11-03,Government facilities,1
Odeska,2024-10-28,2024-11-03,Other,1
Odeska,2024-10-28,2024-11-03,Road / Highway,1
Odeska,2024-10-28,2024-11-03,Total,4
Sumska,2024-10-28,2024-11-03,Agricultural facilities,1
Sumska,2024-10-28,2024-11-03,"Education facility (school, etc.)",1
Sumska,2024-10-28,2024-11-03,Electricity supply system,1
Sumska,2024-10-28,2024-11-03,Government facilities,9
Sumska,2024-10-28,2024-11-03,Industrial/Business/Enterprise facilities,7
Sumska,2024-10-28,2024-11-03,Other,1
Sumska,2024-10-28,2024-11-03,Total,20
Zaporizka,2024-10-28,2024-11-03,Government facilities,1
Zaporizka,2024-10-28,2024-11-03,Harbor,1
Zaporizka,2024-10-28,2024-11-03,Total,2
Cherkaska,2024-10-21,2024-10-27,Government facilities,1
Cherkaska,2024-10-21,2024-10-27,Industrial/Business/Enterprise facilities,1
Cherkaska,2024-10-21,2024-10-27,Other,1
Cherkaska,2024-10-21,2024-10-27,Total,3
Dnipropetrovska,2024-10-21,2024-10-27,Agricultural facilities,4
Dnipropetrovska,2024-10-21,2024-10-27,"Cultural facilities (museum, theater etc.)",2
Dnipropetrovska,2024-10-21,2024-10-27,Electricity supply system,14
Dnipropetrovska,2024-10-21,2024-10-27,Fuel depot,2
Dnipropetrovska,2024-10-21,2024-10-27,Gas supply system,3
Dnipropetrovska,2024-10-21,2024-10-27,Government facilities,3
Dnipropetrovska,2024-10-21,2024-10-27,"Health facility (hospital, health clinic)",4
Dnipropetrovska,2024-10-21,2024-10-27,Industrial/Business/Enterprise facilities,28
Dnipropetrovska,2024-10-21,2024-10-27,Oil depot,4
Dnipropetrovska,2024-10-21,2024-10-27,Religious facilities,1
Dnipropetrovska,2024-10-21,2024-10-27,Total,65
Donetska,2024-10-21,2024-10-27,"Education facility (school, etc.)",3
Donetska,2024-10-21,2024-10-27,Electricity supply system,6
Donetska,2024-10-21,2024-10-27,Fuel depot,1
Donetska,2024-10-21,2024-10-27,Gas supply system,5
Donetska,2024-10-21,2024-10-27,Government facilities,8
Donetska,2024-10-21,2024-10-27,"Health facility (hospital, health clinic)",1
Donetska,2024-10-21,2024-10-27,Heating and water facility,1
Donetska,2024-10-21,2024-10-27,Industrial/Business/Enterprise facilities,11
Donetska,2024-10-21,2024-10-27,Total,36
Kharkivska,2024-10-21,2024-10-27,Agricultural facilities,1
Kharkivska,2024-10-21,2024-10-27,Bridge,1
Kharkivska,2024-10-21,2024-10-27,"Education facility (school, etc.)",2
Kharkivska,2024-10-21,2024-10-27,Electricity supply system,1
Kharkivska,2024-10-21,2024-10-27,Gas supply system,2
Kharkivska,2024-10-21,2024-10-27,Government facilities,2
Kharkivska,2024-10-21,2024-10-27,Industrial/Business/Enterprise facilities,15
Kharkivska,2024-10-21,2024-10-27,Other,1
Kharkivska,2024-10-21,2024-10-27,Power plant,1
Kharkivska,2024-10-21,2024-10-27,Total,26
Khersonska,2024-10-21,2024-10-27,"Education facility (school, etc.)",1
Khersonska,2024-10-21,2024-10-27,Electricity supply system,1
Khersonska,2024-10-21,2024-10-27,Fuel depot,1
Khersonska,2024-10-21,2024-10-27,Gas supply system,3
Khersonska,2024-10-21,2024-10-27,"Health facility (hospital, health clinic)",2
Khersonska,2024-10-21,2024-10-27,Industrial/Business/Enterprise facilities,2
Khersonska,2024-10-21,2024-10-27,Other,2
Khersonska,2024-10-21,2024-10-27,Total,12
Khmelnytska,2024-10-21,2024-10-27,Agricultural facilities,1
Khmelnytska,2024-10-21,2024-10-27,"Cultural facilities (museum, theater etc.)",1
Khmelnytska,2024-10-21,2024-10-27,Electricity supply system,2
Khmelnytska,2024-10-21,2024-10-27,Industrial/Business/Enterprise facilities,4
Khmelnytska,2024-10-21,2024-10-27,Other,1
Khmelnytska,2024-10-21,2024-10-27,Total,9
Kyiv,2024-10-21,2024-10-27,Electricity supply system,1
Kyiv,2024-10-21,2024-10-27,Total,1
Kyivska,2024-10-21,2024-10-27,"Education facility (school, etc.)",1
Kyivska,2024-10-21,2024-10-27,Total,2
Kyivska,2024-10-21,2024-10-27,Warehouse,1
Odeska,2024-10-21,2024-10-27,"Education facility (school, etc.)",1
Odeska,2024-10-21,2024-10-27,Harbor,1
Odeska,2024-10-21,2024-10-27,Total,2
Sumska,2024-10-21,2024-10-27,"Education facility (school, etc.)",1
Sumska,2024-10-21,2024-10-27,Electricity supply system,3
Sumska,2024-10-21,2024-10-27,Government facilities,2
Sumska,2024-10-21,2024-10-27,Industrial/Business/Enterprise facilities,2
Sumska,2024-10-21,2024-10-27,Total,9
Sumska,2024-10-21,2024-10-27,Warehouse,1
Zaporizka,2024-10-21,2024-10-27,Bridge,1
Zaporizka,2024-10-21,2024-10-27,"Education facility (school, etc.)",2
Zaporizka,2024-10-21,2024-10-27,Electricity supply system,1
Zaporizka,2024-10-21,2024-10-27,Power plant,1
Zaporizka,2024-10-21,2024-10-27,Total,5
Cherkaska,2024-10-14,2024-10-20,"Education facility (school, etc.)",1
Cherkaska,2024-10-14,2024-10-20,Industrial/Business/Enterprise facilities,1
Cherkaska,2024-10-14,2024-10-20,Total,3
Cherkaska,2024-10-14,2024-10-20,Warehouse,1
Chernihivska,2024-10-14,2024-10-20,Electricity supply system,1
Chernihivska,2024-10-14,2024-10-20,Gas supply system,1
Chernihivska,2024-10-14,2024-10-20,Total,2
Dnipropetrovska,2024-10-14,2024-10-20,"Cultural facilities (museum, theater etc.)",1
Dnipropetrovska,2024-10-14,2024-10-20,"Education facility (school, etc.)",3
Dnipropetrovska,2024-10-14,2024-10-20,Electricity supply system,5
Dnipropetrovska,2024-10-14,2024-10-20,Gas supply system,3
Dnipropetrovska,2024-10-14,2024-10-20,Government facilities,3
Dnipropetrovska,2024-10-14,2024-10-20,"Health facility (hospital, health clinic)",1
Dnipropetrovska,2024-10-14,2024-10-20,Industrial/Business/Enterprise facilities,17
Dnipropetrovska,2024-10-14,2024-10-20,Religious facilities,1
Dnipropetrovska,2024-10-14,2024-10-20,Total,34
Donetska,2024-10-14,2024-10-20,"Cultural facilities (museum, theater etc.)",1
Donetska,2024-10-14,2024-10-20,"Education facility (school, etc.)",4
Donetska,2024-10-14,2024-10-20,Electricity supply system,2
Donetska,2024-10-14,2024-10-20,Gas supply system,1
Donetska,2024-10-14,2024-10-20,Government facilities,8
Donetska,2024-10-14,2024-10-20,"Health facility (hospital, health clinic)",2
Donetska,2024-10-14,2024-10-20,Industrial/Business/Enterprise facilities,4
Donetska,2024-10-14,2024-10-20,Other,1
Donetska,2024-10-14,2024-10-20,Railway,1
Donetska,2024-10-14,2024-10-20,Total,24
Kharkivska,2024-10-14,2024-10-20,"Education facility (school, etc.)",1
Kharkivska,2024-10-14,2024-10-20,Electricity supply system,1
Kharkivska,2024-10-14,2024-10-20,"Health facility (hospital, health clinic)",1
Kharkivska,2024-10-14,2024-10-20,Industrial/Business/Enterprise facilities,7
Kharkivska,2024-10-14,2024-10-20,Oil depot,1
Kharkivska,2024-10-14,2024-10-20,Road / Highway,1
Kharkivska,2024-10-14,2024-10-20,Total,12
Khersonska,2024-10-14,2024-10-20,Bridge,1
Khersonska,2024-10-14,2024-10-20,"Education facility (school, etc.)",1
Khersonska,2024-10-14,2024-10-20,Electricity supply system,2
Khersonska,2024-10-14,2024-10-20,"Health facility (hospital, health clinic)",1
Khersonska,2024-10-14,2024-10-20,Industrial/Business/Enterprise facilities,3
Khersonska,2024-10-14,2024-10-20,Other,1
Khersonska,2024-10-14,2024-10-20,Total,9
Kyiv,2024-10-14,2024-10-20,"Education facility (school, etc.)",1
Kyiv,2024-10-14,2024-10-20,Industrial/Business/Enterprise facilities,1
Kyiv,2024-10-14,2024-10-20,Total,2
Mykolaivska,2024-10-14,2024-10-20,"Education facility (school, etc.)",8
Mykolaivska,2024-10-14,2024-10-20,Electricity supply system,1
Mykolaivska,2024-10-14,2024-10-20,Government facilities,2
Mykolaivska,2024-10-14,2024-10-20,"Health facility (hospital, health clinic)",2
Mykolaivska,2024-10-14,2024-10-20,Industrial/Business/Enterprise facilities,6
Mykolaivska,2024-10-14,2024-10-20,Religious facilities,1
Mykolaivska,2024-10-14,2024-10-20,Total,20
Odeska,2024-10-14,2024-10-20,Government facilities,1
Odeska,2024-10-14,2024-10-20,Harbor,3
Odeska,2024-10-14,2024-10-20,"Health facility (hospital, health clinic)",1
Odeska,2024-10-14,2024-10-20,Total,7
Odeska,2024-10-14,2024-10-20,Warehouse,2
Sumska,2024-10-14,2024-10-20,"Education facility (school, etc.)",5
Sumska,2024-10-14,2024-10-20,Electricity supply system,2
Sumska,2024-10-14,2024-10-20,Government facilities,8
Sumska,2024-10-14,2024-10-20,"Health facility (hospital, health clinic)",2
Sumska,2024-10-14,2024-10-20,Industrial/Business/Enterprise facilities,2
Sumska,2024-10-14,2024-10-20,Total,20
Sumska,2024-10-14,2024-10-20,Water supply system,1
Zaporizka,2024-10-14,2024-10-20,Industrial/Business/Enterprise facilities,2
Zaporizka,2024-10-14,2024-10-20,Total,3
Zaporizka,2024-10-14,2024-10-20,Warehouse,1
Autonomous Republic of Crimea,2024-10-07,2024-10-13,Oil depot,1
Autonomous Republic of Crimea,2024-10-07,2024-10-13,Total,1
Dnipropetrovska,2024-10-07,2024-10-13,Agricultural facilities,1
Dnipropetrovska,2024-10-07,2024-10-13,Electricity supply system,1
Dnipropetrovska,2024-10-07,2024-10-13,Gas supply system,2
Dnipropetrovska,2024-10-07,2024-10-13,Government facilities,1
Dnipropetrovska,2024-10-07,2024-10-13,Industrial/Business/Enterprise facilities,4
Dnipropetrovska,2024-10-07,2024-10-13,Total,9
Donetska,2024-10-07,2024-10-13,"Education facility (school, etc.)",4
Donetska,2024-10-07,2024-10-13,Gas supply system,3
Donetska,2024-10-07,2024-10-13,Government facilities,6
Donetska,2024-10-07,2024-10-13,"Health facility (hospital, health clinic)",1
Donetska,2024-10-07,2024-10-13,Industrial/Business/Enterprise facilities,6
Donetska,2024-10-07,2024-10-13,Total,23
Donetska,2024-10-07,2024-10-13,Warehouse,3
Kharkivska,2024-10-07,2024-10-13,Agricultural facilities,1
Kharkivska,2024-10-07,2024-10-13,"Education facility (school, etc.)",2
Kharkivska,2024-10-07,2024-10-13,Electricity supply system,2
Kharkivska,2024-10-07,2024-10-13,Gas supply system,1
Kharkivska,2024-10-07,2024-10-13,Government facilities,1
Kharkivska,2024-10-07,2024-10-13,Industrial/Business/Enterprise facilities,4
Kharkivska,2024-10-07,2024-10-13,Total,12
Kharkivska,2024-10-07,2024-10-13,Warehouse,1
Khersonska,2024-10-07,2024-10-13,"Education facility (school, etc.)",3
Khersonska,2024-10-07,2024-10-13,Electricity supply system,2
Khersonska,2024-10-07,2024-10-13,Gas supply system,1
Khersonska,2024-10-07,2024-10-13,"Health facility (hospital, health clinic)",2
Khersonska,2024-10-07,2024-10-13,Industrial/Business/Enterprise facilities,6
Khersonska,2024-10-07,2024-10-13,Road / Highway,1
Khersonska,2024-10-07,2024-10-13,Telecommunications,1
Khersonska,2024-10-07,2024-10-13,Total,18
Khersonska,2024-10-07,2024-10-13,Warehouse,2
Kyiv,2024-10-07,2024-10-13,Industrial/Business/Enterprise facilities,1
Kyiv,2024-10-07,2024-10-13,Total,1
Luhanska,2024-10-07,2024-10-13,Oil depot,1
Luhanska,2024-10-07,2024-10-13,Total,1
Mykolaivska,2024-10-07,2024-10-13,Agricultural facilities,1
Mykolaivska,2024-10-07,2024-10-13,"Education facility (school, etc.)",1
Mykolaivska,2024-10-07,2024-10-13,Electricity supply system,1
Mykolaivska,2024-10-07,2024-10-13,Gas supply system,1
Mykolaivska,2024-10-07,2024-10-13,Total,5
Mykolaivska,2024-10-07,2024-10-13,Warehouse,1
Odeska,2024-10-07,2024-10-13,Government facilities,1
Odeska,2024-10-07,2024-10-13,Harbor,2
Odeska,2024-10-07,2024-10-13,"Health facility (hospital, health clinic)",1
Odeska,2024-10-07,2024-10-13,Industrial/Business/Enterprise facilities,1
Odeska,2024-10-07,2024-10-13,Total,5
Sumska,2024-10-07,2024-10-13,"Cultural facilities (museum, theater etc.)",1
Sumska,2024-10-07,2024-10-13,Electricity supply system,1
Sumska,2024-10-07,2024-10-13,Gas supply system,1
Sumska,2024-10-07,2024-10-13,Government facilities,1
Sumska,2024-10-07,2024-10-13,"Health facility (hospital, health clinic)",1
Sumska,2024-10-07,2024-10-13,Total,5
Zaporizka,2024-10-07,2024-10-13,"Cultural facilities (museum, theater etc.)",1
Zaporizka,2024-10-07,2024-10-13,Government facilities,1
Zaporizka,2024-10-07,2024-10-13,Industrial/Business/Enterprise facilities,2
Zaporizka,2024-10-07,2024-10-13,Other,1
Zaporizka,2024-10-07,2024-10-13,Total,6
Zaporizka,2024-10-07,2024-10-13,Warehouse,1
Cherkaska,2024-09-30,2024-10-06,Electricity supply system,1
Cherkaska,2024-09-30,2024-10-06,Total,1
Chernihivska,2024-09-30,2024-10-06,Agricultural facilities,1
Chernihivska,2024-09-30,2024-10-06,Total,1
Dnipropetrovska,2024-09-30,2024-10-06,Agricultural facilities,3
Dnipropetrovska,2024-09-30,2024-10-06,Electricity supply system,23
Dnipropetrovska,2024-09-30,2024-10-06,Gas supply system,1
Dnipropetrovska,2024-09-30,2024-10-06,"Health facility (hospital, health clinic)",1
Dnipropetrovska,2024-09-30,2024-10-06,Industrial/Business/Enterprise facilities,2
Dnipropetrovska,2024-09-30,2024-10-06,Other,1
Dnipropetrovska,2024-09-30,2024-10-06,Total,31
Donetska,2024-09-30,2024-10-06,"Cultural facilities (museum, theater etc.)",1
Donetska,2024-09-30,2024-10-06,"Education facility (school, etc.)",2
Donetska,2024-09-30,2024-10-06,Electricity supply system,11
Donetska,2024-09-30,2024-10-06,Gas supply system,3
Donetska,2024-09-30,2024-10-06,Government facilities,26
Donetska,2024-09-30,2024-10-06,"Health facility (hospital, health clinic)",2
Donetska,2024-09-30,2024-10-06,Heating and water facility,2
Donetska,2024-09-30,2024-10-06,Industrial/Business/Enterprise facilities,31
Donetska,2024-09-30,2024-10-06,Total,78
Kharkivska,2024-09-30,2024-10-06,"Cultural facilities (museum, theater etc.)",1
Kharkivska,2024-09-30,2024-10-06,"Education facility (school, etc.)",3
Kharkivska,2024-09-30,2024-10-06,Electricity supply system,2
Kharkivska,2024-09-30,2024-10-06,Gas supply system,1
Kharkivska,2024-09-30,2024-10-06,Government facilities,1
Kharkivska,2024-09-30,2024-10-06,"Health facility (hospital, health clinic)",1
Kharkivska,2024-09-30,2024-10-06,Industrial/Business/Enterprise facilities,2
Kharkivska,2024-09-30,2024-10-06,Other,3
Kharkivska,2024-09-30,2024-10-06,Railway,1
Kharkivska,2024-09-30,2024-10-06,Road / Highway,1
Kharkivska,2024-09-30,2024-10-06,Total,16
Khersonska,2024-09-30,2024-10-06,Gas supply system,1
Khersonska,2024-09-30,2024-10-06,Industrial/Business/Enterprise facilities,1
Khersonska,2024-09-30,2024-10-06,Other,1
Khersonska,2024-09-30,2024-10-06,Total,4
Khersonska,2024-09-30,2024-10-06,Warehouse,1
Kirovohradska,2024-09-30,2024-10-06,Government facilities,1
Kirovohradska,2024-09-30,2024-10-06,Industrial/Business/Enterprise facilities,1
Kirovohradska,2024-09-30,2024-10-06,Total,2
Odeska,2024-09-30,2024-10-06,Electricity supply system,1
Odeska,2024-09-30,2024-10-06,Gas supply system,1
Odeska,2024-09-30,2024-10-06,Harbor,1
Odeska,2024-09-30,2024-10-06,Other,1
Odeska,2024-09-30,2024-10-06,Total,5
Odeska,2024-09-30,2024-10-06,Warehouse,1
Sumska,2024-09-30,2024-10-06,"Education facility (school, etc.)",3
Sumska,2024-09-30,2024-10-06,"Health facility (hospital, health clinic)",1
Sumska,2024-09-30,2024-10-06,Road / Highway,1
Sumska,2024-09-30,2024-10-06,Total,5
Cherkaska,2024-09-23,2024-09-29,Electricity supply system,1
Cherkaska,2024-09-23,2024-09-29,Total,1
Dnipropetrovska,2024-09-23,2024-09-29,Agricultural facilities,3
Dnipropetrovska,2024-09-23,2024-09-29,"Education facility (school, etc.)",4
Dnipropetrovska,2024-09-23,2024-09-29,Electricity supply system,26
Dnipropetrovska,2024-09-23,2024-09-29,Gas supply system,3
Dnipropetrovska,2024-09-23,2024-09-29,Government facilities,1
Dnipropetrovska,2024-09-23,2024-09-29,Industrial/Business/Enterprise facilities,1
Dnipropetrovska,2024-09-23,2024-09-29,Other,1
Dnipropetrovska,2024-09-23,2024-09-29,Total,39
Donetska,2024-09-23,2024-09-29,"Education facility (school, etc.)",1
Donetska,2024-09-23,2024-09-29,Electricity supply system,7
Donetska,2024-09-23,2024-09-29,Gas supply system,6
Donetska,2024-09-23,2024-09-29,Government facilities,15
Donetska,2024-09-23,2024-09-29,"Health facility (hospital, health clinic)",2
Donetska,2024-09-23,2024-09-29,Heating and water facility,2
Donetska,2024-09-23,2024-09-29,Industrial/Business/Enterprise facilities,118
Donetska,2024-09-23,2024-09-29,Religious facilities,1
Donetska,2024-09-23,2024-09-29,Total,152
Kharkivska,2024-09-23,2024-09-29,Agricultural facilities,4
Kharkivska,2024-09-23,2024-09-29,"Cultural facilities (museum, theater etc.)",3
Kharkivska,2024-09-23,2024-09-29,"Education facility (school, etc.)",8
Kharkivska,2024-09-23,2024-09-29,Electricity supply system,2
Kharkivska,2024-09-23,2024-09-29,Gas supply system,1
Kharkivska,2024-09-23,2024-09-29,Government facilities,2
Kharkivska,2024-09-23,2024-09-29,"Health facility (hospital, health clinic)",1
Kharkivska,2024-09-23,2024-09-29,Industrial/Business/Enterprise facilities,11
Kharkivska,2024-09-23,2024-09-29,Other,1
Kharkivska,2024-09-23,2024-09-29,Total,35
Kharkivska,2024-09-23,2024-09-29,Warehouse,2
Khersonska,2024-09-23,2024-09-29,Agricultural facilities,2
Khersonska,2024-09-23,2024-09-29,"Cultural facilities (museum, theater etc.)",2
Khersonska,2024-09-23,2024-09-29,"Education facility (school, etc.)",4
Khersonska,2024-09-23,2024-09-29,Gas supply system,2
Khersonska,2024-09-23,2024-09-29,Government facilities,1
Khersonska,2024-09-23,2024-09-29,"Health facility (hospital, health clinic)",1
Khersonska,2024-09-23,2024-09-29,Industrial/Business/Enterprise facilities,2
Khersonska,2024-09-23,2024-09-29,Total,14
Mykolaivska,2024-09-23,2024-09-29,"Education facility (school, etc.)",1
Mykolaivska,2024-09-23,2024-09-29,Total,1
Odeska,2024-09-23,2024-09-29,"Cultural facilities (museum, theater etc.)",1
Odeska,2024-09-23,2024-09-29,Total,1
Sumska,2024-09-23,2024-09-29,"Education facility (school, etc.)",2
Sumska,2024-09-23,2024-09-29,Government facilities,1
Sumska,2024-09-23,2024-09-29,"Health facility (hospital, health clinic)",2
Sumska,2024-09-23,2024-09-29,Industrial/Business/Enterprise facilities,2
Sumska,2024-09-23,2024-09-29,Railway,1
Sumska,2024-09-23,2024-09-29,Total,8
Zaporizka,2024-09-23,2024-09-29,"Education facility (school, etc.)",1
Zaporizka,2024-09-23,2024-09-29,Industrial/Business/Enterprise facilities,4
Zaporizka,2024-09-23,2024-09-29,Other,1
Zaporizka,2024-09-23,2024-09-29,Railway,1
Zaporizka,2024-09-23,2024-09-29,Total,7
Cherkaska,2024-09-16,2024-09-22,"Education facility (school, etc.)",1
Cherkaska,2024-09-16,2024-09-22,Total,1
Chernihivska,2024-09-16,2024-09-22,Agricultural facilities,2
Chernihivska,2024-09-16,2024-09-22,Total,2
Dnipropetrovska,2024-09-16,2024-09-22,Agricultural facilities,2
Dnipropetrovska,2024-09-16,2024-09-22,"Education facility (school, etc.)",4
Dnipropetrovska,2024-09-16,2024-09-22,Electricity supply system,2
Dnipropetrovska,2024-09-16,2024-09-22,Fuel depot,2
Dnipropetrovska,2024-09-16,2024-09-22,Gas supply system,1
Dnipropetrovska,2024-09-16,2024-09-22,Government facilities,4
Dnipropetrovska,2024-09-16,2024-09-22,"Health facility (hospital, health clinic)",1
Dnipropetrovska,2024-09-16,2024-09-22,Industrial/Business/Enterprise facilities,10
Dnipropetrovska,2024-09-16,2024-09-22,Telecommunications,1
Dnipropetrovska,2024-09-16,2024-09-22,Total,27
Donetska,2024-09-16,2024-09-22,"Education facility (school, etc.)",2
Donetska,2024-09-16,2024-09-22,Electricity supply system,7
Donetska,2024-09-16,2024-09-22,Gas supply system,3
Donetska,2024-09-16,2024-09-22,Government facilities,11
Donetska,2024-09-16,2024-09-22,"Health facility (hospital, health clinic)",1
Donetska,2024-09-16,2024-09-22,Industrial/Business/Enterprise facilities,28
Donetska,2024-09-16,2024-09-22,Total,53
Donetska,2024-09-16,2024-09-22,Warehouse,1
Kharkivska,2024-09-16,2024-09-22,"Education facility (school, etc.)",7
Kharkivska,2024-09-16,2024-09-22,Electricity supply system,1
Kharkivska,2024-09-16,2024-09-22,Gas supply system,2
Kharkivska,2024-09-16,2024-09-22,Government facilities,2
Kharkivska,2024-09-16,2024-09-22,"Health facility (hospital, health clinic)",1
Kharkivska,2024-09-16,2024-09-22,Industrial/Business/Enterprise facilities,7
Kharkivska,2024-09-16,2024-09-22,Oil depot,1
Kharkivska,2024-09-16,2024-09-22,Other,1
Kharkivska,2024-09-16,2024-09-22,Road / Highway,3
Kharkivska,2024-09-16,2024-09-22,Total,29
Kharkivska,2024-09-16,2024-09-22,Warehouse,4
Khersonska,2024-09-16,2024-09-22,"Cultural facilities (museum, theater etc.)",1
Khersonska,2024-09-16,2024-09-22,"Education facility (school, etc.)",2
Khersonska,2024-09-16,2024-09-22,Gas supply system,1
Khersonska,2024-09-16,2024-09-22,Government facilities,3
Khersonska,2024-09-16,2024-09-22,Industrial/Business/Enterprise facilities,1
Khersonska,2024-09-16,2024-09-22,Other,2
Khersonska,2024-09-16,2024-09-22,Total,12
Khersonska,2024-09-16,2024-09-22,Warehouse,2
Lvivska,2024-09-16,2024-09-22,Agricultural facilities,1
Lvivska,2024-09-16,2024-09-22,Total,1
Mykolaivska,2024-09-16,2024-09-22,Agricultural facilities,1
Mykolaivska,2024-09-16,2024-09-22,"Cultural facilities (museum, theater etc.)",1
Mykolaivska,2024-09-16,2024-09-22,"Health facility (hospital, health clinic)",1
Mykolaivska,2024-09-16,2024-09-22,Total,3
Odeska,2024-09-16,2024-09-22,Harbor,1
Odeska,2024-09-16,2024-09-22,Total,1
Sumska,2024-09-16,2024-09-22,Agricultural facilities,2
Sumska,2024-09-16,2024-09-22,"Education facility (school, etc.)",1
Sumska,2024-09-16,2024-09-22,Electricity supply system,1
Sumska,2024-09-16,2024-09-22,Fuel depot,3
Sumska,2024-09-16,2024-09-22,Gas supply system,1
Sumska,2024-09-16,2024-09-22,Government facilities,2
Sumska,2024-09-16,2024-09-22,"Health facility (hospital, health clinic)",4
Sumska,2024-09-16,2024-09-22,Industrial/Business/Enterprise facilities,2
Sumska,2024-09-16,2024-09-22,Total,16
Zaporizka,2024-09-16,2024-09-22,"Education facility (school, etc.)",3
Zaporizka,2024-09-16,2024-09-22,Industrial/Business/Enterprise facilities,3
Zaporizka,2024-09-16,2024-09-22,Total,6
Cherkaska,2024-09-09,2024-09-15,Fuel depot,1
Cherkaska,2024-09-09,2024-09-15,Industrial/Business/Enterprise facilities,1
Cherkaska,2024-09-09,2024-09-15,Oil depot,1
Cherkaska,2024-09-09,2024-09-15,Total,4
Cherkaska,2024-09-09,2024-09-15,Warehouse,1
Chernihivska,2024-09-09,2024-09-15,Electricity supply system,1
Chernihivska,2024-09-09,2024-09-15,"Health facility (hospital, health clinic)",1
Chernihivska,2024-09-09,2024-09-15,Total,2
Dnipropetrovska,2024-09-09,2024-09-15,Agricultural facilities,1
Dnipropetrovska,2024-09-09,2024-09-15,"Education facility (school, etc.)",4
Dnipropetrovska,2024-09-09,2024-09-15,Electricity supply system,6
Dnipropetrovska,2024-09-09,2024-09-15,Gas supply system,2
Dnipropetrovska,2024-09-09,2024-09-15,Government facilities,2
Dnipropetrovska,2024-09-09,2024-09-15,Industrial/Business/Enterprise facilities,2
Dnipropetrovska,2024-09-09,2024-09-15,Religious facilities,1
Dnipropetrovska,2024-09-09,2024-09-15,Total,18
Donetska,2024-09-09,2024-09-15,Agricultural facilities,1
Donetska,2024-09-09,2024-09-15,Bridge,2
Donetska,2024-09-09,2024-09-15,"Cultural facilities (museum, theater etc.)",1
Donetska,2024-09-09,2024-09-15,"Education facility (school, etc.)",1
Donetska,2024-09-09,2024-09-15,Electricity supply system,6
Donetska,2024-09-09,2024-09-15,Gas supply system,4
Donetska,2024-09-09,2024-09-15,Government facilities,4
Donetska,2024-09-09,2024-09-15,Industrial/Business/Enterprise facilities,10
Donetska,2024-09-09,2024-09-15,Religious facilities,1
Donetska,2024-09-09,2024-09-15,Road / Highway,1
Donetska,2024-09-09,2024-09-15,Total,34
Donetska,2024-09-09,2024-09-15,Warehouse,1
Donetska,2024-09-09,2024-09-15,Water supply system,2
Kharkivska,2024-09-09,2024-09-15,"Cultural facilities (museum, theater etc.)",2
Kharkivska,2024-09-09,2024-09-15,"Education facility (school, etc.)",1
Kharkivska,2024-09-09,2024-09-15,Electricity supply system,1
Kharkivska,2024-09-09,2024-09-15,Fuel depot,1
Kharkivska,2024-09-09,2024-09-15,Gas supply system,1
Kharkivska,2024-09-09,2024-09-15,"Health facility (hospital, health clinic)",1
Kharkivska,2024-09-09,2024-09-15,Industrial/Business/Enterprise facilities,6
Kharkivska,2024-09-09,2024-09-15,Total,13
Khersonska,2024-09-09,2024-09-15,"Education facility (school, etc.)",2
Khersonska,2024-09-09,2024-09-15,"Health facility (hospital, health clinic)",3
Khersonska,2024-09-09,2024-09-15,Other,1
Khersonska,2024-09-09,2024-09-15,Total,6
Mykolaivska,2024-09-09,2024-09-15,Industrial/Business/Enterprise facilities,2
Mykolaivska,2024-09-09,2024-09-15,Total,2
Odeska,2024-09-09,2024-09-15,Total,1
Odeska,2024-09-09,2024-09-15,Warehouse,1
Sumska,2024-09-09,2024-09-15,Agricultural facilities,1
Sumska,2024-09-09,2024-09-15,"Cultural facilities (museum, theater etc.)",1
Sumska,2024-09-09,2024-09-15,"Education facility (school, etc.)",2
Sumska,2024-09-09,2024-09-15,Electricity supply system,1
Sumska,2024-09-09,2024-09-15,"Health facility (hospital, health clinic)",4
Sumska,2024-09-09,2024-09-15,Heating and water facility,1
Sumska,2024-09-09,2024-09-15,Industrial/Business/Enterprise facilities,4
Sumska,2024-09-09,2024-09-15,Road / Highway,1
Sumska,2024-09-09,2024-09-15,Total,15
Zaporizka,2024-09-09,2024-09-15,Agricultural facilities,1
Zaporizka,2024-09-09,2024-09-15,Total,1
Dnipropetrovska,2024-09-02,2024-09-08,Agricultural facilities,1
Dnipropetrovska,2024-09-02,2024-09-08,"Cultural facilities (museum, theater etc.)",2
Dnipropetrovska,2024-09-02,2024-09-08,"Education facility (school, etc.)",7
Dnipropetrovska,2024-09-02,2024-09-08,Electricity supply system,4
Dnipropetrovska,2024-09-02,2024-09-08,Gas supply system,1
Dnipropetrovska,2024-09-02,2024-09-08,Government facilities,6
Dnipropetrovska,2024-09-02,2024-09-08,"Health facility (hospital, health clinic)",1
Dnipropetrovska,2024-09-02,2024-09-08,Industrial/Business/Enterprise facilities,50
Dnipropetrovska,2024-09-02,2024-09-08,Total,73
Dnipropetrovska,2024-09-02,2024-09-08,Warehouse,1
Donetska,2024-09-02,2024-09-08,Electricity supply system,6
Donetska,2024-09-02,2024-09-08,Fuel depot,1
Donetska,2024-09-02,2024-09-08,Government facilities,2
Donetska,2024-09-02,2024-09-08,"Health facility (hospital, health clinic)",2
Donetska,2024-09-02,2024-09-08,Industrial/Business/Enterprise facilities,3
Donetska,2024-09-02,2024-09-08,Total,15
Donetska,2024-09-02,2024-09-08,Warehouse,1
Kharkivska,2024-09-02,2024-09-08,Agricultural facilities,1
Kharkivska,2024-09-02,2024-09-08,"Cultural facilities (museum, theater etc.)",2
Kharkivska,2024-09-02,2024-09-08,"Education facility (school, etc.)",1
Kharkivska,2024-09-02,2024-09-08,Electricity supply system,3
Kharkivska,2024-09-02,2024-09-08,Gas supply system,2
Kharkivska,2024-09-02,2024-09-08,Heating and water facility,1
Kharkivska,2024-09-02,2024-09-08,Industrial/Business/Enterprise facilities,2
Kharkivska,2024-09-02,2024-09-08,Religious facilities,1
Kharkivska,2024-09-02,2024-09-08,Total,15
Kharkivska,2024-09-02,2024-09-08,Warehouse,2
Khersonska,2024-09-02,2024-09-08,Electricity supply system,1
Khersonska,2024-09-02,2024-09-08,"Health facility (hospital, health clinic)",1
Khersonska,2024-09-02,2024-09-08,Heating and water facility,1
Khersonska,2024-09-02,2024-09-08,Telecommunications,1
Khersonska,2024-09-02,2024-09-08,Total,5
Khersonska,2024-09-02,2024-09-08,Water supply system,1
Kyiv,2024-09-02,2024-09-08,"Cultural facilities (museum, theater etc.)",1
Kyiv,2024-09-02,2024-09-08,"Education facility (school, etc.)",2
Kyiv,2024-09-02,2024-09-08,Heating and water facility,1
Kyiv,2024-09-02,2024-09-08,Industrial/Business/Enterprise facilities,2
Kyiv,2024-09-02,2024-09-08,Other,5
Kyiv,2024-09-02,2024-09-08,Religious facilities,1
Kyiv,2024-09-02,2024-09-08,Total,13
Kyiv,2024-09-02,2024-09-08,Warehouse,1
Lvivska,2024-09-02,2024-09-08,"Cultural facilities (museum, theater etc.)",8
Lvivska,2024-09-02,2024-09-08,"Education facility (school, etc.)",3
Lvivska,2024-09-02,2024-09-08,"Health facility (hospital, health clinic)",2
Lvivska,2024-09-02,2024-09-08,Religious facilities,1
Lvivska,2024-09-02,2024-09-08,Total,14
Odeska,2024-09-02,2024-09-08,Industrial/Business/Enterprise facilities,1
Odeska,2024-09-02,2024-09-08,Total,1
Poltavska,2024-09-02,2024-09-08,"Education facility (school, etc.)",1
Poltavska,2024-09-02,2024-09-08,"Health facility (hospital, health clinic)",1
Poltavska,2024-09-02,2024-09-08,Total,2
Sumska,2024-09-02,2024-09-08,"Education facility (school, etc.)",1
Sumska,2024-09-02,2024-09-08,Government facilities,1
Sumska,2024-09-02,2024-09-08,"Health facility (hospital, health clinic)",1
Sumska,2024-09-02,2024-09-08,Industrial/Business/Enterprise facilities,2
Sumska,2024-09-02,2024-09-08,Total,5
Zaporizka,2024-09-02,2024-09-08,"Education facility (school, etc.)",1
Zaporizka,2024-09-02,2024-09-08,Industrial/Business/Enterprise facilities,1
Zaporizka,2024-09-02,2024-09-08,Total,2
Autonomous Republic of Crimea,2024-08-26,2024-09-01,Railway,1
Autonomous Republic of Crimea,2024-08-26,2024-09-01,Total,1
Cherkaska,2024-08-26,2024-09-01,Electricity supply system,1
Cherkaska,2024-08-26,2024-09-01,Industrial/Business/Enterprise facilities,1
Cherkaska,2024-08-26,2024-09-01,Total,2
Chernihivska,2024-08-26,2024-09-01,Industrial/Business/Enterprise facilities,1
Chernihivska,2024-08-26,2024-09-01,Total,1
Dnipropetrovska,2024-08-26,2024-09-01,Agricultural facilities,1
Dnipropetrovska,2024-08-26,2024-09-01,"Cultural facilities (museum, theater etc.)",1
Dnipropetrovska,2024-08-26,2024-09-01,Electricity supply system,3
Dnipropetrovska,2024-08-26,2024-09-01,Fuel depot,3
Dnipropetrovska,2024-08-26,2024-09-01,Gas supply system,2
Dnipropetrovska,2024-08-26,2024-09-01,Government facilities,2
Dnipropetrovska,2024-08-26,2024-09-01,Industrial/Business/Enterprise facilities,12
Dnipropetrovska,2024-08-26,2024-09-01,Road / Highway,1
Dnipropetrovska,2024-08-26,2024-09-01,Total,26
Dnipropetrovska,2024-08-26,2024-09-01,Warehouse,1
Donetska,2024-08-26,2024-09-01,"Education facility (school, etc.)",1
Donetska,2024-08-26,2024-09-01,Electricity supply system,1
Donetska,2024-08-26,2024-09-01,Fuel depot,1
Donetska,2024-08-26,2024-09-01,Gas supply system,1
Donetska,2024-08-26,2024-09-01,Government facilities,2
Donetska,2024-08-26,2024-09-01,"Health facility (hospital, health clinic)",1
Donetska,2024-08-26,2024-09-01,Industrial/Business/Enterprise facilities,4
Donetska,2024-08-26,2024-09-01,Total,12
Donetska,2024-08-26,2024-09-01,Water supply system,1
Ivano-Frankivska,2024-08-26,2024-09-01,Industrial/Business/Enterprise facilities,1
Ivano-Frankivska,2024-08-26,2024-09-01,Total,1
Kharkivska,2024-08-26,2024-09-01,Agricultural facilities,1
Kharkivska,2024-08-26,2024-09-01,"Cultural facilities (museum, theater etc.)",3
Kharkivska,2024-08-26,2024-09-01,"Education facility (school, etc.)",1
Kharkivska,2024-08-26,2024-09-01,Fuel depot,1
Kharkivska,2024-08-26,2024-09-01,Gas supply system,1
Kharkivska,2024-08-26,2024-09-01,Government facilities,5
Kharkivska,2024-08-26,2024-09-01,"Health facility (hospital, health clinic)",1
Kharkivska,2024-08-26,2024-09-01,Industrial/Business/Enterprise facilities,11
Kharkivska,2024-08-26,2024-09-01,Other,2
Kharkivska,2024-08-26,2024-09-01,Road / Highway,1
Kharkivska,2024-08-26,2024-09-01,Total,29
Kharkivska,2024-08-26,2024-09-01,Warehouse,1
Kharkivska,2024-08-26,2024-09-01,Water supply system,1
Khersonska,2024-08-26,2024-09-01,"Education facility (school, etc.)",2
Khersonska,2024-08-26,2024-09-01,Gas supply system,1
Khersonska,2024-08-26,2024-09-01,Government facilities,1
Khersonska,2024-08-26,2024-09-01,Total,4
Kyiv,2024-08-26,2024-09-01,Other,1
Kyiv,2024-08-26,2024-09-01,Total,1
Kyivska,2024-08-26,2024-09-01,Power plant,1
Kyivska,2024-08-26,2024-09-01,Total,1
Odeska,2024-08-26,2024-09-01,Electricity supply system,1
Odeska,2024-08-26,2024-09-01,Total,1
Poltavska,2024-08-26,2024-09-01,Industrial/Business/Enterprise facilities,1
Poltavska,2024-08-26,2024-09-01,Total,1
Sumska,2024-08-26,2024-09-01,Agricultural facilities,1
Sumska,2024-08-26,2024-09-01,"Education facility (school, etc.)",2
Sumska,2024-08-26,2024-09-01,Electricity supply system,4
Sumska,2024-08-26,2024-09-01,Government facilities,1
Sumska,2024-08-26,2024-09-01,"Health facility (hospital, health clinic)",1
Sumska,2024-08-26,2024-09-01,Industrial/Business/Enterprise facilities,2
Sumska,2024-08-26,2024-09-01,Total,12
Sumska,2024-08-26,2024-09-01,Warehouse,1
Volynska,2024-08-26,2024-09-01,Electricity supply system,1
Volynska,2024-08-26,2024-09-01,Total,1
Cherkaska,2024-08-19,2024-08-25,Industrial/Business/Enterprise facilities,2
Cherkaska,2024-08-19,2024-08-25,Total,2
Dnipropetrovska,2024-08-19,2024-08-25,Agricultural facilities,1
Dnipropetrovska,2024-08-19,2024-08-25,Electricity supply system,6
Dnipropetrovska,2024-08-19,2024-08-25,Fuel depot,1
Dnipropetrovska,2024-08-19,2024-08-25,Gas supply system,2
Dnipropetrovska,2024-08-19,2024-08-25,"Health facility (hospital, health clinic)",1
Dnipropetrovska,2024-08-19,2024-08-25,Industrial/Business/Enterprise facilities,3
Dnipropetrovska,2024-08-19,2024-08-25,Total,14
Donetska,2024-08-19,2024-08-25,Electricity supply system,4
Donetska,2024-08-19,2024-08-25,Gas supply system,1
Donetska,2024-08-19,2024-08-25,Government facilities,4
Donetska,2024-08-19,2024-08-25,Industrial/Business/Enterprise facilities,5
Donetska,2024-08-19,2024-08-25,Total,14
Kharkivska,2024-08-19,2024-08-25,"Education facility (school, etc.)",1
Kharkivska,2024-08-19,2024-08-25,Electricity supply system,1
Kharkivska,2024-08-19,2024-08-25,Gas supply system,1
Kharkivska,2024-08-19,2024-08-25,Government facilities,2
Kharkivska,2024-08-19,2024-08-25,Industrial/Business/Enterprise facilities,2
Kharkivska,2024-08-19,2024-08-25,Total,7
Khersonska,2024-08-19,2024-08-25,Electricity supply system,1
Khersonska,2024-08-19,2024-08-25,Fuel depot,1
Khersonska,2024-08-19,2024-08-25,Industrial/Business/Enterprise facilities,2
Khersonska,2024-08-19,2024-08-25,Other,1
Khersonska,2024-08-19,2024-08-25,Total,5
Sumska,2024-08-19,2024-08-25,Agricultural facilities,2
Sumska,2024-08-19,2024-08-25,"Education facility (school, etc.)",1
Sumska,2024-08-19,2024-08-25,Electricity supply system,1
Sumska,2024-08-19,2024-08-25,Government facilities,1
Sumska,2024-08-19,2024-08-25,Industrial/Business/Enterprise facilities,1
Sumska,2024-08-19,2024-08-25,Total,6
Ternopilska,2024-08-19,2024-08-25,Industrial/Business/Enterprise facilities,1
Ternopilska,2024-08-19,2024-08-25,Total,1
Zaporizka,2024-08-19,2024-08-25,"Cultural facilities (museum, theater etc.)",1
Zaporizka,2024-08-19,2024-08-25,Electricity supply system,1
Zaporizka,2024-08-19,2024-08-25,Industrial/Business/Enterprise facilities,1
Zaporizka,2024-08-19,2024-08-25,Total,3
Autonomous Republic of Crimea,2024-08-12,2024-08-18,Harbor,1
Autonomous Republic of Crimea,2024-08-12,2024-08-18,Total,1
Chernihivska,2024-08-12,2024-08-18,Electricity supply system,1
Chernihivska,2024-08-12,2024-08-18,Total,1
Dnipropetrovska,2024-08-12,2024-08-18,Agricultural facilities,2
Dnipropetrovska,2024-08-12,2024-08-18,Electricity supply system,3
Dnipropetrovska,2024-08-12,2024-08-18,Gas supply system,1
Dnipropetrovska,2024-08-12,2024-08-18,Government facilities,2
Dnipropetrovska,2024-08-12,2024-08-18,Industrial/Business/Enterprise facilities,5
Dnipropetrovska,2024-08-12,2024-08-18,Other,1
Dnipropetrovska,2024-08-12,2024-08-18,Total,14
Donetska,2024-08-12,2024-08-18,"Cultural facilities (museum, theater etc.)",1
Donetska,2024-08-12,2024-08-18,Electricity supply system,2
Donetska,2024-08-12,2024-08-18,Fuel depot,1
Donetska,2024-08-12,2024-08-18,Gas supply system,1
Donetska,2024-08-12,2024-08-18,"Health facility (hospital, health clinic)",1
Donetska,2024-08-12,2024-08-18,Industrial/Business/Enterprise facilities,3
Donetska,2024-08-12,2024-08-18,Total,9
Kharkivska,2024-08-12,2024-08-18,"Cultural facilities (museum, theater etc.)",1
Kharkivska,2024-08-12,2024-08-18,"Education facility (school, etc.)",3
Kharkivska,2024-08-12,2024-08-18,Electricity supply system,3
Kharkivska,2024-08-12,2024-08-18,Gas supply system,1
Kharkivska,2024-08-12,2024-08-18,Government facilities,2
Kharkivska,2024-08-12,2024-08-18,Industrial/Business/Enterprise facilities,5
Kharkivska,2024-08-12,2024-08-18,Other,2
Kharkivska,2024-08-12,2024-08-18,Total,18
Kharkivska,2024-08-12,2024-08-18,Warehouse,1
Khersonska,2024-08-12,2024-08-18,"Education facility (school, etc.)",1
Khersonska,2024-08-12,2024-08-18,Total,2
Khersonska,2024-08-12,2024-08-18,Water supply system,1
Odeska,2024-08-12,2024-08-18,Harbor,1
Odeska,2024-08-12,2024-08-18,Total,1
Sumska,2024-08-12,2024-08-18,Electricity supply system,1
Sumska,2024-08-12,2024-08-18,Gas supply system,1
Sumska,2024-08-12,2024-08-18,"Health facility (hospital, health clinic)",2
Sumska,2024-08-12,2024-08-18,Industrial/Business/Enterprise facilities,3
Sumska,2024-08-12,2024-08-18,Road / Highway,1
Sumska,2024-08-12,2024-08-18,Total,8
Zaporizka,2024-08-12,2024-08-18,Electricity supply system,1
Zaporizka,2024-08-12,2024-08-18,Total,1
Autonomous Republic of Crimea,2024-08-05,2024-08-11,Airport,1
Autonomous Republic of Crimea,2024-08-05,2024-08-11,Total,1
Dnipropetrovska,2024-08-05,2024-08-11,Agricultural facilities,1
Dnipropetrovska,2024-08-05,2024-08-11,"Cultural facilities (museum, theater etc.)",1
Dnipropetrovska,2024-08-05,2024-08-11,"Education facility (school, etc.)",2
Dnipropetrovska,2024-08-05,2024-08-11,Electricity supply system,8
Dnipropetrovska,2024-08-05,2024-08-11,Gas supply system,2
Dnipropetrovska,2024-08-05,2024-08-11,Government facilities,6
Dnipropetrovska,2024-08-05,2024-08-11,"Health facility (hospital, health clinic)",4
Dnipropetrovska,2024-08-05,2024-08-11,Industrial/Business/Enterprise facilities,6
Dnipropetrovska,2024-08-05,2024-08-11,Other,1
Dnipropetrovska,2024-08-05,2024-08-11,Total,32
Dnipropetrovska,2024-08-05,2024-08-11,Water supply system,1
Donetska,2024-08-05,2024-08-11,"Education facility (school, etc.)",1
Donetska,2024-08-05,2024-08-11,Electricity supply system,1
Donetska,2024-08-05,2024-08-11,Gas supply system,1
Donetska,2024-08-05,2024-08-11,Government facilities,11
Donetska,2024-08-05,2024-08-11,Industrial/Business/Enterprise facilities,23
Donetska,2024-08-05,2024-08-11,Total,37
Kharkivska,2024-08-05,2024-08-11,"Cultural facilities (museum, theater etc.)",1
Kharkivska,2024-08-05,2024-08-11,Gas supply system,1
Kharkivska,2024-08-05,2024-08-11,Government facilities,1
Kharkivska,2024-08-05,2024-08-11,"Health facility (hospital, health clinic)",2
Kharkivska,2024-08-05,2024-08-11,Industrial/Business/Enterprise facilities,1
Kharkivska,2024-08-05,2024-08-11,Total,6
Khersonska,2024-08-05,2024-08-11,"Education facility (school, etc.)",1
Khersonska,2024-08-05,2024-08-11,Government facilities,1
Khersonska,2024-08-05,2024-08-11,Other,1
Khersonska,2024-08-05,2024-08-11,Total,3
Kyiv,2024-08-05,2024-08-11,Road / Highway,1
Kyiv,2024-08-05,2024-08-11,Total,1
Kyivska,2024-08-05,2024-08-11,Industrial/Business/Enterprise facilities,1
Kyivska,2024-08-05,2024-08-11,Total,1
Mykolaivska,2024-08-05,2024-08-11,"Health facility (hospital, health clinic)",2
Mykolaivska,2024-08-05,2024-08-11,Other,1
Mykolaivska,2024-08-05,2024-08-11,Total,3
Sumska,2024-08-05,2024-08-11,"Education facility (school, etc.)",1
Sumska,2024-08-05,2024-08-11,Total,1
Zaporizka,2024-08-05,2024-08-11,Power plant,1
Zaporizka,2024-08-05,2024-08-11,Total,1
Dnipropetrovska,2024-07-29,2024-08-04,Agricultural facilities,2
Dnipropetrovska,2024-07-29,2024-08-04,"Education facility (school, etc.)",2
Dnipropetrovska,2024-07-29,2024-08-04,Electricity supply system,7
Dnipropetrovska,2024-07-29,2024-08-04,Gas supply system,2
Dnipropetrovska,2024-07-29,2024-08-04,Government facilities,2
Dnipropetrovska,2024-07-29,2024-08-04,Industrial/Business/Enterprise facilities,7
Dnipropetrovska,2024-07-29,2024-08-04,Total,22
Donetska,2024-07-29,2024-08-04,"Cultural facilities (museum, theater etc.)",1
Donetska,2024-07-29,2024-08-04,"Education facility (school, etc.)",3
Donetska,2024-07-29,2024-08-04,Electricity supply system,1
Donetska,2024-07-29,2024-08-04,Government facilities,6
Donetska,2024-07-29,2024-08-04,"Health facility (hospital, health clinic)",3
Donetska,2024-07-29,2024-08-04,Industrial/Business/Enterprise facilities,9
Donetska,2024-07-29,2024-08-04,Total,23
Kharkivska,2024-07-29,2024-08-04,"Education facility (school, etc.)",1
Kharkivska,2024-07-29,2024-08-04,Total,1
Khersonska,2024-07-29,2024-08-04,Electricity supply system,1
Khersonska,2024-07-29,2024-08-04,Telecommunications,1
Khersonska,2024-07-29,2024-08-04,Total,2
Sevastopol,2024-07-29,2024-08-04,Electricity supply system,1
Sevastopol,2024-07-29,2024-08-04,Total,1
Sumska,2024-07-29,2024-08-04,"Education facility (school, etc.)",1
Sumska,2024-07-29,2024-08-04,Total,1
Zaporizka,2024-07-29,2024-08-04,Gas supply system,1
Zaporizka,2024-07-29,2024-08-04,Total,1
Chernihivska,2024-07-22,2024-07-28,Electricity supply system,1
Chernihivska,2024-07-22,2024-07-28,Gas supply system,1
Chernihivska,2024-07-22,2024-07-28,Other,1
Chernihivska,2024-07-22,2024-07-28,Total,3
Dnipropetrovska,2024-07-22,2024-07-28,Agricultural facilities,1
Dnipropetrovska,2024-07-22,2024-07-28,"Education facility (school, etc.)",2
Dnipropetrovska,2024-07-22,2024-07-28,Electricity supply system,6
Dnipropetrovska,2024-07-22,2024-07-28,Fuel depot,1
Dnipropetrovska,2024-07-22,2024-07-28,Gas supply system,3
Dnipropetrovska,2024-07-22,2024-07-28,Government facilities,3
Dnipropetrovska,2024-07-22,2024-07-28,"Health facility (hospital, health clinic)",1
Dnipropetrovska,2024-07-22,2024-07-28,Industrial/Business/Enterprise facilities,8
Dnipropetrovska,2024-07-22,2024-07-28,Other,1
Dnipropetrovska,2024-07-22,2024-07-28,Total,26
Donetska,2024-07-22,2024-07-28,"Education facility (school, etc.)",2
Donetska,2024-07-22,2024-07-28,Electricity supply system,3
Donetska,2024-07-22,2024-07-28,Gas supply system,2
Donetska,2024-07-22,2024-07-28,"Health facility (hospital, health clinic)",1
Donetska,2024-07-22,2024-07-28,Industrial/Business/Enterprise facilities,1
Donetska,2024-07-22,2024-07-28,Total,9
Kharkivska,2024-07-22,2024-07-28,Agricultural facilities,1
Kharkivska,2024-07-22,2024-07-28,"Cultural facilities (museum, theater etc.)",1
Kharkivska,2024-07-22,2024-07-28,"Education facility (school, etc.)",1
Kharkivska,2024-07-22,2024-07-28,Electricity supply system,2
Kharkivska,2024-07-22,2024-07-28,Industrial/Business/Enterprise facilities,5
Kharkivska,2024-07-22,2024-07-28,Other,2
Kharkivska,2024-07-22,2024-07-28,Total,12
Khersonska,2024-07-22,2024-07-28,"Education facility (school, etc.)",1
Khersonska,2024-07-22,2024-07-28,Electricity supply system,5
Khersonska,2024-07-22,2024-07-28,Total,9
Khersonska,2024-07-22,2024-07-28,Water supply system,3
Odeska,2024-07-22,2024-07-28,Government facilities,1
Odeska,2024-07-22,2024-07-28,Harbor,2
Odeska,2024-07-22,2024-07-28,Total,3
Sumska,2024-07-22,2024-07-28,"Education facility (school, etc.)",1
Sumska,2024-07-22,2024-07-28,Industrial/Business/Enterprise facilities,1
Sumska,2024-07-22,2024-07-28,Total,2
Dnipropetrovska,2024-07-15,2024-07-21,Agricultural facilities,2
Dnipropetrovska,2024-07-15,2024-07-21,"Education facility (school, etc.)",1
Dnipropetrovska,2024-07-15,2024-07-21,Electricity supply system,4
Dnipropetrovska,2024-07-15,2024-07-21,Gas supply system,3
Dnipropetrovska,2024-07-15,2024-07-21,Industrial/Business/Enterprise facilities,3
Dnipropetrovska,2024-07-15,2024-07-21,Other,1
Dnipropetrovska,2024-07-15,2024-07-21,Total,14
Donetska,2024-07-15,2024-07-21,Gas supply system,1
Donetska,2024-07-15,2024-07-21,Government facilities,3
Donetska,2024-07-15,2024-07-21,Industrial/Business/Enterprise facilities,5
Donetska,2024-07-15,2024-07-21,Other,1
Donetska,2024-07-15,2024-07-21,Railway,2
Donetska,2024-07-15,2024-07-21,Total,12
Kharkivska,2024-07-15,2024-07-21,Agricultural facilities,1
Kharkivska,2024-07-15,2024-07-21,Bridge,1
Kharkivska,2024-07-15,2024-07-21,Electricity supply system,1
Kharkivska,2024-07-15,2024-07-21,Government facilities,1
Kharkivska,2024-07-15,2024-07-21,Industrial/Business/Enterprise facilities,4
Kharkivska,2024-07-15,2024-07-21,Total,11
Kharkivska,2024-07-15,2024-07-21,Warehouse,3
Khersonska,2024-07-15,2024-07-21,Gas supply system,1
Khersonska,2024-07-15,2024-07-21,"Health facility (hospital, health clinic)",1
Khersonska,2024-07-15,2024-07-21,Total,2
Mykolaivska,2024-07-15,2024-07-21,Other,1
Mykolaivska,2024-07-15,2024-07-21,Total,1
Sumska,2024-07-15,2024-07-21,Electricity supply system,2
Sumska,2024-07-15,2024-07-21,Industrial/Business/Enterprise facilities,2
Sumska,2024-07-15,2024-07-21,Other,1
Sumska,2024-07-15,2024-07-21,Total,5
Dnipropetrovska,2024-07-08,2024-07-14,Electricity supply system,1
Dnipropetrovska,2024-07-08,2024-07-14,Fuel depot,1
Dnipropetrovska,2024-07-08,2024-07-14,Industrial/Business/Enterprise facilities,3
Dnipropetrovska,2024-07-08,2024-07-14,Total,5
Donetska,2024-07-08,2024-07-14,"Education facility (school, etc.)",1
Donetska,2024-07-08,2024-07-14,Electricity supply system,2
Donetska,2024-07-08,2024-07-14,Government facilities,3
Donetska,2024-07-08,2024-07-14,Industrial/Business/Enterprise facilities,3
Donetska,2024-07-08,2024-07-14,Total,9
Kharkivska,2024-07-08,2024-07-14,Government facilities,1
Kharkivska,2024-07-08,2024-07-14,Industrial/Business/Enterprise facilities,1
Kharkivska,2024-07-08,2024-07-14,Railway,1
Kharkivska,2024-07-08,2024-07-14,Total,4
Kharkivska,2024-07-08,2024-07-14,Warehouse,1
Khersonska,2024-07-08,2024-07-14,Agricultural facilities,1
Khersonska,2024-07-08,2024-07-14,"Education facility (school, etc.)",1
Khersonska,2024-07-08,2024-07-14,"Health facility (hospital, health clinic)",1
Khersonska,2024-07-08,2024-07-14,Total,3
Kyiv,2024-07-08,2024-07-14,"Health facility (hospital, health clinic)",2
Kyiv,2024-07-08,2024-07-14,Industrial/Business/Enterprise facilities,2
Kyiv,2024-07-08,2024-07-14,Total,4
Mykolaivska,2024-07-08,2024-07-14,Electricity supply system,1
Mykolaivska,2024-07-08,2024-07-14,Telecommunications,1
Mykolaivska,2024-07-08,2024-07-14,Total,2
Odeska,2024-07-08,2024-07-14,Total,1
Odeska,2024-07-08,2024-07-14,Warehouse,1
Sumska,2024-07-08,2024-07-14,"Education facility (school, etc.)",1
Sumska,2024-07-08,2024-07-14,"Health facility (hospital, health clinic)",1
Sumska,2024-07-08,2024-07-14,Total,2
Zaporizka,2024-07-08,2024-07-14,Agricultural facilities,1
Zaporizka,2024-07-08,2024-07-14,Government facilities,1
Zaporizka,2024-07-08,2024-07-14,Industrial/Business/Enterprise facilities,3
Zaporizka,2024-07-08,2024-07-14,Total,5
Chernihivska,2024-07-01,2024-07-07,Government facilities,2
Chernihivska,2024-07-01,2024-07-07,Total,2
Dnipropetrovska,2024-07-01,2024-07-07,Agricultural facilities,1
Dnipropetrovska,2024-07-01,2024-07-07,"Cultural facilities (museum, theater etc.)",1
Dnipropetrovska,2024-07-01,2024-07-07,"Education facility (school, etc.)",12
Dnipropetrovska,2024-07-01,2024-07-07,Electricity supply system,5
Dnipropetrovska,2024-07-01,2024-07-07,Gas supply system,3
Dnipropetrovska,2024-07-01,2024-07-07,Government facilities,2
Dnipropetrovska,2024-07-01,2024-07-07,"Health facility (hospital, health clinic)",2
Dnipropetrovska,2024-07-01,2024-07-07,Industrial/Business/Enterprise facilities,9
Dnipropetrovska,2024-07-01,2024-07-07,Other,2
Dnipropetrovska,2024-07-01,2024-07-07,Total,37
Donetska,2024-07-01,2024-07-07,Agricultural facilities,1
Donetska,2024-07-01,2024-07-07,Government facilities,9
Donetska,2024-07-01,2024-07-07,Industrial/Business/Enterprise facilities,10
Donetska,2024-07-01,2024-07-07,Total,20
Kharkivska,2024-07-01,2024-07-07,"Education facility (school, etc.)",1
Kharkivska,2024-07-01,2024-07-07,Government facilities,2
Kharkivska,2024-07-01,2024-07-07,Industrial/Business/Enterprise facilities,4
Kharkivska,2024-07-01,2024-07-07,Total,8
Kharkivska,2024-07-01,2024-07-07,Warehouse,1
Khersonska,2024-07-01,2024-07-07,Agricultural facilities,1
Khersonska,2024-07-01,2024-07-07,"Education facility (school, etc.)",4
Khersonska,2024-07-01,2024-07-07,Government facilities,1
Khersonska,2024-07-01,2024-07-07,"Health facility (hospital, health clinic)",2
Khersonska,2024-07-01,2024-07-07,Industrial/Business/Enterprise facilities,1
Khersonska,2024-07-01,2024-07-07,Religious facilities,1
Khersonska,2024-07-01,2024-07-07,Total,11
Khersonska,2024-07-01,2024-07-07,Water supply system,1
Poltavska,2024-07-01,2024-07-07,Airport,1
Poltavska,2024-07-01,2024-07-07,"Education facility (school, etc.)",2
Poltavska,2024-07-01,2024-07-07,Total,3
Zaporizka,2024-07-01,2024-07-07,Airport,1
Zaporizka,2024-07-01,2024-07-07,Power plant,1
Zaporizka,2024-07-01,2024-07-07,Total,2
Chernihivska,2024-06-24,2024-06-30,Government facilities,1
Chernihivska,2024-06-24,2024-06-30,Industrial/Business/Enterprise facilities,2
Chernihivska,2024-06-24,2024-06-30,Total,3
Dnipropetrovska,2024-06-24,2024-06-30,Agricultural facilities,2
Dnipropetrovska,2024-06-24,2024-06-30,"Education facility (school, etc.)",2
Dnipropetrovska,2024-06-24,2024-06-30,Electricity supply system,3
Dnipropetrovska,2024-06-24,2024-06-30,Gas supply system,2
Dnipropetrovska,2024-06-24,2024-06-30,Government facilities,1
Dnipropetrovska,2024-06-24,2024-06-30,Other,1
Dnipropetrovska,2024-06-24,2024-06-30,Religious facilities,1
Dnipropetrovska,2024-06-24,2024-06-30,Total,12
Donetska,2024-06-24,2024-06-30,Government facilities,1
Donetska,2024-06-24,2024-06-30,Industrial/Business/Enterprise facilities,2
Donetska,2024-06-24,2024-06-30,Railway,1
Donetska,2024-06-24,2024-06-30,Total,4
Kharkivska,2024-06-24,2024-06-30,"Education facility (school, etc.)",4
Kharkivska,2024-06-24,2024-06-30,Electricity supply system,1
Kharkivska,2024-06-24,2024-06-30,Government facilities,1
Kharkivska,2024-06-24,2024-06-30,"Health facility (hospital, health clinic)",3
Kharkivska,2024-06-24,2024-06-30,Industrial/Business/Enterprise facilities,6
Kharkivska,2024-06-24,2024-06-30,Other,1
Kharkivska,2024-06-24,2024-06-30,Total,20
Kharkivska,2024-06-24,2024-06-30,Warehouse,4
Khersonska,2024-06-24,2024-06-30,"Cultural facilities (museum, theater etc.)",1
Khersonska,2024-06-24,2024-06-30,Government facilities,1
Khersonska,2024-06-24,2024-06-30,Other,1
Khersonska,2024-06-24,2024-06-30,Total,3
Kyivska,2024-06-24,2024-06-30,Government facilities,2
Kyivska,2024-06-24,2024-06-30,Total,3
Kyivska,2024-06-24,2024-06-30,Warehouse,1
Odeska,2024-06-24,2024-06-30,Government facilities,1
Odeska,2024-06-24,2024-06-30,Industrial/Business/Enterprise facilities,1
Odeska,2024-06-24,2024-06-30,Total,3
Odeska,2024-06-24,2024-06-30,Warehouse,1
Zaporizka,2024-06-24,2024-06-30,Industrial/Business/Enterprise facilities,12
Zaporizka,2024-06-24,2024-06-30,Total,12
Dnipropetrovska,2024-06-17,2024-06-23,Agricultural facilities,2
Dnipropetrovska,2024-06-17,2024-06-23,"Education facility (school, etc.)",1
Dnipropetrovska,2024-06-17,2024-06-23,Electricity supply system,10
Dnipropetrovska,2024-06-17,2024-06-23,Gas supply system,4
Dnipropetrovska,2024-06-17,2024-06-23,Government facilities,1
Dnipropetrovska,2024-06-17,2024-06-23,Industrial/Business/Enterprise facilities,5
Dnipropetrovska,2024-06-17,2024-06-23,Total,24
Dnipropetrovska,2024-06-17,2024-06-23,Warehouse,1
Donetska,2024-06-17,2024-06-23,Government facilities,1
Donetska,2024-06-17,2024-06-23,Industrial/Business/Enterprise facilities,1
Donetska,2024-06-17,2024-06-23,Total,3
Donetska,2024-06-17,2024-06-23,Warehouse,1
Ivano-Frankivska,2024-06-17,2024-06-23,"Education facility (school, etc.)",3
Ivano-Frankivska,2024-06-17,2024-06-23,Total,3
Kharkivska,2024-06-17,2024-06-23,"Cultural facilities (museum, theater etc.)",2
Kharkivska,2024-06-17,2024-06-23,"Education facility (school, etc.)",3
Kharkivska,2024-06-17,2024-06-23,Electricity supply system,1
Kharkivska,2024-06-17,2024-06-23,Government facilities,2
Kharkivska,2024-06-17,2024-06-23,Industrial/Business/Enterprise facilities,7
Kharkivska,2024-06-17,2024-06-23,Other,1
Kharkivska,2024-06-17,2024-06-23,Total,16
Khersonska,2024-06-17,2024-06-23,Gas supply system,1
Khersonska,2024-06-17,2024-06-23,Government facilities,2
Khersonska,2024-06-17,2024-06-23,"Health facility (hospital, health clinic)",1
Khersonska,2024-06-17,2024-06-23,Other,1
Khersonska,2024-06-17,2024-06-23,Total,5
Poltavska,2024-06-17,2024-06-23,"Education facility (school, etc.)",1
Poltavska,2024-06-17,2024-06-23,Electricity supply system,2
Poltavska,2024-06-17,2024-06-23,Total,3
Dnipropetrovska,2024-06-10,2024-06-16,Agricultural facilities,2
Dnipropetrovska,2024-06-10,2024-06-16,"Education facility (school, etc.)",5
Dnipropetrovska,2024-06-10,2024-06-16,Electricity supply system,4
Dnipropetrovska,2024-06-10,2024-06-16,Gas supply system,3
Dnipropetrovska,2024-06-10,2024-06-16,Government facilities,2
Dnipropetrovska,2024-06-10,2024-06-16,"Health facility (hospital, health clinic)",1
Dnipropetrovska,2024-06-10,2024-06-16,Industrial/Business/Enterprise facilities,5
Dnipropetrovska,2024-06-10,2024-06-16,Total,22
Donetska,2024-06-10,2024-06-16,"Health facility (hospital, health clinic)",1
Donetska,2024-06-10,2024-06-16,Total,1
Kharkivska,2024-06-10,2024-06-16,Agricultural facilities,1
Kharkivska,2024-06-10,2024-06-16,"Cultural facilities (museum, theater etc.)",1
Kharkivska,2024-06-10,2024-06-16,Government facilities,1
Kharkivska,2024-06-10,2024-06-16,Industrial/Business/Enterprise facilities,3
Kharkivska,2024-06-10,2024-06-16,Total,6
Khersonska,2024-06-10,2024-06-16,Government facilities,1
Khersonska,2024-06-10,2024-06-16,"Health facility (hospital, health clinic)",1
Khersonska,2024-06-10,2024-06-16,Total,2
Mykolaivska,2024-06-10,2024-06-16,Electricity supply system,1
Mykolaivska,2024-06-10,2024-06-16,Total,1
Sumska,2024-06-10,2024-06-16,Electricity supply system,1
Sumska,2024-06-10,2024-06-16,Gas supply system,1
Sumska,2024-06-10,2024-06-16,Heating and water facility,1
Sumska,2024-06-10,2024-06-16,Total,3
Dnipropetrovska,2024-06-03,2024-06-09,Agricultural facilities,3
Dnipropetrovska,2024-06-03,2024-06-09,"Cultural facilities (museum, theater etc.)",1
Dnipropetrovska,2024-06-03,2024-06-09,Electricity supply system,7
Dnipropetrovska,2024-06-03,2024-06-09,Fuel depot,1
Dnipropetrovska,2024-06-03,2024-06-09,Gas supply system,2
Dnipropetrovska,2024-06-03,2024-06-09,Government facilities,4
Dnipropetrovska,2024-06-03,2024-06-09,Industrial/Business/Enterprise facilities,4
Dnipropetrovska,2024-06-03,2024-06-09,Religious facilities,2
Dnipropetrovska,2024-06-03,2024-06-09,Total,24
Donetska,2024-06-03,2024-06-09,"Health facility (hospital, health clinic)",1
Donetska,2024-06-03,2024-06-09,Industrial/Business/Enterprise facilities,5
Donetska,2024-06-03,2024-06-09,Total,6
Kharkivska,2024-06-03,2024-06-09,Agricultural facilities,2
Kharkivska,2024-06-03,2024-06-09,"Cultural facilities (museum, theater etc.)",2
Kharkivska,2024-06-03,2024-06-09,Industrial/Business/Enterprise facilities,1
Kharkivska,2024-06-03,2024-06-09,Total,5
Khersonska,2024-06-03,2024-06-09,"Cultural facilities (museum, theater etc.)",1
Khersonska,2024-06-03,2024-06-09,"Education facility (school, etc.)",1
Khersonska,2024-06-03,2024-06-09,Electricity supply system,1
Khersonska,2024-06-03,2024-06-09,Industrial/Business/Enterprise facilities,6
Khersonska,2024-06-03,2024-06-09,Other,2
Khersonska,2024-06-03,2024-06-09,Total,11
Sumska,2024-06-03,2024-06-09,Gas supply system,1
Sumska,2024-06-03,2024-06-09,Total,1
Dnipropetrovska,2024-05-27,2024-06-02,"Cultural facilities (museum, theater etc.)",1
Dnipropetrovska,2024-05-27,2024-06-02,Electricity supply system,4
Dnipropetrovska,2024-05-27,2024-06-02,Gas supply system,1
Dnipropetrovska,2024-05-27,2024-06-02,"Health facility (hospital, health clinic)",1
Dnipropetrovska,2024-05-27,2024-06-02,Industrial/Business/Enterprise facilities,6
Dnipropetrovska,2024-05-27,2024-06-02,Total,13
Donetska,2024-05-27,2024-06-02,"Education facility (school, etc.)",1
Donetska,2024-05-27,2024-06-02,Gas supply system,1
Donetska,2024-05-27,2024-06-02,Government facilities,7
Donetska,2024-05-27,2024-06-02,"Health facility (hospital, health clinic)",1
Donetska,2024-05-27,2024-06-02,Heating and water facility,1
Donetska,2024-05-27,2024-06-02,Industrial/Business/Enterprise facilities,5
Donetska,2024-05-27,2024-06-02,Religious facilities,2
Donetska,2024-05-27,2024-06-02,Road / Highway,1
Donetska,2024-05-27,2024-06-02,Total,19
Kharkivska,2024-05-27,2024-06-02,"Cultural facilities (museum, theater etc.)",2
Kharkivska,2024-05-27,2024-06-02,"Education facility (school, etc.)",2
Kharkivska,2024-05-27,2024-06-02,Electricity supply system,1
Kharkivska,2024-05-27,2024-06-02,"Health facility (hospital, health clinic)",1
Kharkivska,2024-05-27,2024-06-02,Industrial/Business/Enterprise facilities,5
Kharkivska,2024-05-27,2024-06-02,Road / Highway,1
Kharkivska,2024-05-27,2024-06-02,Total,12
Khersonska,2024-05-27,2024-06-02,"Health facility (hospital, health clinic)",2
Khersonska,2024-05-27,2024-06-02,Total,2
Kyiv,2024-05-27,2024-06-02,Electricity supply system,1
Kyiv,2024-05-27,2024-06-02,Industrial/Business/Enterprise facilities,2
Kyiv,2024-05-27,2024-06-02,Total,4
Kyiv,2024-05-27,2024-06-02,Warehouse,1
Mykolaivska,2024-05-27,2024-06-02,Industrial/Business/Enterprise facilities,4
Mykolaivska,2024-05-27,2024-06-02,Total,4
Odeska,2024-05-27,2024-06-02,Other,1
Odeska,2024-05-27,2024-06-02,Total,1
Rivnenska,2024-05-27,2024-06-02,Electricity supply system,1
Rivnenska,2024-05-27,2024-06-02,Total,1
Sumska,2024-05-27,2024-06-02,"Cultural facilities (museum, theater etc.)",1
Sumska,2024-05-27,2024-06-02,Government facilities,1
Sumska,2024-05-27,2024-06-02,Total,2
Dnipropetrovska,2024-05-20,2024-05-26,Agricultural facilities,3
Dnipropetrovska,2024-05-20,2024-05-26,Electricity supply system,3
Dnipropetrovska,2024-05-20,2024-05-26,Gas supply system,1
Dnipropetrovska,2024-05-20,2024-05-26,Government facilities,1
Dnipropetrovska,2024-05-20,2024-05-26,"Health facility (hospital, health clinic)",1
Dnipropetrovska,2024-05-20,2024-05-26,Industrial/Business/Enterprise facilities,2
Dnipropetrovska,2024-05-20,2024-05-26,Total,11
Donetska,2024-05-20,2024-05-26,Gas supply system,5
Donetska,2024-05-20,2024-05-26,Government facilities,1
Donetska,2024-05-20,2024-05-26,Industrial/Business/Enterprise facilities,2
Donetska,2024-05-20,2024-05-26,Total,8
Kharkivska,2024-05-20,2024-05-26,"Cultural facilities (museum, theater etc.)",1
Kharkivska,2024-05-20,2024-05-26,"Education facility (school, etc.)",5
Kharkivska,2024-05-20,2024-05-26,Fuel depot,1
Kharkivska,2024-05-20,2024-05-26,Industrial/Business/Enterprise facilities,8
Kharkivska,2024-05-20,2024-05-26,Other,3
Kharkivska,2024-05-20,2024-05-26,Total,18
Khersonska,2024-05-20,2024-05-26,Industrial/Business/Enterprise facilities,1
Khersonska,2024-05-20,2024-05-26,Total,1
Sumska,2024-05-20,2024-05-26,Electricity supply system,2
Sumska,2024-05-20,2024-05-26,Government facilities,2
Sumska,2024-05-20,2024-05-26,Total,6
Sumska,2024-05-20,2024-05-26,Warehouse,2
Zaporizka,2024-05-20,2024-05-26,Airport,1
Zaporizka,2024-05-20,2024-05-26,Electricity supply system,1
Zaporizka,2024-05-20,2024-05-26,Total,2
Chernihivska,2024-05-13,2024-05-19,"Education facility (school, etc.)",1
Chernihivska,2024-05-13,2024-05-19,Gas supply system,1
Chernihivska,2024-05-13,2024-05-19,Government facilities,1
Chernihivska,2024-05-13,2024-05-19,Total,3
Dnipropetrovska,2024-05-13,2024-05-19,Agricultural facilities,2
Dnipropetrovska,2024-05-13,2024-05-19,"Education facility (school, etc.)",1
Dnipropetrovska,2024-05-13,2024-05-19,Electricity supply system,9
Dnipropetrovska,2024-05-13,2024-05-19,Gas supply system,2
Dnipropetrovska,2024-05-13,2024-05-19,Industrial/Business/Enterprise facilities,5
Dnipropetrovska,2024-05-13,2024-05-19,Total,19
Donetska,2024-05-13,2024-05-19,"Education facility (school, etc.)",2
Donetska,2024-05-13,2024-05-19,Government facilities,1
Donetska,2024-05-13,2024-05-19,Industrial/Business/Enterprise facilities,2
Donetska,2024-05-13,2024-05-19,Total,5
Kharkivska,2024-05-13,2024-05-19,"Cultural facilities (museum, theater etc.)",2
Kharkivska,2024-05-13,2024-05-19,"Education facility (school, etc.)",4
Kharkivska,2024-05-13,2024-05-19,Electricity supply system,2
Kharkivska,2024-05-13,2024-05-19,Fuel depot,1
Kharkivska,2024-05-13,2024-05-19,Gas supply system,1
Kharkivska,2024-05-13,2024-05-19,Government facilities,1
Kharkivska,2024-05-13,2024-05-19,"Health facility (hospital, health clinic)",2
Kharkivska,2024-05-13,2024-05-19,Industrial/Business/Enterprise facilities,3
Kharkivska,2024-05-13,2024-05-19,Other,2
Kharkivska,2024-05-13,2024-05-19,Total,18
Khersonska,2024-05-13,2024-05-19,"Education facility (school, etc.)",3
Khersonska,2024-05-13,2024-05-19,"Health facility (hospital, health clinic)",1
Khersonska,2024-05-13,2024-05-19,Industrial/Business/Enterprise facilities,1
Khersonska,2024-05-13,2024-05-19,Total,5
Sevastopol,2024-05-13,2024-05-19,Electricity supply system,1
Sevastopol,2024-05-13,2024-05-19,Total,1
Dnipropetrovska,2024-05-06,2024-05-12,Agricultural facilities,3
Dnipropetrovska,2024-05-06,2024-05-12,"Education facility (school, etc.)",1
Dnipropetrovska,2024-05-06,2024-05-12,Electricity supply system,6
Dnipropetrovska,2024-05-06,2024-05-12,Gas supply system,5
Dnipropetrovska,2024-05-06,2024-05-12,Government facilities,2
Dnipropetrovska,2024-05-06,2024-05-12,Industrial/Business/Enterprise facilities,9
Dnipropetrovska,2024-05-06,2024-05-12,Other,1
Dnipropetrovska,2024-05-06,2024-05-12,Total,27
Donetska,2024-05-06,2024-05-12,Agricultural facilities,1
Donetska,2024-05-06,2024-05-12,Industrial/Business/Enterprise facilities,1
Donetska,2024-05-06,2024-05-12,Total,2
Kharkivska,2024-05-06,2024-05-12,"Cultural facilities (museum, theater etc.)",3
Kharkivska,2024-05-06,2024-05-12,"Education facility (school, etc.)",1
Kharkivska,2024-05-06,2024-05-12,Fuel depot,1
Kharkivska,2024-05-06,2024-05-12,Government facilities,3
Kharkivska,2024-05-06,2024-05-12,Heating and water facility,1
Kharkivska,2024-05-06,2024-05-12,Industrial/Business/Enterprise facilities,35
Kharkivska,2024-05-06,2024-05-12,Total,45
Kharkivska,2024-05-06,2024-05-12,Warehouse,1
Khersonska,2024-05-06,2024-05-12,Electricity supply system,1
Khersonska,2024-05-06,2024-05-12,Gas supply system,2
Khersonska,2024-05-06,2024-05-12,Railway,2
Khersonska,2024-05-06,2024-05-12,Total,5
Luhanska,2024-05-06,2024-05-12,Oil depot,1
Luhanska,2024-05-06,2024-05-12,Total,1
Mykolaivska,2024-05-06,2024-05-12,"Cultural facilities (museum, theater etc.)",1
Mykolaivska,2024-05-06,2024-05-12,Total,1
Sumska,2024-05-06,2024-05-12,"Cultural facilities (museum, theater etc.)",1
Sumska,2024-05-06,2024-05-12,Electricity supply system,1
Sumska,2024-05-06,2024-05-12,Government facilities,1
Sumska,2024-05-06,2024-05-12,Industrial/Business/Enterprise facilities,1
Sumska,2024-05-06,2024-05-12,Telecommunications,1
Sumska,2024-05-06,2024-05-12,Total,5
Zaporizka,2024-05-06,2024-05-12,"Education facility (school, etc.)",3
Zaporizka,2024-05-06,2024-05-12,Government facilities,1
Zaporizka,2024-05-06,2024-05-12,"Health facility (hospital, health clinic)",1
Zaporizka,2024-05-06,2024-05-12,Industrial/Business/Enterprise facilities,1
Zaporizka,2024-05-06,2024-05-12,Other,2
Zaporizka,2024-05-06,2024-05-12,Total,8
Chernihivska,2024-04-29,2024-05-05,Agricultural facilities,1
Chernihivska,2024-04-29,2024-05-05,Total,1
Dnipropetrovska,2024-04-29,2024-05-05,Agricultural facilities,2
Dnipropetrovska,2024-04-29,2024-05-05,"Cultural facilities (museum, theater etc.)",1
Dnipropetrovska,2024-04-29,2024-05-05,"Education facility (school, etc.)",5
Dnipropetrovska,2024-04-29,2024-05-05,Electricity supply system,5
Dnipropetrovska,2024-04-29,2024-05-05,Fuel depot,1
Dnipropetrovska,2024-04-29,2024-05-05,Government facilities,4
Dnipropetrovska,2024-04-29,2024-05-05,Industrial/Business/Enterprise facilities,5
Dnipropetrovska,2024-04-29,2024-05-05,Road / Highway,1
Dnipropetrovska,2024-04-29,2024-05-05,Total,24
Donetska,2024-04-29,2024-05-05,Government facilities,5
Donetska,2024-04-29,2024-05-05,Industrial/Business/Enterprise facilities,2
Donetska,2024-04-29,2024-05-05,Other,1
Donetska,2024-04-29,2024-05-05,Power plant,1
Donetska,2024-04-29,2024-05-05,Telecommunications,1
Donetska,2024-04-29,2024-05-05,Total,10
Kharkivska,2024-04-29,2024-05-05,Agricultural facilities,1
Kharkivska,2024-04-29,2024-05-05,Government facilities,1
Kharkivska,2024-04-29,2024-05-05,"Health facility (hospital, health clinic)",3
Kharkivska,2024-04-29,2024-05-05,Industrial/Business/Enterprise facilities,10
Kharkivska,2024-04-29,2024-05-05,Other,1
Kharkivska,2024-04-29,2024-05-05,Railway,1
Kharkivska,2024-04-29,2024-05-05,Total,18
Kharkivska,2024-04-29,2024-05-05,Warehouse,1
Khersonska,2024-04-29,2024-05-05,"Education facility (school, etc.)",1
Khersonska,2024-04-29,2024-05-05,Industrial/Business/Enterprise facilities,1
Khersonska,2024-04-29,2024-05-05,Telecommunications,1
Khersonska,2024-04-29,2024-05-05,Total,3
Mykolaivska,2024-04-29,2024-05-05,Industrial/Business/Enterprise facilities,1
Mykolaivska,2024-04-29,2024-05-05,Total,1
Odeska,2024-04-29,2024-05-05,"Education facility (school, etc.)",1
Odeska,2024-04-29,2024-05-05,Government facilities,1
Odeska,2024-04-29,2024-05-05,Industrial/Business/Enterprise facilities,1
Odeska,2024-04-29,2024-05-05,Total,3
Sumska,2024-04-29,2024-05-05,"Education facility (school, etc.)",1
Sumska,2024-04-29,2024-05-05,Total,1
Dnipropetrovska,2024-04-22,2024-04-28,"Education facility (school, etc.)",1
Dnipropetrovska,2024-04-22,2024-04-28,Electricity supply system,6
Dnipropetrovska,2024-04-22,2024-04-28,Gas supply system,2
Dnipropetrovska,2024-04-22,2024-04-28,Government facilities,1
Dnipropetrovska,2024-04-22,2024-04-28,Industrial/Business/Enterprise facilities,1
Dnipropetrovska,2024-04-22,2024-04-28,Total,11
Donetska,2024-04-22,2024-04-28,Electricity supply system,2
Donetska,2024-04-22,2024-04-28,Total,2
Kharkivska,2024-04-22,2024-04-28,"Education facility (school, etc.)",2
Kharkivska,2024-04-22,2024-04-28,Electricity supply system,1
Kharkivska,2024-04-22,2024-04-28,Government facilities,1
Kharkivska,2024-04-22,2024-04-28,"Health facility (hospital, health clinic)",2
Kharkivska,2024-04-22,2024-04-28,Industrial/Business/Enterprise facilities,5
Kharkivska,2024-04-22,2024-04-28,Total,11
Khersonska,2024-04-22,2024-04-28,Agricultural facilities,1
Khersonska,2024-04-22,2024-04-28,"Education facility (school, etc.)",5
Khersonska,2024-04-22,2024-04-28,Industrial/Business/Enterprise facilities,1
Khersonska,2024-04-22,2024-04-28,Total,7
Mykolaivska,2024-04-22,2024-04-28,Heating and water facility,1
Mykolaivska,2024-04-22,2024-04-28,Industrial/Business/Enterprise facilities,3
Mykolaivska,2024-04-22,2024-04-28,Total,4
Odeska,2024-04-22,2024-04-28,Agricultural facilities,1
Odeska,2024-04-22,2024-04-28,Total,1
Sumska,2024-04-22,2024-04-28,Industrial/Business/Enterprise facilities,1
Sumska,2024-04-22,2024-04-28,Total,1
Chernihivska,2024-04-15,2024-04-21,"Health facility (hospital, health clinic)",1
Chernihivska,2024-04-15,2024-04-21,Total,1
Dnipropetrovska,2024-04-15,2024-04-21,Agricultural facilities,1
Dnipropetrovska,2024-04-15,2024-04-21,Electricity supply system,4
Dnipropetrovska,2024-04-15,2024-04-21,Gas supply system,2
Dnipropetrovska,2024-04-15,2024-04-21,Industrial/Business/Enterprise facilities,1
Dnipropetrovska,2024-04-15,2024-04-21,Power plant,1
Dnipropetrovska,2024-04-15,2024-04-21,Railway,1
Dnipropetrovska,2024-04-15,2024-04-21,Total,10
Donetska,2024-04-15,2024-04-21,Gas supply system,1
Donetska,2024-04-15,2024-04-21,Industrial/Business/Enterprise facilities,1
Donetska,2024-04-15,2024-04-21,Total,2
Kharkivska,2024-04-15,2024-04-21,Government facilities,1
Kharkivska,2024-04-15,2024-04-21,Total,1
Khersonska,2024-04-15,2024-04-21,Agricultural facilities,1
Khersonska,2024-04-15,2024-04-21,"Education facility (school, etc.)",1
Khersonska,2024-04-15,2024-04-21,Government facilities,1
Khersonska,2024-04-15,2024-04-21,Heating and water facility,1
Khersonska,2024-04-15,2024-04-21,Industrial/Business/Enterprise facilities,1
Khersonska,2024-04-15,2024-04-21,Total,5
Odeska,2024-04-15,2024-04-21,Agricultural facilities,1
Odeska,2024-04-15,2024-04-21,Total,1
Sumska,2024-04-15,2024-04-21,Electricity supply system,1
Sumska,2024-04-15,2024-04-21,Gas supply system,1
Sumska,2024-04-15,2024-04-21,Industrial/Business/Enterprise facilities,1
Sumska,2024-04-15,2024-04-21,Total,3
Zaporizka,2024-04-15,2024-04-21,Industrial/Business/Enterprise facilities,1
Zaporizka,2024-04-15,2024-04-21,Total,1
Dnipropetrovska,2024-04-08,2024-04-14,Electricity supply system,6
Dnipropetrovska,2024-04-08,2024-04-14,Gas supply system,2
Dnipropetrovska,2024-04-08,2024-04-14,Government facilities,1
Dnipropetrovska,2024-04-08,2024-04-14,Total,9
Donetska,2024-04-08,2024-04-14,Agricultural facilities,2
Donetska,2024-04-08,2024-04-14,"Education facility (school, etc.)",2
Donetska,2024-04-08,2024-04-14,Electricity supply system,1
Donetska,2024-04-08,2024-04-14,Gas supply system,6
Donetska,2024-04-08,2024-04-14,Government facilities,3
Donetska,2024-04-08,2024-04-14,Total,14
Kharkivska,2024-04-08,2024-04-14,Industrial/Business/Enterprise facilities,1
Kharkivska,2024-04-08,2024-04-14,Total,1
Khersonska,2024-04-08,2024-04-14,"Education facility (school, etc.)",1
Khersonska,2024-04-08,2024-04-14,Gas supply system,1
Khersonska,2024-04-08,2024-04-14,Government facilities,1
Khersonska,2024-04-08,2024-04-14,Other,1
Khersonska,2024-04-08,2024-04-14,Telecommunications,1
Khersonska,2024-04-08,2024-04-14,Total,5
Kyivska,2024-04-08,2024-04-14,Power plant,1
Kyivska,2024-04-08,2024-04-14,Total,1
Lvivska,2024-04-08,2024-04-14,Electricity supply system,1
Lvivska,2024-04-08,2024-04-14,Gas supply system,1
Lvivska,2024-04-08,2024-04-14,Total,2
Mykolaivska,2024-04-08,2024-04-14,Industrial/Business/Enterprise facilities,1
Mykolaivska,2024-04-08,2024-04-14,Total,1
Odeska,2024-04-08,2024-04-14,Fuel depot,1
Odeska,2024-04-08,2024-04-14,Government facilities,1
Odeska,2024-04-08,2024-04-14,Industrial/Business/Enterprise facilities,1
Odeska,2024-04-08,2024-04-14,Total,4
Odeska,2024-04-08,2024-04-14,Warehouse,1
Sumska,2024-04-08,2024-04-14,Electricity supply system,1
Sumska,2024-04-08,2024-04-14,Government facilities,3
Sumska,2024-04-08,2024-04-14,Other,1
Sumska,2024-04-08,2024-04-14,Power plant,1
Sumska,2024-04-08,2024-04-14,Total,6
Dnipropetrovska,2024-04-01,2024-04-07,"Cultural facilities (museum, theater etc.)",1
Dnipropetrovska,2024-04-01,2024-04-07,"Education facility (school, etc.)",5
Dnipropetrovska,2024-04-01,2024-04-07,Electricity supply system,5
Dnipropetrovska,2024-04-01,2024-04-07,Gas supply system,1
Dnipropetrovska,2024-04-01,2024-04-07,Industrial/Business/Enterprise facilities,1
Dnipropetrovska,2024-04-01,2024-04-07,Total,13
Donetska,2024-04-01,2024-04-07,Agricultural facilities,1
Donetska,2024-04-01,2024-04-07,"Cultural facilities (museum, theater etc.)",2
Donetska,2024-04-01,2024-04-07,Government facilities,16
Donetska,2024-04-01,2024-04-07,Industrial/Business/Enterprise facilities,3
Donetska,2024-04-01,2024-04-07,Total,22
Kharkivska,2024-04-01,2024-04-07,"Education facility (school, etc.)",5
Kharkivska,2024-04-01,2024-04-07,Electricity supply system,2
Kharkivska,2024-04-01,2024-04-07,Fuel depot,1
Kharkivska,2024-04-01,2024-04-07,Government facilities,2
Kharkivska,2024-04-01,2024-04-07,"Health facility (hospital, health clinic)",1
Kharkivska,2024-04-01,2024-04-07,Industrial/Business/Enterprise facilities,9
Kharkivska,2024-04-01,2024-04-07,Road / Highway,1
Kharkivska,2024-04-01,2024-04-07,Total,21
Khersonska,2024-04-01,2024-04-07,Gas supply system,1
Khersonska,2024-04-01,2024-04-07,Religious facilities,1
Khersonska,2024-04-01,2024-04-07,Total,2
Mykolaivska,2024-04-01,2024-04-07,Electricity supply system,1
Mykolaivska,2024-04-01,2024-04-07,Telecommunications,1
Mykolaivska,2024-04-01,2024-04-07,Total,2
Sumska,2024-04-01,2024-04-07,"Cultural facilities (museum, theater etc.)",1
Sumska,2024-04-01,2024-04-07,Industrial/Business/Enterprise facilities,1
Sumska,2024-04-01,2024-04-07,Total,2
Zaporizka,2024-04-01,2024-04-07,Industrial/Business/Enterprise facilities,2
Zaporizka,2024-04-01,2024-04-07,Other,1
Zaporizka,2024-04-01,2024-04-07,Total,3
Dnipropetrovska,2024-03-25,2024-03-31,"Education facility (school, etc.)",1
Dnipropetrovska,2024-03-25,2024-03-31,Electricity supply system,4
Dnipropetrovska,2024-03-25,2024-03-31,Government facilities,1
Dnipropetrovska,2024-03-25,2024-03-31,"Health facility (hospital, health clinic)",1
Dnipropetrovska,2024-03-25,2024-03-31,Industrial/Business/Enterprise facilities,2
Dnipropetrovska,2024-03-25,2024-03-31,Other,1
Dnipropetrovska,2024-03-25,2024-03-31,Total,10
Donetska,2024-03-25,2024-03-31,Electricity supply system,1
Donetska,2024-03-25,2024-03-31,Government facilities,1
Donetska,2024-03-25,2024-03-31,Industrial/Business/Enterprise facilities,1
Donetska,2024-03-25,2024-03-31,Total,3
Kharkivska,2024-03-25,2024-03-31,"Education facility (school, etc.)",2
Kharkivska,2024-03-25,2024-03-31,Government facilities,1
Kharkivska,2024-03-25,2024-03-31,"Health facility (hospital, health clinic)",1
Kharkivska,2024-03-25,2024-03-31,Industrial/Business/Enterprise facilities,3
Kharkivska,2024-03-25,2024-03-31,Total,7
Khersonska,2024-03-25,2024-03-31,Electricity supply system,1
Khersonska,2024-03-25,2024-03-31,Industrial/Business/Enterprise facilities,4
Khersonska,2024-03-25,2024-03-31,Total,5
Kyiv,2024-03-25,2024-03-31,"Cultural facilities (museum, theater etc.)",1
Kyiv,2024-03-25,2024-03-31,Total,1
Mykolaivska,2024-03-25,2024-03-31,Industrial/Business/Enterprise facilities,1
Mykolaivska,2024-03-25,2024-03-31,Total,1
Odeska,2024-03-25,2024-03-31,Other,1
Odeska,2024-03-25,2024-03-31,Total,1
Sumska,2024-03-25,2024-03-31,"Cultural facilities (museum, theater etc.)",1
Sumska,2024-03-25,2024-03-31,"Education facility (school, etc.)",1
Sumska,2024-03-25,2024-03-31,Total,2
Chernihivska,2024-03-18,2024-03-24,"Cultural facilities (museum, theater etc.)",1
Chernihivska,2024-03-18,2024-03-24,Total,1
Dnipropetrovska,2024-03-18,2024-03-24,"Education facility (school, etc.)",2
Dnipropetrovska,2024-03-18,2024-03-24,Electricity supply system,10
Dnipropetrovska,2024-03-18,2024-03-24,Fuel depot,1
Dnipropetrovska,2024-03-18,2024-03-24,Gas supply system,2
Dnipropetrovska,2024-03-18,2024-03-24,Government facilities,1
Dnipropetrovska,2024-03-18,2024-03-24,"Health facility (hospital, health clinic)",2
Dnipropetrovska,2024-03-18,2024-03-24,Heating and water facility,1
Dnipropetrovska,2024-03-18,2024-03-24,Industrial/Business/Enterprise facilities,7
Dnipropetrovska,2024-03-18,2024-03-24,Total,26
Kharkivska,2024-03-18,2024-03-24,Agricultural facilities,1
Kharkivska,2024-03-18,2024-03-24,"Cultural facilities (museum, theater etc.)",1
Kharkivska,2024-03-18,2024-03-24,"Education facility (school, etc.)",1
Kharkivska,2024-03-18,2024-03-24,Electricity supply system,1
Kharkivska,2024-03-18,2024-03-24,Government facilities,1
Kharkivska,2024-03-18,2024-03-24,Heating and water facility,2
Kharkivska,2024-03-18,2024-03-24,Industrial/Business/Enterprise facilities,8
Kharkivska,2024-03-18,2024-03-24,Power plant,1
Kharkivska,2024-03-18,2024-03-24,Religious facilities,1
Kharkivska,2024-03-18,2024-03-24,Telecommunications,1
Kharkivska,2024-03-18,2024-03-24,Total,18
Khersonska,2024-03-18,2024-03-24,"Education facility (school, etc.)",1
Khersonska,2024-03-18,2024-03-24,Government facilities,2
Khersonska,2024-03-18,2024-03-24,Industrial/Business/Enterprise facilities,1
Khersonska,2024-03-18,2024-03-24,Other,1
Khersonska,2024-03-18,2024-03-24,Total,5
Kyiv,2024-03-18,2024-03-24,"Education facility (school, etc.)",1
Kyiv,2024-03-18,2024-03-24,Electricity supply system,1
Kyiv,2024-03-18,2024-03-24,Religious facilities,1
Kyiv,2024-03-18,2024-03-24,Total,4
Kyiv,2024-03-18,2024-03-24,Warehouse,1
Lvivska,2024-03-18,2024-03-24,Electricity supply system,2
Lvivska,2024-03-18,2024-03-24,Total,2
Mykolaivska,2024-03-18,2024-03-24,Electricity supply system,1
Mykolaivska,2024-03-18,2024-03-24,Total,1
Odeska,2024-03-18,2024-03-24,"Cultural facilities (museum, theater etc.)",1
Odeska,2024-03-18,2024-03-24,Electricity supply system,1
Odeska,2024-03-18,2024-03-24,Other,1
Odeska,2024-03-18,2024-03-24,Religious facilities,1
Odeska,2024-03-18,2024-03-24,Road / Highway,1
Odeska,2024-03-18,2024-03-24,Total,5
Sumska,2024-03-18,2024-03-24,"Education facility (school, etc.)",1
Sumska,2024-03-18,2024-03-24,Electricity supply system,1
Sumska,2024-03-18,2024-03-24,Total,2
Zaporizka,2024-03-18,2024-03-24,Electricity supply system,1
Zaporizka,2024-03-18,2024-03-24,Road / Highway,1
Zaporizka,2024-03-18,2024-03-24,Total,2
Cherkaska,2024-03-11,2024-03-17,Electricity supply system,1
Cherkaska,2024-03-11,2024-03-17,Total,1
Chernihivska,2024-03-11,2024-03-17,Agricultural facilities,2
Chernihivska,2024-03-11,2024-03-17,Gas supply system,1
Chernihivska,2024-03-11,2024-03-17,Total,3
Dnipropetrovska,2024-03-11,2024-03-17,"Education facility (school, etc.)",11
Dnipropetrovska,2024-03-11,2024-03-17,Electricity supply system,3
Dnipropetrovska,2024-03-11,2024-03-17,Fuel depot,1
Dnipropetrovska,2024-03-11,2024-03-17,Gas supply system,2
Dnipropetrovska,2024-03-11,2024-03-17,Government facilities,4
Dnipropetrovska,2024-03-11,2024-03-17,"Health facility (hospital, health clinic)",1
Dnipropetrovska,2024-03-11,2024-03-17,Industrial/Business/Enterprise facilities,6
Dnipropetrovska,2024-03-11,2024-03-17,Total,28
Donetska,2024-03-11,2024-03-17,"Education facility (school, etc.)",2
Donetska,2024-03-11,2024-03-17,Electricity supply system,3
Donetska,2024-03-11,2024-03-17,Government facilities,7
Donetska,2024-03-11,2024-03-17,Heating and water facility,1
Donetska,2024-03-11,2024-03-17,Industrial/Business/Enterprise facilities,5
Donetska,2024-03-11,2024-03-17,Total,18
Kharkivska,2024-03-11,2024-03-17,Airport,2
Kharkivska,2024-03-11,2024-03-17,"Education facility (school, etc.)",2
Kharkivska,2024-03-11,2024-03-17,Electricity supply system,1
Kharkivska,2024-03-11,2024-03-17,Gas supply system,1
Kharkivska,2024-03-11,2024-03-17,Government facilities,1
Kharkivska,2024-03-11,2024-03-17,"Health facility (hospital, health clinic)",2
Kharkivska,2024-03-11,2024-03-17,Industrial/Business/Enterprise facilities,3
Kharkivska,2024-03-11,2024-03-17,Total,14
Kharkivska,2024-03-11,2024-03-17,Warehouse,2
Khersonska,2024-03-11,2024-03-17,"Cultural facilities (museum, theater etc.)",1
Khersonska,2024-03-11,2024-03-17,"Education facility (school, etc.)",2
Khersonska,2024-03-11,2024-03-17,Gas supply system,1
Khersonska,2024-03-11,2024-03-17,Government facilities,2
Khersonska,2024-03-11,2024-03-17,Industrial/Business/Enterprise facilities,5
Khersonska,2024-03-11,2024-03-17,Other,1
Khersonska,2024-03-11,2024-03-17,Total,12
Mykolaivska,2024-03-11,2024-03-17,Electricity supply system,2
Mykolaivska,2024-03-11,2024-03-17,Gas supply system,1
Mykolaivska,2024-03-11,2024-03-17,Road / Highway,1
Mykolaivska,2024-03-11,2024-03-17,Total,4
Odeska,2024-03-11,2024-03-17,Agricultural facilities,2
Odeska,2024-03-11,2024-03-17,"Cultural facilities (museum, theater etc.)",1
Odeska,2024-03-11,2024-03-17,Electricity supply system,1
Odeska,2024-03-11,2024-03-17,Gas supply system,1
Odeska,2024-03-11,2024-03-17,Industrial/Business/Enterprise facilities,1
Odeska,2024-03-11,2024-03-17,Total,6
Sumska,2024-03-11,2024-03-17,Bridge,1
Sumska,2024-03-11,2024-03-17,"Education facility (school, etc.)",1
Sumska,2024-03-11,2024-03-17,Electricity supply system,1
Sumska,2024-03-11,2024-03-17,Industrial/Business/Enterprise facilities,3
Sumska,2024-03-11,2024-03-17,Total,6
Zaporizka,2024-03-11,2024-03-17,"Education facility (school, etc.)",1
Zaporizka,2024-03-11,2024-03-17,Total,1
Chernihivska,2024-03-04,2024-03-10,Industrial/Business/Enterprise facilities,1
Chernihivska,2024-03-04,2024-03-10,Total,1
Dnipropetrovska,2024-03-04,2024-03-10,Electricity supply system,6
Dnipropetrovska,2024-03-04,2024-03-10,Gas supply system,3
Dnipropetrovska,2024-03-04,2024-03-10,Industrial/Business/Enterprise facilities,4
Dnipropetrovska,2024-03-04,2024-03-10,Total,13
Donetska,2024-03-04,2024-03-10,Government facilities,2
Donetska,2024-03-04,2024-03-10,Religious facilities,1
Donetska,2024-03-04,2024-03-10,Total,3
Kharkivska,2024-03-04,2024-03-10,Agricultural facilities,2
Kharkivska,2024-03-04,2024-03-10,"Cultural facilities (museum, theater etc.)",2
Kharkivska,2024-03-04,2024-03-10,"Education facility (school, etc.)",1
Kharkivska,2024-03-04,2024-03-10,Electricity supply system,1
Kharkivska,2024-03-04,2024-03-10,Government facilities,1
Kharkivska,2024-03-04,2024-03-10,"Health facility (hospital, health clinic)",1
Kharkivska,2024-03-04,2024-03-10,Industrial/Business/Enterprise facilities,15
Kharkivska,2024-03-04,2024-03-10,Other,1
Kharkivska,2024-03-04,2024-03-10,Total,24
Khersonska,2024-03-04,2024-03-10,Airport,1
Khersonska,2024-03-04,2024-03-10,"Cultural facilities (museum, theater etc.)",4
Khersonska,2024-03-04,2024-03-10,"Education facility (school, etc.)",4
Khersonska,2024-03-04,2024-03-10,Electricity supply system,1
Khersonska,2024-03-04,2024-03-10,Gas supply system,6
Khersonska,2024-03-04,2024-03-10,Government facilities,4
Khersonska,2024-03-04,2024-03-10,"Health facility (hospital, health clinic)",2
Khersonska,2024-03-04,2024-03-10,Industrial/Business/Enterprise facilities,3
Khersonska,2024-03-04,2024-03-10,Other,5
Khersonska,2024-03-04,2024-03-10,Total,31
Khersonska,2024-03-04,2024-03-10,Warehouse,1
Mykolaivska,2024-03-04,2024-03-10,Agricultural facilities,1
Mykolaivska,2024-03-04,2024-03-10,Total,1
Odeska,2024-03-04,2024-03-10,"Cultural facilities (museum, theater etc.)",1
Odeska,2024-03-04,2024-03-10,Gas supply system,1
Odeska,2024-03-04,2024-03-10,Other,1
Odeska,2024-03-04,2024-03-10,Total,3
Sumska,2024-03-04,2024-03-10,Agricultural facilities,1
Sumska,2024-03-04,2024-03-10,"Cultural facilities (museum, theater etc.)",1
Sumska,2024-03-04,2024-03-10,"Education facility (school, etc.)",2
Sumska,2024-03-04,2024-03-10,Gas supply system,1
Sumska,2024-03-04,2024-03-10,"Health facility (hospital, health clinic)",5
Sumska,2024-03-04,2024-03-10,Heating and water facility,1
Sumska,2024-03-04,2024-03-10,Industrial/Business/Enterprise facilities,1
Sumska,2024-03-04,2024-03-10,Total,13
Sumska,2024-03-04,2024-03-10,Water supply system,1
Autonomous Republic of Crimea,2024-02-26,2024-03-03,Oil depot,1
Autonomous Republic of Crimea,2024-02-26,2024-03-03,Road / Highway,1
Autonomous Republic of Crimea,2024-02-26,2024-03-03,Total,2
Chernihivska,2024-02-26,2024-03-03,Electricity supply system,2
Chernihivska,2024-02-26,2024-03-03,Telecommunications,1
Chernihivska,2024-02-26,2024-03-03,Total,3
Dnipropetrovska,2024-02-26,2024-03-03,Agricultural facilities,1
Dnipropetrovska,2024-02-26,2024-03-03,"Education facility (school, etc.)",2
Dnipropetrovska,2024-02-26,2024-03-03,Electricity supply system,6
Dnipropetrovska,2024-02-26,2024-03-03,Gas supply system,3
Dnipropetrovska,2024-02-26,2024-03-03,Government facilities,2
Dnipropetrovska,2024-02-26,2024-03-03,Industrial/Business/Enterprise facilities,2
Dnipropetrovska,2024-02-26,2024-03-03,Total,16
Donetska,2024-02-26,2024-03-03,Government facilities,1
Donetska,2024-02-26,2024-03-03,Total,1
Kharkivska,2024-02-26,2024-03-03,Agricultural facilities,2
Kharkivska,2024-02-26,2024-03-03,"Cultural facilities (museum, theater etc.)",1
Kharkivska,2024-02-26,2024-03-03,"Education facility (school, etc.)",1
Kharkivska,2024-02-26,2024-03-03,Electricity supply system,1
Kharkivska,2024-02-26,2024-03-03,"Health facility (hospital, health clinic)",1
Kharkivska,2024-02-26,2024-03-03,Industrial/Business/Enterprise facilities,1
Kharkivska,2024-02-26,2024-03-03,Other,1
Kharkivska,2024-02-26,2024-03-03,Religious facilities,1
Kharkivska,2024-02-26,2024-03-03,Telecommunications,1
Kharkivska,2024-02-26,2024-03-03,Total,16
Kharkivska,2024-02-26,2024-03-03,Warehouse,6
Khersonska,2024-02-26,2024-03-03,Agricultural facilities,3
Khersonska,2024-02-26,2024-03-03,"Education facility (school, etc.)",1
Khersonska,2024-02-26,2024-03-03,Gas supply system,1
Khersonska,2024-02-26,2024-03-03,Government facilities,3
Khersonska,2024-02-26,2024-03-03,Industrial/Business/Enterprise facilities,2
Khersonska,2024-02-26,2024-03-03,Telecommunications,1
Khersonska,2024-02-26,2024-03-03,Total,11
Mykolaivska,2024-02-26,2024-03-03,Agricultural facilities,1
Mykolaivska,2024-02-26,2024-03-03,Total,1
Odeska,2024-02-26,2024-03-03,Electricity supply system,1
Odeska,2024-02-26,2024-03-03,Total,1
Sumska,2024-02-26,2024-03-03,Industrial/Business/Enterprise facilities,1
Sumska,2024-02-26,2024-03-03,Total,1
Dnipropetrovska,2024-02-19,2024-02-25,Agricultural facilities,1
Dnipropetrovska,2024-02-19,2024-02-25,Electricity supply system,5
Dnipropetrovska,2024-02-19,2024-02-25,Gas supply system,2
Dnipropetrovska,2024-02-19,2024-02-25,Industrial/Business/Enterprise facilities,4
Dnipropetrovska,2024-02-19,2024-02-25,Other,1
Dnipropetrovska,2024-02-19,2024-02-25,Total,13
Donetska,2024-02-19,2024-02-25,Oil depot,1
Donetska,2024-02-19,2024-02-25,Power plant,1
Donetska,2024-02-19,2024-02-25,Total,3
Donetska,2024-02-19,2024-02-25,Water supply system,1
Kharkivska,2024-02-19,2024-02-25,Agricultural facilities,5
Kharkivska,2024-02-19,2024-02-25,"Cultural facilities (museum, theater etc.)",1
Kharkivska,2024-02-19,2024-02-25,"Education facility (school, etc.)",2
Kharkivska,2024-02-19,2024-02-25,Government facilities,3
Kharkivska,2024-02-19,2024-02-25,"Health facility (hospital, health clinic)",1
Kharkivska,2024-02-19,2024-02-25,Industrial/Business/Enterprise facilities,5
Kharkivska,2024-02-19,2024-02-25,Total,17
Khersonska,2024-02-19,2024-02-25,Agricultural facilities,2
Khersonska,2024-02-19,2024-02-25,"Education facility (school, etc.)",4
Khersonska,2024-02-19,2024-02-25,Electricity supply system,1
Khersonska,2024-02-19,2024-02-25,Government facilities,7
Khersonska,2024-02-19,2024-02-25,Industrial/Business/Enterprise facilities,2
Khersonska,2024-02-19,2024-02-25,Other,2
Khersonska,2024-02-19,2024-02-25,Telecommunications,2
Khersonska,2024-02-19,2024-02-25,Total,23
Khersonska,2024-02-19,2024-02-25,Warehouse,3
Kirovohradska,2024-02-19,2024-02-25,Industrial/Business/Enterprise facilities,1
Kirovohradska,2024-02-19,2024-02-25,Total,1
Mykolaivska,2024-02-19,2024-02-25,Electricity supply system,1
Mykolaivska,2024-02-19,2024-02-25,Total,1
Odeska,2024-02-19,2024-02-25,Industrial/Business/Enterprise facilities,1
Odeska,2024-02-19,2024-02-25,Total,1
Zaporizka,2024-02-19,2024-02-25,Agricultural facilities,1
Zaporizka,2024-02-19,2024-02-25,"Education facility (school, etc.)",1
Zaporizka,2024-02-19,2024-02-25,Industrial/Business/Enterprise facilities,1
Zaporizka,2024-02-19,2024-02-25,Other,1
Zaporizka,2024-02-19,2024-02-25,Religious facilities,1
Zaporizka,2024-02-19,2024-02-25,Total,5
Dnipropetrovska,2024-02-12,2024-02-18,Agricultural facilities,1
Dnipropetrovska,2024-02-12,2024-02-18,"Education facility (school, etc.)",1
Dnipropetrovska,2024-02-12,2024-02-18,Electricity supply system,1
Dnipropetrovska,2024-02-12,2024-02-18,Gas supply system,1
Dnipropetrovska,2024-02-12,2024-02-18,Government facilities,1
Dnipropetrovska,2024-02-12,2024-02-18,Industrial/Business/Enterprise facilities,2
Dnipropetrovska,2024-02-12,2024-02-18,Total,8
Dnipropetrovska,2024-02-12,2024-02-18,Warehouse,1
Donetska,2024-02-12,2024-02-18,Electricity supply system,1
Donetska,2024-02-12,2024-02-18,"Health facility (hospital, health clinic)",2
Donetska,2024-02-12,2024-02-18,Industrial/Business/Enterprise facilities,2
Donetska,2024-02-12,2024-02-18,Total,5
Kharkivska,2024-02-12,2024-02-18,"Cultural facilities (museum, theater etc.)",1
Kharkivska,2024-02-12,2024-02-18,"Education facility (school, etc.)",4
Kharkivska,2024-02-12,2024-02-18,Electricity supply system,1
Kharkivska,2024-02-12,2024-02-18,Gas supply system,2
Kharkivska,2024-02-12,2024-02-18,Government facilities,4
Kharkivska,2024-02-12,2024-02-18,"Health facility (hospital, health clinic)",1
Kharkivska,2024-02-12,2024-02-18,Industrial/Business/Enterprise facilities,3
Kharkivska,2024-02-12,2024-02-18,Oil depot,1
Kharkivska,2024-02-12,2024-02-18,Total,17
Khersonska,2024-02-12,2024-02-18,"Education facility (school, etc.)",2
Khersonska,2024-02-12,2024-02-18,Government facilities,1
Khersonska,2024-02-12,2024-02-18,"Health facility (hospital, health clinic)",1
Khersonska,2024-02-12,2024-02-18,Industrial/Business/Enterprise facilities,1
Khersonska,2024-02-12,2024-02-18,Total,6
Khersonska,2024-02-12,2024-02-18,Water supply system,1
Lvivska,2024-02-12,2024-02-18,"Education facility (school, etc.)",3
Lvivska,2024-02-12,2024-02-18,Electricity supply system,1
Lvivska,2024-02-12,2024-02-18,Total,4
Poltavska,2024-02-12,2024-02-18,Total,1
Poltavska,2024-02-12,2024-02-18,Warehouse,1
Sumska,2024-02-12,2024-02-18,Agricultural facilities,1
Sumska,2024-02-12,2024-02-18,Gas supply system,1
Sumska,2024-02-12,2024-02-18,Total,2
Zaporizka,2024-02-12,2024-02-18,"Education facility (school, etc.)",1
Zaporizka,2024-02-12,2024-02-18,Electricity supply system,1
Zaporizka,2024-02-12,2024-02-18,Heating and water facility,1
Zaporizka,2024-02-12,2024-02-18,Industrial/Business/Enterprise facilities,1
Zaporizka,2024-02-12,2024-02-18,Total,4
Chernihivska,2024-02-05,2024-02-11,Electricity supply system,2
Chernihivska,2024-02-05,2024-02-11,Government facilities,1
Chernihivska,2024-02-05,2024-02-11,Industrial/Business/Enterprise facilities,1
Chernihivska,2024-02-05,2024-02-11,Total,4
Dnipropetrovska,2024-02-05,2024-02-11,Agricultural facilities,1
Dnipropetrovska,2024-02-05,2024-02-11,Electricity supply system,6
Dnipropetrovska,2024-02-05,2024-02-11,Gas supply system,4
Dnipropetrovska,2024-02-05,2024-02-11,Government facilities,1
Dnipropetrovska,2024-02-05,2024-02-11,Total,12
Kharkivska,2024-02-05,2024-02-11,Agricultural facilities,5
Kharkivska,2024-02-05,2024-02-11,"Education facility (school, etc.)",1
Kharkivska,2024-02-05,2024-02-11,Electricity supply system,2
Kharkivska,2024-02-05,2024-02-11,Fuel depot,1
Kharkivska,2024-02-05,2024-02-11,Gas supply system,2
Kharkivska,2024-02-05,2024-02-11,Government facilities,4
Kharkivska,2024-02-05,2024-02-11,"Health facility (hospital, health clinic)",1
Kharkivska,2024-02-05,2024-02-11,Industrial/Business/Enterprise facilities,9
Kharkivska,2024-02-05,2024-02-11,Other,2
Kharkivska,2024-02-05,2024-02-11,Total,29
Kharkivska,2024-02-05,2024-02-11,Warehouse,2
Khersonska,2024-02-05,2024-02-11,Government facilities,1
Khersonska,2024-02-05,2024-02-11,"Health facility (hospital, health clinic)",2
Khersonska,2024-02-05,2024-02-11,Other,2
Khersonska,2024-02-05,2024-02-11,Total,5
Kyivska,2024-02-05,2024-02-11,Government facilities,1
Kyivska,2024-02-05,2024-02-11,Industrial/Business/Enterprise facilities,1
Kyivska,2024-02-05,2024-02-11,Total,4
Kyivska,2024-02-05,2024-02-11,Warehouse,2
Mykolaivska,2024-02-05,2024-02-11,Agricultural facilities,1
Mykolaivska,2024-02-05,2024-02-11,Gas supply system,1
Mykolaivska,2024-02-05,2024-02-11,Government facilities,1
Mykolaivska,2024-02-05,2024-02-11,Total,4
Mykolaivska,2024-02-05,2024-02-11,Warehouse,1
Odeska,2024-02-05,2024-02-11,"Education facility (school, etc.)",1
Odeska,2024-02-05,2024-02-11,Industrial/Business/Enterprise facilities,2
Odeska,2024-02-05,2024-02-11,Other,2
Odeska,2024-02-05,2024-02-11,Road / Highway,1
Odeska,2024-02-05,2024-02-11,Total,6
Sumska,2024-02-05,2024-02-11,Agricultural facilities,1
Sumska,2024-02-05,2024-02-11,Government facilities,1
Sumska,2024-02-05,2024-02-11,Industrial/Business/Enterprise facilities,1
Sumska,2024-02-05,2024-02-11,Telecommunications,1
Sumska,2024-02-05,2024-02-11,Total,4
Dnipropetrovska,2024-01-29,2024-02-04,Agricultural facilities,3
Dnipropetrovska,2024-01-29,2024-02-04,"Education facility (school, etc.)",2
Dnipropetrovska,2024-01-29,2024-02-04,Electricity supply system,7
Dnipropetrovska,2024-01-29,2024-02-04,Gas supply system,3
Dnipropetrovska,2024-01-29,2024-02-04,Government facilities,2
Dnipropetrovska,2024-01-29,2024-02-04,"Health facility (hospital, health clinic)",1
Dnipropetrovska,2024-01-29,2024-02-04,Industrial/Business/Enterprise facilities,2
Dnipropetrovska,2024-01-29,2024-02-04,Other,1
Dnipropetrovska,2024-01-29,2024-02-04,Total,22
Dnipropetrovska,2024-01-29,2024-02-04,Water supply system,1
Donetska,2024-01-29,2024-02-04,"Education facility (school, etc.)",2
Donetska,2024-01-29,2024-02-04,Electricity supply system,2
Donetska,2024-01-29,2024-02-04,Gas supply system,2
Donetska,2024-01-29,2024-02-04,Government facilities,1
Donetska,2024-01-29,2024-02-04,Total,7
Kharkivska,2024-01-29,2024-02-04,Agricultural facilities,2
Kharkivska,2024-01-29,2024-02-04,Electricity supply system,3
Kharkivska,2024-01-29,2024-02-04,Fuel depot,1
Kharkivska,2024-01-29,2024-02-04,Government facilities,2
Kharkivska,2024-01-29,2024-02-04,"Health facility (hospital, health clinic)",1
Kharkivska,2024-01-29,2024-02-04,Industrial/Business/Enterprise facilities,4
Kharkivska,2024-01-29,2024-02-04,Oil depot,1
Kharkivska,2024-01-29,2024-02-04,Other,1
Kharkivska,2024-01-29,2024-02-04,Total,18
Kharkivska,2024-01-29,2024-02-04,Warehouse,3
Khersonska,2024-01-29,2024-02-04,"Education facility (school, etc.)",5
Khersonska,2024-01-29,2024-02-04,Electricity supply system,2
Khersonska,2024-01-29,2024-02-04,Government facilities,4
Khersonska,2024-01-29,2024-02-04,"Health facility (hospital, health clinic)",1
Khersonska,2024-01-29,2024-02-04,Industrial/Business/Enterprise facilities,5
Khersonska,2024-01-29,2024-02-04,Telecommunications,1
Khersonska,2024-01-29,2024-02-04,Total,18
Kyivska,2024-01-29,2024-02-04,Industrial/Business/Enterprise facilities,1
Kyivska,2024-01-29,2024-02-04,Total,1
Mykolaivska,2024-01-29,2024-02-04,Agricultural facilities,1
Mykolaivska,2024-01-29,2024-02-04,"Education facility (school, etc.)",1
Mykolaivska,2024-01-29,2024-02-04,Electricity supply system,1
Mykolaivska,2024-01-29,2024-02-04,Gas supply system,1
Mykolaivska,2024-01-29,2024-02-04,Government facilities,1
Mykolaivska,2024-01-29,2024-02-04,Industrial/Business/Enterprise facilities,1
Mykolaivska,2024-01-29,2024-02-04,Total,6
Sumska,2024-01-29,2024-02-04,Electricity supply system,1
Sumska,2024-01-29,2024-02-04,Gas supply system,1
Sumska,2024-01-29,2024-02-04,Government facilities,1
Sumska,2024-01-29,2024-02-04,Industrial/Business/Enterprise facilities,7
Sumska,2024-01-29,2024-02-04,Total,10
Dnipropetrovska,2024-01-22,2024-01-28,Agricultural facilities,2
Dnipropetrovska,2024-01-22,2024-01-28,"Cultural facilities (museum, theater etc.)",1
Dnipropetrovska,2024-01-22,2024-01-28,"Education facility (school, etc.)",5
Dnipropetrovska,2024-01-22,2024-01-28,Electricity supply system,6
Dnipropetrovska,2024-01-22,2024-01-28,Gas supply system,5
Dnipropetrovska,2024-01-22,2024-01-28,Government facilities,1
Dnipropetrovska,2024-01-22,2024-01-28,"Health facility (hospital, health clinic)",3
Dnipropetrovska,2024-01-22,2024-01-28,Industrial/Business/Enterprise facilities,5
Dnipropetrovska,2024-01-22,2024-01-28,Other,1
Dnipropetrovska,2024-01-22,2024-01-28,Total,29
Kharkivska,2024-01-22,2024-01-28,Agricultural facilities,1
Kharkivska,2024-01-22,2024-01-28,"Education facility (school, etc.)",5
Kharkivska,2024-01-22,2024-01-28,Fuel depot,1
Kharkivska,2024-01-22,2024-01-28,Gas supply system,2
Kharkivska,2024-01-22,2024-01-28,Government facilities,2
Kharkivska,2024-01-22,2024-01-28,"Health facility (hospital, health clinic)",1
Kharkivska,2024-01-22,2024-01-28,Industrial/Business/Enterprise facilities,7
Kharkivska,2024-01-22,2024-01-28,Other,1
Kharkivska,2024-01-22,2024-01-28,Telecommunications,1
Kharkivska,2024-01-22,2024-01-28,Total,23
Kharkivska,2024-01-22,2024-01-28,Warehouse,2
Khersonska,2024-01-22,2024-01-28,"Education facility (school, etc.)",7
Khersonska,2024-01-22,2024-01-28,Industrial/Business/Enterprise facilities,4
Khersonska,2024-01-22,2024-01-28,Telecommunications,3
Khersonska,2024-01-22,2024-01-28,Total,14
Mykolaivska,2024-01-22,2024-01-28,Industrial/Business/Enterprise facilities,1
Mykolaivska,2024-01-22,2024-01-28,Total,1
Odeska,2024-01-22,2024-01-28,Total,1
Odeska,2024-01-22,2024-01-28,Warehouse,1
Poltavska,2024-01-22,2024-01-28,Industrial/Business/Enterprise facilities,1
Poltavska,2024-01-22,2024-01-28,Total,1
Sumska,2024-01-22,2024-01-28,Electricity supply system,2
Sumska,2024-01-22,2024-01-28,Gas supply system,1
Sumska,2024-01-22,2024-01-28,Total,3
Dnipropetrovska,2024-01-15,2024-01-21,Electricity supply system,4
Dnipropetrovska,2024-01-15,2024-01-21,Gas supply system,3
Dnipropetrovska,2024-01-15,2024-01-21,Industrial/Business/Enterprise facilities,5
Dnipropetrovska,2024-01-15,2024-01-21,Total,12
Donetska,2024-01-15,2024-01-21,"Cultural facilities (museum, theater etc.)",1
Donetska,2024-01-15,2024-01-21,"Education facility (school, etc.)",4
Donetska,2024-01-15,2024-01-21,Electricity supply system,1
Donetska,2024-01-15,2024-01-21,Government facilities,4
Donetska,2024-01-15,2024-01-21,"Health facility (hospital, health clinic)",1
Donetska,2024-01-15,2024-01-21,Industrial/Business/Enterprise facilities,4
Donetska,2024-01-15,2024-01-21,Total,17
Donetska,2024-01-15,2024-01-21,Warehouse,2
Kharkivska,2024-01-15,2024-01-21,"Cultural facilities (museum, theater etc.)",1
Kharkivska,2024-01-15,2024-01-21,"Education facility (school, etc.)",2
Kharkivska,2024-01-15,2024-01-21,Electricity supply system,1
Kharkivska,2024-01-15,2024-01-21,"Health facility (hospital, health clinic)",1
Kharkivska,2024-01-15,2024-01-21,Industrial/Business/Enterprise facilities,2
Kharkivska,2024-01-15,2024-01-21,Telecommunications,1
Kharkivska,2024-01-15,2024-01-21,Total,8
Khersonska,2024-01-15,2024-01-21,"Education facility (school, etc.)",2
Khersonska,2024-01-15,2024-01-21,Electricity supply system,1
Khersonska,2024-01-15,2024-01-21,Gas supply system,1
Khersonska,2024-01-15,2024-01-21,Government facilities,4
Khersonska,2024-01-15,2024-01-21,"Health facility (hospital, health clinic)",1
Khersonska,2024-01-15,2024-01-21,Heating and water facility,2
Khersonska,2024-01-15,2024-01-21,Industrial/Business/Enterprise facilities,1
Khersonska,2024-01-15,2024-01-21,Other,1
Khersonska,2024-01-15,2024-01-21,Religious facilities,1
Khersonska,2024-01-15,2024-01-21,Total,14
Odeska,2024-01-15,2024-01-21,Industrial/Business/Enterprise facilities,1
Odeska,2024-01-15,2024-01-21,Total,1
Chernihivska,2024-01-08,2024-01-14,Heating and water facility,1
Chernihivska,2024-01-08,2024-01-14,Total,1
Dnipropetrovska,2024-01-08,2024-01-14,Agricultural facilities,1
Dnipropetrovska,2024-01-08,2024-01-14,"Education facility (school, etc.)",3
Dnipropetrovska,2024-01-08,2024-01-14,Electricity supply system,3
Dnipropetrovska,2024-01-08,2024-01-14,Gas supply system,4
Dnipropetrovska,2024-01-08,2024-01-14,Government facilities,3
Dnipropetrovska,2024-01-08,2024-01-14,Industrial/Business/Enterprise facilities,1
Dnipropetrovska,2024-01-08,2024-01-14,Road / Highway,1
Dnipropetrovska,2024-01-08,2024-01-14,Total,16
Donetska,2024-01-08,2024-01-14,Agricultural facilities,1
Donetska,2024-01-08,2024-01-14,Government facilities,1
Donetska,2024-01-08,2024-01-14,"Health facility (hospital, health clinic)",1
Donetska,2024-01-08,2024-01-14,Industrial/Business/Enterprise facilities,3
Donetska,2024-01-08,2024-01-14,Total,6
Kharkivska,2024-01-08,2024-01-14,Agricultural facilities,1
Kharkivska,2024-01-08,2024-01-14,"Cultural facilities (museum, theater etc.)",2
Kharkivska,2024-01-08,2024-01-14,"Education facility (school, etc.)",1
Kharkivska,2024-01-08,2024-01-14,Electricity supply system,2
Kharkivska,2024-01-08,2024-01-14,Government facilities,2
Kharkivska,2024-01-08,2024-01-14,"Health facility (hospital, health clinic)",3
Kharkivska,2024-01-08,2024-01-14,Industrial/Business/Enterprise facilities,9
Kharkivska,2024-01-08,2024-01-14,Total,21
Kharkivska,2024-01-08,2024-01-14,Warehouse,1
Khersonska,2024-01-08,2024-01-14,"Education facility (school, etc.)",2
Khersonska,2024-01-08,2024-01-14,Government facilities,1
Khersonska,2024-01-08,2024-01-14,"Health facility (hospital, health clinic)",1
Khersonska,2024-01-08,2024-01-14,Industrial/Business/Enterprise facilities,2
Khersonska,2024-01-08,2024-01-14,Other,2
Khersonska,2024-01-08,2024-01-14,Total,9
Khersonska,2024-01-08,2024-01-14,Water supply system,1
Mykolaivska,2024-01-08,2024-01-14,Electricity supply system,1
Mykolaivska,2024-01-08,2024-01-14,Total,1
Sumska,2024-01-08,2024-01-14,"Cultural facilities (museum, theater etc.)",1
Sumska,2024-01-08,2024-01-14,"Education facility (school, etc.)",5
Sumska,2024-01-08,2024-01-14,Electricity supply system,1
Sumska,2024-01-08,2024-01-14,Gas supply system,1
Sumska,2024-01-08,2024-01-14,Other,1
Sumska,2024-01-08,2024-01-14,Total,9
Dnipropetrovska,2024-01-01,2024-01-07,Agricultural facilities,1
Dnipropetrovska,2024-01-01,2024-01-07,"Cultural facilities (museum, theater etc.)",1
Dnipropetrovska,2024-01-01,2024-01-07,"Education facility (school, etc.)",2
Dnipropetrovska,2024-01-01,2024-01-07,Electricity supply system,9
Dnipropetrovska,2024-01-01,2024-01-07,Fuel depot,1
Dnipropetrovska,2024-01-01,2024-01-07,Gas supply system,7
Dnipropetrovska,2024-01-01,2024-01-07,Government facilities,3
Dnipropetrovska,2024-01-01,2024-01-07,"Health facility (hospital, health clinic)",1
Dnipropetrovska,2024-01-01,2024-01-07,Industrial/Business/Enterprise facilities,13
Dnipropetrovska,2024-01-01,2024-01-07,Total,38
Donetska,2024-01-01,2024-01-07,"Education facility (school, etc.)",1
Donetska,2024-01-01,2024-01-07,Electricity supply system,1
Donetska,2024-01-01,2024-01-07,Government facilities,1
Donetska,2024-01-01,2024-01-07,"Health facility (hospital, health clinic)",1
Donetska,2024-01-01,2024-01-07,Total,4
Kharkivska,2024-01-01,2024-01-07,"Education facility (school, etc.)",7
Kharkivska,2024-01-01,2024-01-07,Electricity supply system,1
Kharkivska,2024-01-01,2024-01-07,Gas supply system,2
Kharkivska,2024-01-01,2024-01-07,Government facilities,1
Kharkivska,2024-01-01,2024-01-07,Heating and water facility,1
Kharkivska,2024-01-01,2024-01-07,Industrial/Business/Enterprise facilities,1
Kharkivska,2024-01-01,2024-01-07,Total,14
Kharkivska,2024-01-01,2024-01-07,Warehouse,1
Khersonska,2024-01-01,2024-01-07,Agricultural facilities,2
Khersonska,2024-01-01,2024-01-07,"Cultural facilities (museum, theater etc.)",2
Khersonska,2024-01-01,2024-01-07,"Education facility (school, etc.)",3
Khersonska,2024-01-01,2024-01-07,Government facilities,3
Khersonska,2024-01-01,2024-01-07,"Health facility (hospital, health clinic)",2
Khersonska,2024-01-01,2024-01-07,Industrial/Business/Enterprise facilities,4
Khersonska,2024-01-01,2024-01-07,Total,17
Khersonska,2024-01-01,2024-01-07,Warehouse,1
Kirovohradska,2024-01-01,2024-01-07,Electricity supply system,2
Kirovohradska,2024-01-01,2024-01-07,Total,2
Kyiv,2024-01-01,2024-01-07,Electricity supply system,1
Kyiv,2024-01-01,2024-01-07,Other,2
Kyiv,2024-01-01,2024-01-07,Total,3
Kyivska,2024-01-01,2024-01-07,Telecommunications,1
Kyivska,2024-01-01,2024-01-07,Total,2
Kyivska,2024-01-01,2024-01-07,Warehouse,1
Lvivska,2024-01-01,2024-01-07,"Cultural facilities (museum, theater etc.)",1
Lvivska,2024-01-01,2024-01-07,"Education facility (school, etc.)",1
Lvivska,2024-01-01,2024-01-07,Total,2
Mykolaivska,2024-01-01,2024-01-07,Agricultural facilities,2
Mykolaivska,2024-01-01,2024-01-07,"Cultural facilities (museum, theater etc.)",1
Mykolaivska,2024-01-01,2024-01-07,"Education facility (school, etc.)",1
Mykolaivska,2024-01-01,2024-01-07,Industrial/Business/Enterprise facilities,1
Mykolaivska,2024-01-01,2024-01-07,Total,5
Sumska,2024-01-01,2024-01-07,Electricity supply system,1
Sumska,2024-01-01,2024-01-07,Gas supply system,1
Sumska,2024-01-01,2024-01-07,"Health facility (hospital, health clinic)",1
Sumska,2024-01-01,2024-01-07,Industrial/Business/Enterprise facilities,2
Sumska,2024-01-01,2024-01-07,Total,5
Cherkaska,2023-12-25,2023-12-31,Industrial/Business/Enterprise facilities,1
Cherkaska,2023-12-25,2023-12-31,Total,1
Chernihivska,2023-12-25,2023-12-31,Electricity supply system,2
Chernihivska,2023-12-25,2023-12-31,Gas supply system,1
Chernihivska,2023-12-25,2023-12-31,Total,3
Dnipropetrovska,2023-12-25,2023-12-31,Agricultural facilities,2
Dnipropetrovska,2023-12-25,2023-12-31,Electricity supply system,2
Dnipropetrovska,2023-12-25,2023-12-31,Gas supply system,3
Dnipropetrovska,2023-12-25,2023-12-31,Government facilities,10
Dnipropetrovska,2023-12-25,2023-12-31,"Health facility (hospital, health clinic)",1
Dnipropetrovska,2023-12-25,2023-12-31,Industrial/Business/Enterprise facilities,4
Dnipropetrovska,2023-12-25,2023-12-31,Total,22
Donetska,2023-12-25,2023-12-31,Industrial/Business/Enterprise facilities,1
Donetska,2023-12-25,2023-12-31,Total,1
Kharkivska,2023-12-25,2023-12-31,"Education facility (school, etc.)",1
Kharkivska,2023-12-25,2023-12-31,Electricity supply system,1
Kharkivska,2023-12-25,2023-12-31,Gas supply system,1
Kharkivska,2023-12-25,2023-12-31,"Health facility (hospital, health clinic)",3
Kharkivska,2023-12-25,2023-12-31,Industrial/Business/Enterprise facilities,5
Kharkivska,2023-12-25,2023-12-31,Telecommunications,1
Kharkivska,2023-12-25,2023-12-31,Total,12
Khersonska,2023-12-25,2023-12-31,"Education facility (school, etc.)",2
Khersonska,2023-12-25,2023-12-31,Government facilities,3
Khersonska,2023-12-25,2023-12-31,"Health facility (hospital, health clinic)",1
Khersonska,2023-12-25,2023-12-31,Industrial/Business/Enterprise facilities,3
Khersonska,2023-12-25,2023-12-31,Other,1
Khersonska,2023-12-25,2023-12-31,Railway,1
Khersonska,2023-12-25,2023-12-31,Total,12
Khersonska,2023-12-25,2023-12-31,Warehouse,1
Kyiv,2023-12-25,2023-12-31,Government facilities,1
Kyiv,2023-12-25,2023-12-31,Industrial/Business/Enterprise facilities,1
Kyiv,2023-12-25,2023-12-31,Total,4
Kyiv,2023-12-25,2023-12-31,Warehouse,2
Kyivska,2023-12-25,2023-12-31,"Education facility (school, etc.)",1
Kyivska,2023-12-25,2023-12-31,Electricity supply system,1
Kyivska,2023-12-25,2023-12-31,Government facilities,1
Kyivska,2023-12-25,2023-12-31,Total,3
Lvivska,2023-12-25,2023-12-31,"Education facility (school, etc.)",4
Lvivska,2023-12-25,2023-12-31,"Health facility (hospital, health clinic)",1
Lvivska,2023-12-25,2023-12-31,Religious facilities,1
Lvivska,2023-12-25,2023-12-31,Total,6
Mykolaivska,2023-12-25,2023-12-31,Total,1
Mykolaivska,2023-12-25,2023-12-31,Water supply system,1
Odeska,2023-12-25,2023-12-31,"Education facility (school, etc.)",1
Odeska,2023-12-25,2023-12-31,Government facilities,1
Odeska,2023-12-25,2023-12-31,Total,2
Sumska,2023-12-25,2023-12-31,Electricity supply system,1
Sumska,2023-12-25,2023-12-31,"Health facility (hospital, health clinic)",1
Sumska,2023-12-25,2023-12-31,Industrial/Business/Enterprise facilities,1
Sumska,2023-12-25,2023-12-31,Telecommunications,2
Sumska,2023-12-25,2023-12-31,Total,6
Sumska,2023-12-25,2023-12-31,Warehouse,1
Zaporizka,2023-12-25,2023-12-31,Industrial/Business/Enterprise facilities,1
Zaporizka,2023-12-25,2023-12-31,Total,1
Dnipropetrovska,2023-12-18,2023-12-24,Electricity supply system,3
Dnipropetrovska,2023-12-18,2023-12-24,Gas supply system,2
Dnipropetrovska,2023-12-18,2023-12-24,"Health facility (hospital, health clinic)",1
Dnipropetrovska,2023-12-18,2023-12-24,Industrial/Business/Enterprise facilities,1
Dnipropetrovska,2023-12-18,2023-12-24,Road / Highway,1
Dnipropetrovska,2023-12-18,2023-12-24,Total,8
Donetska,2023-12-18,2023-12-24,"Education facility (school, etc.)",1
Donetska,2023-12-18,2023-12-24,Government facilities,1
Donetska,2023-12-18,2023-12-24,Industrial/Business/Enterprise facilities,5
Donetska,2023-12-18,2023-12-24,Total,7
Kharkivska,2023-12-18,2023-12-24,Electricity supply system,1
Kharkivska,2023-12-18,2023-12-24,Gas supply system,1
Kharkivska,2023-12-18,2023-12-24,Government facilities,1
Kharkivska,2023-12-18,2023-12-24,"Health facility (hospital, health clinic)",1
Kharkivska,2023-12-18,2023-12-24,Industrial/Business/Enterprise facilities,1
Kharkivska,2023-12-18,2023-12-24,Total,5
Khersonska,2023-12-18,2023-12-24,"Education facility (school, etc.)",4
Khersonska,2023-12-18,2023-12-24,Electricity supply system,1
Khersonska,2023-12-18,2023-12-24,Gas supply system,1
Khersonska,2023-12-18,2023-12-24,"Health facility (hospital, health clinic)",4
Khersonska,2023-12-18,2023-12-24,Industrial/Business/Enterprise facilities,4
Khersonska,2023-12-18,2023-12-24,Other,1
Khersonska,2023-12-18,2023-12-24,Total,18
Khersonska,2023-12-18,2023-12-24,Warehouse,3
Kyivska,2023-12-18,2023-12-24,Industrial/Business/Enterprise facilities,1
Kyivska,2023-12-18,2023-12-24,Total,1
Mykolaivska,2023-12-18,2023-12-24,Total,1
Mykolaivska,2023-12-18,2023-12-24,Warehouse,1
Odeska,2023-12-18,2023-12-24,Agricultural facilities,1
Odeska,2023-12-18,2023-12-24,Total,1
Sumska,2023-12-18,2023-12-24,"Cultural facilities (museum, theater etc.)",1
Sumska,2023-12-18,2023-12-24,Industrial/Business/Enterprise facilities,1
Sumska,2023-12-18,2023-12-24,Total,2
Zaporizka,2023-12-18,2023-12-24,"Education facility (school, etc.)",1
Zaporizka,2023-12-18,2023-12-24,Electricity supply system,1
Zaporizka,2023-12-18,2023-12-24,Total,2
Dnipropetrovska,2023-12-11,2023-12-17,Electricity supply system,3
Dnipropetrovska,2023-12-11,2023-12-17,Gas supply system,1
Dnipropetrovska,2023-12-11,2023-12-17,Industrial/Business/Enterprise facilities,1
Dnipropetrovska,2023-12-11,2023-12-17,Total,5
Donetska,2023-12-11,2023-12-17,Industrial/Business/Enterprise facilities,1
Donetska,2023-12-11,2023-12-17,Total,1
Kharkivska,2023-12-11,2023-12-17,Electricity supply system,1
Kharkivska,2023-12-11,2023-12-17,Total,1
Khersonska,2023-12-11,2023-12-17,"Education facility (school, etc.)",5
Khersonska,2023-12-11,2023-12-17,Electricity supply system,1
Khersonska,2023-12-11,2023-12-17,Government facilities,4
Khersonska,2023-12-11,2023-12-17,"Health facility (hospital, health clinic)",3
Khersonska,2023-12-11,2023-12-17,Industrial/Business/Enterprise facilities,2
Khersonska,2023-12-11,2023-12-17,Other,1
Khersonska,2023-12-11,2023-12-17,Total,16
Kyiv,2023-12-11,2023-12-17,Electricity supply system,3
Kyiv,2023-12-11,2023-12-17,"Health facility (hospital, health clinic)",1
Kyiv,2023-12-11,2023-12-17,Road / Highway,1
Kyiv,2023-12-11,2023-12-17,Total,6
Kyiv,2023-12-11,2023-12-17,Water supply system,1
Mykolaivska,2023-12-11,2023-12-17,Agricultural facilities,1
Mykolaivska,2023-12-11,2023-12-17,Electricity supply system,1
Mykolaivska,2023-12-11,2023-12-17,Gas supply system,1
Mykolaivska,2023-12-11,2023-12-17,Telecommunications,2
Mykolaivska,2023-12-11,2023-12-17,Total,6
Mykolaivska,2023-12-11,2023-12-17,Warehouse,1
Odeska,2023-12-11,2023-12-17,Industrial/Business/Enterprise facilities,2
Odeska,2023-12-11,2023-12-17,Other,2
Odeska,2023-12-11,2023-12-17,Total,6
Odeska,2023-12-11,2023-12-17,Warehouse,2
Sumska,2023-12-11,2023-12-17,Electricity supply system,1
Sumska,2023-12-11,2023-12-17,Total,1
Dnipropetrovska,2023-12-04,2023-12-10,"Education facility (school, etc.)",2
Dnipropetrovska,2023-12-04,2023-12-10,Electricity supply system,3
Dnipropetrovska,2023-12-04,2023-12-10,Gas supply system,2
Dnipropetrovska,2023-12-04,2023-12-10,Government facilities,1
Dnipropetrovska,2023-12-04,2023-12-10,Industrial/Business/Enterprise facilities,3
Dnipropetrovska,2023-12-04,2023-12-10,Total,12
Dnipropetrovska,2023-12-04,2023-12-10,Warehouse,1
Donetska,2023-12-04,2023-12-10,Industrial/Business/Enterprise facilities,1
Donetska,2023-12-04,2023-12-10,Total,1
Kharkivska,2023-12-04,2023-12-10,"Cultural facilities (museum, theater etc.)",1
Kharkivska,2023-12-04,2023-12-10,"Education facility (school, etc.)",1
Kharkivska,2023-12-04,2023-12-10,Gas supply system,4
Kharkivska,2023-12-04,2023-12-10,Government facilities,1
Kharkivska,2023-12-04,2023-12-10,"Health facility (hospital, health clinic)",1
Kharkivska,2023-12-04,2023-12-10,Industrial/Business/Enterprise facilities,2
Kharkivska,2023-12-04,2023-12-10,Total,10
Khersonska,2023-12-04,2023-12-10,"Cultural facilities (museum, theater etc.)",1
Khersonska,2023-12-04,2023-12-10,"Education facility (school, etc.)",2
Khersonska,2023-12-04,2023-12-10,Government facilities,1
Khersonska,2023-12-04,2023-12-10,"Health facility (hospital, health clinic)",3
Khersonska,2023-12-04,2023-12-10,Heating and water facility,1
Khersonska,2023-12-04,2023-12-10,Industrial/Business/Enterprise facilities,7
Khersonska,2023-12-04,2023-12-10,Other,1
Khersonska,2023-12-04,2023-12-10,Total,17
Khersonska,2023-12-04,2023-12-10,Warehouse,1
Mykolaivska,2023-12-04,2023-12-10,"Cultural facilities (museum, theater etc.)",1
Mykolaivska,2023-12-04,2023-12-10,Industrial/Business/Enterprise facilities,2
Mykolaivska,2023-12-04,2023-12-10,Total,3
Odeska,2023-12-04,2023-12-10,Harbor,1
Odeska,2023-12-04,2023-12-10,Industrial/Business/Enterprise facilities,1
Odeska,2023-12-04,2023-12-10,Total,3
Odeska,2023-12-04,2023-12-10,Warehouse,1
Sumska,2023-12-04,2023-12-10,"Education facility (school, etc.)",1
Sumska,2023-12-04,2023-12-10,Government facilities,1
Sumska,2023-12-04,2023-12-10,"Health facility (hospital, health clinic)",1
Sumska,2023-12-04,2023-12-10,Industrial/Business/Enterprise facilities,1
Sumska,2023-12-04,2023-12-10,Railway,2
Sumska,2023-12-04,2023-12-10,Total,6
Chernihivska,2023-11-27,2023-12-03,Total,1
Chernihivska,2023-11-27,2023-12-03,Water supply system,1
Dnipropetrovska,2023-11-27,2023-12-03,"Education facility (school, etc.)",1
Dnipropetrovska,2023-11-27,2023-12-03,Electricity supply system,2
Dnipropetrovska,2023-11-27,2023-12-03,Gas supply system,2
Dnipropetrovska,2023-11-27,2023-12-03,Government facilities,16
Dnipropetrovska,2023-11-27,2023-12-03,Industrial/Business/Enterprise facilities,3
Dnipropetrovska,2023-11-27,2023-12-03,Religious facilities,1
Dnipropetrovska,2023-11-27,2023-12-03,Total,25
Donetska,2023-11-27,2023-12-03,"Education facility (school, etc.)",1
Donetska,2023-11-27,2023-12-03,Government facilities,4
Donetska,2023-11-27,2023-12-03,Industrial/Business/Enterprise facilities,1
Donetska,2023-11-27,2023-12-03,Total,6
Kharkivska,2023-11-27,2023-12-03,"Education facility (school, etc.)",2
Kharkivska,2023-11-27,2023-12-03,Industrial/Business/Enterprise facilities,4
Kharkivska,2023-11-27,2023-12-03,Total,6
Khersonska,2023-11-27,2023-12-03,"Cultural facilities (museum, theater etc.)",1
Khersonska,2023-11-27,2023-12-03,"Education facility (school, etc.)",4
Khersonska,2023-11-27,2023-12-03,Electricity supply system,1
Khersonska,2023-11-27,2023-12-03,Government facilities,2
Khersonska,2023-11-27,2023-12-03,"Health facility (hospital, health clinic)",4
Khersonska,2023-11-27,2023-12-03,Industrial/Business/Enterprise facilities,4
Khersonska,2023-11-27,2023-12-03,Total,16
Khmelnytska,2023-11-27,2023-12-03,Agricultural facilities,1
Khmelnytska,2023-11-27,2023-12-03,Industrial/Business/Enterprise facilities,1
Khmelnytska,2023-11-27,2023-12-03,Total,2
Mykolaivska,2023-11-27,2023-12-03,Electricity supply system,1
Mykolaivska,2023-11-27,2023-12-03,Total,1
Sumska,2023-11-27,2023-12-03,Agricultural facilities,2
Sumska,2023-11-27,2023-12-03,Industrial/Business/Enterprise facilities,2
Sumska,2023-11-27,2023-12-03,Total,4
Zaporizka,2023-11-27,2023-12-03,Other,1
Zaporizka,2023-11-27,2023-12-03,Total,1
Dnipropetrovska,2023-11-20,2023-11-26,Electricity supply system,3
Dnipropetrovska,2023-11-20,2023-11-26,Gas supply system,3
Dnipropetrovska,2023-11-20,2023-11-26,"Health facility (hospital, health clinic)",1
Dnipropetrovska,2023-11-20,2023-11-26,Total,8
Dnipropetrovska,2023-11-20,2023-11-26,Water supply system,1
Kharkivska,2023-11-20,2023-11-26,Heating and water facility,1
Kharkivska,2023-11-20,2023-11-26,Total,1
Khersonska,2023-11-20,2023-11-26,"Cultural facilities (museum, theater etc.)",1
Khersonska,2023-11-20,2023-11-26,"Education facility (school, etc.)",2
Khersonska,2023-11-20,2023-11-26,"Health facility (hospital, health clinic)",1
Khersonska,2023-11-20,2023-11-26,Industrial/Business/Enterprise facilities,6
Khersonska,2023-11-20,2023-11-26,Total,10
Odeska,2023-11-20,2023-11-26,Government facilities,1
Odeska,2023-11-20,2023-11-26,Harbor,1
Odeska,2023-11-20,2023-11-26,Total,2
Dnipropetrovska,2023-11-13,2023-11-19,Electricity supply system,6
Dnipropetrovska,2023-11-13,2023-11-19,Gas supply system,2
Dnipropetrovska,2023-11-13,2023-11-19,Government facilities,2
Dnipropetrovska,2023-11-13,2023-11-19,Total,10
Kharkivska,2023-11-13,2023-11-19,Agricultural facilities,1
Kharkivska,2023-11-13,2023-11-19,Gas supply system,1
Kharkivska,2023-11-13,2023-11-19,Industrial/Business/Enterprise facilities,2
Kharkivska,2023-11-13,2023-11-19,Total,4
Khersonska,2023-11-13,2023-11-19,"Cultural facilities (museum, theater etc.)",1
Khersonska,2023-11-13,2023-11-19,"Education facility (school, etc.)",1
Khersonska,2023-11-13,2023-11-19,Fuel depot,1
Khersonska,2023-11-13,2023-11-19,Government facilities,5
Khersonska,2023-11-13,2023-11-19,"Health facility (hospital, health clinic)",3
Khersonska,2023-11-13,2023-11-19,Industrial/Business/Enterprise facilities,8
Khersonska,2023-11-13,2023-11-19,Total,19
Mykolaivska,2023-11-13,2023-11-19,Government facilities,1
Mykolaivska,2023-11-13,2023-11-19,Total,1
Sumska,2023-11-13,2023-11-19,Electricity supply system,1
Sumska,2023-11-13,2023-11-19,Telecommunications,1
Sumska,2023-11-13,2023-11-19,Total,2
Chernihivska,2023-11-06,2023-11-12,"Cultural facilities (museum, theater etc.)",1
Chernihivska,2023-11-06,2023-11-12,Electricity supply system,1
Chernihivska,2023-11-06,2023-11-12,Government facilities,1
Chernihivska,2023-11-06,2023-11-12,Total,3
Dnipropetrovska,2023-11-06,2023-11-12,Electricity supply system,4
Dnipropetrovska,2023-11-06,2023-11-12,Gas supply system,3
Dnipropetrovska,2023-11-06,2023-11-12,Government facilities,2
Dnipropetrovska,2023-11-06,2023-11-12,Religious facilities,1
Dnipropetrovska,2023-11-06,2023-11-12,Total,10
Donetska,2023-11-06,2023-11-12,"Education facility (school, etc.)",1
Donetska,2023-11-06,2023-11-12,Government facilities,2
Donetska,2023-11-06,2023-11-12,Road / Highway,1
Donetska,2023-11-06,2023-11-12,Total,4
Kharkivska,2023-11-06,2023-11-12,"Education facility (school, etc.)",1
Kharkivska,2023-11-06,2023-11-12,Total,1
Khersonska,2023-11-06,2023-11-12,"Cultural facilities (museum, theater etc.)",1
Khersonska,2023-11-06,2023-11-12,"Education facility (school, etc.)",1
Khersonska,2023-11-06,2023-11-12,Government facilities,3
Khersonska,2023-11-06,2023-11-12,"Health facility (hospital, health clinic)",2
Khersonska,2023-11-06,2023-11-12,Industrial/Business/Enterprise facilities,2
Khersonska,2023-11-06,2023-11-12,Religious facilities,2
Khersonska,2023-11-06,2023-11-12,Road / Highway,2
Khersonska,2023-11-06,2023-11-12,Telecommunications,1
Khersonska,2023-11-06,2023-11-12,Total,14
Odeska,2023-11-06,2023-11-12,Harbor,1
Odeska,2023-11-06,2023-11-12,Total,1
Sumska,2023-11-06,2023-11-12,Industrial/Business/Enterprise facilities,1
Sumska,2023-11-06,2023-11-12,Total,1
Autonomous Republic of Crimea,2023-10-30,2023-11-05,Industrial/Business/Enterprise facilities,1
Autonomous Republic of Crimea,2023-10-30,2023-11-05,Total,1
Dnipropetrovska,2023-10-30,2023-11-05,Electricity supply system,10
Dnipropetrovska,2023-10-30,2023-11-05,Gas supply system,1
Dnipropetrovska,2023-10-30,2023-11-05,Government facilities,3
Dnipropetrovska,2023-10-30,2023-11-05,"Health facility (hospital, health clinic)",3
Dnipropetrovska,2023-10-30,2023-11-05,Industrial/Business/Enterprise facilities,7
Dnipropetrovska,2023-10-30,2023-11-05,Total,24
Kharkivska,2023-10-30,2023-11-05,"Education facility (school, etc.)",1
Kharkivska,2023-10-30,2023-11-05,Industrial/Business/Enterprise facilities,5
Kharkivska,2023-10-30,2023-11-05,Total,7
Kharkivska,2023-10-30,2023-11-05,Warehouse,1
Khersonska,2023-10-30,2023-11-05,"Cultural facilities (museum, theater etc.)",1
Khersonska,2023-10-30,2023-11-05,"Education facility (school, etc.)",4
Khersonska,2023-10-30,2023-11-05,Electricity supply system,1
Khersonska,2023-10-30,2023-11-05,"Health facility (hospital, health clinic)",1
Khersonska,2023-10-30,2023-11-05,Industrial/Business/Enterprise facilities,2
Khersonska,2023-10-30,2023-11-05,Total,9
Mykolaivska,2023-10-30,2023-11-05,Agricultural facilities,1
Mykolaivska,2023-10-30,2023-11-05,Electricity supply system,2
Mykolaivska,2023-10-30,2023-11-05,Gas supply system,1
Mykolaivska,2023-10-30,2023-11-05,Total,4
Odeska,2023-10-30,2023-11-05,"Cultural facilities (museum, theater etc.)",1
Odeska,2023-10-30,2023-11-05,Road / Highway,1
Odeska,2023-10-30,2023-11-05,Total,4
Odeska,2023-10-30,2023-11-05,Warehouse,1
Odeska,2023-10-30,2023-11-05,Water supply system,1
Sumska,2023-10-30,2023-11-05,Industrial/Business/Enterprise facilities,1
Sumska,2023-10-30,2023-11-05,Total,1
Dnipropetrovska,2023-10-23,2023-10-29,Electricity supply system,4
Dnipropetrovska,2023-10-23,2023-10-29,Gas supply system,1
Dnipropetrovska,2023-10-23,2023-10-29,Government facilities,1
Dnipropetrovska,2023-10-23,2023-10-29,Industrial/Business/Enterprise facilities,4
Dnipropetrovska,2023-10-23,2023-10-29,Total,10
Kharkivska,2023-10-23,2023-10-29,"Education facility (school, etc.)",2
Kharkivska,2023-10-23,2023-10-29,Total,2
Khersonska,2023-10-23,2023-10-29,"Education facility (school, etc.)",1
Khersonska,2023-10-23,2023-10-29,Electricity supply system,1
Khersonska,2023-10-23,2023-10-29,Gas supply system,1
Khersonska,2023-10-23,2023-10-29,Government facilities,1
Khersonska,2023-10-23,2023-10-29,Industrial/Business/Enterprise facilities,3
Khersonska,2023-10-23,2023-10-29,Other,1
Khersonska,2023-10-23,2023-10-29,Religious facilities,1
Khersonska,2023-10-23,2023-10-29,Total,9
Khmelnytska,2023-10-23,2023-10-29,"Education facility (school, etc.)",2
Khmelnytska,2023-10-23,2023-10-29,Electricity supply system,1
Khmelnytska,2023-10-23,2023-10-29,Government facilities,31
Khmelnytska,2023-10-23,2023-10-29,"Health facility (hospital, health clinic)",1
Khmelnytska,2023-10-23,2023-10-29,Industrial/Business/Enterprise facilities,1
Khmelnytska,2023-10-23,2023-10-29,Power plant,1
Khmelnytska,2023-10-23,2023-10-29,Total,37
Sumska,2023-10-23,2023-10-29,Agricultural facilities,1
Sumska,2023-10-23,2023-10-29,Industrial/Business/Enterprise facilities,1
Sumska,2023-10-23,2023-10-29,Total,2
Chernihivska,2023-10-16,2023-10-22,Electricity supply system,1
Chernihivska,2023-10-16,2023-10-22,Total,1
Dnipropetrovska,2023-10-16,2023-10-22,"Cultural facilities (museum, theater etc.)",1
Dnipropetrovska,2023-10-16,2023-10-22,"Education facility (school, etc.)",1
Dnipropetrovska,2023-10-16,2023-10-22,Electricity supply system,8
Dnipropetrovska,2023-10-16,2023-10-22,Gas supply system,3
Dnipropetrovska,2023-10-16,2023-10-22,Industrial/Business/Enterprise facilities,5
Dnipropetrovska,2023-10-16,2023-10-22,Other,1
Dnipropetrovska,2023-10-16,2023-10-22,Religious facilities,3
Dnipropetrovska,2023-10-16,2023-10-22,Road / Highway,1
Dnipropetrovska,2023-10-16,2023-10-22,Total,24
Dnipropetrovska,2023-10-16,2023-10-22,Warehouse,1
Donetska,2023-10-16,2023-10-22,Industrial/Business/Enterprise facilities,1
Donetska,2023-10-16,2023-10-22,Total,1
Kharkivska,2023-10-16,2023-10-22,"Cultural facilities (museum, theater etc.)",1
Kharkivska,2023-10-16,2023-10-22,Electricity supply system,1
Kharkivska,2023-10-16,2023-10-22,Gas supply system,2
Kharkivska,2023-10-16,2023-10-22,Industrial/Business/Enterprise facilities,4
Kharkivska,2023-10-16,2023-10-22,Other,1
Kharkivska,2023-10-16,2023-10-22,Total,9
Khersonska,2023-10-16,2023-10-22,"Cultural facilities (museum, theater etc.)",1
Khersonska,2023-10-16,2023-10-22,"Education facility (school, etc.)",4
Khersonska,2023-10-16,2023-10-22,Government facilities,2
Khersonska,2023-10-16,2023-10-22,"Health facility (hospital, health clinic)",2
Khersonska,2023-10-16,2023-10-22,Industrial/Business/Enterprise facilities,9
Khersonska,2023-10-16,2023-10-22,Other,1
Khersonska,2023-10-16,2023-10-22,Total,19
Odeska,2023-10-16,2023-10-22,"Cultural facilities (museum, theater etc.)",1
Odeska,2023-10-16,2023-10-22,Total,2
Odeska,2023-10-16,2023-10-22,Warehouse,1
Zaporizka,2023-10-16,2023-10-22,Religious facilities,1
Zaporizka,2023-10-16,2023-10-22,Total,1
Dnipropetrovska,2023-10-09,2023-10-15,Agricultural facilities,1
Dnipropetrovska,2023-10-09,2023-10-15,"Education facility (school, etc.)",2
Dnipropetrovska,2023-10-09,2023-10-15,Electricity supply system,9
Dnipropetrovska,2023-10-09,2023-10-15,Gas supply system,4
Dnipropetrovska,2023-10-09,2023-10-15,Government facilities,4
Dnipropetrovska,2023-10-09,2023-10-15,"Health facility (hospital, health clinic)",1
Dnipropetrovska,2023-10-09,2023-10-15,Industrial/Business/Enterprise facilities,7
Dnipropetrovska,2023-10-09,2023-10-15,Total,28
Kharkivska,2023-10-09,2023-10-15,Agricultural facilities,1
Kharkivska,2023-10-09,2023-10-15,Electricity supply system,2
Kharkivska,2023-10-09,2023-10-15,Industrial/Business/Enterprise facilities,1
Kharkivska,2023-10-09,2023-10-15,Total,4
Khersonska,2023-10-09,2023-10-15,Agricultural facilities,1
Khersonska,2023-10-09,2023-10-15,"Cultural facilities (museum, theater etc.)",3
Khersonska,2023-10-09,2023-10-15,"Education facility (school, etc.)",3
Khersonska,2023-10-09,2023-10-15,Industrial/Business/Enterprise facilities,3
Khersonska,2023-10-09,2023-10-15,Road / Highway,1
Khersonska,2023-10-09,2023-10-15,Total,11
Mykolaivska,2023-10-09,2023-10-15,"Education facility (school, etc.)",1
Mykolaivska,2023-10-09,2023-10-15,Electricity supply system,1
Mykolaivska,2023-10-09,2023-10-15,Government facilities,1
Mykolaivska,2023-10-09,2023-10-15,Harbor,1
Mykolaivska,2023-10-09,2023-10-15,Total,4
Odeska,2023-10-09,2023-10-15,Harbor,1
Odeska,2023-10-09,2023-10-15,Total,1
Sumska,2023-10-09,2023-10-15,"Education facility (school, etc.)",4
Sumska,2023-10-09,2023-10-15,Electricity supply system,1
Sumska,2023-10-09,2023-10-15,Government facilities,2
Sumska,2023-10-09,2023-10-15,Industrial/Business/Enterprise facilities,1
Sumska,2023-10-09,2023-10-15,Total,8
Dnipropetrovska,2023-10-02,2023-10-08,"Education facility (school, etc.)",2
Dnipropetrovska,2023-10-02,2023-10-08,Electricity supply system,5
Dnipropetrovska,2023-10-02,2023-10-08,Gas supply system,1
Dnipropetrovska,2023-10-02,2023-10-08,Government facilities,2
Dnipropetrovska,2023-10-02,2023-10-08,Industrial/Business/Enterprise facilities,3
Dnipropetrovska,2023-10-02,2023-10-08,Total,13
Kharkivska,2023-10-02,2023-10-08,Agricultural facilities,3
Kharkivska,2023-10-02,2023-10-08,"Cultural facilities (museum, theater etc.)",1
Kharkivska,2023-10-02,2023-10-08,"Education facility (school, etc.)",3
Kharkivska,2023-10-02,2023-10-08,Government facilities,2
Kharkivska,2023-10-02,2023-10-08,Industrial/Business/Enterprise facilities,3
Kharkivska,2023-10-02,2023-10-08,Other,1
Kharkivska,2023-10-02,2023-10-08,Road / Highway,1
Kharkivska,2023-10-02,2023-10-08,Total,16
Kharkivska,2023-10-02,2023-10-08,Warehouse,2
Khersonska,2023-10-02,2023-10-08,Agricultural facilities,1
Khersonska,2023-10-02,2023-10-08,"Cultural facilities (museum, theater etc.)",1
Khersonska,2023-10-02,2023-10-08,"Education facility (school, etc.)",3
Khersonska,2023-10-02,2023-10-08,Government facilities,3
Khersonska,2023-10-02,2023-10-08,"Health facility (hospital, health clinic)",4
Khersonska,2023-10-02,2023-10-08,Heating and water facility,1
Khersonska,2023-10-02,2023-10-08,Industrial/Business/Enterprise facilities,4
Khersonska,2023-10-02,2023-10-08,Religious facilities,1
Khersonska,2023-10-02,2023-10-08,Total,18
Sumska,2023-10-02,2023-10-08,Government facilities,1
Sumska,2023-10-02,2023-10-08,Industrial/Business/Enterprise facilities,2
Sumska,2023-10-02,2023-10-08,Total,3
Cherkaska,2023-09-25,2023-10-01,Total,1
Cherkaska,2023-09-25,2023-10-01,Warehouse,1
Dnipropetrovska,2023-09-25,2023-10-01,Agricultural facilities,1
Dnipropetrovska,2023-09-25,2023-10-01,Electricity supply system,6
Dnipropetrovska,2023-09-25,2023-10-01,Gas supply system,3
Dnipropetrovska,2023-09-25,2023-10-01,Government facilities,2
Dnipropetrovska,2023-09-25,2023-10-01,Industrial/Business/Enterprise facilities,2
Dnipropetrovska,2023-09-25,2023-10-01,Total,14
Donetska,2023-09-25,2023-10-01,Industrial/Business/Enterprise facilities,3
Donetska,2023-09-25,2023-10-01,Total,3
Kharkivska,2023-09-25,2023-10-01,Electricity supply system,1
Kharkivska,2023-09-25,2023-10-01,Gas supply system,1
Kharkivska,2023-09-25,2023-10-01,Industrial/Business/Enterprise facilities,3
Kharkivska,2023-09-25,2023-10-01,Other,1
Kharkivska,2023-09-25,2023-10-01,Road / Highway,1
Kharkivska,2023-09-25,2023-10-01,Telecommunications,1
Kharkivska,2023-09-25,2023-10-01,Total,8
Khersonska,2023-09-25,2023-10-01,Agricultural facilities,1
Khersonska,2023-09-25,2023-10-01,"Education facility (school, etc.)",6
Khersonska,2023-09-25,2023-10-01,Electricity supply system,1
Khersonska,2023-09-25,2023-10-01,Gas supply system,1
Khersonska,2023-09-25,2023-10-01,Government facilities,8
Khersonska,2023-09-25,2023-10-01,"Health facility (hospital, health clinic)",2
Khersonska,2023-09-25,2023-10-01,Industrial/Business/Enterprise facilities,10
Khersonska,2023-09-25,2023-10-01,Other,1
Khersonska,2023-09-25,2023-10-01,Total,30
Mykolaivska,2023-09-25,2023-10-01,Agricultural facilities,1
Mykolaivska,2023-09-25,2023-10-01,Electricity supply system,1
Mykolaivska,2023-09-25,2023-10-01,Total,3
Mykolaivska,2023-09-25,2023-10-01,Warehouse,1
Odeska,2023-09-25,2023-10-01,Government facilities,1
Odeska,2023-09-25,2023-10-01,Other,2
Odeska,2023-09-25,2023-10-01,Total,4
Odeska,2023-09-25,2023-10-01,Warehouse,1
Sumska,2023-09-25,2023-10-01,Electricity supply system,1
Sumska,2023-09-25,2023-10-01,Total,1
Chernihivska,2023-09-18,2023-09-24,Agricultural facilities,1
Chernihivska,2023-09-18,2023-09-24,Total,1
Dnipropetrovska,2023-09-18,2023-09-24,Agricultural facilities,1
Dnipropetrovska,2023-09-18,2023-09-24,"Cultural facilities (museum, theater etc.)",1
Dnipropetrovska,2023-09-18,2023-09-24,"Education facility (school, etc.)",3
Dnipropetrovska,2023-09-18,2023-09-24,Electricity supply system,3
Dnipropetrovska,2023-09-18,2023-09-24,Fuel depot,2
Dnipropetrovska,2023-09-18,2023-09-24,Gas supply system,2
Dnipropetrovska,2023-09-18,2023-09-24,Government facilities,1
Dnipropetrovska,2023-09-18,2023-09-24,"Health facility (hospital, health clinic)",2
Dnipropetrovska,2023-09-18,2023-09-24,Industrial/Business/Enterprise facilities,5
Dnipropetrovska,2023-09-18,2023-09-24,Other,1
Dnipropetrovska,2023-09-18,2023-09-24,Total,21
Kharkivska,2023-09-18,2023-09-24,Bridge,1
Kharkivska,2023-09-18,2023-09-24,Gas supply system,1
Kharkivska,2023-09-18,2023-09-24,Government facilities,1
Kharkivska,2023-09-18,2023-09-24,Total,4
Kharkivska,2023-09-18,2023-09-24,Water supply system,1
Khersonska,2023-09-18,2023-09-24,Agricultural facilities,1
Khersonska,2023-09-18,2023-09-24,"Cultural facilities (museum, theater etc.)",1
Khersonska,2023-09-18,2023-09-24,"Education facility (school, etc.)",3
Khersonska,2023-09-18,2023-09-24,Government facilities,2
Khersonska,2023-09-18,2023-09-24,"Health facility (hospital, health clinic)",3
Khersonska,2023-09-18,2023-09-24,Total,11
Khersonska,2023-09-18,2023-09-24,Warehouse,1
Khmelnytska,2023-09-18,2023-09-24,Industrial/Business/Enterprise facilities,1
Khmelnytska,2023-09-18,2023-09-24,Railway,1
Khmelnytska,2023-09-18,2023-09-24,Total,2
Kyiv,2023-09-18,2023-09-24,"Health facility (hospital, health clinic)",1
Kyiv,2023-09-18,2023-09-24,Industrial/Business/Enterprise facilities,1
Kyiv,2023-09-18,2023-09-24,Total,2
Lvivska,2023-09-18,2023-09-24,Total,3
Lvivska,2023-09-18,2023-09-24,Warehouse,3
Odeska,2023-09-18,2023-09-24,"Cultural facilities (museum, theater etc.)",2
Odeska,2023-09-18,2023-09-24,Total,2
Poltavska,2023-09-18,2023-09-24,Industrial/Business/Enterprise facilities,1
Poltavska,2023-09-18,2023-09-24,Total,1
Sumska,2023-09-18,2023-09-24,Agricultural facilities,1
Sumska,2023-09-18,2023-09-24,Electricity supply system,2
Sumska,2023-09-18,2023-09-24,Gas supply system,2
Sumska,2023-09-18,2023-09-24,Industrial/Business/Enterprise facilities,2
Sumska,2023-09-18,2023-09-24,Total,8
Sumska,2023-09-18,2023-09-24,Warehouse,1
Dnipropetrovska,2023-09-11,2023-09-17,"Education facility (school, etc.)",2
Dnipropetrovska,2023-09-11,2023-09-17,Electricity supply system,5
Dnipropetrovska,2023-09-11,2023-09-17,Gas supply system,6
Dnipropetrovska,2023-09-11,2023-09-17,Government facilities,1
Dnipropetrovska,2023-09-11,2023-09-17,Industrial/Business/Enterprise facilities,5
Dnipropetrovska,2023-09-11,2023-09-17,Total,19
Kharkivska,2023-09-11,2023-09-17,Agricultural facilities,1
Kharkivska,2023-09-11,2023-09-17,Government facilities,3
Kharkivska,2023-09-11,2023-09-17,Industrial/Business/Enterprise facilities,1
Kharkivska,2023-09-11,2023-09-17,Total,6
Kharkivska,2023-09-11,2023-09-17,Warehouse,1
Khersonska,2023-09-11,2023-09-17,"Education facility (school, etc.)",5
Khersonska,2023-09-11,2023-09-17,Government facilities,3
Khersonska,2023-09-11,2023-09-17,"Health facility (hospital, health clinic)",3
Khersonska,2023-09-11,2023-09-17,Industrial/Business/Enterprise facilities,3
Khersonska,2023-09-11,2023-09-17,Religious facilities,1
Khersonska,2023-09-11,2023-09-17,Telecommunications,1
Khersonska,2023-09-11,2023-09-17,Total,18
Khersonska,2023-09-11,2023-09-17,Water supply system,2
Mykolaivska,2023-09-11,2023-09-17,Gas supply system,1
Mykolaivska,2023-09-11,2023-09-17,Total,1
Odeska,2023-09-11,2023-09-17,Agricultural facilities,1
Odeska,2023-09-11,2023-09-17,Industrial/Business/Enterprise facilities,1
Odeska,2023-09-11,2023-09-17,Other,1
Odeska,2023-09-11,2023-09-17,Total,4
Odeska,2023-09-11,2023-09-17,Warehouse,1
Sumska,2023-09-11,2023-09-17,"Cultural facilities (museum, theater etc.)",1
Sumska,2023-09-11,2023-09-17,"Education facility (school, etc.)",2
Sumska,2023-09-11,2023-09-17,Industrial/Business/Enterprise facilities,2
Sumska,2023-09-11,2023-09-17,Total,6
Sumska,2023-09-11,2023-09-17,Water supply system,1
Dnipropetrovska,2023-09-04,2023-09-10,Agricultural facilities,1
Dnipropetrovska,2023-09-04,2023-09-10,"Education facility (school, etc.)",1
Dnipropetrovska,2023-09-04,2023-09-10,Electricity supply system,3
Dnipropetrovska,2023-09-04,2023-09-10,Government facilities,3
Dnipropetrovska,2023-09-04,2023-09-10,Industrial/Business/Enterprise facilities,3
Dnipropetrovska,2023-09-04,2023-09-10,Total,12
Dnipropetrovska,2023-09-04,2023-09-10,Warehouse,1
Donetska,2023-09-04,2023-09-10,Electricity supply system,1
Donetska,2023-09-04,2023-09-10,Industrial/Business/Enterprise facilities,3
Donetska,2023-09-04,2023-09-10,Total,4
Kharkivska,2023-09-04,2023-09-10,Agricultural facilities,1
Kharkivska,2023-09-04,2023-09-10,Industrial/Business/Enterprise facilities,1
Kharkivska,2023-09-04,2023-09-10,Total,2
Khersonska,2023-09-04,2023-09-10,Agricultural facilities,1
Khersonska,2023-09-04,2023-09-10,"Education facility (school, etc.)",4
Khersonska,2023-09-04,2023-09-10,Government facilities,2
Khersonska,2023-09-04,2023-09-10,Industrial/Business/Enterprise facilities,3
Khersonska,2023-09-04,2023-09-10,Telecommunications,1
Khersonska,2023-09-04,2023-09-10,Total,11
Odeska,2023-09-04,2023-09-10,Agricultural facilities,4
Odeska,2023-09-04,2023-09-10,Government facilities,2
Odeska,2023-09-04,2023-09-10,Industrial/Business/Enterprise facilities,2
Odeska,2023-09-04,2023-09-10,Other,1
Odeska,2023-09-04,2023-09-10,Total,10
Odeska,2023-09-04,2023-09-10,Warehouse,1
Sumska,2023-09-04,2023-09-10,"Cultural facilities (museum, theater etc.)",1
Sumska,2023-09-04,2023-09-10,"Education facility (school, etc.)",2
Sumska,2023-09-04,2023-09-10,Electricity supply system,3
Sumska,2023-09-04,2023-09-10,Government facilities,2
Sumska,2023-09-04,2023-09-10,Industrial/Business/Enterprise facilities,1
Sumska,2023-09-04,2023-09-10,Railway,1
Sumska,2023-09-04,2023-09-10,Telecommunications,2
Sumska,2023-09-04,2023-09-10,Total,13
Sumska,2023-09-04,2023-09-10,Warehouse,1
Zaporizka,2023-09-04,2023-09-10,"Education facility (school, etc.)",3
Zaporizka,2023-09-04,2023-09-10,Government facilities,1
Zaporizka,2023-09-04,2023-09-10,Total,4
Chernihivska,2023-08-28,2023-09-03,"Health facility (hospital, health clinic)",1
Chernihivska,2023-08-28,2023-09-03,Total,1
Dnipropetrovska,2023-08-28,2023-09-03,Electricity supply system,5
Dnipropetrovska,2023-08-28,2023-09-03,Gas supply system,3
Dnipropetrovska,2023-08-28,2023-09-03,Government facilities,1
Dnipropetrovska,2023-08-28,2023-09-03,Industrial/Business/Enterprise facilities,2
Dnipropetrovska,2023-08-28,2023-09-03,Total,11
Donetska,2023-08-28,2023-09-03,"Cultural facilities (museum, theater etc.)",1
Donetska,2023-08-28,2023-09-03,"Education facility (school, etc.)",1
Donetska,2023-08-28,2023-09-03,Electricity supply system,1
Donetska,2023-08-28,2023-09-03,Industrial/Business/Enterprise facilities,3
Donetska,2023-08-28,2023-09-03,Other,1
Donetska,2023-08-28,2023-09-03,Road / Highway,1
Donetska,2023-08-28,2023-09-03,Total,8
Kharkivska,2023-08-28,2023-09-03,Agricultural facilities,1
Kharkivska,2023-08-28,2023-09-03,Electricity supply system,2
Kharkivska,2023-08-28,2023-09-03,Gas supply system,3
Kharkivska,2023-08-28,2023-09-03,Government facilities,4
Kharkivska,2023-08-28,2023-09-03,Industrial/Business/Enterprise facilities,4
Kharkivska,2023-08-28,2023-09-03,Other,1
Kharkivska,2023-08-28,2023-09-03,Total,17
Kharkivska,2023-08-28,2023-09-03,Warehouse,2
Khersonska,2023-08-28,2023-09-03,Agricultural facilities,1
Khersonska,2023-08-28,2023-09-03,"Education facility (school, etc.)",2
Khersonska,2023-08-28,2023-09-03,Industrial/Business/Enterprise facilities,2
Khersonska,2023-08-28,2023-09-03,Other,1
Khersonska,2023-08-28,2023-09-03,Religious facilities,1
Khersonska,2023-08-28,2023-09-03,Total,7
Sumska,2023-08-28,2023-09-03,Agricultural facilities,1
Sumska,2023-08-28,2023-09-03,"Cultural facilities (museum, theater etc.)",3
Sumska,2023-08-28,2023-09-03,"Education facility (school, etc.)",2
Sumska,2023-08-28,2023-09-03,Electricity supply system,1
Sumska,2023-08-28,2023-09-03,Government facilities,7
Sumska,2023-08-28,2023-09-03,Industrial/Business/Enterprise facilities,4
Sumska,2023-08-28,2023-09-03,Total,19
Sumska,2023-08-28,2023-09-03,Water supply system,1
Chernihivska,2023-08-21,2023-08-27,Government facilities,1
Chernihivska,2023-08-21,2023-08-27,Total,1
Dnipropetrovska,2023-08-21,2023-08-27,Agricultural facilities,2
Dnipropetrovska,2023-08-21,2023-08-27,"Education facility (school, etc.)",2
Dnipropetrovska,2023-08-21,2023-08-27,Electricity supply system,4
Dnipropetrovska,2023-08-21,2023-08-27,Fuel depot,1
Dnipropetrovska,2023-08-21,2023-08-27,Gas supply system,4
Dnipropetrovska,2023-08-21,2023-08-27,Government facilities,5
Dnipropetrovska,2023-08-21,2023-08-27,Industrial/Business/Enterprise facilities,7
Dnipropetrovska,2023-08-21,2023-08-27,Total,26
Dnipropetrovska,2023-08-21,2023-08-27,Water supply system,1
Donetska,2023-08-21,2023-08-27,Industrial/Business/Enterprise facilities,1
Donetska,2023-08-21,2023-08-27,Total,1
Kharkivska,2023-08-21,2023-08-27,Agricultural facilities,1
Kharkivska,2023-08-21,2023-08-27,Bridge,1
Kharkivska,2023-08-21,2023-08-27,"Cultural facilities (museum, theater etc.)",1
Kharkivska,2023-08-21,2023-08-27,"Education facility (school, etc.)",2
Kharkivska,2023-08-21,2023-08-27,Electricity supply system,2
Kharkivska,2023-08-21,2023-08-27,Gas supply system,1
Kharkivska,2023-08-21,2023-08-27,Government facilities,3
Kharkivska,2023-08-21,2023-08-27,"Health facility (hospital, health clinic)",1
Kharkivska,2023-08-21,2023-08-27,Industrial/Business/Enterprise facilities,4
Kharkivska,2023-08-21,2023-08-27,Other,1
Kharkivska,2023-08-21,2023-08-27,Total,17
Khersonska,2023-08-21,2023-08-27,Agricultural facilities,3
Khersonska,2023-08-21,2023-08-27,"Cultural facilities (museum, theater etc.)",1
Khersonska,2023-08-21,2023-08-27,"Education facility (school, etc.)",5
Khersonska,2023-08-21,2023-08-27,Electricity supply system,1
Khersonska,2023-08-21,2023-08-27,Gas supply system,2
Khersonska,2023-08-21,2023-08-27,Government facilities,3
Khersonska,2023-08-21,2023-08-27,"Health facility (hospital, health clinic)",2
Khersonska,2023-08-21,2023-08-27,Industrial/Business/Enterprise facilities,10
Khersonska,2023-08-21,2023-08-27,Other,1
Khersonska,2023-08-21,2023-08-27,Total,29
Khersonska,2023-08-21,2023-08-27,Warehouse,1
Mykolaivska,2023-08-21,2023-08-27,Gas supply system,1
Mykolaivska,2023-08-21,2023-08-27,Industrial/Business/Enterprise facilities,1
Mykolaivska,2023-08-21,2023-08-27,Telecommunications,1
Mykolaivska,2023-08-21,2023-08-27,Total,3
Odeska,2023-08-21,2023-08-27,Industrial/Business/Enterprise facilities,1
Odeska,2023-08-21,2023-08-27,Total,2
Odeska,2023-08-21,2023-08-27,Warehouse,1
Sumska,2023-08-21,2023-08-27,"Education facility (school, etc.)",1
Sumska,2023-08-21,2023-08-27,Total,1
Cherkaska,2023-08-14,2023-08-20,"Health facility (hospital, health clinic)",1
Cherkaska,2023-08-14,2023-08-20,Heating and water facility,1
Cherkaska,2023-08-14,2023-08-20,Industrial/Business/Enterprise facilities,1
Cherkaska,2023-08-14,2023-08-20,Total,3
Chernihivska,2023-08-14,2023-08-20,"Cultural facilities (museum, theater etc.)",1
Chernihivska,2023-08-14,2023-08-20,Electricity supply system,1
Chernihivska,2023-08-14,2023-08-20,Government facilities,10
Chernihivska,2023-08-14,2023-08-20,Industrial/Business/Enterprise facilities,1
Chernihivska,2023-08-14,2023-08-20,Telecommunications,1
Chernihivska,2023-08-14,2023-08-20,Total,14
Dnipropetrovska,2023-08-14,2023-08-20,Agricultural facilities,1
Dnipropetrovska,2023-08-14,2023-08-20,"Education facility (school, etc.)",1
Dnipropetrovska,2023-08-14,2023-08-20,Electricity supply system,6
Dnipropetrovska,2023-08-14,2023-08-20,Government facilities,1
Dnipropetrovska,2023-08-14,2023-08-20,Industrial/Business/Enterprise facilities,2
Dnipropetrovska,2023-08-14,2023-08-20,Other,1
Dnipropetrovska,2023-08-14,2023-08-20,Total,12
Donetska,2023-08-14,2023-08-20,Industrial/Business/Enterprise facilities,1
Donetska,2023-08-14,2023-08-20,Total,1
Kharkivska,2023-08-14,2023-08-20,"Education facility (school, etc.)",1
Kharkivska,2023-08-14,2023-08-20,"Health facility (hospital, health clinic)",1
Kharkivska,2023-08-14,2023-08-20,Other,1
Kharkivska,2023-08-14,2023-08-20,Total,4
Kharkivska,2023-08-14,2023-08-20,Warehouse,1
Khersonska,2023-08-14,2023-08-20,"Cultural facilities (museum, theater etc.)",1
Khersonska,2023-08-14,2023-08-20,"Education facility (school, etc.)",1
Khersonska,2023-08-14,2023-08-20,Electricity supply system,1
Khersonska,2023-08-14,2023-08-20,Government facilities,1
Khersonska,2023-08-14,2023-08-20,"Health facility (hospital, health clinic)",2
Khersonska,2023-08-14,2023-08-20,Industrial/Business/Enterprise facilities,2
Khersonska,2023-08-14,2023-08-20,Religious facilities,1
Khersonska,2023-08-14,2023-08-20,Total,9
Khmelnytska,2023-08-14,2023-08-20,"Cultural facilities (museum, theater etc.)",1
Khmelnytska,2023-08-14,2023-08-20,"Education facility (school, etc.)",1
Khmelnytska,2023-08-14,2023-08-20,Government facilities,1
Khmelnytska,2023-08-14,2023-08-20,Total,3
Lvivska,2023-08-14,2023-08-20,"Education facility (school, etc.)",2
Lvivska,2023-08-14,2023-08-20,Industrial/Business/Enterprise facilities,2
Lvivska,2023-08-14,2023-08-20,Total,4
Odeska,2023-08-14,2023-08-20,Agricultural facilities,1
Odeska,2023-08-14,2023-08-20,"Education facility (school, etc.)",7
Odeska,2023-08-14,2023-08-20,Industrial/Business/Enterprise facilities,1
Odeska,2023-08-14,2023-08-20,Other,1
Odeska,2023-08-14,2023-08-20,Total,11
Odeska,2023-08-14,2023-08-20,Warehouse,1
Sumska,2023-08-14,2023-08-20,Electricity supply system,2
Sumska,2023-08-14,2023-08-20,Industrial/Business/Enterprise facilities,2
Sumska,2023-08-14,2023-08-20,Total,4
Volynska,2023-08-14,2023-08-20,Industrial/Business/Enterprise facilities,1
Volynska,2023-08-14,2023-08-20,Total,1
Zaporizka,2023-08-14,2023-08-20,"Cultural facilities (museum, theater etc.)",1
Zaporizka,2023-08-14,2023-08-20,"Education facility (school, etc.)",1
Zaporizka,2023-08-14,2023-08-20,Electricity supply system,1
Zaporizka,2023-08-14,2023-08-20,Religious facilities,1
Zaporizka,2023-08-14,2023-08-20,Total,4
Dnipropetrovska,2023-08-07,2023-08-13,"Education facility (school, etc.)",2
Dnipropetrovska,2023-08-07,2023-08-13,Electricity supply system,14
Dnipropetrovska,2023-08-07,2023-08-13,Gas supply system,6
Dnipropetrovska,2023-08-07,2023-08-13,Government facilities,1
Dnipropetrovska,2023-08-07,2023-08-13,Industrial/Business/Enterprise facilities,1
Dnipropetrovska,2023-08-07,2023-08-13,Religious facilities,1
Dnipropetrovska,2023-08-07,2023-08-13,Total,25
Donetska,2023-08-07,2023-08-13,Government facilities,1
Donetska,2023-08-07,2023-08-13,Industrial/Business/Enterprise facilities,3
Donetska,2023-08-07,2023-08-13,Total,4
Ivano-Frankivska,2023-08-07,2023-08-13,Other,1
Ivano-Frankivska,2023-08-07,2023-08-13,Total,1
Kharkivska,2023-08-07,2023-08-13,"Education facility (school, etc.)",1
Kharkivska,2023-08-07,2023-08-13,Government facilities,1
Kharkivska,2023-08-07,2023-08-13,Industrial/Business/Enterprise facilities,3
Kharkivska,2023-08-07,2023-08-13,Railway,1
Kharkivska,2023-08-07,2023-08-13,Total,6
Khersonska,2023-08-07,2023-08-13,Agricultural facilities,1
Khersonska,2023-08-07,2023-08-13,"Education facility (school, etc.)",2
Khersonska,2023-08-07,2023-08-13,Electricity supply system,1
Khersonska,2023-08-07,2023-08-13,Government facilities,2
Khersonska,2023-08-07,2023-08-13,"Health facility (hospital, health clinic)",5
Khersonska,2023-08-07,2023-08-13,Industrial/Business/Enterprise facilities,3
Khersonska,2023-08-07,2023-08-13,Other,1
Khersonska,2023-08-07,2023-08-13,Total,16
Khersonska,2023-08-07,2023-08-13,Warehouse,1
Rivnenska,2023-08-07,2023-08-13,Fuel depot,1
Rivnenska,2023-08-07,2023-08-13,Total,1
Sumska,2023-08-07,2023-08-13,"Cultural facilities (museum, theater etc.)",1
Sumska,2023-08-07,2023-08-13,Total,1
Zaporizka,2023-08-07,2023-08-13,"Education facility (school, etc.)",1
Zaporizka,2023-08-07,2023-08-13,Industrial/Business/Enterprise facilities,2
Zaporizka,2023-08-07,2023-08-13,Religious facilities,1
Zaporizka,2023-08-07,2023-08-13,Total,4
Dnipropetrovska,2023-07-31,2023-08-06,"Education facility (school, etc.)",4
Dnipropetrovska,2023-07-31,2023-08-06,Electricity supply system,4
Dnipropetrovska,2023-07-31,2023-08-06,Gas supply system,5
Dnipropetrovska,2023-07-31,2023-08-06,Government facilities,1
Dnipropetrovska,2023-07-31,2023-08-06,Industrial/Business/Enterprise facilities,1
Dnipropetrovska,2023-07-31,2023-08-06,Telecommunications,1
Dnipropetrovska,2023-07-31,2023-08-06,Total,16
Donetska,2023-07-31,2023-08-06,Government facilities,1
Donetska,2023-07-31,2023-08-06,Industrial/Business/Enterprise facilities,1
Donetska,2023-07-31,2023-08-06,Total,2
Kharkivska,2023-07-31,2023-08-06,Agricultural facilities,3
Kharkivska,2023-07-31,2023-08-06,"Education facility (school, etc.)",1
Kharkivska,2023-07-31,2023-08-06,Industrial/Business/Enterprise facilities,4
Kharkivska,2023-07-31,2023-08-06,Other,2
Kharkivska,2023-07-31,2023-08-06,Total,11
Kharkivska,2023-07-31,2023-08-06,Warehouse,1
Khersonska,2023-07-31,2023-08-06,"Cultural facilities (museum, theater etc.)",2
Khersonska,2023-07-31,2023-08-06,"Education facility (school, etc.)",2
Khersonska,2023-07-31,2023-08-06,Government facilities,4
Khersonska,2023-07-31,2023-08-06,"Health facility (hospital, health clinic)",2
Khersonska,2023-07-31,2023-08-06,Industrial/Business/Enterprise facilities,4
Khersonska,2023-07-31,2023-08-06,Other,3
Khersonska,2023-07-31,2023-08-06,Religious facilities,3
Khersonska,2023-07-31,2023-08-06,Total,20
Khmelnytska,2023-07-31,2023-08-06,Agricultural facilities,1
Khmelnytska,2023-07-31,2023-08-06,"Cultural facilities (museum, theater etc.)",1
Khmelnytska,2023-07-31,2023-08-06,Other,1
Khmelnytska,2023-07-31,2023-08-06,Total,3
Luhanska,2023-07-31,2023-08-06,Agricultural facilities,1
Luhanska,2023-07-31,2023-08-06,Bridge,1
Luhanska,2023-07-31,2023-08-06,Road / Highway,1
Luhanska,2023-07-31,2023-08-06,Total,3
Odeska,2023-07-31,2023-08-06,Industrial/Business/Enterprise facilities,1
Odeska,2023-07-31,2023-08-06,Total,1
Sumska,2023-07-31,2023-08-06,Industrial/Business/Enterprise facilities,1
Sumska,2023-07-31,2023-08-06,Road / Highway,1
Sumska,2023-07-31,2023-08-06,Total,2
Zaporizka,2023-07-31,2023-08-06,Government facilities,1
Zaporizka,2023-07-31,2023-08-06,Total,2
Zaporizka,2023-07-31,2023-08-06,Warehouse,1
Dnipropetrovska,2023-07-24,2023-07-30,Agricultural facilities,1
Dnipropetrovska,2023-07-24,2023-07-30,"Education facility (school, etc.)",1
Dnipropetrovska,2023-07-24,2023-07-30,Electricity supply system,3
Dnipropetrovska,2023-07-24,2023-07-30,Gas supply system,1
Dnipropetrovska,2023-07-24,2023-07-30,Government facilities,2
Dnipropetrovska,2023-07-24,2023-07-30,Industrial/Business/Enterprise facilities,3
Dnipropetrovska,2023-07-24,2023-07-30,Other,1
Dnipropetrovska,2023-07-24,2023-07-30,Religious facilities,1
Dnipropetrovska,2023-07-24,2023-07-30,Total,15
Dnipropetrovska,2023-07-24,2023-07-30,Warehouse,2
Kharkivska,2023-07-24,2023-07-30,Agricultural facilities,2
Kharkivska,2023-07-24,2023-07-30,"Education facility (school, etc.)",1
Kharkivska,2023-07-24,2023-07-30,Electricity supply system,2
Kharkivska,2023-07-24,2023-07-30,Government facilities,1
Kharkivska,2023-07-24,2023-07-30,Industrial/Business/Enterprise facilities,1
Kharkivska,2023-07-24,2023-07-30,Total,7
Khersonska,2023-07-24,2023-07-30,Agricultural facilities,2
Khersonska,2023-07-24,2023-07-30,"Education facility (school, etc.)",1
Khersonska,2023-07-24,2023-07-30,Electricity supply system,1
Khersonska,2023-07-24,2023-07-30,Industrial/Business/Enterprise facilities,2
Khersonska,2023-07-24,2023-07-30,Total,7
Khersonska,2023-07-24,2023-07-30,Warehouse,1
Odeska,2023-07-24,2023-07-30,Government facilities,1
Odeska,2023-07-24,2023-07-30,Oil depot,1
Odeska,2023-07-24,2023-07-30,Other,1
Odeska,2023-07-24,2023-07-30,Total,7
Odeska,2023-07-24,2023-07-30,Warehouse,4
Sumska,2023-07-24,2023-07-30,Agricultural facilities,1
Sumska,2023-07-24,2023-07-30,"Education facility (school, etc.)",1
Sumska,2023-07-24,2023-07-30,Electricity supply system,4
Sumska,2023-07-24,2023-07-30,Total,6
Chernihivska,2023-07-17,2023-07-23,Bridge,1
Chernihivska,2023-07-17,2023-07-23,Telecommunications,1
Chernihivska,2023-07-17,2023-07-23,Total,2
Dnipropetrovska,2023-07-17,2023-07-23,Electricity supply system,2
Dnipropetrovska,2023-07-17,2023-07-23,Industrial/Business/Enterprise facilities,2
Dnipropetrovska,2023-07-17,2023-07-23,Other,1
Dnipropetrovska,2023-07-17,2023-07-23,Total,5
Donetska,2023-07-17,2023-07-23,"Cultural facilities (museum, theater etc.)",1
Donetska,2023-07-17,2023-07-23,Total,1
Kharkivska,2023-07-17,2023-07-23,Agricultural facilities,1
Kharkivska,2023-07-17,2023-07-23,"Cultural facilities (museum, theater etc.)",1
Kharkivska,2023-07-17,2023-07-23,Electricity supply system,1
Kharkivska,2023-07-17,2023-07-23,Industrial/Business/Enterprise facilities,3
Kharkivska,2023-07-17,2023-07-23,Total,6
Khersonska,2023-07-17,2023-07-23,Agricultural facilities,2
Khersonska,2023-07-17,2023-07-23,"Cultural facilities (museum, theater etc.)",3
Khersonska,2023-07-17,2023-07-23,"Education facility (school, etc.)",2
Khersonska,2023-07-17,2023-07-23,Government facilities,1
Khersonska,2023-07-17,2023-07-23,Industrial/Business/Enterprise facilities,2
Khersonska,2023-07-17,2023-07-23,Other,1
Khersonska,2023-07-17,2023-07-23,Total,12
Khersonska,2023-07-17,2023-07-23,Warehouse,1
Mykolaivska,2023-07-17,2023-07-23,"Cultural facilities (museum, theater etc.)",1
Mykolaivska,2023-07-17,2023-07-23,"Education facility (school, etc.)",3
Mykolaivska,2023-07-17,2023-07-23,Government facilities,1
Mykolaivska,2023-07-17,2023-07-23,"Health facility (hospital, health clinic)",1
Mykolaivska,2023-07-17,2023-07-23,Total,6
Odeska,2023-07-17,2023-07-23,"Cultural facilities (museum, theater etc.)",26
Odeska,2023-07-17,2023-07-23,"Education facility (school, etc.)",5
Odeska,2023-07-17,2023-07-23,Government facilities,2
Odeska,2023-07-17,2023-07-23,Industrial/Business/Enterprise facilities,2
Odeska,2023-07-17,2023-07-23,Other,2
Odeska,2023-07-17,2023-07-23,Religious facilities,2
Odeska,2023-07-17,2023-07-23,Total,43
Odeska,2023-07-17,2023-07-23,Warehouse,4
Sumska,2023-07-17,2023-07-23,Agricultural facilities,1
Sumska,2023-07-17,2023-07-23,Electricity supply system,4
Sumska,2023-07-17,2023-07-23,Gas supply system,2
Sumska,2023-07-17,2023-07-23,Government facilities,2
Sumska,2023-07-17,2023-07-23,Other,1
Sumska,2023-07-17,2023-07-23,Total,10
Zaporizka,2023-07-17,2023-07-23,Agricultural facilities,1
Zaporizka,2023-07-17,2023-07-23,Total,1
Chernihivska,2023-07-10,2023-07-16,Agricultural facilities,1
Chernihivska,2023-07-10,2023-07-16,Total,1
Dnipropetrovska,2023-07-10,2023-07-16,Electricity supply system,1
Dnipropetrovska,2023-07-10,2023-07-16,Government facilities,1
Dnipropetrovska,2023-07-10,2023-07-16,Industrial/Business/Enterprise facilities,1
Dnipropetrovska,2023-07-10,2023-07-16,Total,4
Dnipropetrovska,2023-07-10,2023-07-16,Warehouse,1
Donetska,2023-07-10,2023-07-16,Industrial/Business/Enterprise facilities,1
Donetska,2023-07-10,2023-07-16,Total,1
Kharkivska,2023-07-10,2023-07-16,"Cultural facilities (museum, theater etc.)",1
Kharkivska,2023-07-10,2023-07-16,Other,1
Kharkivska,2023-07-10,2023-07-16,Road / Highway,1
Kharkivska,2023-07-10,2023-07-16,Total,4
Kharkivska,2023-07-10,2023-07-16,Warehouse,1
Khersonska,2023-07-10,2023-07-16,"Cultural facilities (museum, theater etc.)",2
Khersonska,2023-07-10,2023-07-16,Gas supply system,1
Khersonska,2023-07-10,2023-07-16,Government facilities,2
Khersonska,2023-07-10,2023-07-16,"Health facility (hospital, health clinic)",1
Khersonska,2023-07-10,2023-07-16,Industrial/Business/Enterprise facilities,3
Khersonska,2023-07-10,2023-07-16,Total,11
Khersonska,2023-07-10,2023-07-16,Warehouse,1
Khersonska,2023-07-10,2023-07-16,Water supply system,1
Kyiv,2023-07-10,2023-07-16,Total,1
Kyiv,2023-07-10,2023-07-16,Warehouse,1
Mykolaivska,2023-07-10,2023-07-16,Telecommunications,1
Mykolaivska,2023-07-10,2023-07-16,Total,1
Odeska,2023-07-10,2023-07-16,Harbor,1
Odeska,2023-07-10,2023-07-16,Total,1
Sumska,2023-07-10,2023-07-16,Electricity supply system,2
Sumska,2023-07-10,2023-07-16,Gas supply system,1
Sumska,2023-07-10,2023-07-16,Industrial/Business/Enterprise facilities,1
Sumska,2023-07-10,2023-07-16,Total,4
Zaporizka,2023-07-10,2023-07-16,"Education facility (school, etc.)",1
Zaporizka,2023-07-10,2023-07-16,Government facilities,1
Zaporizka,2023-07-10,2023-07-16,Industrial/Business/Enterprise facilities,1
Zaporizka,2023-07-10,2023-07-16,Total,3
Cherkaska,2023-07-03,2023-07-09,Electricity supply system,1
Cherkaska,2023-07-03,2023-07-09,Total,1
Dnipropetrovska,2023-07-03,2023-07-09,Electricity supply system,3
Dnipropetrovska,2023-07-03,2023-07-09,Gas supply system,1
Dnipropetrovska,2023-07-03,2023-07-09,Industrial/Business/Enterprise facilities,1
Dnipropetrovska,2023-07-03,2023-07-09,Total,5
Donetska,2023-07-03,2023-07-09,Oil depot,1
Donetska,2023-07-03,2023-07-09,Total,1
Kharkivska,2023-07-03,2023-07-09,Industrial/Business/Enterprise facilities,1
Kharkivska,2023-07-03,2023-07-09,Railway,1
Kharkivska,2023-07-03,2023-07-09,Total,2
Khersonska,2023-07-03,2023-07-09,"Education facility (school, etc.)",1
Khersonska,2023-07-03,2023-07-09,Industrial/Business/Enterprise facilities,2
Khersonska,2023-07-03,2023-07-09,Total,3
Lvivska,2023-07-03,2023-07-09,"Cultural facilities (museum, theater etc.)",1
Lvivska,2023-07-03,2023-07-09,"Education facility (school, etc.)",5
Lvivska,2023-07-03,2023-07-09,Electricity supply system,1
Lvivska,2023-07-03,2023-07-09,Industrial/Business/Enterprise facilities,1
Lvivska,2023-07-03,2023-07-09,Total,8
Mykolaivska,2023-07-03,2023-07-09,Industrial/Business/Enterprise facilities,1
Mykolaivska,2023-07-03,2023-07-09,Total,2
Mykolaivska,2023-07-03,2023-07-09,Warehouse,1
Sumska,2023-07-03,2023-07-09,"Education facility (school, etc.)",2
Sumska,2023-07-03,2023-07-09,Electricity supply system,1
Sumska,2023-07-03,2023-07-09,Government facilities,1
Sumska,2023-07-03,2023-07-09,Industrial/Business/Enterprise facilities,2
Sumska,2023-07-03,2023-07-09,Total,6
Cherkaska,2023-06-26,2023-07-02,Total,1
Cherkaska,2023-06-26,2023-07-02,Warehouse,1
Dnipropetrovska,2023-06-26,2023-07-02,Agricultural facilities,1
Dnipropetrovska,2023-06-26,2023-07-02,Government facilities,1
Dnipropetrovska,2023-06-26,2023-07-02,Industrial/Business/Enterprise facilities,1
Dnipropetrovska,2023-06-26,2023-07-02,Other,1
Dnipropetrovska,2023-06-26,2023-07-02,Religious facilities,1
Dnipropetrovska,2023-06-26,2023-07-02,Total,5
Donetska,2023-06-26,2023-07-02,"Education facility (school, etc.)",1
Donetska,2023-06-26,2023-07-02,Industrial/Business/Enterprise facilities,1
Donetska,2023-06-26,2023-07-02,Total,2
Kharkivska,2023-06-26,2023-07-02,Electricity supply system,1
Kharkivska,2023-06-26,2023-07-02,Railway,1
Kharkivska,2023-06-26,2023-07-02,Total,2
Khersonska,2023-06-26,2023-07-02,Agricultural facilities,1
Khersonska,2023-06-26,2023-07-02,"Education facility (school, etc.)",1
Khersonska,2023-06-26,2023-07-02,Government facilities,1
Khersonska,2023-06-26,2023-07-02,"Health facility (hospital, health clinic)",1
Khersonska,2023-06-26,2023-07-02,Industrial/Business/Enterprise facilities,1
Khersonska,2023-06-26,2023-07-02,Road / Highway,1
Khersonska,2023-06-26,2023-07-02,Total,6
Sumska,2023-06-26,2023-07-02,Electricity supply system,1
Sumska,2023-06-26,2023-07-02,Total,1
Zaporizka,2023-06-26,2023-07-02,Railway,1
Zaporizka,2023-06-26,2023-07-02,Total,1
Dnipropetrovska,2023-06-19,2023-06-25,Electricity supply system,8
Dnipropetrovska,2023-06-19,2023-06-25,Gas supply system,3
Dnipropetrovska,2023-06-19,2023-06-25,Government facilities,2
Dnipropetrovska,2023-06-19,2023-06-25,Industrial/Business/Enterprise facilities,1
Dnipropetrovska,2023-06-19,2023-06-25,Other,1
Dnipropetrovska,2023-06-19,2023-06-25,Total,16
Dnipropetrovska,2023-06-19,2023-06-25,Water supply system,1
Donetska,2023-06-19,2023-06-25,Electricity supply system,1
Donetska,2023-06-19,2023-06-25,Industrial/Business/Enterprise facilities,1
Donetska,2023-06-19,2023-06-25,Total,2
Kharkivska,2023-06-19,2023-06-25,Electricity supply system,2
Kharkivska,2023-06-19,2023-06-25,Gas supply system,1
Kharkivska,2023-06-19,2023-06-25,Government facilities,1
Kharkivska,2023-06-19,2023-06-25,Industrial/Business/Enterprise facilities,2
Kharkivska,2023-06-19,2023-06-25,Total,6
Khersonska,2023-06-19,2023-06-25,Bridge,1
Khersonska,2023-06-19,2023-06-25,"Education facility (school, etc.)",2
Khersonska,2023-06-19,2023-06-25,Fuel depot,1
Khersonska,2023-06-19,2023-06-25,Government facilities,6
Khersonska,2023-06-19,2023-06-25,Industrial/Business/Enterprise facilities,3
Khersonska,2023-06-19,2023-06-25,Total,13
Mykolaivska,2023-06-19,2023-06-25,Harbor,1
Mykolaivska,2023-06-19,2023-06-25,Other,1
Mykolaivska,2023-06-19,2023-06-25,Total,2
Sumska,2023-06-19,2023-06-25,Electricity supply system,3
Sumska,2023-06-19,2023-06-25,Gas supply system,1
Sumska,2023-06-19,2023-06-25,Industrial/Business/Enterprise facilities,1
Sumska,2023-06-19,2023-06-25,Total,6
Sumska,2023-06-19,2023-06-25,Water supply system,1
Zaporizka,2023-06-19,2023-06-25,Agricultural facilities,2
Zaporizka,2023-06-19,2023-06-25,"Education facility (school, etc.)",1
Zaporizka,2023-06-19,2023-06-25,Industrial/Business/Enterprise facilities,1
Zaporizka,2023-06-19,2023-06-25,Total,4
Dnipropetrovska,2023-06-12,2023-06-18,"Cultural facilities (museum, theater etc.)",1
Dnipropetrovska,2023-06-12,2023-06-18,Gas supply system,1
Dnipropetrovska,2023-06-12,2023-06-18,Industrial/Business/Enterprise facilities,2
Dnipropetrovska,2023-06-12,2023-06-18,Total,4
Donetska,2023-06-12,2023-06-18,"Education facility (school, etc.)",1
Donetska,2023-06-12,2023-06-18,Electricity supply system,1
Donetska,2023-06-12,2023-06-18,Gas supply system,1
Donetska,2023-06-12,2023-06-18,Government facilities,1
Donetska,2023-06-12,2023-06-18,Total,4
Kharkivska,2023-06-12,2023-06-18,Gas supply system,1
Kharkivska,2023-06-12,2023-06-18,Industrial/Business/Enterprise facilities,2
Kharkivska,2023-06-12,2023-06-18,Railway,1
Kharkivska,2023-06-12,2023-06-18,Total,4
Khersonska,2023-06-12,2023-06-18,"Education facility (school, etc.)",2
Khersonska,2023-06-12,2023-06-18,Electricity supply system,1
Khersonska,2023-06-12,2023-06-18,Gas supply system,1
Khersonska,2023-06-12,2023-06-18,Government facilities,1
Khersonska,2023-06-12,2023-06-18,"Health facility (hospital, health clinic)",1
Khersonska,2023-06-12,2023-06-18,Industrial/Business/Enterprise facilities,3
Khersonska,2023-06-12,2023-06-18,Other,1
Khersonska,2023-06-12,2023-06-18,Religious facilities,1
Khersonska,2023-06-12,2023-06-18,Total,11
Kirovohradska,2023-06-12,2023-06-18,Industrial/Business/Enterprise facilities,1
Kirovohradska,2023-06-12,2023-06-18,Total,1
Mykolaivska,2023-06-12,2023-06-18,Industrial/Business/Enterprise facilities,1
Mykolaivska,2023-06-12,2023-06-18,Total,1
Odeska,2023-06-12,2023-06-18,"Education facility (school, etc.)",2
Odeska,2023-06-12,2023-06-18,Industrial/Business/Enterprise facilities,6
Odeska,2023-06-12,2023-06-18,Total,9
Odeska,2023-06-12,2023-06-18,Warehouse,1
Sumska,2023-06-12,2023-06-18,Agricultural facilities,1
Sumska,2023-06-12,2023-06-18,"Education facility (school, etc.)",1
Sumska,2023-06-12,2023-06-18,Electricity supply system,5
Sumska,2023-06-12,2023-06-18,Gas supply system,1
Sumska,2023-06-12,2023-06-18,Industrial/Business/Enterprise facilities,8
Sumska,2023-06-12,2023-06-18,Telecommunications,1
Sumska,2023-06-12,2023-06-18,Total,18
Sumska,2023-06-12,2023-06-18,Warehouse,1
Zaporizka,2023-06-12,2023-06-18,Total,1
Zaporizka,2023-06-12,2023-06-18,Water supply system,1
Cherkaska,2023-06-05,2023-06-11,Industrial/Business/Enterprise facilities,3
Cherkaska,2023-06-05,2023-06-11,Total,3
Chernihivska,2023-06-05,2023-06-11,Bridge,1
Chernihivska,2023-06-05,2023-06-11,Industrial/Business/Enterprise facilities,1
Chernihivska,2023-06-05,2023-06-11,Total,2
Dnipropetrovska,2023-06-05,2023-06-11,"Education facility (school, etc.)",4
Dnipropetrovska,2023-06-05,2023-06-11,Electricity supply system,4
Dnipropetrovska,2023-06-05,2023-06-11,Gas supply system,1
Dnipropetrovska,2023-06-05,2023-06-11,"Health facility (hospital, health clinic)",1
Dnipropetrovska,2023-06-05,2023-06-11,Industrial/Business/Enterprise facilities,3
Dnipropetrovska,2023-06-05,2023-06-11,Religious facilities,1
Dnipropetrovska,2023-06-05,2023-06-11,Total,14
Donetska,2023-06-05,2023-06-11,"Health facility (hospital, health clinic)",1
Donetska,2023-06-05,2023-06-11,Industrial/Business/Enterprise facilities,2
Donetska,2023-06-05,2023-06-11,Total,5
Donetska,2023-06-05,2023-06-11,Warehouse,1
Donetska,2023-06-05,2023-06-11,Water supply system,1
Kharkivska,2023-06-05,2023-06-11,Airport,1
Kharkivska,2023-06-05,2023-06-11,Chemical storage unit,3
Kharkivska,2023-06-05,2023-06-11,"Education facility (school, etc.)",1
Kharkivska,2023-06-05,2023-06-11,Gas supply system,1
Kharkivska,2023-06-05,2023-06-11,"Health facility (hospital, health clinic)",1
Kharkivska,2023-06-05,2023-06-11,Industrial/Business/Enterprise facilities,2
Kharkivska,2023-06-05,2023-06-11,Other,1
Kharkivska,2023-06-05,2023-06-11,Road / Highway,1
Kharkivska,2023-06-05,2023-06-11,Total,12
Kharkivska,2023-06-05,2023-06-11,Water supply system,1
Khersonska,2023-06-05,2023-06-11,Agricultural facilities,2
Khersonska,2023-06-05,2023-06-11,"Education facility (school, etc.)",3
Khersonska,2023-06-05,2023-06-11,Government facilities,1
Khersonska,2023-06-05,2023-06-11,"Health facility (hospital, health clinic)",1
Khersonska,2023-06-05,2023-06-11,Industrial/Business/Enterprise facilities,5
Khersonska,2023-06-05,2023-06-11,Other,2
Khersonska,2023-06-05,2023-06-11,Total,40
Khersonska,2023-06-05,2023-06-11,Water supply system,26
Luhanska,2023-06-05,2023-06-11,Agricultural facilities,1
Luhanska,2023-06-05,2023-06-11,Other,1
Luhanska,2023-06-05,2023-06-11,Total,2
Mykolaivska,2023-06-05,2023-06-11,Bridge,1
Mykolaivska,2023-06-05,2023-06-11,Industrial/Business/Enterprise facilities,3
Mykolaivska,2023-06-05,2023-06-11,Other,1
Mykolaivska,2023-06-05,2023-06-11,Road / Highway,1
Mykolaivska,2023-06-05,2023-06-11,Total,6
Sumska,2023-06-05,2023-06-11,Agricultural facilities,1
Sumska,2023-06-05,2023-06-11,"Cultural facilities (museum, theater etc.)",1
Sumska,2023-06-05,2023-06-11,"Education facility (school, etc.)",2
Sumska,2023-06-05,2023-06-11,Electricity supply system,4
Sumska,2023-06-05,2023-06-11,Gas supply system,1
Sumska,2023-06-05,2023-06-11,Government facilities,3
Sumska,2023-06-05,2023-06-11,Industrial/Business/Enterprise facilities,1
Sumska,2023-06-05,2023-06-11,Religious facilities,2
Sumska,2023-06-05,2023-06-11,Total,16
Sumska,2023-06-05,2023-06-11,Warehouse,1
Zaporizka,2023-06-05,2023-06-11,Bridge,1
Zaporizka,2023-06-05,2023-06-11,Gas supply system,1
Zaporizka,2023-06-05,2023-06-11,"Health facility (hospital, health clinic)",1
Zaporizka,2023-06-05,2023-06-11,Industrial/Business/Enterprise facilities,1
Zaporizka,2023-06-05,2023-06-11,Total,4
Chernihivska,2023-05-29,2023-06-04,Electricity supply system,1
Chernihivska,2023-05-29,2023-06-04,Total,1
Dnipropetrovska,2023-05-29,2023-06-04,Electricity supply system,2
Dnipropetrovska,2023-05-29,2023-06-04,Gas supply system,1
Dnipropetrovska,2023-05-29,2023-06-04,Government facilities,3
Dnipropetrovska,2023-05-29,2023-06-04,Industrial/Business/Enterprise facilities,4
Dnipropetrovska,2023-05-29,2023-06-04,Total,10
Donetska,2023-05-29,2023-06-04,"Education facility (school, etc.)",2
Donetska,2023-05-29,2023-06-04,Fuel depot,3
Donetska,2023-05-29,2023-06-04,Government facilities,1
Donetska,2023-05-29,2023-06-04,Industrial/Business/Enterprise facilities,5
Donetska,2023-05-29,2023-06-04,Total,11
Kharkivska,2023-05-29,2023-06-04,Agricultural facilities,4
Kharkivska,2023-05-29,2023-06-04,"Cultural facilities (museum, theater etc.)",2
Kharkivska,2023-05-29,2023-06-04,Electricity supply system,1
Kharkivska,2023-05-29,2023-06-04,Gas supply system,1
Kharkivska,2023-05-29,2023-06-04,Government facilities,1
Kharkivska,2023-05-29,2023-06-04,Industrial/Business/Enterprise facilities,7
Kharkivska,2023-05-29,2023-06-04,Total,16
Khersonska,2023-05-29,2023-06-04,"Cultural facilities (museum, theater etc.)",1
Khersonska,2023-05-29,2023-06-04,"Education facility (school, etc.)",3
Khersonska,2023-05-29,2023-06-04,Government facilities,2
Khersonska,2023-05-29,2023-06-04,"Health facility (hospital, health clinic)",1
Khersonska,2023-05-29,2023-06-04,Industrial/Business/Enterprise facilities,3
Khersonska,2023-05-29,2023-06-04,Total,10
Kirovohradska,2023-05-29,2023-06-04,Railway,1
Kirovohradska,2023-05-29,2023-06-04,Total,1
Mykolaivska,2023-05-29,2023-06-04,Electricity supply system,1
Mykolaivska,2023-05-29,2023-06-04,Harbor,1
Mykolaivska,2023-05-29,2023-06-04,Total,2
Sumska,2023-05-29,2023-06-04,Agricultural facilities,2
Sumska,2023-05-29,2023-06-04,Electricity supply system,2
Sumska,2023-05-29,2023-06-04,Government facilities,1
Sumska,2023-05-29,2023-06-04,"Health facility (hospital, health clinic)",1
Sumska,2023-05-29,2023-06-04,Total,7
Sumska,2023-05-29,2023-06-04,Water supply system,1
Chernivetska,2023-05-22,2023-05-28,Electricity supply system,2
Chernivetska,2023-05-22,2023-05-28,Total,2
Dnipropetrovska,2023-05-22,2023-05-28,"Education facility (school, etc.)",1
Dnipropetrovska,2023-05-22,2023-05-28,Electricity supply system,5
Dnipropetrovska,2023-05-22,2023-05-28,Fuel depot,1
Dnipropetrovska,2023-05-22,2023-05-28,Gas supply system,7
Dnipropetrovska,2023-05-22,2023-05-28,Government facilities,2
Dnipropetrovska,2023-05-22,2023-05-28,"Health facility (hospital, health clinic)",2
Dnipropetrovska,2023-05-22,2023-05-28,Industrial/Business/Enterprise facilities,6
Dnipropetrovska,2023-05-22,2023-05-28,Total,24
Donetska,2023-05-22,2023-05-28,"Cultural facilities (museum, theater etc.)",2
Donetska,2023-05-22,2023-05-28,"Education facility (school, etc.)",4
Donetska,2023-05-22,2023-05-28,Electricity supply system,1
Donetska,2023-05-22,2023-05-28,Government facilities,1
Donetska,2023-05-22,2023-05-28,"Health facility (hospital, health clinic)",2
Donetska,2023-05-22,2023-05-28,Industrial/Business/Enterprise facilities,1
Donetska,2023-05-22,2023-05-28,Other,1
Donetska,2023-05-22,2023-05-28,Religious facilities,1
Donetska,2023-05-22,2023-05-28,Total,13
Kharkivska,2023-05-22,2023-05-28,Agricultural facilities,2
Kharkivska,2023-05-22,2023-05-28,"Cultural facilities (museum, theater etc.)",2
Kharkivska,2023-05-22,2023-05-28,"Education facility (school, etc.)",6
Kharkivska,2023-05-22,2023-05-28,Government facilities,3
Kharkivska,2023-05-22,2023-05-28,Industrial/Business/Enterprise facilities,1
Kharkivska,2023-05-22,2023-05-28,Oil depot,1
Kharkivska,2023-05-22,2023-05-28,Total,18
Kharkivska,2023-05-22,2023-05-28,Warehouse,3
Khersonska,2023-05-22,2023-05-28,Agricultural facilities,2
Khersonska,2023-05-22,2023-05-28,"Education facility (school, etc.)",1
Khersonska,2023-05-22,2023-05-28,Electricity supply system,1
Khersonska,2023-05-22,2023-05-28,"Health facility (hospital, health clinic)",1
Khersonska,2023-05-22,2023-05-28,Industrial/Business/Enterprise facilities,4
Khersonska,2023-05-22,2023-05-28,Telecommunications,1
Khersonska,2023-05-22,2023-05-28,Total,10
Mykolaivska,2023-05-22,2023-05-28,Gas supply system,1
Mykolaivska,2023-05-22,2023-05-28,Harbor,1
Mykolaivska,2023-05-22,2023-05-28,Total,2
Sumska,2023-05-22,2023-05-28,"Cultural facilities (museum, theater etc.)",1
Sumska,2023-05-22,2023-05-28,"Education facility (school, etc.)",2
Sumska,2023-05-22,2023-05-28,Electricity supply system,3
Sumska,2023-05-22,2023-05-28,Government facilities,1
Sumska,2023-05-22,2023-05-28,Total,7
Zaporizka,2023-05-22,2023-05-28,Electricity supply system,1
Zaporizka,2023-05-22,2023-05-28,Total,1
Autonomous Republic of Crimea,2023-05-15,2023-05-21,Railway,1
Autonomous Republic of Crimea,2023-05-15,2023-05-21,Total,1
Dnipropetrovska,2023-05-15,2023-05-21,Agricultural facilities,1
Dnipropetrovska,2023-05-15,2023-05-21,"Cultural facilities (museum, theater etc.)",1
Dnipropetrovska,2023-05-15,2023-05-21,Electricity supply system,4
Dnipropetrovska,2023-05-15,2023-05-21,Gas supply system,1
Dnipropetrovska,2023-05-15,2023-05-21,Government facilities,2
Dnipropetrovska,2023-05-15,2023-05-21,"Health facility (hospital, health clinic)",1
Dnipropetrovska,2023-05-15,2023-05-21,Industrial/Business/Enterprise facilities,5
Dnipropetrovska,2023-05-15,2023-05-21,Total,15
Donetska,2023-05-15,2023-05-21,Government facilities,2
Donetska,2023-05-15,2023-05-21,"Health facility (hospital, health clinic)",1
Donetska,2023-05-15,2023-05-21,Total,3
Kharkivska,2023-05-15,2023-05-21,Airport,1
Kharkivska,2023-05-15,2023-05-21,"Cultural facilities (museum, theater etc.)",2
Kharkivska,2023-05-15,2023-05-21,Electricity supply system,2
Kharkivska,2023-05-15,2023-05-21,"Health facility (hospital, health clinic)",1
Kharkivska,2023-05-15,2023-05-21,Railway,1
Kharkivska,2023-05-15,2023-05-21,Total,7
Khersonska,2023-05-15,2023-05-21,Bridge,1
Khersonska,2023-05-15,2023-05-21,"Cultural facilities (museum, theater etc.)",2
Khersonska,2023-05-15,2023-05-21,"Education facility (school, etc.)",1
Khersonska,2023-05-15,2023-05-21,Electricity supply system,1
Khersonska,2023-05-15,2023-05-21,"Health facility (hospital, health clinic)",3
Khersonska,2023-05-15,2023-05-21,Industrial/Business/Enterprise facilities,2
Khersonska,2023-05-15,2023-05-21,Total,10
Khmelnytska,2023-05-15,2023-05-21,Industrial/Business/Enterprise facilities,1
Khmelnytska,2023-05-15,2023-05-21,Total,1
Luhanska,2023-05-15,2023-05-21,"Education facility (school, etc.)",1
Luhanska,2023-05-15,2023-05-21,Industrial/Business/Enterprise facilities,1
Luhanska,2023-05-15,2023-05-21,Total,2
Mykolaivska,2023-05-15,2023-05-21,Agricultural facilities,1
Mykolaivska,2023-05-15,2023-05-21,"Education facility (school, etc.)",1
Mykolaivska,2023-05-15,2023-05-21,Gas supply system,1
Mykolaivska,2023-05-15,2023-05-21,Harbor,3
Mykolaivska,2023-05-15,2023-05-21,Industrial/Business/Enterprise facilities,4
Mykolaivska,2023-05-15,2023-05-21,Total,10
Odeska,2023-05-15,2023-05-21,Industrial/Business/Enterprise facilities,1
Odeska,2023-05-15,2023-05-21,Total,1
Sumska,2023-05-15,2023-05-21,Agricultural facilities,1
Sumska,2023-05-15,2023-05-21,Electricity supply system,1
Sumska,2023-05-15,2023-05-21,Total,2
Chernihivska,2023-05-08,2023-05-14,Bridge,1
Chernihivska,2023-05-08,2023-05-14,Total,2
Chernihivska,2023-05-08,2023-05-14,Warehouse,1
Dnipropetrovska,2023-05-08,2023-05-14,Electricity supply system,5
Dnipropetrovska,2023-05-08,2023-05-14,Gas supply system,1
Dnipropetrovska,2023-05-08,2023-05-14,Industrial/Business/Enterprise facilities,2
Dnipropetrovska,2023-05-08,2023-05-14,Total,8
Donetska,2023-05-08,2023-05-14,"Cultural facilities (museum, theater etc.)",1
Donetska,2023-05-08,2023-05-14,"Education facility (school, etc.)",1
Donetska,2023-05-08,2023-05-14,Electricity supply system,1
Donetska,2023-05-08,2023-05-14,Gas supply system,4
Donetska,2023-05-08,2023-05-14,Government facilities,2
Donetska,2023-05-08,2023-05-14,Heating and water facility,1
Donetska,2023-05-08,2023-05-14,Industrial/Business/Enterprise facilities,9
Donetska,2023-05-08,2023-05-14,Religious facilities,1
Donetska,2023-05-08,2023-05-14,Total,20
Kharkivska,2023-05-08,2023-05-14,Agricultural facilities,2
Kharkivska,2023-05-08,2023-05-14,"Cultural facilities (museum, theater etc.)",1
Kharkivska,2023-05-08,2023-05-14,"Education facility (school, etc.)",1
Kharkivska,2023-05-08,2023-05-14,Electricity supply system,3
Kharkivska,2023-05-08,2023-05-14,Government facilities,1
Kharkivska,2023-05-08,2023-05-14,Industrial/Business/Enterprise facilities,3
Kharkivska,2023-05-08,2023-05-14,Other,1
Kharkivska,2023-05-08,2023-05-14,Railway,2
Kharkivska,2023-05-08,2023-05-14,Total,14
Khersonska,2023-05-08,2023-05-14,"Education facility (school, etc.)",3
Khersonska,2023-05-08,2023-05-14,Electricity supply system,1
Khersonska,2023-05-08,2023-05-14,Gas supply system,1
Khersonska,2023-05-08,2023-05-14,Government facilities,3
Khersonska,2023-05-08,2023-05-14,"Health facility (hospital, health clinic)",3
Khersonska,2023-05-08,2023-05-14,Industrial/Business/Enterprise facilities,4
Khersonska,2023-05-08,2023-05-14,Total,16
Khersonska,2023-05-08,2023-05-14,Water supply system,1
Khmelnytska,2023-05-08,2023-05-14,"Cultural facilities (museum, theater etc.)",1
Khmelnytska,2023-05-08,2023-05-14,"Education facility (school, etc.)",30
Khmelnytska,2023-05-08,2023-05-14,Railway,1
Khmelnytska,2023-05-08,2023-05-14,Total,32
Kyiv,2023-05-08,2023-05-14,"Education facility (school, etc.)",1
Kyiv,2023-05-08,2023-05-14,Total,1
Luhanska,2023-05-08,2023-05-14,Industrial/Business/Enterprise facilities,1
Luhanska,2023-05-08,2023-05-14,Total,1
Mykolaivska,2023-05-08,2023-05-14,Harbor,2
Mykolaivska,2023-05-08,2023-05-14,Industrial/Business/Enterprise facilities,1
Mykolaivska,2023-05-08,2023-05-14,Other,2
Mykolaivska,2023-05-08,2023-05-14,Total,5
Odeska,2023-05-08,2023-05-14,"Cultural facilities (museum, theater etc.)",6
Odeska,2023-05-08,2023-05-14,Harbor,1
Odeska,2023-05-08,2023-05-14,Total,10
Odeska,2023-05-08,2023-05-14,Warehouse,3
Sumska,2023-05-08,2023-05-14,"Education facility (school, etc.)",1
Sumska,2023-05-08,2023-05-14,Electricity supply system,3
Sumska,2023-05-08,2023-05-14,Government facilities,1
Sumska,2023-05-08,2023-05-14,Other,1
Sumska,2023-05-08,2023-05-14,Total,6
Ternopilska,2023-05-08,2023-05-14,"Education facility (school, etc.)",1
Ternopilska,2023-05-08,2023-05-14,Industrial/Business/Enterprise facilities,1
Ternopilska,2023-05-08,2023-05-14,Total,3
Ternopilska,2023-05-08,2023-05-14,Warehouse,1
Zaporizka,2023-05-08,2023-05-14,"Education facility (school, etc.)",1
Zaporizka,2023-05-08,2023-05-14,"Health facility (hospital, health clinic)",1
Zaporizka,2023-05-08,2023-05-14,Total,2
Chernihivska,2023-05-01,2023-05-07,"Education facility (school, etc.)",1
Chernihivska,2023-05-01,2023-05-07,Total,1
Dnipropetrovska,2023-05-01,2023-05-07,Agricultural facilities,1
Dnipropetrovska,2023-05-01,2023-05-07,"Education facility (school, etc.)",9
Dnipropetrovska,2023-05-01,2023-05-07,Electricity supply system,3
Dnipropetrovska,2023-05-01,2023-05-07,Gas supply system,2
Dnipropetrovska,2023-05-01,2023-05-07,Government facilities,1
Dnipropetrovska,2023-05-01,2023-05-07,Industrial/Business/Enterprise facilities,7
Dnipropetrovska,2023-05-01,2023-05-07,Oil depot,1
Dnipropetrovska,2023-05-01,2023-05-07,Total,24
Donetska,2023-05-01,2023-05-07,"Education facility (school, etc.)",3
Donetska,2023-05-01,2023-05-07,Government facilities,1
Donetska,2023-05-01,2023-05-07,Industrial/Business/Enterprise facilities,1
Donetska,2023-05-01,2023-05-07,Total,6
Donetska,2023-05-01,2023-05-07,Water supply system,1
Kharkivska,2023-05-01,2023-05-07,Agricultural facilities,1
Kharkivska,2023-05-01,2023-05-07,"Health facility (hospital, health clinic)",2
Kharkivska,2023-05-01,2023-05-07,Total,3
Khersonska,2023-05-01,2023-05-07,Fuel depot,1
Khersonska,2023-05-01,2023-05-07,Gas supply system,1
Khersonska,2023-05-01,2023-05-07,Industrial/Business/Enterprise facilities,5
Khersonska,2023-05-01,2023-05-07,Other,1
Khersonska,2023-05-01,2023-05-07,Railway,2
Khersonska,2023-05-01,2023-05-07,Total,10
Kirovohradska,2023-05-01,2023-05-07,Oil depot,1
Kirovohradska,2023-05-01,2023-05-07,Total,1
Kyiv,2023-05-01,2023-05-07,Industrial/Business/Enterprise facilities,1
Kyiv,2023-05-01,2023-05-07,Total,1
Mykolaivska,2023-05-01,2023-05-07,Harbor,1
Mykolaivska,2023-05-01,2023-05-07,"Health facility (hospital, health clinic)",1
Mykolaivska,2023-05-01,2023-05-07,Industrial/Business/Enterprise facilities,1
Mykolaivska,2023-05-01,2023-05-07,Total,3
Odeska,2023-05-01,2023-05-07,"Education facility (school, etc.)",1
Odeska,2023-05-01,2023-05-07,Total,1
Sumska,2023-05-01,2023-05-07,"Education facility (school, etc.)",1
Sumska,2023-05-01,2023-05-07,Industrial/Business/Enterprise facilities,1
Sumska,2023-05-01,2023-05-07,Total,2
Chernihivska,2023-04-24,2023-04-30,Electricity supply system,1
Chernihivska,2023-04-24,2023-04-30,Road / Highway,1
Chernihivska,2023-04-24,2023-04-30,Total,2
Dnipropetrovska,2023-04-24,2023-04-30,Electricity supply system,3
Dnipropetrovska,2023-04-24,2023-04-30,Gas supply system,3
Dnipropetrovska,2023-04-24,2023-04-30,Government facilities,2
Dnipropetrovska,2023-04-24,2023-04-30,Industrial/Business/Enterprise facilities,4
Dnipropetrovska,2023-04-24,2023-04-30,Total,12
Donetska,2023-04-24,2023-04-30,"Education facility (school, etc.)",2
Donetska,2023-04-24,2023-04-30,Government facilities,1
Donetska,2023-04-24,2023-04-30,Total,3
Kharkivska,2023-04-24,2023-04-30,"Cultural facilities (museum, theater etc.)",2
Kharkivska,2023-04-24,2023-04-30,Total,2
Khersonska,2023-04-24,2023-04-30,"Education facility (school, etc.)",3
Khersonska,2023-04-24,2023-04-30,Gas supply system,1
Khersonska,2023-04-24,2023-04-30,Government facilities,1
Khersonska,2023-04-24,2023-04-30,"Health facility (hospital, health clinic)",1
Khersonska,2023-04-24,2023-04-30,Industrial/Business/Enterprise facilities,3
Khersonska,2023-04-24,2023-04-30,Religious facilities,2
Khersonska,2023-04-24,2023-04-30,Road / Highway,1
Khersonska,2023-04-24,2023-04-30,Total,12
Mykolaivska,2023-04-24,2023-04-30,Harbor,2
Mykolaivska,2023-04-24,2023-04-30,Total,2
Sumska,2023-04-24,2023-04-30,"Education facility (school, etc.)",1
Sumska,2023-04-24,2023-04-30,Electricity supply system,3
Sumska,2023-04-24,2023-04-30,Industrial/Business/Enterprise facilities,4
Sumska,2023-04-24,2023-04-30,Oil depot,1
Sumska,2023-04-24,2023-04-30,Total,10
Sumska,2023-04-24,2023-04-30,Warehouse,1
Zaporizka,2023-04-24,2023-04-30,Government facilities,2
Zaporizka,2023-04-24,2023-04-30,Total,2
Dnipropetrovska,2023-04-17,2023-04-23,"Cultural facilities (museum, theater etc.)",2
Dnipropetrovska,2023-04-17,2023-04-23,Electricity supply system,1
Dnipropetrovska,2023-04-17,2023-04-23,Government facilities,3
Dnipropetrovska,2023-04-17,2023-04-23,Industrial/Business/Enterprise facilities,2
Dnipropetrovska,2023-04-17,2023-04-23,Telecommunications,1
Dnipropetrovska,2023-04-17,2023-04-23,Total,9
Donetska,2023-04-17,2023-04-23,Agricultural facilities,1
Donetska,2023-04-17,2023-04-23,"Cultural facilities (museum, theater etc.)",2
Donetska,2023-04-17,2023-04-23,"Education facility (school, etc.)",1
Donetska,2023-04-17,2023-04-23,Electricity supply system,2
Donetska,2023-04-17,2023-04-23,"Health facility (hospital, health clinic)",2
Donetska,2023-04-17,2023-04-23,Industrial/Business/Enterprise facilities,3
Donetska,2023-04-17,2023-04-23,Total,11
Kharkivska,2023-04-17,2023-04-23,Industrial/Business/Enterprise facilities,2
Kharkivska,2023-04-17,2023-04-23,Total,2
Khersonska,2023-04-17,2023-04-23,"Education facility (school, etc.)",2
Khersonska,2023-04-17,2023-04-23,"Health facility (hospital, health clinic)",1
Khersonska,2023-04-17,2023-04-23,Industrial/Business/Enterprise facilities,3
Khersonska,2023-04-17,2023-04-23,Other,2
Khersonska,2023-04-17,2023-04-23,Total,8
Mykolaivska,2023-04-17,2023-04-23,Industrial/Business/Enterprise facilities,2
Mykolaivska,2023-04-17,2023-04-23,Total,2
Odeska,2023-04-17,2023-04-23,Other,2
Odeska,2023-04-17,2023-04-23,Total,2
Sumska,2023-04-17,2023-04-23,"Education facility (school, etc.)",1
Sumska,2023-04-17,2023-04-23,Total,1
Zaporizka,2023-04-17,2023-04-23,Industrial/Business/Enterprise facilities,1
Zaporizka,2023-04-17,2023-04-23,Total,1
Chernihivska,2023-04-10,2023-04-16,Industrial/Business/Enterprise facilities,2
Chernihivska,2023-04-10,2023-04-16,Total,2
Dnipropetrovska,2023-04-10,2023-04-16,Electricity supply system,2
Dnipropetrovska,2023-04-10,2023-04-16,Gas supply system,1
Dnipropetrovska,2023-04-10,2023-04-16,Harbor,1
Dnipropetrovska,2023-04-10,2023-04-16,Industrial/Business/Enterprise facilities,1
Dnipropetrovska,2023-04-10,2023-04-16,Religious facilities,1
Dnipropetrovska,2023-04-10,2023-04-16,Total,6
Donetska,2023-04-10,2023-04-16,"Cultural facilities (museum, theater etc.)",2
Donetska,2023-04-10,2023-04-16,"Education facility (school, etc.)",4
Donetska,2023-04-10,2023-04-16,Gas supply system,1
Donetska,2023-04-10,2023-04-16,"Health facility (hospital, health clinic)",1
Donetska,2023-04-10,2023-04-16,Industrial/Business/Enterprise facilities,3
Donetska,2023-04-10,2023-04-16,Other,2
Donetska,2023-04-10,2023-04-16,Total,14
Donetska,2023-04-10,2023-04-16,Water supply system,1
Kharkivska,2023-04-10,2023-04-16,"Education facility (school, etc.)",1
Kharkivska,2023-04-10,2023-04-16,"Health facility (hospital, health clinic)",1
Kharkivska,2023-04-10,2023-04-16,Industrial/Business/Enterprise facilities,3
Kharkivska,2023-04-10,2023-04-16,Road / Highway,1
Kharkivska,2023-04-10,2023-04-16,Total,6
Khersonska,2023-04-10,2023-04-16,"Cultural facilities (museum, theater etc.)",1
Khersonska,2023-04-10,2023-04-16,"Education facility (school, etc.)",2
Khersonska,2023-04-10,2023-04-16,Electricity supply system,1
Khersonska,2023-04-10,2023-04-16,Government facilities,2
Khersonska,2023-04-10,2023-04-16,"Health facility (hospital, health clinic)",1
Khersonska,2023-04-10,2023-04-16,Industrial/Business/Enterprise facilities,3
Khersonska,2023-04-10,2023-04-16,Other,3
Khersonska,2023-04-10,2023-04-16,Religious facilities,1
Khersonska,2023-04-10,2023-04-16,Total,14
Mykolaivska,2023-04-10,2023-04-16,"Cultural facilities (museum, theater etc.)",2
Mykolaivska,2023-04-10,2023-04-16,"Education facility (school, etc.)",4
Mykolaivska,2023-04-10,2023-04-16,Electricity supply system,1
Mykolaivska,2023-04-10,2023-04-16,Gas supply system,1
Mykolaivska,2023-04-10,2023-04-16,"Health facility (hospital, health clinic)",1
Mykolaivska,2023-04-10,2023-04-16,Industrial/Business/Enterprise facilities,1
Mykolaivska,2023-04-10,2023-04-16,Telecommunications,1
Mykolaivska,2023-04-10,2023-04-16,Total,11
Sumska,2023-04-10,2023-04-16,Agricultural facilities,1
Sumska,2023-04-10,2023-04-16,Fuel depot,1
Sumska,2023-04-10,2023-04-16,Government facilities,3
Sumska,2023-04-10,2023-04-16,Industrial/Business/Enterprise facilities,1
Sumska,2023-04-10,2023-04-16,Total,6
Zaporizka,2023-04-10,2023-04-16,Agricultural facilities,1
Zaporizka,2023-04-10,2023-04-16,Industrial/Business/Enterprise facilities,3
Zaporizka,2023-04-10,2023-04-16,Other,1
Zaporizka,2023-04-10,2023-04-16,Railway,1
Zaporizka,2023-04-10,2023-04-16,Religious facilities,1
Zaporizka,2023-04-10,2023-04-16,Total,7
Chernihivska,2023-04-03,2023-04-09,Agricultural facilities,1
Chernihivska,2023-04-03,2023-04-09,Electricity supply system,1
Chernihivska,2023-04-03,2023-04-09,Industrial/Business/Enterprise facilities,1
Chernihivska,2023-04-03,2023-04-09,Road / Highway,1
Chernihivska,2023-04-03,2023-04-09,Total,4
Dnipropetrovska,2023-04-03,2023-04-09,Electricity supply system,1
Dnipropetrovska,2023-04-03,2023-04-09,Total,1
Donetska,2023-04-03,2023-04-09,Electricity supply system,1
Donetska,2023-04-03,2023-04-09,Government facilities,2
Donetska,2023-04-03,2023-04-09,"Health facility (hospital, health clinic)",2
Donetska,2023-04-03,2023-04-09,Industrial/Business/Enterprise facilities,7
Donetska,2023-04-03,2023-04-09,Total,12
Kharkivska,2023-04-03,2023-04-09,"Education facility (school, etc.)",1
Kharkivska,2023-04-03,2023-04-09,Industrial/Business/Enterprise facilities,1
Kharkivska,2023-04-03,2023-04-09,Railway,1
Kharkivska,2023-04-03,2023-04-09,Telecommunications,1
Kharkivska,2023-04-03,2023-04-09,Total,4
Khersonska,2023-04-03,2023-04-09,"Cultural facilities (museum, theater etc.)",1
Khersonska,2023-04-03,2023-04-09,"Education facility (school, etc.)",1
Khersonska,2023-04-03,2023-04-09,Electricity supply system,2
Khersonska,2023-04-03,2023-04-09,Government facilities,3
Khersonska,2023-04-03,2023-04-09,"Health facility (hospital, health clinic)",1
Khersonska,2023-04-03,2023-04-09,Industrial/Business/Enterprise facilities,3
Khersonska,2023-04-03,2023-04-09,Other,1
Khersonska,2023-04-03,2023-04-09,Telecommunications,1
Khersonska,2023-04-03,2023-04-09,Total,14
Khersonska,2023-04-03,2023-04-09,Warehouse,1
Mykolaivska,2023-04-03,2023-04-09,Harbor,2
Mykolaivska,2023-04-03,2023-04-09,Industrial/Business/Enterprise facilities,1
Mykolaivska,2023-04-03,2023-04-09,Total,3
Odeska,2023-04-03,2023-04-09,Industrial/Business/Enterprise facilities,1
Odeska,2023-04-03,2023-04-09,Total,1
Sumska,2023-04-03,2023-04-09,"Cultural facilities (museum, theater etc.)",1
Sumska,2023-04-03,2023-04-09,Electricity supply system,2
Sumska,2023-04-03,2023-04-09,Government facilities,1
Sumska,2023-04-03,2023-04-09,Industrial/Business/Enterprise facilities,1
Sumska,2023-04-03,2023-04-09,Total,5
Zaporizka,2023-04-03,2023-04-09,Airport,1
Zaporizka,2023-04-03,2023-04-09,"Education facility (school, etc.)",2
Zaporizka,2023-04-03,2023-04-09,Total,3
Dnipropetrovska,2023-03-27,2023-04-02,Agricultural facilities,1
Dnipropetrovska,2023-03-27,2023-04-02,"Education facility (school, etc.)",1
Dnipropetrovska,2023-03-27,2023-04-02,Total,2
Donetska,2023-03-27,2023-04-02,"Education facility (school, etc.)",3
Donetska,2023-03-27,2023-04-02,Electricity supply system,2
Donetska,2023-03-27,2023-04-02,Gas supply system,2
Donetska,2023-03-27,2023-04-02,Government facilities,5
Donetska,2023-03-27,2023-04-02,Industrial/Business/Enterprise facilities,2
Donetska,2023-03-27,2023-04-02,Total,14
Kharkivska,2023-03-27,2023-04-02,Agricultural facilities,1
Kharkivska,2023-03-27,2023-04-02,"Education facility (school, etc.)",1
Kharkivska,2023-03-27,2023-04-02,Fuel depot,1
Kharkivska,2023-03-27,2023-04-02,Government facilities,1
Kharkivska,2023-03-27,2023-04-02,Industrial/Business/Enterprise facilities,1
Kharkivska,2023-03-27,2023-04-02,Road / Highway,1
Kharkivska,2023-03-27,2023-04-02,Total,6
Khersonska,2023-03-27,2023-04-02,Government facilities,1
Khersonska,2023-03-27,2023-04-02,"Health facility (hospital, health clinic)",1
Khersonska,2023-03-27,2023-04-02,Total,2
Kyiv,2023-03-27,2023-04-02,Government facilities,1
Kyiv,2023-03-27,2023-04-02,Total,1
Sumska,2023-03-27,2023-04-02,Gas supply system,1
Sumska,2023-03-27,2023-04-02,Industrial/Business/Enterprise facilities,1
Sumska,2023-03-27,2023-04-02,Total,3
Sumska,2023-03-27,2023-04-02,Warehouse,1
Zaporizka,2023-03-27,2023-04-02,Electricity supply system,2
Zaporizka,2023-03-27,2023-04-02,Industrial/Business/Enterprise facilities,1
Zaporizka,2023-03-27,2023-04-02,Railway,1
Zaporizka,2023-03-27,2023-04-02,Total,4
Autonomous Republic of Crimea,2023-03-20,2023-03-26,Railway,1
Autonomous Republic of Crimea,2023-03-20,2023-03-26,Total,1
Dnipropetrovska,2023-03-20,2023-03-26,Electricity supply system,1
Dnipropetrovska,2023-03-20,2023-03-26,Total,1
Donetska,2023-03-20,2023-03-26,"Education facility (school, etc.)",3
Donetska,2023-03-20,2023-03-26,Electricity supply system,1
Donetska,2023-03-20,2023-03-26,Gas supply system,1
Donetska,2023-03-20,2023-03-26,Government facilities,2
Donetska,2023-03-20,2023-03-26,"Health facility (hospital, health clinic)",1
Donetska,2023-03-20,2023-03-26,Industrial/Business/Enterprise facilities,2
Donetska,2023-03-20,2023-03-26,Total,12
Donetska,2023-03-20,2023-03-26,Water supply system,2
Kharkivska,2023-03-20,2023-03-26,Agricultural facilities,1
Kharkivska,2023-03-20,2023-03-26,Electricity supply system,2
Kharkivska,2023-03-20,2023-03-26,Gas supply system,1
Kharkivska,2023-03-20,2023-03-26,Government facilities,1
Kharkivska,2023-03-20,2023-03-26,Religious facilities,1
Kharkivska,2023-03-20,2023-03-26,Total,6
Khersonska,2023-03-20,2023-03-26,"Cultural facilities (museum, theater etc.)",1
Khersonska,2023-03-20,2023-03-26,"Education facility (school, etc.)",1
Khersonska,2023-03-20,2023-03-26,Electricity supply system,1
Khersonska,2023-03-20,2023-03-26,Government facilities,1
Khersonska,2023-03-20,2023-03-26,"Health facility (hospital, health clinic)",2
Khersonska,2023-03-20,2023-03-26,Industrial/Business/Enterprise facilities,1
Khersonska,2023-03-20,2023-03-26,Other,2
Khersonska,2023-03-20,2023-03-26,Religious facilities,2
Khersonska,2023-03-20,2023-03-26,Total,11
Kyivska,2023-03-20,2023-03-26,Other,1
Kyivska,2023-03-20,2023-03-26,Total,1
Odeska,2023-03-20,2023-03-26,Religious facilities,1
Odeska,2023-03-20,2023-03-26,Total,1
Sumska,2023-03-20,2023-03-26,Agricultural facilities,1
Sumska,2023-03-20,2023-03-26,"Education facility (school, etc.)",4
Sumska,2023-03-20,2023-03-26,Gas supply system,1
Sumska,2023-03-20,2023-03-26,Government facilities,3
Sumska,2023-03-20,2023-03-26,Total,9
Dnipropetrovska,2023-03-13,2023-03-19,Industrial/Business/Enterprise facilities,1
Dnipropetrovska,2023-03-13,2023-03-19,Total,1
Donetska,2023-03-13,2023-03-19,"Cultural facilities (museum, theater etc.)",1
Donetska,2023-03-13,2023-03-19,"Education facility (school, etc.)",13
Donetska,2023-03-13,2023-03-19,Electricity supply system,1
Donetska,2023-03-13,2023-03-19,Gas supply system,2
Donetska,2023-03-13,2023-03-19,Government facilities,4
Donetska,2023-03-13,2023-03-19,Industrial/Business/Enterprise facilities,6
Donetska,2023-03-13,2023-03-19,Other,2
Donetska,2023-03-13,2023-03-19,Total,29
Kharkivska,2023-03-13,2023-03-19,"Education facility (school, etc.)",1
Kharkivska,2023-03-13,2023-03-19,Government facilities,2
Kharkivska,2023-03-13,2023-03-19,Industrial/Business/Enterprise facilities,2
Kharkivska,2023-03-13,2023-03-19,Total,5
Khersonska,2023-03-13,2023-03-19,"Education facility (school, etc.)",1
Khersonska,2023-03-13,2023-03-19,Industrial/Business/Enterprise facilities,1
Khersonska,2023-03-13,2023-03-19,Religious facilities,1
Khersonska,2023-03-13,2023-03-19,Total,3
Odeska,2023-03-13,2023-03-19,"Education facility (school, etc.)",1
Odeska,2023-03-13,2023-03-19,Total,1
Sumska,2023-03-13,2023-03-19,Industrial/Business/Enterprise facilities,1
Sumska,2023-03-13,2023-03-19,Total,1
Dnipropetrovska,2023-03-06,2023-03-12,"Cultural facilities (museum, theater etc.)",1
Dnipropetrovska,2023-03-06,2023-03-12,Electricity supply system,5
Dnipropetrovska,2023-03-06,2023-03-12,Industrial/Business/Enterprise facilities,1
Dnipropetrovska,2023-03-06,2023-03-12,Total,7
Donetska,2023-03-06,2023-03-12,"Cultural facilities (museum, theater etc.)",1
Donetska,2023-03-06,2023-03-12,"Education facility (school, etc.)",1
Donetska,2023-03-06,2023-03-12,Government facilities,3
Donetska,2023-03-06,2023-03-12,Industrial/Business/Enterprise facilities,3
Donetska,2023-03-06,2023-03-12,Total,8
Kharkivska,2023-03-06,2023-03-12,Agricultural facilities,1
Kharkivska,2023-03-06,2023-03-12,"Education facility (school, etc.)",1
Kharkivska,2023-03-06,2023-03-12,Electricity supply system,1
Kharkivska,2023-03-06,2023-03-12,Gas supply system,1
Kharkivska,2023-03-06,2023-03-12,Total,4
Khersonska,2023-03-06,2023-03-12,Industrial/Business/Enterprise facilities,1
Khersonska,2023-03-06,2023-03-12,Other,1
Khersonska,2023-03-06,2023-03-12,Total,2
Kyivska,2023-03-06,2023-03-12,Electricity supply system,1
Kyivska,2023-03-06,2023-03-12,Total,1
Odeska,2023-03-06,2023-03-12,Electricity supply system,2
Odeska,2023-03-06,2023-03-12,Total,2
Zaporizka,2023-03-06,2023-03-12,"Education facility (school, etc.)",2
Zaporizka,2023-03-06,2023-03-12,Electricity supply system,1
Zaporizka,2023-03-06,2023-03-12,Total,3
Zhytomyrska,2023-03-06,2023-03-12,Electricity supply system,1
Zhytomyrska,2023-03-06,2023-03-12,Total,1
Dnipropetrovska,2023-02-27,2023-03-05,Agricultural facilities,5
Dnipropetrovska,2023-02-27,2023-03-05,"Education facility (school, etc.)",1
Dnipropetrovska,2023-02-27,2023-03-05,Electricity supply system,4
Dnipropetrovska,2023-02-27,2023-03-05,Gas supply system,2
Dnipropetrovska,2023-02-27,2023-03-05,Government facilities,4
Dnipropetrovska,2023-02-27,2023-03-05,"Health facility (hospital, health clinic)",1
Dnipropetrovska,2023-02-27,2023-03-05,Industrial/Business/Enterprise facilities,9
Dnipropetrovska,2023-02-27,2023-03-05,Total,27
Dnipropetrovska,2023-02-27,2023-03-05,Water supply system,1
Donetska,2023-02-27,2023-03-05,Bridge,1
Donetska,2023-02-27,2023-03-05,"Cultural facilities (museum, theater etc.)",3
Donetska,2023-02-27,2023-03-05,"Education facility (school, etc.)",2
Donetska,2023-02-27,2023-03-05,Electricity supply system,1
Donetska,2023-02-27,2023-03-05,Gas supply system,1
Donetska,2023-02-27,2023-03-05,Government facilities,6
Donetska,2023-02-27,2023-03-05,Industrial/Business/Enterprise facilities,12
Donetska,2023-02-27,2023-03-05,Railway,2
Donetska,2023-02-27,2023-03-05,Total,28
Kharkivska,2023-02-27,2023-03-05,"Cultural facilities (museum, theater etc.)",1
Kharkivska,2023-02-27,2023-03-05,"Education facility (school, etc.)",1
Kharkivska,2023-02-27,2023-03-05,Gas supply system,3
Kharkivska,2023-02-27,2023-03-05,Government facilities,2
Kharkivska,2023-02-27,2023-03-05,"Health facility (hospital, health clinic)",1
Kharkivska,2023-02-27,2023-03-05,Industrial/Business/Enterprise facilities,1
Kharkivska,2023-02-27,2023-03-05,Railway,1
Kharkivska,2023-02-27,2023-03-05,Total,12
Kharkivska,2023-02-27,2023-03-05,Warehouse,1
Kharkivska,2023-02-27,2023-03-05,Water supply system,1
Khersonska,2023-02-27,2023-03-05,Other,1
Khersonska,2023-02-27,2023-03-05,Religious facilities,1
Khersonska,2023-02-27,2023-03-05,Total,2
Mykolaivska,2023-02-27,2023-03-05,"Education facility (school, etc.)",2
Mykolaivska,2023-02-27,2023-03-05,"Health facility (hospital, health clinic)",1
Mykolaivska,2023-02-27,2023-03-05,Total,3
Sumska,2023-02-27,2023-03-05,Electricity supply system,3
Sumska,2023-02-27,2023-03-05,Government facilities,1
Sumska,2023-02-27,2023-03-05,Industrial/Business/Enterprise facilities,1
Sumska,2023-02-27,2023-03-05,Total,5
Zaporizka,2023-02-27,2023-03-05,Electricity supply system,1
Zaporizka,2023-02-27,2023-03-05,Total,2
Zaporizka,2023-02-27,2023-03-05,Water supply system,1
Chernihivska,2023-02-20,2023-02-26,Industrial/Business/Enterprise facilities,4
Chernihivska,2023-02-20,2023-02-26,Total,4
Dnipropetrovska,2023-02-20,2023-02-26,Electricity supply system,2
Dnipropetrovska,2023-02-20,2023-02-26,Gas supply system,1
Dnipropetrovska,2023-02-20,2023-02-26,Total,3
Donetska,2023-02-20,2023-02-26,Electricity supply system,1
Donetska,2023-02-20,2023-02-26,Government facilities,2
Donetska,2023-02-20,2023-02-26,Industrial/Business/Enterprise facilities,1
Donetska,2023-02-20,2023-02-26,Total,6
Donetska,2023-02-20,2023-02-26,Warehouse,2
Kharkivska,2023-02-20,2023-02-26,Agricultural facilities,3
Kharkivska,2023-02-20,2023-02-26,"Cultural facilities (museum, theater etc.)",1
Kharkivska,2023-02-20,2023-02-26,"Education facility (school, etc.)",4
Kharkivska,2023-02-20,2023-02-26,Electricity supply system,1
Kharkivska,2023-02-20,2023-02-26,Government facilities,1
Kharkivska,2023-02-20,2023-02-26,Industrial/Business/Enterprise facilities,1
Kharkivska,2023-02-20,2023-02-26,Total,11
Khersonska,2023-02-20,2023-02-26,Electricity supply system,2
Khersonska,2023-02-20,2023-02-26,Gas supply system,1
Khersonska,2023-02-20,2023-02-26,Other,2
Khersonska,2023-02-20,2023-02-26,Total,7
Khersonska,2023-02-20,2023-02-26,Warehouse,1
Khersonska,2023-02-20,2023-02-26,Water supply system,1
Luhanska,2023-02-20,2023-02-26,Other,1
Luhanska,2023-02-20,2023-02-26,Total,1
Sumska,2023-02-20,2023-02-26,Industrial/Business/Enterprise facilities,1
Sumska,2023-02-20,2023-02-26,Total,1
Zaporizka,2023-02-20,2023-02-26,"Education facility (school, etc.)",1
Zaporizka,2023-02-20,2023-02-26,Total,1
Dnipropetrovska,2023-02-13,2023-02-19,Electricity supply system,3
Dnipropetrovska,2023-02-13,2023-02-19,Industrial/Business/Enterprise facilities,3
Dnipropetrovska,2023-02-13,2023-02-19,Total,6
Donetska,2023-02-13,2023-02-19,"Cultural facilities (museum, theater etc.)",2
Donetska,2023-02-13,2023-02-19,"Education facility (school, etc.)",2
Donetska,2023-02-13,2023-02-19,Gas supply system,1
Donetska,2023-02-13,2023-02-19,Government facilities,3
Donetska,2023-02-13,2023-02-19,"Health facility (hospital, health clinic)",1
Donetska,2023-02-13,2023-02-19,Industrial/Business/Enterprise facilities,3
Donetska,2023-02-13,2023-02-19,Total,13
Donetska,2023-02-13,2023-02-19,Warehouse,1
Kharkivska,2023-02-13,2023-02-19,"Education facility (school, etc.)",1
Kharkivska,2023-02-13,2023-02-19,Electricity supply system,2
Kharkivska,2023-02-13,2023-02-19,Industrial/Business/Enterprise facilities,3
Kharkivska,2023-02-13,2023-02-19,Railway,1
Kharkivska,2023-02-13,2023-02-19,Total,7
Khersonska,2023-02-13,2023-02-19,"Health facility (hospital, health clinic)",3
Khersonska,2023-02-13,2023-02-19,Heating and water facility,1
Khersonska,2023-02-13,2023-02-19,Industrial/Business/Enterprise facilities,1
Khersonska,2023-02-13,2023-02-19,Total,5
Khmelnytska,2023-02-13,2023-02-19,"Education facility (school, etc.)",1
Khmelnytska,2023-02-13,2023-02-19,Total,1
Kirovohradska,2023-02-13,2023-02-19,Fuel depot,1
Kirovohradska,2023-02-13,2023-02-19,Other,1
Kirovohradska,2023-02-13,2023-02-19,Total,2
Lvivska,2023-02-13,2023-02-19,Other,2
Lvivska,2023-02-13,2023-02-19,Total,2
Poltavska,2023-02-13,2023-02-19,Electricity supply system,1
Poltavska,2023-02-13,2023-02-19,Total,1
Sevastopol,2023-02-13,2023-02-19,Electricity supply system,1
Sevastopol,2023-02-13,2023-02-19,Total,1
Chernihivska,2023-02-06,2023-02-12,Industrial/Business/Enterprise facilities,1
Chernihivska,2023-02-06,2023-02-12,Total,1
Dnipropetrovska,2023-02-06,2023-02-12,"Education facility (school, etc.)",2
Dnipropetrovska,2023-02-06,2023-02-12,Electricity supply system,9
Dnipropetrovska,2023-02-06,2023-02-12,Gas supply system,4
Dnipropetrovska,2023-02-06,2023-02-12,Government facilities,1
Dnipropetrovska,2023-02-06,2023-02-12,Industrial/Business/Enterprise facilities,3
Dnipropetrovska,2023-02-06,2023-02-12,Total,23
Dnipropetrovska,2023-02-06,2023-02-12,Water supply system,4
Donetska,2023-02-06,2023-02-12,"Education facility (school, etc.)",1
Donetska,2023-02-06,2023-02-12,"Health facility (hospital, health clinic)",1
Donetska,2023-02-06,2023-02-12,Industrial/Business/Enterprise facilities,2
Donetska,2023-02-06,2023-02-12,Other,1
Donetska,2023-02-06,2023-02-12,Religious facilities,1
Donetska,2023-02-06,2023-02-12,Total,6
Kharkivska,2023-02-06,2023-02-12,"Education facility (school, etc.)",1
Kharkivska,2023-02-06,2023-02-12,Government facilities,3
Kharkivska,2023-02-06,2023-02-12,"Health facility (hospital, health clinic)",2
Kharkivska,2023-02-06,2023-02-12,Industrial/Business/Enterprise facilities,5
Kharkivska,2023-02-06,2023-02-12,Total,11
Khersonska,2023-02-06,2023-02-12,"Cultural facilities (museum, theater etc.)",2
Khersonska,2023-02-06,2023-02-12,"Education facility (school, etc.)",1
Khersonska,2023-02-06,2023-02-12,Electricity supply system,1
Khersonska,2023-02-06,2023-02-12,Government facilities,2
Khersonska,2023-02-06,2023-02-12,Harbor,1
Khersonska,2023-02-06,2023-02-12,"Health facility (hospital, health clinic)",1
Khersonska,2023-02-06,2023-02-12,Railway,1
Khersonska,2023-02-06,2023-02-12,Religious facilities,1
Khersonska,2023-02-06,2023-02-12,Total,11
Khersonska,2023-02-06,2023-02-12,Warehouse,1
Mykolaivska,2023-02-06,2023-02-12,Other,1
Mykolaivska,2023-02-06,2023-02-12,Total,1
Sumska,2023-02-06,2023-02-12,Industrial/Business/Enterprise facilities,1
Sumska,2023-02-06,2023-02-12,Total,1
Zaporizka,2023-02-06,2023-02-12,Electricity supply system,1
Zaporizka,2023-02-06,2023-02-12,Industrial/Business/Enterprise facilities,1
Zaporizka,2023-02-06,2023-02-12,Total,2
Dnipropetrovska,2023-01-30,2023-02-05,Electricity supply system,4
Dnipropetrovska,2023-01-30,2023-02-05,Total,4
Donetska,2023-01-30,2023-02-05,"Cultural facilities (museum, theater etc.)",1
Donetska,2023-01-30,2023-02-05,"Education facility (school, etc.)",5
Donetska,2023-01-30,2023-02-05,Government facilities,4
Donetska,2023-01-30,2023-02-05,"Health facility (hospital, health clinic)",2
Donetska,2023-01-30,2023-02-05,Industrial/Business/Enterprise facilities,5
Donetska,2023-01-30,2023-02-05,Other,2
Donetska,2023-01-30,2023-02-05,Total,19
Kharkivska,2023-01-30,2023-02-05,"Education facility (school, etc.)",1
Kharkivska,2023-01-30,2023-02-05,Gas supply system,1
Kharkivska,2023-01-30,2023-02-05,Government facilities,1
Kharkivska,2023-01-30,2023-02-05,Total,3
Khersonska,2023-01-30,2023-02-05,"Education facility (school, etc.)",2
Khersonska,2023-01-30,2023-02-05,Electricity supply system,1
Khersonska,2023-01-30,2023-02-05,Industrial/Business/Enterprise facilities,1
Khersonska,2023-01-30,2023-02-05,Religious facilities,1
Khersonska,2023-01-30,2023-02-05,Total,5
Mykolaivska,2023-01-30,2023-02-05,Agricultural facilities,2
Mykolaivska,2023-01-30,2023-02-05,Total,2
Sumska,2023-01-30,2023-02-05,Electricity supply system,1
Sumska,2023-01-30,2023-02-05,Industrial/Business/Enterprise facilities,1
Sumska,2023-01-30,2023-02-05,Total,2
Dnipropetrovska,2023-01-23,2023-01-29,"Education facility (school, etc.)",1
Dnipropetrovska,2023-01-23,2023-01-29,Electricity supply system,1
Dnipropetrovska,2023-01-23,2023-01-29,Gas supply system,1
Dnipropetrovska,2023-01-23,2023-01-29,Industrial/Business/Enterprise facilities,5
Dnipropetrovska,2023-01-23,2023-01-29,Total,8
Donetska,2023-01-23,2023-01-29,Agricultural facilities,1
Donetska,2023-01-23,2023-01-29,"Cultural facilities (museum, theater etc.)",1
Donetska,2023-01-23,2023-01-29,"Education facility (school, etc.)",3
Donetska,2023-01-23,2023-01-29,Electricity supply system,1
Donetska,2023-01-23,2023-01-29,Gas supply system,1
Donetska,2023-01-23,2023-01-29,Government facilities,1
Donetska,2023-01-23,2023-01-29,"Health facility (hospital, health clinic)",3
Donetska,2023-01-23,2023-01-29,Industrial/Business/Enterprise facilities,1
Donetska,2023-01-23,2023-01-29,Total,12
Kharkivska,2023-01-23,2023-01-29,"Education facility (school, etc.)",2
Kharkivska,2023-01-23,2023-01-29,Gas supply system,1
Kharkivska,2023-01-23,2023-01-29,Government facilities,1
Kharkivska,2023-01-23,2023-01-29,Industrial/Business/Enterprise facilities,3
Kharkivska,2023-01-23,2023-01-29,Other,1
Kharkivska,2023-01-23,2023-01-29,Total,9
Kharkivska,2023-01-23,2023-01-29,Warehouse,1
Khersonska,2023-01-23,2023-01-29,"Education facility (school, etc.)",2
Khersonska,2023-01-23,2023-01-29,Government facilities,5
Khersonska,2023-01-23,2023-01-29,Harbor,1
Khersonska,2023-01-23,2023-01-29,"Health facility (hospital, health clinic)",4
Khersonska,2023-01-23,2023-01-29,Industrial/Business/Enterprise facilities,2
Khersonska,2023-01-23,2023-01-29,Total,14
Sumska,2023-01-23,2023-01-29,"Education facility (school, etc.)",2
Sumska,2023-01-23,2023-01-29,Electricity supply system,2
Sumska,2023-01-23,2023-01-29,Gas supply system,2
Sumska,2023-01-23,2023-01-29,Government facilities,1
Sumska,2023-01-23,2023-01-29,Other,1
Sumska,2023-01-23,2023-01-29,Railway,1
Sumska,2023-01-23,2023-01-29,Total,9
Zaporizka,2023-01-23,2023-01-29,Electricity supply system,1
Zaporizka,2023-01-23,2023-01-29,Government facilities,1
Zaporizka,2023-01-23,2023-01-29,Industrial/Business/Enterprise facilities,1
Zaporizka,2023-01-23,2023-01-29,Total,3
Dnipropetrovska,2023-01-16,2023-01-22,"Education facility (school, etc.)",1
Dnipropetrovska,2023-01-16,2023-01-22,Electricity supply system,3
Dnipropetrovska,2023-01-16,2023-01-22,Government facilities,1
Dnipropetrovska,2023-01-16,2023-01-22,Industrial/Business/Enterprise facilities,1
Dnipropetrovska,2023-01-16,2023-01-22,Total,7
Dnipropetrovska,2023-01-16,2023-01-22,Water supply system,1
Donetska,2023-01-16,2023-01-22,"Education facility (school, etc.)",3
Donetska,2023-01-16,2023-01-22,Government facilities,1
Donetska,2023-01-16,2023-01-22,"Health facility (hospital, health clinic)",3
Donetska,2023-01-16,2023-01-22,Industrial/Business/Enterprise facilities,1
Donetska,2023-01-16,2023-01-22,Other,1
Donetska,2023-01-16,2023-01-22,Total,9
Kharkivska,2023-01-16,2023-01-22,"Education facility (school, etc.)",2
Kharkivska,2023-01-16,2023-01-22,Government facilities,1
Kharkivska,2023-01-16,2023-01-22,Industrial/Business/Enterprise facilities,1
Kharkivska,2023-01-16,2023-01-22,Total,4
Khersonska,2023-01-16,2023-01-22,"Cultural facilities (museum, theater etc.)",1
Khersonska,2023-01-16,2023-01-22,"Education facility (school, etc.)",2
Khersonska,2023-01-16,2023-01-22,Government facilities,2
Khersonska,2023-01-16,2023-01-22,Harbor,2
Khersonska,2023-01-16,2023-01-22,"Health facility (hospital, health clinic)",1
Khersonska,2023-01-16,2023-01-22,Industrial/Business/Enterprise facilities,2
Khersonska,2023-01-16,2023-01-22,Other,1
Khersonska,2023-01-16,2023-01-22,Total,11
Zaporizka,2023-01-16,2023-01-22,"Education facility (school, etc.)",1
Zaporizka,2023-01-16,2023-01-22,Industrial/Business/Enterprise facilities,2
Zaporizka,2023-01-16,2023-01-22,Other,1
Zaporizka,2023-01-16,2023-01-22,Total,4
Dnipropetrovska,2023-01-09,2023-01-15,Agricultural facilities,5
Dnipropetrovska,2023-01-09,2023-01-15,"Education facility (school, etc.)",5
Dnipropetrovska,2023-01-09,2023-01-15,Electricity supply system,5
Dnipropetrovska,2023-01-09,2023-01-15,Fuel depot,1
Dnipropetrovska,2023-01-09,2023-01-15,Gas supply system,3
Dnipropetrovska,2023-01-09,2023-01-15,Government facilities,1
Dnipropetrovska,2023-01-09,2023-01-15,Industrial/Business/Enterprise facilities,5
Dnipropetrovska,2023-01-09,2023-01-15,Total,25
Donetska,2023-01-09,2023-01-15,"Cultural facilities (museum, theater etc.)",1
Donetska,2023-01-09,2023-01-15,"Education facility (school, etc.)",2
Donetska,2023-01-09,2023-01-15,Government facilities,1
Donetska,2023-01-09,2023-01-15,Industrial/Business/Enterprise facilities,5
Donetska,2023-01-09,2023-01-15,Total,9
Kharkivska,2023-01-09,2023-01-15,Industrial/Business/Enterprise facilities,2
Kharkivska,2023-01-09,2023-01-15,Total,3
Kharkivska,2023-01-09,2023-01-15,Warehouse,1
Khersonska,2023-01-09,2023-01-15,"Education facility (school, etc.)",1
Khersonska,2023-01-09,2023-01-15,Electricity supply system,1
Khersonska,2023-01-09,2023-01-15,"Health facility (hospital, health clinic)",1
Khersonska,2023-01-09,2023-01-15,Other,2
Khersonska,2023-01-09,2023-01-15,Total,7
Khersonska,2023-01-09,2023-01-15,Warehouse,1
Khersonska,2023-01-09,2023-01-15,Water supply system,1
Mykolaivska,2023-01-09,2023-01-15,"Health facility (hospital, health clinic)",1
Mykolaivska,2023-01-09,2023-01-15,Other,1
Mykolaivska,2023-01-09,2023-01-15,Total,2
Sumska,2023-01-09,2023-01-15,Agricultural facilities,1
Sumska,2023-01-09,2023-01-15,"Education facility (school, etc.)",2
Sumska,2023-01-09,2023-01-15,Electricity supply system,1
Sumska,2023-01-09,2023-01-15,Total,4
Zaporizka,2023-01-09,2023-01-15,Industrial/Business/Enterprise facilities,1
Zaporizka,2023-01-09,2023-01-15,Total,1
Dnipropetrovska,2023-01-02,2023-01-08,Electricity supply system,4
Dnipropetrovska,2023-01-02,2023-01-08,Gas supply system,2
Dnipropetrovska,2023-01-02,2023-01-08,Industrial/Business/Enterprise facilities,1
Dnipropetrovska,2023-01-02,2023-01-08,Other,2
Dnipropetrovska,2023-01-02,2023-01-08,Total,9
Donetska,2023-01-02,2023-01-08,"Education facility (school, etc.)",2
Donetska,2023-01-02,2023-01-08,Government facilities,1
Donetska,2023-01-02,2023-01-08,"Health facility (hospital, health clinic)",2
Donetska,2023-01-02,2023-01-08,Heating and water facility,2
Donetska,2023-01-02,2023-01-08,Industrial/Business/Enterprise facilities,6
Donetska,2023-01-02,2023-01-08,Other,2
Donetska,2023-01-02,2023-01-08,Religious facilities,1
Donetska,2023-01-02,2023-01-08,Total,18
Donetska,2023-01-02,2023-01-08,Warehouse,1
Donetska,2023-01-02,2023-01-08,Water supply system,1
Kharkivska,2023-01-02,2023-01-08,Other,1
Kharkivska,2023-01-02,2023-01-08,Total,1
Khersonska,2023-01-02,2023-01-08,Agricultural facilities,1
Khersonska,2023-01-02,2023-01-08,"Education facility (school, etc.)",1
Khersonska,2023-01-02,2023-01-08,Electricity supply system,1
Khersonska,2023-01-02,2023-01-08,Gas supply system,1
Khersonska,2023-01-02,2023-01-08,Government facilities,2
Khersonska,2023-01-02,2023-01-08,"Health facility (hospital, health clinic)",1
Khersonska,2023-01-02,2023-01-08,Industrial/Business/Enterprise facilities,3
Khersonska,2023-01-02,2023-01-08,Other,3
Khersonska,2023-01-02,2023-01-08,Total,13
Luhanska,2023-01-02,2023-01-08,Gas supply system,1
Luhanska,2023-01-02,2023-01-08,Railway,1
Luhanska,2023-01-02,2023-01-08,Total,2
Sumska,2023-01-02,2023-01-08,Agricultural facilities,1
Sumska,2023-01-02,2023-01-08,"Education facility (school, etc.)",2
Sumska,2023-01-02,2023-01-08,Electricity supply system,3
Sumska,2023-01-02,2023-01-08,Government facilities,1
Sumska,2023-01-02,2023-01-08,Industrial/Business/Enterprise facilities,1
Sumska,2023-01-02,2023-01-08,Total,8
Zaporizka,2023-01-02,2023-01-08,"Education facility (school, etc.)",1
Zaporizka,2023-01-02,2023-01-08,Other,2
Zaporizka,2023-01-02,2023-01-08,Total,6
Zaporizka,2023-01-02,2023-01-08,Warehouse,3
Dnipropetrovska,2022-12-26,2023-01-01,Agricultural facilities,2
Dnipropetrovska,2022-12-26,2023-01-01,Electricity supply system,6
Dnipropetrovska,2022-12-26,2023-01-01,Gas supply system,6
Dnipropetrovska,2022-12-26,2023-01-01,"Health facility (hospital, health clinic)",1
Dnipropetrovska,2022-12-26,2023-01-01,Industrial/Business/Enterprise facilities,6
Dnipropetrovska,2022-12-26,2023-01-01,Total,21
Donetska,2022-12-26,2023-01-01,Government facilities,1
Donetska,2022-12-26,2023-01-01,Other,1
Donetska,2022-12-26,2023-01-01,Total,2
Kharkivska,2022-12-26,2023-01-01,Electricity supply system,1
Kharkivska,2022-12-26,2023-01-01,Total,1
Khersonska,2022-12-26,2023-01-01,"Education facility (school, etc.)",2
Khersonska,2022-12-26,2023-01-01,Electricity supply system,1
Khersonska,2022-12-26,2023-01-01,"Health facility (hospital, health clinic)",4
Khersonska,2022-12-26,2023-01-01,Industrial/Business/Enterprise facilities,3
Khersonska,2022-12-26,2023-01-01,Other,2
Khersonska,2022-12-26,2023-01-01,Total,13
Khersonska,2022-12-26,2023-01-01,Warehouse,1
Khmelnytska,2022-12-26,2023-01-01,Fuel depot,1
Khmelnytska,2022-12-26,2023-01-01,Total,2
Khmelnytska,2022-12-26,2023-01-01,Warehouse,1
Mykolaivska,2022-12-26,2023-01-01,"Education facility (school, etc.)",3
Mykolaivska,2022-12-26,2023-01-01,Harbor,1
Mykolaivska,2022-12-26,2023-01-01,Total,4
Sumska,2022-12-26,2023-01-01,"Education facility (school, etc.)",3
Sumska,2022-12-26,2023-01-01,Electricity supply system,1
Sumska,2022-12-26,2023-01-01,Government facilities,1
Sumska,2022-12-26,2023-01-01,"Health facility (hospital, health clinic)",1
Sumska,2022-12-26,2023-01-01,Heating and water facility,1
Sumska,2022-12-26,2023-01-01,Industrial/Business/Enterprise facilities,2
Sumska,2022-12-26,2023-01-01,Total,9
Zaporizka,2022-12-26,2023-01-01,Electricity supply system,1
Zaporizka,2022-12-26,2023-01-01,Gas supply system,1
Zaporizka,2022-12-26,2023-01-01,Total,2
Dnipropetrovska,2022-12-19,2022-12-25,Agricultural facilities,1
Dnipropetrovska,2022-12-19,2022-12-25,"Cultural facilities (museum, theater etc.)",1
Dnipropetrovska,2022-12-19,2022-12-25,"Education facility (school, etc.)",2
Dnipropetrovska,2022-12-19,2022-12-25,Electricity supply system,16
Dnipropetrovska,2022-12-19,2022-12-25,Gas supply system,5
Dnipropetrovska,2022-12-19,2022-12-25,Government facilities,1
Dnipropetrovska,2022-12-19,2022-12-25,Industrial/Business/Enterprise facilities,1
Dnipropetrovska,2022-12-19,2022-12-25,Other,1
Dnipropetrovska,2022-12-19,2022-12-25,Total,28
Donetska,2022-12-19,2022-12-25,"Education facility (school, etc.)",4
Donetska,2022-12-19,2022-12-25,Electricity supply system,1
Donetska,2022-12-19,2022-12-25,Government facilities,1
Donetska,2022-12-19,2022-12-25,"Health facility (hospital, health clinic)",1
Donetska,2022-12-19,2022-12-25,Industrial/Business/Enterprise facilities,3
Donetska,2022-12-19,2022-12-25,Other,1
Donetska,2022-12-19,2022-12-25,Total,11
Kharkivska,2022-12-19,2022-12-25,"Health facility (hospital, health clinic)",1
Kharkivska,2022-12-19,2022-12-25,Industrial/Business/Enterprise facilities,1
Kharkivska,2022-12-19,2022-12-25,Total,2
Khersonska,2022-12-19,2022-12-25,"Cultural facilities (museum, theater etc.)",1
Khersonska,2022-12-19,2022-12-25,"Education facility (school, etc.)",4
Khersonska,2022-12-19,2022-12-25,Government facilities,2
Khersonska,2022-12-19,2022-12-25,"Health facility (hospital, health clinic)",4
Khersonska,2022-12-19,2022-12-25,Industrial/Business/Enterprise facilities,3
Khersonska,2022-12-19,2022-12-25,Other,1
Khersonska,2022-12-19,2022-12-25,Religious facilities,1
Khersonska,2022-12-19,2022-12-25,Total,16
Sumska,2022-12-19,2022-12-25,"Cultural facilities (museum, theater etc.)",1
Sumska,2022-12-19,2022-12-25,Electricity supply system,3
Sumska,2022-12-19,2022-12-25,Industrial/Business/Enterprise facilities,1
Sumska,2022-12-19,2022-12-25,Other,2
Sumska,2022-12-19,2022-12-25,Total,7
Zaporizka,2022-12-19,2022-12-25,"Education facility (school, etc.)",1
Zaporizka,2022-12-19,2022-12-25,"Health facility (hospital, health clinic)",1
Zaporizka,2022-12-19,2022-12-25,Total,2
Dnipropetrovska,2022-12-12,2022-12-18,"Education facility (school, etc.)",1
Dnipropetrovska,2022-12-12,2022-12-18,Electricity supply system,7
Dnipropetrovska,2022-12-12,2022-12-18,Gas supply system,3
Dnipropetrovska,2022-12-12,2022-12-18,Government facilities,1
Dnipropetrovska,2022-12-12,2022-12-18,Industrial/Business/Enterprise facilities,2
Dnipropetrovska,2022-12-12,2022-12-18,Total,14
Donetska,2022-12-12,2022-12-18,"Education facility (school, etc.)",2
Donetska,2022-12-12,2022-12-18,Industrial/Business/Enterprise facilities,2
Donetska,2022-12-12,2022-12-18,Road / Highway,1
Donetska,2022-12-12,2022-12-18,Total,5
Kharkivska,2022-12-12,2022-12-18,Electricity supply system,2
Kharkivska,2022-12-12,2022-12-18,Government facilities,1
Kharkivska,2022-12-12,2022-12-18,"Health facility (hospital, health clinic)",1
Kharkivska,2022-12-12,2022-12-18,Other,1
Kharkivska,2022-12-12,2022-12-18,Total,6
Kharkivska,2022-12-12,2022-12-18,Warehouse,1
Khersonska,2022-12-12,2022-12-18,"Education facility (school, etc.)",4
Khersonska,2022-12-12,2022-12-18,Electricity supply system,2
Khersonska,2022-12-12,2022-12-18,Government facilities,3
Khersonska,2022-12-12,2022-12-18,"Health facility (hospital, health clinic)",1
Khersonska,2022-12-12,2022-12-18,Industrial/Business/Enterprise facilities,5
Khersonska,2022-12-12,2022-12-18,Other,1
Khersonska,2022-12-12,2022-12-18,Religious facilities,1
Khersonska,2022-12-12,2022-12-18,Total,18
Khersonska,2022-12-12,2022-12-18,Warehouse,1
Mykolaivska,2022-12-12,2022-12-18,Other,2
Mykolaivska,2022-12-12,2022-12-18,Total,2
Sumska,2022-12-12,2022-12-18,Government facilities,2
Sumska,2022-12-12,2022-12-18,Total,2
Zaporizka,2022-12-12,2022-12-18,Bridge,1
Zaporizka,2022-12-12,2022-12-18,Total,1
Zhytomyrska,2022-12-12,2022-12-18,Other,1
Zhytomyrska,2022-12-12,2022-12-18,Total,1
Dnipropetrovska,2022-12-05,2022-12-11,Agricultural facilities,1
Dnipropetrovska,2022-12-05,2022-12-11,"Education facility (school, etc.)",2
Dnipropetrovska,2022-12-05,2022-12-11,Electricity supply system,4
Dnipropetrovska,2022-12-05,2022-12-11,Gas supply system,5
Dnipropetrovska,2022-12-05,2022-12-11,Government facilities,1
Dnipropetrovska,2022-12-05,2022-12-11,Industrial/Business/Enterprise facilities,7
Dnipropetrovska,2022-12-05,2022-12-11,Other,1
Dnipropetrovska,2022-12-05,2022-12-11,Total,21
Donetska,2022-12-05,2022-12-11,Government facilities,1
Donetska,2022-12-05,2022-12-11,Industrial/Business/Enterprise facilities,1
Donetska,2022-12-05,2022-12-11,Other,1
Donetska,2022-12-05,2022-12-11,Total,3
Kharkivska,2022-12-05,2022-12-11,Total,1
Kharkivska,2022-12-05,2022-12-11,Warehouse,1
Khersonska,2022-12-05,2022-12-11,Electricity supply system,1
Khersonska,2022-12-05,2022-12-11,"Health facility (hospital, health clinic)",1
Khersonska,2022-12-05,2022-12-11,Industrial/Business/Enterprise facilities,1
Khersonska,2022-12-05,2022-12-11,Other,1
Khersonska,2022-12-05,2022-12-11,Total,5
Khersonska,2022-12-05,2022-12-11,Water supply system,1
Sumska,2022-12-05,2022-12-11,"Education facility (school, etc.)",1
Sumska,2022-12-05,2022-12-11,"Health facility (hospital, health clinic)",1
Sumska,2022-12-05,2022-12-11,Other,1
Sumska,2022-12-05,2022-12-11,Religious facilities,1
Sumska,2022-12-05,2022-12-11,Total,4
Zaporizka,2022-12-05,2022-12-11,Other,1
Zaporizka,2022-12-05,2022-12-11,Total,1
Dnipropetrovska,2022-11-28,2022-12-04,Electricity supply system,2
Dnipropetrovska,2022-11-28,2022-12-04,Gas supply system,2
Dnipropetrovska,2022-11-28,2022-12-04,Industrial/Business/Enterprise facilities,1
Dnipropetrovska,2022-11-28,2022-12-04,Total,5
Donetska,2022-11-28,2022-12-04,Oil depot,1
Donetska,2022-11-28,2022-12-04,Total,1
Kharkivska,2022-11-28,2022-12-04,Road / Highway,1
Kharkivska,2022-11-28,2022-12-04,Total,1
Khersonska,2022-11-28,2022-12-04,Electricity supply system,1
Khersonska,2022-11-28,2022-12-04,Government facilities,1
Khersonska,2022-11-28,2022-12-04,Other,1
Khersonska,2022-11-28,2022-12-04,Total,3
Sumska,2022-11-28,2022-12-04,Electricity supply system,4
Sumska,2022-11-28,2022-12-04,Gas supply system,1
Sumska,2022-11-28,2022-12-04,"Health facility (hospital, health clinic)",1
Sumska,2022-11-28,2022-12-04,Industrial/Business/Enterprise facilities,1
Sumska,2022-11-28,2022-12-04,Other,1
Sumska,2022-11-28,2022-12-04,Total,11
Sumska,2022-11-28,2022-12-04,Warehouse,3
Zaporizka,2022-11-28,2022-12-04,Electricity supply system,1
Zaporizka,2022-11-28,2022-12-04,Industrial/Business/Enterprise facilities,2
Zaporizka,2022-11-28,2022-12-04,Total,3
Dnipropetrovska,2022-11-21,2022-11-27,Railway,1
Dnipropetrovska,2022-11-21,2022-11-27,Total,1
Donetska,2022-11-21,2022-11-27,"Health facility (hospital, health clinic)",1
Donetska,2022-11-21,2022-11-27,Total,2
Donetska,2022-11-21,2022-11-27,Warehouse,1
Kharkivska,2022-11-21,2022-11-27,"Health facility (hospital, health clinic)",1
Kharkivska,2022-11-21,2022-11-27,Industrial/Business/Enterprise facilities,1
Kharkivska,2022-11-21,2022-11-27,Total,3
Kharkivska,2022-11-21,2022-11-27,Warehouse,1
Kyivska,2022-11-21,2022-11-27,Electricity supply system,1
Kyivska,2022-11-21,2022-11-27,Total,1
Mykolaivska,2022-11-21,2022-11-27,Religious facilities,1
Mykolaivska,2022-11-21,2022-11-27,Total,1
Sumska,2022-11-21,2022-11-27,"Cultural facilities (museum, theater etc.)",1
Sumska,2022-11-21,2022-11-27,Electricity supply system,1
Sumska,2022-11-21,2022-11-27,Gas supply system,2
Sumska,2022-11-21,2022-11-27,Industrial/Business/Enterprise facilities,2
Sumska,2022-11-21,2022-11-27,Total,6
Zaporizka,2022-11-21,2022-11-27,Other,1
Zaporizka,2022-11-21,2022-11-27,Total,1
Dnipropetrovska,2022-11-14,2022-11-20,Electricity supply system,5
Dnipropetrovska,2022-11-14,2022-11-20,Gas supply system,3
Dnipropetrovska,2022-11-14,2022-11-20,Industrial/Business/Enterprise facilities,1
Dnipropetrovska,2022-11-14,2022-11-20,Power plant,1
Dnipropetrovska,2022-11-14,2022-11-20,Total,10
Kharkivska,2022-11-14,2022-11-20,Industrial/Business/Enterprise facilities,1
Kharkivska,2022-11-14,2022-11-20,Other,1
Kharkivska,2022-11-14,2022-11-20,Total,2
Khersonska,2022-11-14,2022-11-20,Other,1
Khersonska,2022-11-14,2022-11-20,Total,1
Kirovohradska,2022-11-14,2022-11-20,Electricity supply system,2
Kirovohradska,2022-11-14,2022-11-20,Total,2
Poltavska,2022-11-14,2022-11-20,Electricity supply system,1
Poltavska,2022-11-14,2022-11-20,Total,1
Sumska,2022-11-14,2022-11-20,Gas supply system,1
Sumska,2022-11-14,2022-11-20,Industrial/Business/Enterprise facilities,1
Sumska,2022-11-14,2022-11-20,Total,2
Volynska,2022-11-14,2022-11-20,Electricity supply system,1
Volynska,2022-11-14,2022-11-20,Total,1
Zaporizka,2022-11-14,2022-11-20,Power plant,1
Zaporizka,2022-11-14,2022-11-20,Road / Highway,1
Zaporizka,2022-11-14,2022-11-20,Total,3
Zaporizka,2022-11-14,2022-11-20,Water supply system,1
Dnipropetrovska,2022-11-07,2022-11-13,Electricity supply system,2
Dnipropetrovska,2022-11-07,2022-11-13,Gas supply system,2
Dnipropetrovska,2022-11-07,2022-11-13,Government facilities,2
Dnipropetrovska,2022-11-07,2022-11-13,"Health facility (hospital, health clinic)",1
Dnipropetrovska,2022-11-07,2022-11-13,Industrial/Business/Enterprise facilities,3
Dnipropetrovska,2022-11-07,2022-11-13,Total,11
Dnipropetrovska,2022-11-07,2022-11-13,Warehouse,1
Donetska,2022-11-07,2022-11-13,Government facilities,1
Donetska,2022-11-07,2022-11-13,"Health facility (hospital, health clinic)",4
Donetska,2022-11-07,2022-11-13,Total,5
Kharkivska,2022-11-07,2022-11-13,Other,1
Kharkivska,2022-11-07,2022-11-13,Total,1
Khersonska,2022-11-07,2022-11-13,Other,1
Khersonska,2022-11-07,2022-11-13,Telecommunications,2
Khersonska,2022-11-07,2022-11-13,Total,3
Sumska,2022-11-07,2022-11-13,Electricity supply system,5
Sumska,2022-11-07,2022-11-13,Gas supply system,1
Sumska,2022-11-07,2022-11-13,Total,6
Zaporizka,2022-11-07,2022-11-13,Religious facilities,1
Zaporizka,2022-11-07,2022-11-13,Total,2
Zaporizka,2022-11-07,2022-11-13,Warehouse,1
Dnipropetrovska,2022-10-31,2022-11-06,Electricity supply system,6
Dnipropetrovska,2022-10-31,2022-11-06,Gas supply system,3
Dnipropetrovska,2022-10-31,2022-11-06,Government facilities,1
Dnipropetrovska,2022-10-31,2022-11-06,"Health facility (hospital, health clinic)",1
Dnipropetrovska,2022-10-31,2022-11-06,Industrial/Business/Enterprise facilities,6
Dnipropetrovska,2022-10-31,2022-11-06,Oil depot,1
Dnipropetrovska,2022-10-31,2022-11-06,Other,1
Dnipropetrovska,2022-10-31,2022-11-06,Total,20
Dnipropetrovska,2022-10-31,2022-11-06,Water supply system,1
Donetska,2022-10-31,2022-11-06,Religious facilities,1
Donetska,2022-10-31,2022-11-06,Total,1
Kirovohradska,2022-10-31,2022-11-06,Electricity supply system,1
Kirovohradska,2022-10-31,2022-11-06,Total,1
Sumska,2022-10-31,2022-11-06,Electricity supply system,1
Sumska,2022-10-31,2022-11-06,Total,1
Zaporizka,2022-10-31,2022-11-06,Gas supply system,1
Zaporizka,2022-10-31,2022-11-06,Total,1
Dnipropetrovska,2022-10-24,2022-10-30,Electricity supply system,1
Dnipropetrovska,2022-10-24,2022-10-30,Gas supply system,2
Dnipropetrovska,2022-10-24,2022-10-30,Industrial/Business/Enterprise facilities,3
Dnipropetrovska,2022-10-24,2022-10-30,Total,6
Luhanska,2022-10-24,2022-10-30,Bridge,1
Luhanska,2022-10-24,2022-10-30,Total,1
Sumska,2022-10-24,2022-10-30,Electricity supply system,1
Sumska,2022-10-24,2022-10-30,Total,1
Khersonska,2022-10-17,2022-10-23,Agricultural facilities,1
Khersonska,2022-10-17,2022-10-23,Religious facilities,1
Khersonska,2022-10-17,2022-10-23,Total,2
Dnipropetrovska,2022-10-03,2022-10-09,Agricultural facilities,3
Dnipropetrovska,2022-10-03,2022-10-09,"Cultural facilities (museum, theater etc.)",1
Dnipropetrovska,2022-10-03,2022-10-09,"Education facility (school, etc.)",2
Dnipropetrovska,2022-10-03,2022-10-09,Electricity supply system,3
Dnipropetrovska,2022-10-03,2022-10-09,Gas supply system,1
Dnipropetrovska,2022-10-03,2022-10-09,Government facilities,1
Dnipropetrovska,2022-10-03,2022-10-09,"Health facility (hospital, health clinic)",2
Dnipropetrovska,2022-10-03,2022-10-09,Industrial/Business/Enterprise facilities,5
Dnipropetrovska,2022-10-03,2022-10-09,Religious facilities,1
Dnipropetrovska,2022-10-03,2022-10-09,Total,19
Donetska,2022-10-03,2022-10-09,Electricity supply system,1
Donetska,2022-10-03,2022-10-09,Road / Highway,1
Donetska,2022-10-03,2022-10-09,Total,2
Mykolaivska,2022-10-03,2022-10-09,Agricultural facilities,2
Mykolaivska,2022-10-03,2022-10-09,Government facilities,1
Mykolaivska,2022-10-03,2022-10-09,Harbor,1
Mykolaivska,2022-10-03,2022-10-09,Industrial/Business/Enterprise facilities,1
Mykolaivska,2022-10-03,2022-10-09,Total,5
Sumska,2022-10-03,2022-10-09,"Cultural facilities (museum, theater etc.)",1
Sumska,2022-10-03,2022-10-09,Total,1
Zaporizka,2022-10-03,2022-10-09,Agricultural facilities,1
Zaporizka,2022-10-03,2022-10-09,"Education facility (school, etc.)",2
Zaporizka,2022-10-03,2022-10-09,"Health facility (hospital, health clinic)",1
Zaporizka,2022-10-03,2022-10-09,Industrial/Business/Enterprise facilities,1
Zaporizka,2022-10-03,2022-10-09,Other,1
Zaporizka,2022-10-03,2022-10-09,Total,6
Donetska,2022-09-26,2022-10-02,Government facilities,1
Donetska,2022-09-26,2022-10-02,"Health facility (hospital, health clinic)",1
Donetska,2022-09-26,2022-10-02,Industrial/Business/Enterprise facilities,1
Donetska,2022-09-26,2022-10-02,Other,1
Donetska,2022-09-26,2022-10-02,Road / Highway,1
Donetska,2022-09-26,2022-10-02,Total,5
Donetska,2022-09-19,2022-09-25,"Education facility (school, etc.)",1
Donetska,2022-09-19,2022-09-25,Total,1
Donetska,2022-09-12,2022-09-18,Industrial/Business/Enterprise facilities,1
Donetska,2022-09-12,2022-09-18,Total,1
Donetska,2022-09-05,2022-09-11,"Education facility (school, etc.)",1
Donetska,2022-09-05,2022-09-11,"Health facility (hospital, health clinic)",1
Donetska,2022-09-05,2022-09-11,Total,2
Donetska,2022-08-29,2022-09-04,Industrial/Business/Enterprise facilities,2
Donetska,2022-08-29,2022-09-04,Other,1
Donetska,2022-08-29,2022-09-04,Total,3
Mykolaivska,2022-08-29,2022-09-04,"Education facility (school, etc.)",1
Mykolaivska,2022-08-29,2022-09-04,Total,1
Dnipropetrovska,2022-08-22,2022-08-28,"Cultural facilities (museum, theater etc.)",1
Dnipropetrovska,2022-08-22,2022-08-28,"Education facility (school, etc.)",3
Dnipropetrovska,2022-08-22,2022-08-28,Electricity supply system,2
Dnipropetrovska,2022-08-22,2022-08-28,"Health facility (hospital, health clinic)",1
Dnipropetrovska,2022-08-22,2022-08-28,Industrial/Business/Enterprise facilities,1
Dnipropetrovska,2022-08-22,2022-08-28,Railway,1
Dnipropetrovska,2022-08-22,2022-08-28,Total,9
Kharkivska,2022-08-22,2022-08-28,Other,1
Kharkivska,2022-08-22,2022-08-28,Total,1
Dnipropetrovska,2022-08-15,2022-08-21,"Education facility (school, etc.)",1
Dnipropetrovska,2022-08-15,2022-08-21,Electricity supply system,2
Dnipropetrovska,2022-08-15,2022-08-21,Gas supply system,2
Dnipropetrovska,2022-08-15,2022-08-21,Industrial/Business/Enterprise facilities,1
Dnipropetrovska,2022-08-15,2022-08-21,Religious facilities,1
Dnipropetrovska,2022-08-15,2022-08-21,Total,7
Donetska,2022-08-15,2022-08-21,"Education facility (school, etc.)",2
Donetska,2022-08-15,2022-08-21,Total,2
Mykolaivska,2022-08-15,2022-08-21,"Education facility (school, etc.)",1
Mykolaivska,2022-08-15,2022-08-21,Total,1
Dnipropetrovska,2022-08-08,2022-08-14,"Education facility (school, etc.)",4
Dnipropetrovska,2022-08-08,2022-08-14,Electricity supply system,1
Dnipropetrovska,2022-08-08,2022-08-14,Gas supply system,1
Dnipropetrovska,2022-08-08,2022-08-14,Industrial/Business/Enterprise facilities,4
Dnipropetrovska,2022-08-08,2022-08-14,Other,1
Dnipropetrovska,2022-08-08,2022-08-14,Total,11
Khersonska,2022-08-08,2022-08-14,Total,1
Khersonska,2022-08-08,2022-08-14,Warehouse,1
Dnipropetrovska,2022-08-01,2022-08-07,"Cultural facilities (museum, theater etc.)",1
Dnipropetrovska,2022-08-01,2022-08-07,"Education facility (school, etc.)",1
Dnipropetrovska,2022-08-01,2022-08-07,Electricity supply system,1
Dnipropetrovska,2022-08-01,2022-08-07,Total,3
Donetska,2022-08-01,2022-08-07,"Cultural facilities (museum, theater etc.)",1
Donetska,2022-08-01,2022-08-07,Other,1
Donetska,2022-08-01,2022-08-07,Total,2
Mykolaivska,2022-08-01,2022-08-07,Industrial/Business/Enterprise facilities,1
Mykolaivska,2022-08-01,2022-08-07,Total,1
Sumska,2022-08-01,2022-08-07,Electricity supply system,1
Sumska,2022-08-01,2022-08-07,Total,1
Dnipropetrovska,2022-07-25,2022-07-31,"Education facility (school, etc.)",1
Dnipropetrovska,2022-07-25,2022-07-31,Electricity supply system,2
Dnipropetrovska,2022-07-25,2022-07-31,"Health facility (hospital, health clinic)",1
Dnipropetrovska,2022-07-25,2022-07-31,Total,4
Donetska,2022-07-25,2022-07-31,Industrial/Business/Enterprise facilities,1
Donetska,2022-07-25,2022-07-31,Total,1
Kharkivska,2022-07-25,2022-07-31,Agricultural facilities,1
Kharkivska,2022-07-25,2022-07-31,"Cultural facilities (museum, theater etc.)",1
Kharkivska,2022-07-25,2022-07-31,"Education facility (school, etc.)",1
Kharkivska,2022-07-25,2022-07-31,Total,4
Kharkivska,2022-07-25,2022-07-31,Warehouse,1
Odeska,2022-07-25,2022-07-31,"Cultural facilities (museum, theater etc.)",15
Odeska,2022-07-25,2022-07-31,Total,15
Dnipropetrovska,2022-07-18,2022-07-24,Industrial/Business/Enterprise facilities,2
Dnipropetrovska,2022-07-18,2022-07-24,Total,3
Dnipropetrovska,2022-07-18,2022-07-24,Warehouse,1
Donetska,2022-07-18,2022-07-24,"Education facility (school, etc.)",1
Donetska,2022-07-18,2022-07-24,Industrial/Business/Enterprise facilities,1
Donetska,2022-07-18,2022-07-24,Total,2
Kharkivska,2022-07-18,2022-07-24,"Education facility (school, etc.)",1
Kharkivska,2022-07-18,2022-07-24,Total,2
Kharkivska,2022-07-18,2022-07-24,Water supply system,1
Mykolaivska,2022-07-18,2022-07-24,Industrial/Business/Enterprise facilities,2
Mykolaivska,2022-07-18,2022-07-24,Total,2
Dnipropetrovska,2022-07-11,2022-07-17,"Education facility (school, etc.)",2
Dnipropetrovska,2022-07-11,2022-07-17,Total,2
Donetska,2022-07-11,2022-07-17,Government facilities,1
Donetska,2022-07-11,2022-07-17,Industrial/Business/Enterprise facilities,1
Donetska,2022-07-11,2022-07-17,Total,2
Kharkivska,2022-07-11,2022-07-17,Electricity supply system,1
Kharkivska,2022-07-11,2022-07-17,Industrial/Business/Enterprise facilities,1
Kharkivska,2022-07-11,2022-07-17,Total,2
Vinnytska,2022-07-11,2022-07-17,Religious facilities,1
Vinnytska,2022-07-11,2022-07-17,Total,1
Dnipropetrovska,2022-07-04,2022-07-10,Electricity supply system,1
Dnipropetrovska,2022-07-04,2022-07-10,Power plant,1
Dnipropetrovska,2022-07-04,2022-07-10,Total,3
Dnipropetrovska,2022-07-04,2022-07-10,Warehouse,1
Donetska,2022-07-04,2022-07-10,"Cultural facilities (museum, theater etc.)",1
Donetska,2022-07-04,2022-07-10,Government facilities,1
Donetska,2022-07-04,2022-07-10,Industrial/Business/Enterprise facilities,1
Donetska,2022-07-04,2022-07-10,Oil depot,1
Donetska,2022-07-04,2022-07-10,Railway,1
Donetska,2022-07-04,2022-07-10,Total,5
Kharkivska,2022-07-04,2022-07-10,Agricultural facilities,1
Kharkivska,2022-07-04,2022-07-10,"Cultural facilities (museum, theater etc.)",1
Kharkivska,2022-07-04,2022-07-10,"Education facility (school, etc.)",3
Kharkivska,2022-07-04,2022-07-10,Government facilities,1
Kharkivska,2022-07-04,2022-07-10,"Health facility (hospital, health clinic)",1
Kharkivska,2022-07-04,2022-07-10,Total,7
Mykolaivska,2022-07-04,2022-07-10,"Cultural facilities (museum, theater etc.)",1
Mykolaivska,2022-07-04,2022-07-10,Total,1
Zaporizka,2022-07-04,2022-07-10,"Education facility (school, etc.)",1
Zaporizka,2022-07-04,2022-07-10,Total,1
Dnipropetrovska,2022-06-27,2022-07-03,Electricity supply system,2
Dnipropetrovska,2022-06-27,2022-07-03,Total,3
Dnipropetrovska,2022-06-27,2022-07-03,Warehouse,1
Donetska,2022-06-27,2022-07-03,"Education facility (school, etc.)",1
Donetska,2022-06-27,2022-07-03,"Health facility (hospital, health clinic)",1
Donetska,2022-06-27,2022-07-03,Industrial/Business/Enterprise facilities,1
Donetska,2022-06-27,2022-07-03,Road / Highway,1
Donetska,2022-06-27,2022-07-03,Total,4
Kharkivska,2022-06-27,2022-07-03,"Education facility (school, etc.)",1
Kharkivska,2022-06-27,2022-07-03,Industrial/Business/Enterprise facilities,3
Kharkivska,2022-06-27,2022-07-03,Other,1
Kharkivska,2022-06-27,2022-07-03,Railway,1
Kharkivska,2022-06-27,2022-07-03,Total,6
Khersonska,2022-06-27,2022-07-03,Agricultural facilities,1
Khersonska,2022-06-27,2022-07-03,Total,1
Luhanska,2022-06-27,2022-07-03,Government facilities,1
Luhanska,2022-06-27,2022-07-03,Industrial/Business/Enterprise facilities,1
Luhanska,2022-06-27,2022-07-03,Oil depot,1
Luhanska,2022-06-27,2022-07-03,Total,5
Luhanska,2022-06-27,2022-07-03,Warehouse,1
Luhanska,2022-06-27,2022-07-03,Water supply system,1
Mykolaivska,2022-06-27,2022-07-03,"Cultural facilities (museum, theater etc.)",1
Mykolaivska,2022-06-27,2022-07-03,Industrial/Business/Enterprise facilities,1
Mykolaivska,2022-06-27,2022-07-03,Total,2
Odeska,2022-06-27,2022-07-03,Industrial/Business/Enterprise facilities,1
Odeska,2022-06-27,2022-07-03,Total,1
Poltavska,2022-06-27,2022-07-03,Industrial/Business/Enterprise facilities,2
Poltavska,2022-06-27,2022-07-03,Total,2
Zaporizka,2022-06-27,2022-07-03,Gas supply system,1
Zaporizka,2022-06-27,2022-07-03,Total,1
Dnipropetrovska,2022-06-20,2022-06-26,"Cultural facilities (museum, theater etc.)",1
Dnipropetrovska,2022-06-20,2022-06-26,Electricity supply system,1
Dnipropetrovska,2022-06-20,2022-06-26,Gas supply system,1
Dnipropetrovska,2022-06-20,2022-06-26,Government facilities,2
Dnipropetrovska,2022-06-20,2022-06-26,Industrial/Business/Enterprise facilities,4
Dnipropetrovska,2022-06-20,2022-06-26,Road / Highway,1
Dnipropetrovska,2022-06-20,2022-06-26,Total,10
Donetska,2022-06-20,2022-06-26,"Education facility (school, etc.)",1
Donetska,2022-06-20,2022-06-26,Telecommunications,1
Donetska,2022-06-20,2022-06-26,Total,2
Kharkivska,2022-06-20,2022-06-26,"Education facility (school, etc.)",1
Kharkivska,2022-06-20,2022-06-26,Electricity supply system,1
Kharkivska,2022-06-20,2022-06-26,Gas supply system,1
Kharkivska,2022-06-20,2022-06-26,Industrial/Business/Enterprise facilities,4
Kharkivska,2022-06-20,2022-06-26,Other,1
Kharkivska,2022-06-20,2022-06-26,Total,9
Kharkivska,2022-06-20,2022-06-26,Warehouse,1
Mykolaivska,2022-06-20,2022-06-26,"Education facility (school, etc.)",1
Mykolaivska,2022-06-20,2022-06-26,Gas supply system,1
Mykolaivska,2022-06-20,2022-06-26,Industrial/Business/Enterprise facilities,3
Mykolaivska,2022-06-20,2022-06-26,Total,6
Mykolaivska,2022-06-20,2022-06-26,Warehouse,1
Sumska,2022-06-20,2022-06-26,Government facilities,1
Sumska,2022-06-20,2022-06-26,Other,2
Sumska,2022-06-20,2022-06-26,Total,3
Zaporizka,2022-06-20,2022-06-26,Electricity supply system,1
Zaporizka,2022-06-20,2022-06-26,Gas supply system,2
Zaporizka,2022-06-20,2022-06-26,Road / Highway,1
Zaporizka,2022-06-20,2022-06-26,Total,4
Dnipropetrovska,2022-06-13,2022-06-19,"Education facility (school, etc.)",3
Dnipropetrovska,2022-06-13,2022-06-19,Electricity supply system,1
Dnipropetrovska,2022-06-13,2022-06-19,Government facilities,1
Dnipropetrovska,2022-06-13,2022-06-19,Oil depot,1
Dnipropetrovska,2022-06-13,2022-06-19,Total,6
Donetska,2022-06-13,2022-06-19,"Health facility (hospital, health clinic)",1
Donetska,2022-06-13,2022-06-19,Other,2
Donetska,2022-06-13,2022-06-19,Total,3
Kharkivska,2022-06-13,2022-06-19,"Education facility (school, etc.)",1
Kharkivska,2022-06-13,2022-06-19,Industrial/Business/Enterprise facilities,3
Kharkivska,2022-06-13,2022-06-19,Oil depot,1
Kharkivska,2022-06-13,2022-06-19,Other,1
Kharkivska,2022-06-13,2022-06-19,Railway,1
Kharkivska,2022-06-13,2022-06-19,Total,7
Luhanska,2022-06-13,2022-06-19,Industrial/Business/Enterprise facilities,1
Luhanska,2022-06-13,2022-06-19,Total,1
Zaporizka,2022-06-13,2022-06-19,Other,1
Zaporizka,2022-06-13,2022-06-19,Total,1
Dnipropetrovska,2022-06-06,2022-06-12,"Cultural facilities (museum, theater etc.)",1
Dnipropetrovska,2022-06-06,2022-06-12,"Education facility (school, etc.)",3
Dnipropetrovska,2022-06-06,2022-06-12,Electricity supply system,1
Dnipropetrovska,2022-06-06,2022-06-12,Gas supply system,1
Dnipropetrovska,2022-06-06,2022-06-12,"Health facility (hospital, health clinic)",1
Dnipropetrovska,2022-06-06,2022-06-12,Total,7
Donetska,2022-06-06,2022-06-12,"Education facility (school, etc.)",1
Donetska,2022-06-06,2022-06-12,Electricity supply system,2
Donetska,2022-06-06,2022-06-12,Railway,1
Donetska,2022-06-06,2022-06-12,Total,4
Kharkivska,2022-06-06,2022-06-12,"Education facility (school, etc.)",2
Kharkivska,2022-06-06,2022-06-12,Electricity supply system,1
Kharkivska,2022-06-06,2022-06-12,Gas supply system,1
Kharkivska,2022-06-06,2022-06-12,Industrial/Business/Enterprise facilities,5
Kharkivska,2022-06-06,2022-06-12,Telecommunications,1
Kharkivska,2022-06-06,2022-06-12,Total,11
Kharkivska,2022-06-06,2022-06-12,Water supply system,1
Luhanska,2022-06-06,2022-06-12,Government facilities,1
Luhanska,2022-06-06,2022-06-12,Industrial/Business/Enterprise facilities,3
Luhanska,2022-06-06,2022-06-12,Other,1
Luhanska,2022-06-06,2022-06-12,Total,5
Dnipropetrovska,2022-05-30,2022-06-05,Electricity supply system,2
Dnipropetrovska,2022-05-30,2022-06-05,Gas supply system,1
Dnipropetrovska,2022-05-30,2022-06-05,Total,3
Donetska,2022-05-30,2022-06-05,Electricity supply system,3
Donetska,2022-05-30,2022-06-05,Government facilities,2
Donetska,2022-05-30,2022-06-05,"Health facility (hospital, health clinic)",1
Donetska,2022-05-30,2022-06-05,Industrial/Business/Enterprise facilities,4
Donetska,2022-05-30,2022-06-05,Other,2
Donetska,2022-05-30,2022-06-05,Railway,1
Donetska,2022-05-30,2022-06-05,Religious facilities,1
Donetska,2022-05-30,2022-06-05,Road / Highway,1
Donetska,2022-05-30,2022-06-05,Total,16
Donetska,2022-05-30,2022-06-05,Water supply system,1
Kharkivska,2022-05-30,2022-06-05,Government facilities,1
Kharkivska,2022-05-30,2022-06-05,"Health facility (hospital, health clinic)",1
Kharkivska,2022-05-30,2022-06-05,Industrial/Business/Enterprise facilities,1
Kharkivska,2022-05-30,2022-06-05,Other,1
Kharkivska,2022-05-30,2022-06-05,Total,6
Kharkivska,2022-05-30,2022-06-05,Warehouse,2
Luhanska,2022-05-30,2022-06-05,Chemical storage unit,1
Luhanska,2022-05-30,2022-06-05,Government facilities,2
Luhanska,2022-05-30,2022-06-05,"Health facility (hospital, health clinic)",1
Luhanska,2022-05-30,2022-06-05,Industrial/Business/Enterprise facilities,2
Luhanska,2022-05-30,2022-06-05,Other,1
Luhanska,2022-05-30,2022-06-05,Total,7
Lvivska,2022-05-30,2022-06-05,Railway,2
Lvivska,2022-05-30,2022-06-05,Total,2
Dnipropetrovska,2022-05-23,2022-05-29,"Education facility (school, etc.)",1
Dnipropetrovska,2022-05-23,2022-05-29,Electricity supply system,2
Dnipropetrovska,2022-05-23,2022-05-29,Gas supply system,2
Dnipropetrovska,2022-05-23,2022-05-29,Industrial/Business/Enterprise facilities,2
Dnipropetrovska,2022-05-23,2022-05-29,Railway,2
Dnipropetrovska,2022-05-23,2022-05-29,Religious facilities,1
Dnipropetrovska,2022-05-23,2022-05-29,Total,10
Donetska,2022-05-23,2022-05-29,Bridge,1
Donetska,2022-05-23,2022-05-29,Government facilities,1
Donetska,2022-05-23,2022-05-29,Industrial/Business/Enterprise facilities,1
Donetska,2022-05-23,2022-05-29,Total,4
Donetska,2022-05-23,2022-05-29,Water supply system,1
Kharkivska,2022-05-23,2022-05-29,Agricultural facilities,4
Kharkivska,2022-05-23,2022-05-29,Electricity supply system,1
Kharkivska,2022-05-23,2022-05-29,Industrial/Business/Enterprise facilities,1
Kharkivska,2022-05-23,2022-05-29,Other,1
Kharkivska,2022-05-23,2022-05-29,Railway,1
Kharkivska,2022-05-23,2022-05-29,Total,8
Luhanska,2022-05-23,2022-05-29,"Cultural facilities (museum, theater etc.)",2
Luhanska,2022-05-23,2022-05-29,Government facilities,2
Luhanska,2022-05-23,2022-05-29,Oil depot,1
Luhanska,2022-05-23,2022-05-29,Other,2
Luhanska,2022-05-23,2022-05-29,Total,7
Mykolaivska,2022-05-23,2022-05-29,"Health facility (hospital, health clinic)",1
Mykolaivska,2022-05-23,2022-05-29,Industrial/Business/Enterprise facilities,1
Mykolaivska,2022-05-23,2022-05-29,Total,2
Zaporizka,2022-05-23,2022-05-29,"Cultural facilities (museum, theater etc.)",1
Zaporizka,2022-05-23,2022-05-29,Industrial/Business/Enterprise facilities,10
Zaporizka,2022-05-23,2022-05-29,Other,1
Zaporizka,2022-05-23,2022-05-29,Total,12
Dnipropetrovska,2022-05-16,2022-05-22,Other,2
Dnipropetrovska,2022-05-16,2022-05-22,Total,2
Donetska,2022-05-16,2022-05-22,Electricity supply system,9
Donetska,2022-05-16,2022-05-22,Gas supply system,9
Donetska,2022-05-16,2022-05-22,Government facilities,1
Donetska,2022-05-16,2022-05-22,"Health facility (hospital, health clinic)",1
Donetska,2022-05-16,2022-05-22,Industrial/Business/Enterprise facilities,2
Donetska,2022-05-16,2022-05-22,Other,2
Donetska,2022-05-16,2022-05-22,Railway,1
Donetska,2022-05-16,2022-05-22,Total,25
Kharkivska,2022-05-16,2022-05-22,"Cultural facilities (museum, theater etc.)",1
Kharkivska,2022-05-16,2022-05-22,"Education facility (school, etc.)",11
Kharkivska,2022-05-16,2022-05-22,Electricity supply system,1
Kharkivska,2022-05-16,2022-05-22,Government facilities,1
Kharkivska,2022-05-16,2022-05-22,Heating and water facility,1
Kharkivska,2022-05-16,2022-05-22,Industrial/Business/Enterprise facilities,1
Kharkivska,2022-05-16,2022-05-22,Total,16
Khersonska,2022-05-16,2022-05-22,Electricity supply system,1
Khersonska,2022-05-16,2022-05-22,Gas supply system,1
Khersonska,2022-05-16,2022-05-22,Total,2
Kyivska,2022-05-16,2022-05-22,"Education facility (school, etc.)",1
Kyivska,2022-05-16,2022-05-22,Total,1
Luhanska,2022-05-16,2022-05-22,"Education facility (school, etc.)",1
Luhanska,2022-05-16,2022-05-22,Total,1
Dnipropetrovska,2022-05-09,2022-05-15,Power plant,1
Dnipropetrovska,2022-05-09,2022-05-15,Total,1
Donetska,2022-05-09,2022-05-15,Chemical storage unit,1
Donetska,2022-05-09,2022-05-15,"Cultural facilities (museum, theater etc.)",1
Donetska,2022-05-09,2022-05-15,"Health facility (hospital, health clinic)",2
Donetska,2022-05-09,2022-05-15,Industrial/Business/Enterprise facilities,1
Donetska,2022-05-09,2022-05-15,Other,2
Donetska,2022-05-09,2022-05-15,Religious facilities,1
Donetska,2022-05-09,2022-05-15,Total,8
Kharkivska,2022-05-09,2022-05-15,"Cultural facilities (museum, theater etc.)",1
Kharkivska,2022-05-09,2022-05-15,Gas supply system,1
Kharkivska,2022-05-09,2022-05-15,Government facilities,1
Kharkivska,2022-05-09,2022-05-15,"Health facility (hospital, health clinic)",1
Kharkivska,2022-05-09,2022-05-15,Total,4
Khersonska,2022-05-09,2022-05-15,Gas supply system,1
Khersonska,2022-05-09,2022-05-15,Total,1
Luhanska,2022-05-09,2022-05-15,Bridge,2
Luhanska,2022-05-09,2022-05-15,Gas supply system,1
Luhanska,2022-05-09,2022-05-15,Government facilities,1
Luhanska,2022-05-09,2022-05-15,Industrial/Business/Enterprise facilities,3
Luhanska,2022-05-09,2022-05-15,Total,7
Poltavska,2022-05-09,2022-05-15,Other,2
Poltavska,2022-05-09,2022-05-15,Total,2
Dnipropetrovska,2022-05-02,2022-05-08,"Cultural facilities (museum, theater etc.)",1
Dnipropetrovska,2022-05-02,2022-05-08,"Education facility (school, etc.)",2
Dnipropetrovska,2022-05-02,2022-05-08,Industrial/Business/Enterprise facilities,1
Dnipropetrovska,2022-05-02,2022-05-08,Railway,2
Dnipropetrovska,2022-05-02,2022-05-08,Total,6
Donetska,2022-05-02,2022-05-08,Bridge,1
Donetska,2022-05-02,2022-05-08,"Education facility (school, etc.)",2
Donetska,2022-05-02,2022-05-08,Electricity supply system,2
Donetska,2022-05-02,2022-05-08,Gas supply system,3
Donetska,2022-05-02,2022-05-08,Industrial/Business/Enterprise facilities,2
Donetska,2022-05-02,2022-05-08,Religious facilities,1
Donetska,2022-05-02,2022-05-08,Total,11
Kharkivska,2022-05-02,2022-05-08,"Cultural facilities (museum, theater etc.)",2
Kharkivska,2022-05-02,2022-05-08,Gas supply system,1
Kharkivska,2022-05-02,2022-05-08,Industrial/Business/Enterprise facilities,1
Kharkivska,2022-05-02,2022-05-08,Total,4
Kirovohradska,2022-05-02,2022-05-08,Railway,1
Kirovohradska,2022-05-02,2022-05-08,Total,1
Luhanska,2022-05-02,2022-05-08,"Health facility (hospital, health clinic)",1
Luhanska,2022-05-02,2022-05-08,Other,7
Luhanska,2022-05-02,2022-05-08,Total,9
Luhanska,2022-05-02,2022-05-08,Warehouse,1
Poltavska,2022-05-02,2022-05-08,Railway,1
Poltavska,2022-05-02,2022-05-08,Total,1
Zakarpatska,2022-05-02,2022-05-08,Gas supply system,1
Zakarpatska,2022-05-02,2022-05-08,Railway,1
Zakarpatska,2022-05-02,2022-05-08,Total,2
Dnipropetrovska,2022-04-25,2022-05-01,Agricultural facilities,1
Dnipropetrovska,2022-04-25,2022-05-01,Power plant,1
Dnipropetrovska,2022-04-25,2022-05-01,Total,5
Dnipropetrovska,2022-04-25,2022-05-01,Warehouse,3
Donetska,2022-04-25,2022-05-01,Electricity supply system,1
Donetska,2022-04-25,2022-05-01,Gas supply system,1
Donetska,2022-04-25,2022-05-01,"Health facility (hospital, health clinic)",2
Donetska,2022-04-25,2022-05-01,Industrial/Business/Enterprise facilities,3
Donetska,2022-04-25,2022-05-01,Other,2
Donetska,2022-04-25,2022-05-01,Railway,1
Donetska,2022-04-25,2022-05-01,Total,10
Kharkivska,2022-04-25,2022-05-01,Agricultural facilities,2
Kharkivska,2022-04-25,2022-05-01,"Education facility (school, etc.)",1
Kharkivska,2022-04-25,2022-05-01,Industrial/Business/Enterprise facilities,2
Kharkivska,2022-04-25,2022-05-01,Total,5
Khersonska,2022-04-25,2022-05-01,Electricity supply system,2
Khersonska,2022-04-25,2022-05-01,Government facilities,3
Khersonska,2022-04-25,2022-05-01,Industrial/Business/Enterprise facilities,1
Khersonska,2022-04-25,2022-05-01,Other,2
Khersonska,2022-04-25,2022-05-01,Total,8
Luhanska,2022-04-25,2022-05-01,Electricity supply system,1
Luhanska,2022-04-25,2022-05-01,Industrial/Business/Enterprise facilities,2
Luhanska,2022-04-25,2022-05-01,Total,3
Mykolaivska,2022-04-25,2022-05-01,Industrial/Business/Enterprise facilities,1
Mykolaivska,2022-04-25,2022-05-01,Total,1
Vinnytska,2022-04-25,2022-05-01,Other,1
Vinnytska,2022-04-25,2022-05-01,Total,1
Zaporizka,2022-04-25,2022-05-01,Bridge,1
Zaporizka,2022-04-25,2022-05-01,Total,1
Dnipropetrovska,2022-04-18,2022-04-24,Agricultural facilities,1
Dnipropetrovska,2022-04-18,2022-04-24,Electricity supply system,1
Dnipropetrovska,2022-04-18,2022-04-24,Industrial/Business/Enterprise facilities,1
Dnipropetrovska,2022-04-18,2022-04-24,Other,2
Dnipropetrovska,2022-04-18,2022-04-24,Railway,3
Dnipropetrovska,2022-04-18,2022-04-24,Total,8
Donetska,2022-04-18,2022-04-24,Agricultural facilities,2
Donetska,2022-04-18,2022-04-24,Electricity supply system,2
Donetska,2022-04-18,2022-04-24,Government facilities,1
Donetska,2022-04-18,2022-04-24,"Health facility (hospital, health clinic)",2
Donetska,2022-04-18,2022-04-24,Industrial/Business/Enterprise facilities,2
Donetska,2022-04-18,2022-04-24,Other,1
Donetska,2022-04-18,2022-04-24,Road / Highway,1
Donetska,2022-04-18,2022-04-24,Total,11
Kharkivska,2022-04-18,2022-04-24,"Education facility (school, etc.)",1
Kharkivska,2022-04-18,2022-04-24,Industrial/Business/Enterprise facilities,4
Kharkivska,2022-04-18,2022-04-24,Religious facilities,1
Kharkivska,2022-04-18,2022-04-24,Total,8
Kharkivska,2022-04-18,2022-04-24,Warehouse,2
Luhanska,2022-04-18,2022-04-24,Electricity supply system,1
Luhanska,2022-04-18,2022-04-24,Gas supply system,3
Luhanska,2022-04-18,2022-04-24,Oil depot,1
Luhanska,2022-04-18,2022-04-24,Total,5
Poltavska,2022-04-18,2022-04-24,Oil depot,1
Poltavska,2022-04-18,2022-04-24,Power plant,1
Poltavska,2022-04-18,2022-04-24,Total,2
Zaporizka,2022-04-18,2022-04-24,Agricultural facilities,1
Zaporizka,2022-04-18,2022-04-24,Total,1
Dnipropetrovska,2022-04-11,2022-04-17,Agricultural facilities,1
Dnipropetrovska,2022-04-11,2022-04-17,Total,1
Donetska,2022-04-11,2022-04-17,Other,1
Donetska,2022-04-11,2022-04-17,Total,1
Kharkivska,2022-04-11,2022-04-17,"Health facility (hospital, health clinic)",1
Kharkivska,2022-04-11,2022-04-17,Industrial/Business/Enterprise facilities,2
Kharkivska,2022-04-11,2022-04-17,Other,1
Kharkivska,2022-04-11,2022-04-17,Total,4
Khersonska,2022-04-11,2022-04-17,Agricultural facilities,1
Khersonska,2022-04-11,2022-04-17,Total,1
Kirovohradska,2022-04-11,2022-04-17,Airport,1
Kirovohradska,2022-04-11,2022-04-17,Total,1
Luhanska,2022-04-11,2022-04-17,"Education facility (school, etc.)",2
Luhanska,2022-04-11,2022-04-17,Gas supply system,2
Luhanska,2022-04-11,2022-04-17,Government facilities,3
Luhanska,2022-04-11,2022-04-17,Industrial/Business/Enterprise facilities,1
Luhanska,2022-04-11,2022-04-17,Oil depot,1
Luhanska,2022-04-11,2022-04-17,Religious facilities,1
Luhanska,2022-04-11,2022-04-17,Total,13
Luhanska,2022-04-11,2022-04-17,Warehouse,2
Luhanska,2022-04-11,2022-04-17,Water supply system,1
Poltavska,2022-04-11,2022-04-17,Agricultural facilities,1
Poltavska,2022-04-11,2022-04-17,Total,1
Zaporizka,2022-04-11,2022-04-17,Gas supply system,1
Zaporizka,2022-04-11,2022-04-17,Industrial/Business/Enterprise facilities,1
Zaporizka,2022-04-11,2022-04-17,Other,1
Zaporizka,2022-04-11,2022-04-17,Total,3
Dnipropetrovska,2022-04-04,2022-04-10,Industrial/Business/Enterprise facilities,1
Dnipropetrovska,2022-04-04,2022-04-10,Oil depot,1
Dnipropetrovska,2022-04-04,2022-04-10,Total,2
Donetska,2022-04-04,2022-04-10,"Education facility (school, etc.)",1
Donetska,2022-04-04,2022-04-10,Railway,2
Donetska,2022-04-04,2022-04-10,Total,3
Kharkivska,2022-04-04,2022-04-10,"Cultural facilities (museum, theater etc.)",1
Kharkivska,2022-04-04,2022-04-10,Electricity supply system,1
Kharkivska,2022-04-04,2022-04-10,"Health facility (hospital, health clinic)",3
Kharkivska,2022-04-04,2022-04-10,Industrial/Business/Enterprise facilities,2
Kharkivska,2022-04-04,2022-04-10,Railway,1
Kharkivska,2022-04-04,2022-04-10,Religious facilities,1
Kharkivska,2022-04-04,2022-04-10,Total,9
Luhanska,2022-04-04,2022-04-10,Chemical storage unit,2
Luhanska,2022-04-04,2022-04-10,"Education facility (school, etc.)",2
Luhanska,2022-04-04,2022-04-10,Gas supply system,1
Luhanska,2022-04-04,2022-04-10,"Health facility (hospital, health clinic)",1
Luhanska,2022-04-04,2022-04-10,Industrial/Business/Enterprise facilities,1
Luhanska,2022-04-04,2022-04-10,Total,7
Poltavska,2022-04-04,2022-04-10,Other,1
Poltavska,2022-04-04,2022-04-10,Total,1
Zaporizka,2022-04-04,2022-04-10,Gas supply system,1
Zaporizka,2022-04-04,2022-04-10,"Health facility (hospital, health clinic)",1
Zaporizka,2022-04-04,2022-04-10,Total,2
Dnipropetrovska,2022-03-28,2022-04-03,Electricity supply system,1
Dnipropetrovska,2022-03-28,2022-04-03,Oil depot,1
Dnipropetrovska,2022-03-28,2022-04-03,Railway,1
Dnipropetrovska,2022-03-28,2022-04-03,Total,3
Donetska,2022-03-28,2022-04-03,"Health facility (hospital, health clinic)",1
Donetska,2022-03-28,2022-04-03,Religious facilities,1
Donetska,2022-03-28,2022-04-03,Total,3
Donetska,2022-03-28,2022-04-03,Warehouse,1
Kharkivska,2022-03-28,2022-04-03,"Cultural facilities (museum, theater etc.)",1
Kharkivska,2022-03-28,2022-04-03,Electricity supply system,1
Kharkivska,2022-03-28,2022-04-03,Gas supply system,1
Kharkivska,2022-03-28,2022-04-03,Government facilities,1
Kharkivska,2022-03-28,2022-04-03,"Health facility (hospital, health clinic)",1
Kharkivska,2022-03-28,2022-04-03,Other,2
Kharkivska,2022-03-28,2022-04-03,Total,8
Kharkivska,2022-03-28,2022-04-03,Water supply system,1
Khmelnytska,2022-03-28,2022-04-03,Airport,1
Khmelnytska,2022-03-28,2022-04-03,Industrial/Business/Enterprise facilities,1
Khmelnytska,2022-03-28,2022-04-03,Total,2
Luhanska,2022-03-28,2022-04-03,Electricity supply system,1
Luhanska,2022-03-28,2022-04-03,Total,1
Mykolaivska,2022-03-28,2022-04-03,Government facilities,1
Mykolaivska,2022-03-28,2022-04-03,Total,1
Poltavska,2022-03-28,2022-04-03,Airport,1
Poltavska,2022-03-28,2022-04-03,Government facilities,1
Poltavska,2022-03-28,2022-04-03,Oil depot,1
Poltavska,2022-03-28,2022-04-03,Total,3
Dnipropetrovska,2022-03-21,2022-03-27,Railway,1
Dnipropetrovska,2022-03-21,2022-03-27,Total,1
Kharkivska,2022-03-21,2022-03-27,Airport,1
Kharkivska,2022-03-21,2022-03-27,"Education facility (school, etc.)",1
Kharkivska,2022-03-21,2022-03-27,Total,2
Kyivska,2022-03-21,2022-03-27,"Cultural facilities (museum, theater etc.)",1
Kyivska,2022-03-21,2022-03-27,Oil depot,1
Kyivska,2022-03-21,2022-03-27,Total,2
Luhanska,2022-03-21,2022-03-27,Total,3
Luhanska,2022-03-21,2022-03-27,Warehouse,3
Lvivska,2022-03-21,2022-03-27,Fuel depot,2
Lvivska,2022-03-21,2022-03-27,Power plant,1
Lvivska,2022-03-21,2022-03-27,Total,3
Rivnenska,2022-03-21,2022-03-27,Oil depot,1
Rivnenska,2022-03-21,2022-03-27,Total,1
Sumska,2022-03-21,2022-03-27,Chemical storage unit,1
Sumska,2022-03-21,2022-03-27,Total,2
Sumska,2022-03-21,2022-03-27,Warehouse,1
Volynska,2022-03-21,2022-03-27,Oil depot,2
Volynska,2022-03-21,2022-03-27,Total,2
Donetska,2022-03-14,2022-03-20,"Cultural facilities (museum, theater etc.)",1
Donetska,2022-03-14,2022-03-20,"Education facility (school, etc.)",8
Donetska,2022-03-14,2022-03-20,Other,1
Donetska,2022-03-14,2022-03-20,Total,10
Kharkivska,2022-03-14,2022-03-20,Industrial/Business/Enterprise facilities,2
Kharkivska,2022-03-14,2022-03-20,Railway,1
Kharkivska,2022-03-14,2022-03-20,Total,3
Kyivska,2022-03-14,2022-03-20,Religious facilities,1
Kyivska,2022-03-14,2022-03-20,Total,1
Lvivska,2022-03-14,2022-03-20,Aircraft repair plant,1
Lvivska,2022-03-14,2022-03-20,Total,1
Rivnenska,2022-03-14,2022-03-20,Total,1
Rivnenska,2022-03-14,2022-03-20,Water supply system,1
Vinnytska,2022-03-14,2022-03-20,Telecommunications,1
Vinnytska,2022-03-14,2022-03-20,Total,1
Donetska,2022-03-07,2022-03-13,Gas supply system,1
Donetska,2022-03-07,2022-03-13,"Health facility (hospital, health clinic)",2
Donetska,2022-03-07,2022-03-13,Industrial/Business/Enterprise facilities,1
Donetska,2022-03-07,2022-03-13,Power plant,1
Donetska,2022-03-07,2022-03-13,Total,5
Kharkivska,2022-03-07,2022-03-13,"Health facility (hospital, health clinic)",1
Kharkivska,2022-03-07,2022-03-13,Industrial/Business/Enterprise facilities,1
Kharkivska,2022-03-07,2022-03-13,Nuclear unit,1
Kharkivska,2022-03-07,2022-03-13,Total,3
Kyivska,2022-03-07,2022-03-13,Industrial/Business/Enterprise facilities,2
Kyivska,2022-03-07,2022-03-13,Religious facilities,3
Kyivska,2022-03-07,2022-03-13,Total,6
Kyivska,2022-03-07,2022-03-13,Warehouse,1
Luhanska,2022-03-07,2022-03-13,Electricity supply system,1
Luhanska,2022-03-07,2022-03-13,Gas supply system,1
Luhanska,2022-03-07,2022-03-13,Total,3
Luhanska,2022-03-07,2022-03-13,Water supply system,1
Mykolaivska,2022-03-07,2022-03-13,"Health facility (hospital, health clinic)",1
Mykolaivska,2022-03-07,2022-03-13,Total,1
Chernihivska,2022-02-28,2022-03-06,Oil depot,1
Chernihivska,2022-02-28,2022-03-06,Total,1
Donetska,2022-02-28,2022-03-06,Gas supply system,1
Donetska,2022-02-28,2022-03-06,Telecommunications,1
Donetska,2022-02-28,2022-03-06,Total,2
Kharkivska,2022-02-28,2022-03-06,"Education facility (school, etc.)",3
Kharkivska,2022-02-28,2022-03-06,Industrial/Business/Enterprise facilities,1
Kharkivska,2022-02-28,2022-03-06,Religious facilities,1
Kharkivska,2022-02-28,2022-03-06,Telecommunications,1
Kharkivska,2022-02-28,2022-03-06,Total,6
Khersonska,2022-02-28,2022-03-06,Government facilities,1
Khersonska,2022-02-28,2022-03-06,Total,1
Kyivska,2022-02-28,2022-03-06,Airport,1
Kyivska,2022-02-28,2022-03-06,"Cultural facilities (museum, theater etc.)",1
Kyivska,2022-02-28,2022-03-06,Religious facilities,1
Kyivska,2022-02-28,2022-03-06,Total,3
Luhanska,2022-02-28,2022-03-06,"Education facility (school, etc.)",1
Luhanska,2022-02-28,2022-03-06,Industrial/Business/Enterprise facilities,1
Luhanska,2022-02-28,2022-03-06,Telecommunications,1
Luhanska,2022-02-28,2022-03-06,Total,3
Sumska,2022-02-28,2022-03-06,Oil depot,1
Sumska,2022-02-28,2022-03-06,Total,1
Vinnytska,2022-02-28,2022-03-06,Airport,1
Vinnytska,2022-02-28,2022-03-06,Total,1
Zaporizka,2022-02-28,2022-03-06,"Health facility (hospital, health clinic)",1
Zaporizka,2022-02-28,2022-03-06,Total,1
Zhytomyrska,2022-02-28,2022-03-06,"Education facility (school, etc.)",1
Zhytomyrska,2022-02-28,2022-03-06,Total,1
Cherkaska,2022-02-21,2022-02-27,"Education facility (school, etc.)",1
Cherkaska,2022-02-21,2022-02-27,Other,1
Cherkaska,2022-02-21,2022-02-27,Total,2
Donetska,2022-02-21,2022-02-27,"Education facility (school, etc.)",2
Donetska,2022-02-21,2022-02-27,Total,2
Kharkivska,2022-02-21,2022-02-27,"Education facility (school, etc.)",1
Kharkivska,2022-02-21,2022-02-27,Gas supply system,1
Kharkivska,2022-02-21,2022-02-27,Government facilities,1
Kharkivska,2022-02-21,2022-02-27,Total,4
Kharkivska,2022-02-21,2022-02-27,Water supply system,1
Khersonska,2022-02-21,2022-02-27,Government facilities,1
Khersonska,2022-02-21,2022-02-27,"Health facility (hospital, health clinic)",1
Khersonska,2022-02-21,2022-02-27,Industrial/Business/Enterprise facilities,1
Khersonska,2022-02-21,2022-02-27,Total,3
Kyivska,2022-02-21,2022-02-27,Bridge,1
Kyivska,2022-02-21,2022-02-27,Total,1
Luhanska,2022-02-21,2022-02-27,Government facilities,1
Luhanska,2022-02-21,2022-02-27,"Health facility (hospital, health clinic)",1
Luhanska,2022-02-21,2022-02-27,Total,2
Sumska,2022-02-21,2022-02-27,"Education facility (school, etc.)",1
Sumska,2022-02-21,2022-02-27,Total,2
Sumska,2022-02-21,2022-02-27,Water supply system,1
Zaporizka,2022-02-21,2022-02-27,"Health facility (hospital, health clinic)",1
Zaporizka,2022-02-21,2022-02-27,Total,1
Donetska,2022-01-31,2022-02-06,"Education facility (school, etc.)",1
Donetska,2022-01-31,2022-02-06,Total,1
